word,split,word_length,n_L,n_D,n_B,actual_coefficients_json,predicted_coefficients_json,actual_polynomial_sha256,predicted_polynomial_sha256,master_formula_pass,status
B,exhaustive,1,0,0,1,"{""0"":1,""1"":-1,""2"":1,""3"":1,""4"":-2,""5"":4,""6"":-4,""7"":4,""8"":-4,""9"":1,""10"":-2,""11"":-2,""12"":-1,""13"":-1,""14"":-1}","{""0"":1,""1"":-1,""2"":1,""3"":1,""4"":-2,""5"":4,""6"":-4,""7"":4,""8"":-4,""9"":1,""10"":-2,""11"":-2,""12"":-1,""13"":-1,""14"":-1}",ab35d470b30650fe4084228afb2fedef5a19e8e5f7c58b9a5a8d76213bdd7fcc,ab35d470b30650fe4084228afb2fedef5a19e8e5f7c58b9a5a8d76213bdd7fcc,True,success
D,exhaustive,1,0,1,0,"{""0"":1,""2"":1,""3"":1,""4"":-1,""5"":1,""6"":-2,""7"":1,""8"":-1,""9"":1,""10"":1,""11"":1,""12"":1,""13"":1}","{""0"":1,""2"":1,""3"":1,""4"":-1,""5"":1,""6"":-2,""7"":1,""8"":-1,""9"":1,""10"":1,""11"":1,""12"":1,""13"":1}",819a0b87329eb43f941271475f85323379b0bcec7cd5bff07621768d9109f51a,819a0b87329eb43f941271475f85323379b0bcec7cd5bff07621768d9109f51a,True,success
L,exhaustive,1,1,0,0,"{""0"":1,""2"":2,""3"":2,""4"":-1,""5"":4,""6"":-4,""7"":4,""8"":-4,""9"":2,""10"":-2,""11"":-1,""12"":-1,""13"":-1,""14"":-1}","{""0"":1,""2"":2,""3"":2,""4"":-1,""5"":4,""6"":-4,""7"":4,""8"":-4,""9"":2,""10"":-2,""11"":-1,""12"":-1,""13"":-1,""14"":-1}",5c4351a3214ddf981b04a59def9cd47519e1572c3abd0dbc77ad2a375080acf9,5c4351a3214ddf981b04a59def9cd47519e1572c3abd0dbc77ad2a375080acf9,True,success
BB,exhaustive,2,0,0,2,"{""0"":1,""1"":-2,""2"":6,""3"":-8,""4"":9,""6"":-12,""7"":30,""8"":-40,""9"":48,""10"":-45,""11"":38,""12"":-26,""13"":11,""14"":-5,""15"":-3,""16"":-3,""17"":-2,""18"":-3,""19"":-3,""20"":-1,""21"":-1,""22"":-1}","{""0"":1,""1"":-2,""2"":6,""3"":-8,""4"":9,""6"":-12,""7"":30,""8"":-40,""9"":48,""10"":-45,""11"":38,""12"":-26,""13"":11,""14"":-5,""15"":-3,""16"":-3,""17"":-2,""18"":-3,""19"":-3,""20"":-1,""21"":-1,""22"":-1}",e8f54587f7bec0ab242402d658102e4b30001bc6148cb56781fa67168c244b11,e8f54587f7bec0ab242402d658102e4b30001bc6148cb56781fa67168c244b11,True,success
BD,exhaustive,2,0,1,1,"{""0"":1,""1"":-1,""2"":4,""3"":-3,""4"":4,""5"":2,""6"":-6,""7"":12,""8"":-14,""9"":15,""10"":-13,""11"":10,""12"":-5,""13"":2,""14"":1,""15"":1,""16"":1,""17"":2,""18"":2,""19"":1,""20"":1,""21"":1}","{""0"":1,""1"":-1,""2"":4,""3"":-3,""4"":4,""5"":2,""6"":-6,""7"":12,""8"":-14,""9"":15,""10"":-13,""11"":10,""12"":-5,""13"":2,""14"":1,""15"":1,""16"":1,""17"":2,""18"":2,""19"":1,""20"":1,""21"":1}",1b5c89f423b4249e6186e49138ac0ad4b920c2976449c1607f72a742294ab08a,1b5c89f423b4249e6186e49138ac0ad4b920c2976449c1607f72a742294ab08a,True,success
BL,exhaustive,2,1,0,1,"{""0"":1,""1"":-1,""2"":5,""3"":-4,""4"":8,""5"":1,""6"":-7,""7"":24,""8"":-33,""9"":42,""10"":-42,""11"":38,""12"":-28,""13"":17,""14"":-7,""15"":1,""16"":-1,""17"":-1,""18"":-2,""19"":-2,""20"":-1,""21"":-1,""22"":-1}","{""0"":1,""1"":-1,""2"":5,""3"":-4,""4"":8,""5"":1,""6"":-7,""7"":24,""8"":-33,""9"":42,""10"":-42,""11"":38,""12"":-28,""13"":17,""14"":-7,""15"":1,""16"":-1,""17"":-1,""18"":-2,""19"":-2,""20"":-1,""21"":-1,""22"":-1}",1cb6219986a4fd7cbc80014cbd8fbcfc4ba056f43c26459e0b44df08cfbdabbe,1cb6219986a4fd7cbc80014cbd8fbcfc4ba056f43c26459e0b44df08cfbdabbe,True,success
DB,exhaustive,2,0,1,1,"{""0"":1,""1"":-1,""2"":4,""3"":-3,""4"":4,""5"":2,""6"":-6,""7"":12,""8"":-14,""9"":15,""10"":-13,""11"":10,""12"":-5,""13"":2,""14"":1,""15"":1,""16"":1,""17"":2,""18"":2,""19"":1,""20"":1,""21"":1}","{""0"":1,""1"":-1,""2"":4,""3"":-3,""4"":4,""5"":2,""6"":-6,""7"":12,""8"":-14,""9"":15,""10"":-13,""11"":10,""12"":-5,""13"":2,""14"":1,""15"":1,""16"":1,""17"":2,""18"":2,""19"":1,""20"":1,""21"":1}",1b5c89f423b4249e6186e49138ac0ad4b920c2976449c1607f72a742294ab08a,1b5c89f423b4249e6186e49138ac0ad4b920c2976449c1607f72a742294ab08a,True,success
DD,exhaustive,2,0,2,0,"{""0"":1,""2"":3,""4"":2,""5"":2,""6"":-3,""7"":4,""8"":-5,""9"":4,""10"":-4,""11"":2,""12"":-1,""16"":-1,""17"":-1,""18"":-1,""19"":-1,""20"":-1}","{""0"":1,""2"":3,""4"":2,""5"":2,""6"":-3,""7"":4,""8"":-5,""9"":4,""10"":-4,""11"":2,""12"":-1,""16"":-1,""17"":-1,""18"":-1,""19"":-1,""20"":-1}",051f3c6fd8b677945d17cfe8623c5033eec9d362e95622c1f0ba764dc711915f,051f3c6fd8b677945d17cfe8623c5033eec9d362e95622c1f0ba764dc711915f,True,success
DL,exhaustive,2,1,1,0,"{""0"":1,""2"":4,""4"":5,""5"":3,""6"":-3,""7"":10,""8"":-12,""9"":13,""10"":-13,""11"":10,""12"":-7,""13"":3,""14"":-1,""17"":1,""18"":1,""19"":1,""20"":1,""21"":1}","{""0"":1,""2"":4,""4"":5,""5"":3,""6"":-3,""7"":10,""8"":-12,""9"":13,""10"":-13,""11"":10,""12"":-7,""13"":3,""14"":-1,""17"":1,""18"":1,""19"":1,""20"":1,""21"":1}",64678a172279dd6ff570d6a32a222c72f28b036a9f0cb8c8ad3e726f8c6d46fe,64678a172279dd6ff570d6a32a222c72f28b036a9f0cb8c8ad3e726f8c6d46fe,True,success
LB,exhaustive,2,1,0,1,"{""0"":1,""1"":-1,""2"":5,""3"":-4,""4"":8,""5"":1,""6"":-7,""7"":24,""8"":-33,""9"":42,""10"":-42,""11"":38,""12"":-28,""13"":17,""14"":-7,""15"":1,""16"":-1,""17"":-1,""18"":-2,""19"":-2,""20"":-1,""21"":-1,""22"":-1}","{""0"":1,""1"":-1,""2"":5,""3"":-4,""4"":8,""5"":1,""6"":-7,""7"":24,""8"":-33,""9"":42,""10"":-42,""11"":38,""12"":-28,""13"":17,""14"":-7,""15"":1,""16"":-1,""17"":-1,""18"":-2,""19"":-2,""20"":-1,""21"":-1,""22"":-1}",1cb6219986a4fd7cbc80014cbd8fbcfc4ba056f43c26459e0b44df08cfbdabbe,1cb6219986a4fd7cbc80014cbd8fbcfc4ba056f43c26459e0b44df08cfbdabbe,True,success
LD,exhaustive,2,1,1,0,"{""0"":1,""2"":4,""4"":5,""5"":3,""6"":-3,""7"":10,""8"":-12,""9"":13,""10"":-13,""11"":10,""12"":-7,""13"":3,""14"":-1,""17"":1,""18"":1,""19"":1,""20"":1,""21"":1}","{""0"":1,""2"":4,""4"":5,""5"":3,""6"":-3,""7"":10,""8"":-12,""9"":13,""10"":-13,""11"":10,""12"":-7,""13"":3,""14"":-1,""17"":1,""18"":1,""19"":1,""20"":1,""21"":1}",64678a172279dd6ff570d6a32a222c72f28b036a9f0cb8c8ad3e726f8c6d46fe,64678a172279dd6ff570d6a32a222c72f28b036a9f0cb8c8ad3e726f8c6d46fe,True,success
LL,exhaustive,2,2,0,0,"{""0"":1,""2"":5,""4"":9,""5"":4,""6"":-1,""7"":20,""8"":-25,""9"":36,""10"":-38,""11"":36,""12"":-30,""13"":20,""14"":-11,""15"":4,""16"":-1,""18"":-1,""19"":-1,""20"":-1,""21"":-1,""22"":-1}","{""0"":1,""2"":5,""4"":9,""5"":4,""6"":-1,""7"":20,""8"":-25,""9"":36,""10"":-38,""11"":36,""12"":-30,""13"":20,""14"":-11,""15"":4,""16"":-1,""18"":-1,""19"":-1,""20"":-1,""21"":-1,""22"":-1}",406bb3e721ca8d67b4bfc997ab6fea48529bf886305c824867efc40598691bc9,406bb3e721ca8d67b4bfc997ab6fea48529bf886305c824867efc40598691bc9,True,success
BBB,exhaustive,3,0,0,3,"{""0"":1,""1"":-3,""2"":10,""3"":-19,""4"":36,""5"":-49,""6"":57,""7"":-30,""8"":-33,""9"":146,""10"":-269,""11"":383,""12"":-446,""13"":453,""14"":-401,""15"":305,""16"":-195,""17"":97,""18"":-37,""19"":7,""20"":-4,""21"":-4,""22"":-3,""23"":-6,""24"":-6,""25"":-3,""26"":-4,""27"":-4,""28"":-1,""29"":-1,""30"":-1}","{""0"":1,""1"":-3,""2"":10,""3"":-19,""4"":36,""5"":-49,""6"":57,""7"":-30,""8"":-33,""9"":146,""10"":-269,""11"":383,""12"":-446,""13"":453,""14"":-401,""15"":305,""16"":-195,""17"":97,""18"":-37,""19"":7,""20"":-4,""21"":-4,""22"":-3,""23"":-6,""24"":-6,""25"":-3,""26"":-4,""27"":-4,""28"":-1,""29"":-1,""30"":-1}",8347cf464a71331f791d8375ba3039495004338c777e6ae0c88111086d2e6bd8,8347cf464a71331f791d8375ba3039495004338c777e6ae0c88111086d2e6bd8,True,success
BBD,exhaustive,3,0,1,2,"{""0"":1,""1"":-2,""2"":7,""3"":-10,""4"":19,""5"":-20,""6"":22,""7"":-4,""8"":-22,""9"":65,""10"":-102,""11"":132,""12"":-141,""13"":134,""14"":-109,""15"":75,""16"":-41,""17"":16,""18"":-4,""19"":1,""20"":1,""21"":1,""22"":3,""23"":3,""24"":2,""25"":3,""26"":3,""27"":1,""28"":1,""29"":1}","{""0"":1,""1"":-2,""2"":7,""3"":-10,""4"":19,""5"":-20,""6"":22,""7"":-4,""8"":-22,""9"":65,""10"":-102,""11"":132,""12"":-141,""13"":134,""14"":-109,""15"":75,""16"":-41,""17"":16,""18"":-4,""19"":1,""20"":1,""21"":1,""22"":3,""23"":3,""24"":2,""25"":3,""26"":3,""27"":1,""28"":1,""29"":1}",5c7125fa6d50e768c4370760e699010aa79e1ac0ac672902d04524d313f99f07,5c7125fa6d50e768c4370760e699010aa79e1ac0ac672902d04524d313f99f07,True,success
BBL,exhaustive,3,1,0,2,"{""0"":1,""1"":-2,""2"":8,""3"":-12,""4"":26,""5"":-30,""6"":41,""7"":-20,""8"":-16,""9"":102,""10"":-199,""11"":306,""12"":-377,""13"":408,""14"":-384,""15"":318,""16"":-225,""17"":132,""18"":-61,""19"":20,""20"":-5,""21"":-1,""22"":-1,""23"":-3,""24"":-3,""25"":-2,""26"":-3,""27"":-3,""28"":-1,""29"":-1,""30"":-1}","{""0"":1,""1"":-2,""2"":8,""3"":-12,""4"":26,""5"":-30,""6"":41,""7"":-20,""8"":-16,""9"":102,""10"":-199,""11"":306,""12"":-377,""13"":408,""14"":-384,""15"":318,""16"":-225,""17"":132,""18"":-61,""19"":20,""20"":-5,""21"":-1,""22"":-1,""23"":-3,""24"":-3,""25"":-2,""26"":-3,""27"":-3,""28"":-1,""29"":-1,""30"":-1}",c733836ad5100901358d87278e48f77573cfc722de7188ac64f7303362c48b1a,c733836ad5100901358d87278e48f77573cfc722de7188ac64f7303362c48b1a,True,success
BDB,exhaustive,3,0,1,2,"{""0"":1,""1"":-2,""2"":7,""3"":-10,""4"":19,""5"":-20,""6"":22,""7"":-4,""8"":-22,""9"":65,""10"":-102,""11"":132,""12"":-141,""13"":134,""14"":-109,""15"":75,""16"":-41,""17"":16,""18"":-4,""19"":1,""20"":1,""21"":1,""22"":3,""23"":3,""24"":2,""25"":3,""26"":3,""27"":1,""28"":1,""29"":1}","{""0"":1,""1"":-2,""2"":7,""3"":-10,""4"":19,""5"":-20,""6"":22,""7"":-4,""8"":-22,""9"":65,""10"":-102,""11"":132,""12"":-141,""13"":134,""14"":-109,""15"":75,""16"":-41,""17"":16,""18"":-4,""19"":1,""20"":1,""21"":1,""22"":3,""23"":3,""24"":2,""25"":3,""26"":3,""27"":1,""28"":1,""29"":1}",5c7125fa6d50e768c4370760e699010aa79e1ac0ac672902d04524d313f99f07,5c7125fa6d50e768c4370760e699010aa79e1ac0ac672902d04524d313f99f07,True,success
BDD,exhaustive,3,0,2,1,"{""0"":1,""1"":-1,""2"":5,""3"":-4,""4"":10,""5"":-6,""6"":8,""7"":3,""8"":-12,""9"":27,""10"":-37,""11"":43,""12"":-43,""13"":38,""14"":-28,""15"":17,""16"":-7,""17"":2,""21"":-1,""22"":-1,""23"":-1,""24"":-2,""25"":-2,""26"":-1,""27"":-1,""28"":-1}","{""0"":1,""1"":-1,""2"":5,""3"":-4,""4"":10,""5"":-6,""6"":8,""7"":3,""8"":-12,""9"":27,""10"":-37,""11"":43,""12"":-43,""13"":38,""14"":-28,""15"":17,""16"":-7,""17"":2,""21"":-1,""22"":-1,""23"":-1,""24"":-2,""25"":-2,""26"":-1,""27"":-1,""28"":-1}",43ca5d5d8d6044b95e1b3e11bdae957dd3c48d0666d94f686d0d60a27f486151,43ca5d5d8d6044b95e1b3e11bdae957dd3c48d0666d94f686d0d60a27f486151,True,success
BDL,exhaustive,3,1,1,1,"{""0"":1,""1"":-1,""2"":6,""3"":-5,""4"":15,""5"":-10,""6"":18,""7"":-1,""8"":-11,""9"":47,""10"":-77,""11"":108,""12"":-123,""13"":124,""14"":-109,""15"":83,""16"":-52,""17"":26,""18"":-9,""19"":2,""22"":1,""23"":1,""24"":1,""25"":2,""26"":2,""27"":1,""28"":1,""29"":1}","{""0"":1,""1"":-1,""2"":6,""3"":-5,""4"":15,""5"":-10,""6"":18,""7"":-1,""8"":-11,""9"":47,""10"":-77,""11"":108,""12"":-123,""13"":124,""14"":-109,""15"":83,""16"":-52,""17"":26,""18"":-9,""19"":2,""22"":1,""23"":1,""24"":1,""25"":2,""26"":2,""27"":1,""28"":1,""29"":1}",376032b0decef98e4afc71fcdaed73de6c1a553f4697ce1b3d860c9d0b0d2c6a,376032b0decef98e4afc71fcdaed73de6c1a553f4697ce1b3d860c9d0b0d2c6a,True,success
BLB,exhaustive,3,1,0,2,"{""0"":1,""1"":-2,""2"":8,""3"":-12,""4"":26,""5"":-30,""6"":41,""7"":-20,""8"":-16,""9"":102,""10"":-199,""11"":306,""12"":-377,""13"":408,""14"":-384,""15"":318,""16"":-225,""17"":132,""18"":-61,""19"":20,""20"":-5,""21"":-1,""22"":-1,""23"":-3,""24"":-3,""25"":-2,""26"":-3,""27"":-3,""28"":-1,""29"":-1,""30"":-1}","{""0"":1,""1"":-2,""2"":8,""3"":-12,""4"":26,""5"":-30,""6"":41,""7"":-20,""8"":-16,""9"":102,""10"":-199,""11"":306,""12"":-377,""13"":408,""14"":-384,""15"":318,""16"":-225,""17"":132,""18"":-61,""19"":20,""20"":-5,""21"":-1,""22"":-1,""23"":-3,""24"":-3,""25"":-2,""26"":-3,""27"":-3,""28"":-1,""29"":-1,""30"":-1}",c733836ad5100901358d87278e48f77573cfc722de7188ac64f7303362c48b1a,c733836ad5100901358d87278e48f77573cfc722de7188ac64f7303362c48b1a,True,success
BLD,exhaustive,3,1,1,1,"{""0"":1,""1"":-1,""2"":6,""3"":-5,""4"":15,""5"":-10,""6"":18,""7"":-1,""8"":-11,""9"":47,""10"":-77,""11"":108,""12"":-123,""13"":124,""14"":-109,""15"":83,""16"":-52,""17"":26,""18"":-9,""19"":2,""22"":1,""23"":1,""24"":1,""25"":2,""26"":2,""27"":1,""28"":1,""29"":1}","{""0"":1,""1"":-1,""2"":6,""3"":-5,""4"":15,""5"":-10,""6"":18,""7"":-1,""8"":-11,""9"":47,""10"":-77,""11"":108,""12"":-123,""13"":124,""14"":-109,""15"":83,""16"":-52,""17"":26,""18"":-9,""19"":2,""22"":1,""23"":1,""24"":1,""25"":2,""26"":2,""27"":1,""28"":1,""29"":1}",376032b0decef98e4afc71fcdaed73de6c1a553f4697ce1b3d860c9d0b0d2c6a,376032b0decef98e4afc71fcdaed73de6c1a553f4697ce1b3d860c9d0b0d2c6a,True,success
BLL,exhaustive,3,2,0,1,"{""0"":1,""1"":-1,""2"":7,""3"":-6,""4"":21,""5"":-15,""6"":33,""7"":-9,""8"":-2,""9"":72,""10"":-140,""11"":238,""12"":-309,""13"":356,""14"":-356,""15"":316,""16"":-244,""17"":161,""18"":-87,""19"":37,""20"":-11,""21"":2,""23"":-1,""24"":-1,""25"":-1,""26"":-2,""27"":-2,""28"":-1,""29"":-1,""30"":-1}","{""0"":1,""1"":-1,""2"":7,""3"":-6,""4"":21,""5"":-15,""6"":33,""7"":-9,""8"":-2,""9"":72,""10"":-140,""11"":238,""12"":-309,""13"":356,""14"":-356,""15"":316,""16"":-244,""17"":161,""18"":-87,""19"":37,""20"":-11,""21"":2,""23"":-1,""24"":-1,""25"":-1,""26"":-2,""27"":-2,""28"":-1,""29"":-1,""30"":-1}",0ef9bbf8f4bca0d06c26f86b79b09e1972c4cdb16963f08c55615a0be90d1f24,0ef9bbf8f4bca0d06c26f86b79b09e1972c4cdb16963f08c55615a0be90d1f24,True,success
DBB,exhaustive,3,0,1,2,"{""0"":1,""1"":-2,""2"":7,""3"":-10,""4"":19,""5"":-20,""6"":22,""7"":-4,""8"":-22,""9"":65,""10"":-102,""11"":132,""12"":-141,""13"":134,""14"":-109,""15"":75,""16"":-41,""17"":16,""18"":-4,""19"":1,""20"":1,""21"":1,""22"":3,""23"":3,""24"":2,""25"":3,""26"":3,""27"":1,""28"":1,""29"":1}","{""0"":1,""1"":-2,""2"":7,""3"":-10,""4"":19,""5"":-20,""6"":22,""7"":-4,""8"":-22,""9"":65,""10"":-102,""11"":132,""12"":-141,""13"":134,""14"":-109,""15"":75,""16"":-41,""17"":16,""18"":-4,""19"":1,""20"":1,""21"":1,""22"":3,""23"":3,""24"":2,""25"":3,""26"":3,""27"":1,""28"":1,""29"":1}",5c7125fa6d50e768c4370760e699010aa79e1ac0ac672902d04524d313f99f07,5c7125fa6d50e768c4370760e699010aa79e1ac0ac672902d04524d313f99f07,True,success
DBD,exhaustive,3,0,2,1,"{""0"":1,""1"":-1,""2"":5,""3"":-4,""4"":10,""5"":-6,""6"":8,""7"":3,""8"":-12,""9"":27,""10"":-37,""11"":43,""12"":-43,""13"":38,""14"":-28,""15"":17,""16"":-7,""17"":2,""21"":-1,""22"":-1,""23"":-1,""24"":-2,""25"":-2,""26"":-1,""27"":-1,""28"":-1}","{""0"":1,""1"":-1,""2"":5,""3"":-4,""4"":10,""5"":-6,""6"":8,""7"":3,""8"":-12,""9"":27,""10"":-37,""11"":43,""12"":-43,""13"":38,""14"":-28,""15"":17,""16"":-7,""17"":2,""21"":-1,""22"":-1,""23"":-1,""24"":-2,""25"":-2,""26"":-1,""27"":-1,""28"":-1}",43ca5d5d8d6044b95e1b3e11bdae957dd3c48d0666d94f686d0d60a27f486151,43ca5d5d8d6044b95e1b3e11bdae957dd3c48d0666d94f686d0d60a27f486151,True,success
DBL,exhaustive,3,1,1,1,"{""0"":1,""1"":-1,""2"":6,""3"":-5,""4"":15,""5"":-10,""6"":18,""7"":-1,""8"":-11,""9"":47,""10"":-77,""11"":108,""12"":-123,""13"":124,""14"":-109,""15"":83,""16"":-52,""17"":26,""18"":-9,""19"":2,""22"":1,""23"":1,""24"":1,""25"":2,""26"":2,""27"":1,""28"":1,""29"":1}","{""0"":1,""1"":-1,""2"":6,""3"":-5,""4"":15,""5"":-10,""6"":18,""7"":-1,""8"":-11,""9"":47,""10"":-77,""11"":108,""12"":-123,""13"":124,""14"":-109,""15"":83,""16"":-52,""17"":26,""18"":-9,""19"":2,""22"":1,""23"":1,""24"":1,""25"":2,""26"":2,""27"":1,""28"":1,""29"":1}",376032b0decef98e4afc71fcdaed73de6c1a553f4697ce1b3d860c9d0b0d2c6a,376032b0decef98e4afc71fcdaed73de6c1a553f4697ce1b3d860c9d0b0d2c6a,True,success
DDB,exhaustive,3,0,2,1,"{""0"":1,""1"":-1,""2"":5,""3"":-4,""4"":10,""5"":-6,""6"":8,""7"":3,""8"":-12,""9"":27,""10"":-37,""11"":43,""12"":-43,""13"":38,""14"":-28,""15"":17,""16"":-7,""17"":2,""21"":-1,""22"":-1,""23"":-1,""24"":-2,""25"":-2,""26"":-1,""27"":-1,""28"":-1}","{""0"":1,""1"":-1,""2"":5,""3"":-4,""4"":10,""5"":-6,""6"":8,""7"":3,""8"":-12,""9"":27,""10"":-37,""11"":43,""12"":-43,""13"":38,""14"":-28,""15"":17,""16"":-7,""17"":2,""21"":-1,""22"":-1,""23"":-1,""24"":-2,""25"":-2,""26"":-1,""27"":-1,""28"":-1}",43ca5d5d8d6044b95e1b3e11bdae957dd3c48d0666d94f686d0d60a27f486151,43ca5d5d8d6044b95e1b3e11bdae957dd3c48d0666d94f686d0d60a27f486151,True,success
DDD,exhaustive,3,0,3,0,"{""0"":1,""2"":4,""4"":6,""6"":3,""7"":3,""8"":-6,""9"":10,""10"":-13,""11"":13,""12"":-13,""13"":10,""14"":-7,""15"":3,""16"":-1,""23"":1,""24"":1,""25"":1,""26"":1,""27"":1}","{""0"":1,""2"":4,""4"":6,""6"":3,""7"":3,""8"":-6,""9"":10,""10"":-13,""11"":13,""12"":-13,""13"":10,""14"":-7,""15"":3,""16"":-1,""23"":1,""24"":1,""25"":1,""26"":1,""27"":1}",90b090f63df7d42b22cec5eccd4a1cb0b6f012c14b8da794a34a9d7e12c80ca2,90b090f63df7d42b22cec5eccd4a1cb0b6f012c14b8da794a34a9d7e12c80ca2,True,success
DDL,exhaustive,3,1,2,0,"{""0"":1,""2"":5,""4"":10,""6"":9,""7"":4,""8"":-6,""9"":20,""10"":-29,""11"":36,""12"":-39,""13"":36,""14"":-30,""15"":20,""16"":-11,""17"":4,""18"":-1,""24"":-1,""25"":-1,""26"":-1,""27"":-1,""28"":-1}","{""0"":1,""2"":5,""4"":10,""6"":9,""7"":4,""8"":-6,""9"":20,""10"":-29,""11"":36,""12"":-39,""13"":36,""14"":-30,""15"":20,""16"":-11,""17"":4,""18"":-1,""24"":-1,""25"":-1,""26"":-1,""27"":-1,""28"":-1}",bc930c9d7b45ec4fc4abd9717d002ae947a937af976daf08a7d98c12625095c1,bc930c9d7b45ec4fc4abd9717d002ae947a937af976daf08a7d98c12625095c1,True,success
DLB,exhaustive,3,1,1,1,"{""0"":1,""1"":-1,""2"":6,""3"":-5,""4"":15,""5"":-10,""6"":18,""7"":-1,""8"":-11,""9"":47,""10"":-77,""11"":108,""12"":-123,""13"":124,""14"":-109,""15"":83,""16"":-52,""17"":26,""18"":-9,""19"":2,""22"":1,""23"":1,""24"":1,""25"":2,""26"":2,""27"":1,""28"":1,""29"":1}","{""0"":1,""1"":-1,""2"":6,""3"":-5,""4"":15,""5"":-10,""6"":18,""7"":-1,""8"":-11,""9"":47,""10"":-77,""11"":108,""12"":-123,""13"":124,""14"":-109,""15"":83,""16"":-52,""17"":26,""18"":-9,""19"":2,""22"":1,""23"":1,""24"":1,""25"":2,""26"":2,""27"":1,""28"":1,""29"":1}",376032b0decef98e4afc71fcdaed73de6c1a553f4697ce1b3d860c9d0b0d2c6a,376032b0decef98e4afc71fcdaed73de6c1a553f4697ce1b3d860c9d0b0d2c6a,True,success
DLD,exhaustive,3,1,2,0,"{""0"":1,""2"":5,""4"":10,""6"":9,""7"":4,""8"":-6,""9"":20,""10"":-29,""11"":36,""12"":-39,""13"":36,""14"":-30,""15"":20,""16"":-11,""17"":4,""18"":-1,""24"":-1,""25"":-1,""26"":-1,""27"":-1,""28"":-1}","{""0"":1,""2"":5,""4"":10,""6"":9,""7"":4,""8"":-6,""9"":20,""10"":-29,""11"":36,""12"":-39,""13"":36,""14"":-30,""15"":20,""16"":-11,""17"":4,""18"":-1,""24"":-1,""25"":-1,""26"":-1,""27"":-1,""28"":-1}",bc930c9d7b45ec4fc4abd9717d002ae947a937af976daf08a7d98c12625095c1,bc930c9d7b45ec4fc4abd9717d002ae947a937af976daf08a7d98c12625095c1,True,success
DLL,exhaustive,3,2,1,0,"{""0"":1,""2"":6,""4"":15,""6"":19,""7"":5,""8"":-1,""9"":35,""10"":-55,""11"":86,""12"":-104,""13"":111,""14"":-105,""15"":86,""16"":-61,""17"":35,""18"":-16,""19"":5,""20"":-1,""25"":1,""26"":1,""27"":1,""28"":1,""29"":1}","{""0"":1,""2"":6,""4"":15,""6"":19,""7"":5,""8"":-1,""9"":35,""10"":-55,""11"":86,""12"":-104,""13"":111,""14"":-105,""15"":86,""16"":-61,""17"":35,""18"":-16,""19"":5,""20"":-1,""25"":1,""26"":1,""27"":1,""28"":1,""29"":1}",f4fe9e780ceb60e74e4737363e27488d4e68aa472a8379427954168a030a04a6,f4fe9e780ceb60e74e4737363e27488d4e68aa472a8379427954168a030a04a6,True,success
LBB,exhaustive,3,1,0,2,"{""0"":1,""1"":-2,""2"":8,""3"":-12,""4"":26,""5"":-30,""6"":41,""7"":-20,""8"":-16,""9"":102,""10"":-199,""11"":306,""12"":-377,""13"":408,""14"":-384,""15"":318,""16"":-225,""17"":132,""18"":-61,""19"":20,""20"":-5,""21"":-1,""22"":-1,""23"":-3,""24"":-3,""25"":-2,""26"":-3,""27"":-3,""28"":-1,""29"":-1,""30"":-1}","{""0"":1,""1"":-2,""2"":8,""3"":-12,""4"":26,""5"":-30,""6"":41,""7"":-20,""8"":-16,""9"":102,""10"":-199,""11"":306,""12"":-377,""13"":408,""14"":-384,""15"":318,""16"":-225,""17"":132,""18"":-61,""19"":20,""20"":-5,""21"":-1,""22"":-1,""23"":-3,""24"":-3,""25"":-2,""26"":-3,""27"":-3,""28"":-1,""29"":-1,""30"":-1}",c733836ad5100901358d87278e48f77573cfc722de7188ac64f7303362c48b1a,c733836ad5100901358d87278e48f77573cfc722de7188ac64f7303362c48b1a,True,success
LBD,exhaustive,3,1,1,1,"{""0"":1,""1"":-1,""2"":6,""3"":-5,""4"":15,""5"":-10,""6"":18,""7"":-1,""8"":-11,""9"":47,""10"":-77,""11"":108,""12"":-123,""13"":124,""14"":-109,""15"":83,""16"":-52,""17"":26,""18"":-9,""19"":2,""22"":1,""23"":1,""24"":1,""25"":2,""26"":2,""27"":1,""28"":1,""29"":1}","{""0"":1,""1"":-1,""2"":6,""3"":-5,""4"":15,""5"":-10,""6"":18,""7"":-1,""8"":-11,""9"":47,""10"":-77,""11"":108,""12"":-123,""13"":124,""14"":-109,""15"":83,""16"":-52,""17"":26,""18"":-9,""19"":2,""22"":1,""23"":1,""24"":1,""25"":2,""26"":2,""27"":1,""28"":1,""29"":1}",376032b0decef98e4afc71fcdaed73de6c1a553f4697ce1b3d860c9d0b0d2c6a,376032b0decef98e4afc71fcdaed73de6c1a553f4697ce1b3d860c9d0b0d2c6a,True,success
LBL,exhaustive,3,2,0,1,"{""0"":1,""1"":-1,""2"":7,""3"":-6,""4"":21,""5"":-15,""6"":33,""7"":-9,""8"":-2,""9"":72,""10"":-140,""11"":238,""12"":-309,""13"":356,""14"":-356,""15"":316,""16"":-244,""17"":161,""18"":-87,""19"":37,""20"":-11,""21"":2,""23"":-1,""24"":-1,""25"":-1,""26"":-2,""27"":-2,""28"":-1,""29"":-1,""30"":-1}","{""0"":1,""1"":-1,""2"":7,""3"":-6,""4"":21,""5"":-15,""6"":33,""7"":-9,""8"":-2,""9"":72,""10"":-140,""11"":238,""12"":-309,""13"":356,""14"":-356,""15"":316,""16"":-244,""17"":161,""18"":-87,""19"":37,""20"":-11,""21"":2,""23"":-1,""24"":-1,""25"":-1,""26"":-2,""27"":-2,""28"":-1,""29"":-1,""30"":-1}",0ef9bbf8f4bca0d06c26f86b79b09e1972c4cdb16963f08c55615a0be90d1f24,0ef9bbf8f4bca0d06c26f86b79b09e1972c4cdb16963f08c55615a0be90d1f24,True,success
LDB,exhaustive,3,1,1,1,"{""0"":1,""1"":-1,""2"":6,""3"":-5,""4"":15,""5"":-10,""6"":18,""7"":-1,""8"":-11,""9"":47,""10"":-77,""11"":108,""12"":-123,""13"":124,""14"":-109,""15"":83,""16"":-52,""17"":26,""18"":-9,""19"":2,""22"":1,""23"":1,""24"":1,""25"":2,""26"":2,""27"":1,""28"":1,""29"":1}","{""0"":1,""1"":-1,""2"":6,""3"":-5,""4"":15,""5"":-10,""6"":18,""7"":-1,""8"":-11,""9"":47,""10"":-77,""11"":108,""12"":-123,""13"":124,""14"":-109,""15"":83,""16"":-52,""17"":26,""18"":-9,""19"":2,""22"":1,""23"":1,""24"":1,""25"":2,""26"":2,""27"":1,""28"":1,""29"":1}",376032b0decef98e4afc71fcdaed73de6c1a553f4697ce1b3d860c9d0b0d2c6a,376032b0decef98e4afc71fcdaed73de6c1a553f4697ce1b3d860c9d0b0d2c6a,True,success
LDD,exhaustive,3,1,2,0,"{""0"":1,""2"":5,""4"":10,""6"":9,""7"":4,""8"":-6,""9"":20,""10"":-29,""11"":36,""12"":-39,""13"":36,""14"":-30,""15"":20,""16"":-11,""17"":4,""18"":-1,""24"":-1,""25"":-1,""26"":-1,""27"":-1,""28"":-1}","{""0"":1,""2"":5,""4"":10,""6"":9,""7"":4,""8"":-6,""9"":20,""10"":-29,""11"":36,""12"":-39,""13"":36,""14"":-30,""15"":20,""16"":-11,""17"":4,""18"":-1,""24"":-1,""25"":-1,""26"":-1,""27"":-1,""28"":-1}",bc930c9d7b45ec4fc4abd9717d002ae947a937af976daf08a7d98c12625095c1,bc930c9d7b45ec4fc4abd9717d002ae947a937af976daf08a7d98c12625095c1,True,success
LDL,exhaustive,3,2,1,0,"{""0"":1,""2"":6,""4"":15,""6"":19,""7"":5,""8"":-1,""9"":35,""10"":-55,""11"":86,""12"":-104,""13"":111,""14"":-105,""15"":86,""16"":-61,""17"":35,""18"":-16,""19"":5,""20"":-1,""25"":1,""26"":1,""27"":1,""28"":1,""29"":1}","{""0"":1,""2"":6,""4"":15,""6"":19,""7"":5,""8"":-1,""9"":35,""10"":-55,""11"":86,""12"":-104,""13"":111,""14"":-105,""15"":86,""16"":-61,""17"":35,""18"":-16,""19"":5,""20"":-1,""25"":1,""26"":1,""27"":1,""28"":1,""29"":1}",f4fe9e780ceb60e74e4737363e27488d4e68aa472a8379427954168a030a04a6,f4fe9e780ceb60e74e4737363e27488d4e68aa472a8379427954168a030a04a6,True,success
LLB,exhaustive,3,2,0,1,"{""0"":1,""1"":-1,""2"":7,""3"":-6,""4"":21,""5"":-15,""6"":33,""7"":-9,""8"":-2,""9"":72,""10"":-140,""11"":238,""12"":-309,""13"":356,""14"":-356,""15"":316,""16"":-244,""17"":161,""18"":-87,""19"":37,""20"":-11,""21"":2,""23"":-1,""24"":-1,""25"":-1,""26"":-2,""27"":-2,""28"":-1,""29"":-1,""30"":-1}","{""0"":1,""1"":-1,""2"":7,""3"":-6,""4"":21,""5"":-15,""6"":33,""7"":-9,""8"":-2,""9"":72,""10"":-140,""11"":238,""12"":-309,""13"":356,""14"":-356,""15"":316,""16"":-244,""17"":161,""18"":-87,""19"":37,""20"":-11,""21"":2,""23"":-1,""24"":-1,""25"":-1,""26"":-2,""27"":-2,""28"":-1,""29"":-1,""30"":-1}",0ef9bbf8f4bca0d06c26f86b79b09e1972c4cdb16963f08c55615a0be90d1f24,0ef9bbf8f4bca0d06c26f86b79b09e1972c4cdb16963f08c55615a0be90d1f24,True,success
LLD,exhaustive,3,2,1,0,"{""0"":1,""2"":6,""4"":15,""6"":19,""7"":5,""8"":-1,""9"":35,""10"":-55,""11"":86,""12"":-104,""13"":111,""14"":-105,""15"":86,""16"":-61,""17"":35,""18"":-16,""19"":5,""20"":-1,""25"":1,""26"":1,""27"":1,""28"":1,""29"":1}","{""0"":1,""2"":6,""4"":15,""6"":19,""7"":5,""8"":-1,""9"":35,""10"":-55,""11"":86,""12"":-104,""13"":111,""14"":-105,""15"":86,""16"":-61,""17"":35,""18"":-16,""19"":5,""20"":-1,""25"":1,""26"":1,""27"":1,""28"":1,""29"":1}",f4fe9e780ceb60e74e4737363e27488d4e68aa472a8379427954168a030a04a6,f4fe9e780ceb60e74e4737363e27488d4e68aa472a8379427954168a030a04a6,True,success
LLL,exhaustive,3,3,0,0,"{""0"":1,""2"":7,""4"":21,""6"":34,""7"":6,""8"":13,""9"":56,""10"":-91,""11"":182,""12"":-245,""13"":302,""14"":-320,""15"":302,""16"":-252,""17"":182,""18"":-112,""19"":56,""20"":-22,""21"":6,""22"":-1,""26"":-1,""27"":-1,""28"":-1,""29"":-1,""30"":-1}","{""0"":1,""2"":7,""4"":21,""6"":34,""7"":6,""8"":13,""9"":56,""10"":-91,""11"":182,""12"":-245,""13"":302,""14"":-320,""15"":302,""16"":-252,""17"":182,""18"":-112,""19"":56,""20"":-22,""21"":6,""22"":-1,""26"":-1,""27"":-1,""28"":-1,""29"":-1,""30"":-1}",55734a656cc8c34fee42d1d5c44a1973ed8688c2b528af3cec0c0d81b45dd4a7,55734a656cc8c34fee42d1d5c44a1973ed8688c2b528af3cec0c0d81b45dd4a7,True,success
BBBB,exhaustive,4,0,0,4,"{""0"":1,""1"":-4,""2"":15,""3"":-36,""4"":79,""5"":-136,""6"":215,""7"":-284,""8"":330,""9"":-264,""10"":18,""11"":524,""12"":-1346,""13"":2364,""14"":-3344,""15"":4060,""16"":-4329,""17"":4092,""18"":-3422,""19"":2500,""20"":-1561,""21"":808,""22"":-329,""23"":95,""24"":-17,""25"":-5,""26"":-5,""27"":-4,""28"":-10,""29"":-10,""30"":-6,""31"":-10,""32"":-10,""33"":-4,""34"":-5,""35"":-5,""36"":-1,""37"":-1,""38"":-1}","{""0"":1,""1"":-4,""2"":15,""3"":-36,""4"":79,""5"":-136,""6"":215,""7"":-284,""8"":330,""9"":-264,""10"":18,""11"":524,""12"":-1346,""13"":2364,""14"":-3344,""15"":4060,""16"":-4329,""17"":4092,""18"":-3422,""19"":2500,""20"":-1561,""21"":808,""22"":-329,""23"":95,""24"":-17,""25"":-5,""26"":-5,""27"":-4,""28"":-10,""29"":-10,""30"":-6,""31"":-10,""32"":-10,""33"":-4,""34"":-5,""35"":-5,""36"":-1,""37"":-1,""38"":-1}",fab75ff371bddcddff85b2803425afd11d5192f55df25e0268505804867c7ea0,fab75ff371bddcddff85b2803425afd11d5192f55df25e0268505804867c7ea0,True,success
BBBD,exhaustive,4,0,1,3,"{""0"":1,""1"":-3,""2"":11,""3"":-22,""4"":46,""5"":-68,""6"":101,""7"":-115,""8"":122,""9"":-71,""10"":-41,""11"":261,""12"":-552,""13"":880,""14"":-1152,""15"":1311,""16"":-1313,""17"":1163,""18"":-902,""19"":598,""20"":-329,""21"":142,""22"":-44,""23"":8,""24"":1,""25"":1,""26"":1,""27"":4,""28"":4,""29"":3,""30"":6,""31"":6,""32"":3,""33"":4,""34"":4,""35"":1,""36"":1,""37"":1}","{""0"":1,""1"":-3,""2"":11,""3"":-22,""4"":46,""5"":-68,""6"":101,""7"":-115,""8"":122,""9"":-71,""10"":-41,""11"":261,""12"":-552,""13"":880,""14"":-1152,""15"":1311,""16"":-1313,""17"":1163,""18"":-902,""19"":598,""20"":-329,""21"":142,""22"":-44,""23"":8,""24"":1,""25"":1,""26"":1,""27"":4,""28"":4,""29"":3,""30"":6,""31"":6,""32"":3,""33"":4,""34"":4,""35"":1,""36"":1,""37"":1}",75b0670510cb2c025e747656c17fc3484055bf2b526b7070ea48f7277d0bd44c,75b0670510cb2c025e747656c17fc3484055bf2b526b7070ea48f7277d0bd44c,True,success
BBBL,exhaustive,4,1,0,3,"{""0"":1,""1"":-3,""2"":12,""3"":-25,""4"":57,""5"":-90,""6"":147,""7"":-183,""8"":223,""9"":-178,""10"":37,""11"":332,""12"":-922,""13"":1739,""14"":-2606,""15"":3354,""16"":-3779,""17"":3788,""18"":-3378,""19"":2663,""20"":-1829,""21"":1069,""22"":-515,""23"":194,""24"":-52,""25"":7,""26"":-1,""27"":-1,""28"":-4,""29"":-4,""30"":-3,""31"":-6,""32"":-6,""33"":-3,""34"":-4,""35"":-4,""36"":-1,""37"":-1,""38"":-1}","{""0"":1,""1"":-3,""2"":12,""3"":-25,""4"":57,""5"":-90,""6"":147,""7"":-183,""8"":223,""9"":-178,""10"":37,""11"":332,""12"":-922,""13"":1739,""14"":-2606,""15"":3354,""16"":-3779,""17"":3788,""18"":-3378,""19"":2663,""20"":-1829,""21"":1069,""22"":-515,""23"":194,""24"":-52,""25"":7,""26"":-1,""27"":-1,""28"":-4,""29"":-4,""30"":-3,""31"":-6,""32"":-6,""33"":-3,""34"":-4,""35"":-4,""36"":-1,""37"":-1,""38"":-1}",47c5093f918c2ef46b5dc23cf670be2af66f546e69c1dacb954dee07a6c2019a,47c5093f918c2ef46b5dc23cf670be2af66f546e69c1dacb954dee07a6c2019a,True,success
BBDB,exhaustive,4,0,1,3,"{""0"":1,""1"":-3,""2"":11,""3"":-22,""4"":46,""5"":-68,""6"":101,""7"":-115,""8"":122,""9"":-71,""10"":-41,""11"":261,""12"":-552,""13"":880,""14"":-1152,""15"":1311,""16"":-1313,""17"":1163,""18"":-902,""19"":598,""20"":-329,""21"":142,""22"":-44,""23"":8,""24"":1,""25"":1,""26"":1,""27"":4,""28"":4,""29"":3,""30"":6,""31"":6,""32"":3,""33"":4,""34"":4,""35"":1,""36"":1,""37"":1}","{""0"":1,""1"":-3,""2"":11,""3"":-22,""4"":46,""5"":-68,""6"":101,""7"":-115,""8"":122,""9"":-71,""10"":-41,""11"":261,""12"":-552,""13"":880,""14"":-1152,""15"":1311,""16"":-1313,""17"":1163,""18"":-902,""19"":598,""20"":-329,""21"":142,""22"":-44,""23"":8,""24"":1,""25"":1,""26"":1,""27"":4,""28"":4,""29"":3,""30"":6,""31"":6,""32"":3,""33"":4,""34"":4,""35"":1,""36"":1,""37"":1}",75b0670510cb2c025e747656c17fc3484055bf2b526b7070ea48f7277d0bd44c,75b0670510cb2c025e747656c17fc3484055bf2b526b7070ea48f7277d0bd44c,True,success
BBDD,exhaustive,4,0,2,2,"{""0"":1,""1"":-2,""2"":8,""3"":-12,""4"":26,""5"":-30,""6"":45,""7"":-40,""8"":41,""9"":-10,""10"":-35,""11"":120,""12"":-217,""13"":316,""14"":-384,""15"":410,""16"":-385,""17"":318,""18"":-225,""19"":132,""20"":-61,""21"":20,""22"":-4,""26"":-1,""27"":-1,""28"":-1,""29"":-3,""30"":-3,""31"":-2,""32"":-3,""33"":-3,""34"":-1,""35"":-1,""36"":-1}","{""0"":1,""1"":-2,""2"":8,""3"":-12,""4"":26,""5"":-30,""6"":45,""7"":-40,""8"":41,""9"":-10,""10"":-35,""11"":120,""12"":-217,""13"":316,""14"":-384,""15"":410,""16"":-385,""17"":318,""18"":-225,""19"":132,""20"":-61,""21"":20,""22"":-4,""26"":-1,""27"":-1,""28"":-1,""29"":-3,""30"":-3,""31"":-2,""32"":-3,""33"":-3,""34"":-1,""35"":-1,""36"":-1}",70de873a28e9e82ed86fd63ca464525bd15bd1c3f99079902faa334c06d6a4aa,70de873a28e9e82ed86fd63ca464525bd15bd1c3f99079902faa334c06d6a4aa,True,success
BBDL,exhaustive,4,1,1,2,"{""0"":1,""1"":-2,""2"":9,""3"":-14,""4"":34,""5"":-42,""6"":71,""7"":-70,""8"":86,""9"":-46,""10"":-14,""11"":171,""12"":-384,""13"":661,""14"":-919,""15"":1111,""16"":-1179,""17"":1113,""18"":-928,""19"":675,""20"":-418,""21"":213,""22"":-85,""23"":24,""24"":-4,""27"":1,""28"":1,""29"":1,""30"":3,""31"":3,""32"":2,""33"":3,""34"":3,""35"":1,""36"":1,""37"":1}","{""0"":1,""1"":-2,""2"":9,""3"":-14,""4"":34,""5"":-42,""6"":71,""7"":-70,""8"":86,""9"":-46,""10"":-14,""11"":171,""12"":-384,""13"":661,""14"":-919,""15"":1111,""16"":-1179,""17"":1113,""18"":-928,""19"":675,""20"":-418,""21"":213,""22"":-85,""23"":24,""24"":-4,""27"":1,""28"":1,""29"":1,""30"":3,""31"":3,""32"":2,""33"":3,""34"":3,""35"":1,""36"":1,""37"":1}",c3ce3c78863abf105bf26d94a85f50834a6ceb7886fa9f3317d180a93c539a56,c3ce3c78863abf105bf26d94a85f50834a6ceb7886fa9f3317d180a93c539a56,True,success
BBLB,exhaustive,4,1,0,3,"{""0"":1,""1"":-3,""2"":12,""3"":-25,""4"":57,""5"":-90,""6"":147,""7"":-183,""8"":223,""9"":-178,""10"":37,""11"":332,""12"":-922,""13"":1739,""14"":-2606,""15"":3354,""16"":-3779,""17"":3788,""18"":-3378,""19"":2663,""20"":-1829,""21"":1069,""22"":-515,""23"":194,""24"":-52,""25"":7,""26"":-1,""27"":-1,""28"":-4,""29"":-4,""30"":-3,""31"":-6,""32"":-6,""33"":-3,""34"":-4,""35"":-4,""36"":-1,""37"":-1,""38"":-1}","{""0"":1,""1"":-3,""2"":12,""3"":-25,""4"":57,""5"":-90,""6"":147,""7"":-183,""8"":223,""9"":-178,""10"":37,""11"":332,""12"":-922,""13"":1739,""14"":-2606,""15"":3354,""16"":-3779,""17"":3788,""18"":-3378,""19"":2663,""20"":-1829,""21"":1069,""22"":-515,""23"":194,""24"":-52,""25"":7,""26"":-1,""27"":-1,""28"":-4,""29"":-4,""30"":-3,""31"":-6,""32"":-6,""33"":-3,""34"":-4,""35"":-4,""36"":-1,""37"":-1,""38"":-1}",47c5093f918c2ef46b5dc23cf670be2af66f546e69c1dacb954dee07a6c2019a,47c5093f918c2ef46b5dc23cf670be2af66f546e69c1dacb954dee07a6c2019a,True,success
BBLD,exhaustive,4,1,1,2,"{""0"":1,""1"":-2,""2"":9,""3"":-14,""4"":34,""5"":-42,""6"":71,""7"":-70,""8"":86,""9"":-46,""10"":-14,""11"":171,""12"":-384,""13"":661,""14"":-919,""15"":1111,""16"":-1179,""17"":1113,""18"":-928,""19"":675,""20"":-418,""21"":213,""22"":-85,""23"":24,""24"":-4,""27"":1,""28"":1,""29"":1,""30"":3,""31"":3,""32"":2,""33"":3,""34"":3,""35"":1,""36"":1,""37"":1}","{""0"":1,""1"":-2,""2"":9,""3"":-14,""4"":34,""5"":-42,""6"":71,""7"":-70,""8"":86,""9"":-46,""10"":-14,""11"":171,""12"":-384,""13"":661,""14"":-919,""15"":1111,""16"":-1179,""17"":1113,""18"":-928,""19"":675,""20"":-418,""21"":213,""22"":-85,""23"":24,""24"":-4,""27"":1,""28"":1,""29"":1,""30"":3,""31"":3,""32"":2,""33"":3,""34"":3,""35"":1,""36"":1,""37"":1}",c3ce3c78863abf105bf26d94a85f50834a6ceb7886fa9f3317d180a93c539a56,c3ce3c78863abf105bf26d94a85f50834a6ceb7886fa9f3317d180a93c539a56,True,success
BBLL,exhaustive,4,2,0,2,"{""0"":1,""1"":-2,""2"":10,""3"":-16,""4"":43,""5"":-56,""6"":105,""7"":-112,""8"":157,""9"":-112,""10"":48,""11"":210,""12"":-611,""13"":1250,""14"":-1978,""15"":2700,""16"":-3211,""17"":3404,""18"":-3220,""19"":2716,""20"":-2021,""21"":1306,""22"":-716,""23"":322,""24"":-113,""25"":28,""26"":-4,""28"":-1,""29"":-1,""30"":-1,""31"":-3,""32"":-3,""33"":-2,""34"":-3,""35"":-3,""36"":-1,""37"":-1,""38"":-1}","{""0"":1,""1"":-2,""2"":10,""3"":-16,""4"":43,""5"":-56,""6"":105,""7"":-112,""8"":157,""9"":-112,""10"":48,""11"":210,""12"":-611,""13"":1250,""14"":-1978,""15"":2700,""16"":-3211,""17"":3404,""18"":-3220,""19"":2716,""20"":-2021,""21"":1306,""22"":-716,""23"":322,""24"":-113,""25"":28,""26"":-4,""28"":-1,""29"":-1,""30"":-1,""31"":-3,""32"":-3,""33"":-2,""34"":-3,""35"":-3,""36"":-1,""37"":-1,""38"":-1}",4a797e9209d56d841618e6fb5ffef090ce40ae19e00a78b3e6b8bdfca8decc6e,4a797e9209d56d841618e6fb5ffef090ce40ae19e00a78b3e6b8bdfca8decc6e,True,success
BDBB,exhaustive,4,0,1,3,"{""0"":1,""1"":-3,""2"":11,""3"":-22,""4"":46,""5"":-68,""6"":101,""7"":-115,""8"":122,""9"":-71,""10"":-41,""11"":261,""12"":-552,""13"":880,""14"":-1152,""15"":1311,""16"":-1313,""17"":1163,""18"":-902,""19"":598,""20"":-329,""21"":142,""22"":-44,""23"":8,""24"":1,""25"":1,""26"":1,""27"":4,""28"":4,""29"":3,""30"":6,""31"":6,""32"":3,""33"":4,""34"":4,""35"":1,""36"":1,""37"":1}","{""0"":1,""1"":-3,""2"":11,""3"":-22,""4"":46,""5"":-68,""6"":101,""7"":-115,""8"":122,""9"":-71,""10"":-41,""11"":261,""12"":-552,""13"":880,""14"":-1152,""15"":1311,""16"":-1313,""17"":1163,""18"":-902,""19"":598,""20"":-329,""21"":142,""22"":-44,""23"":8,""24"":1,""25"":1,""26"":1,""27"":4,""28"":4,""29"":3,""30"":6,""31"":6,""32"":3,""33"":4,""34"":4,""35"":1,""36"":1,""37"":1}",75b0670510cb2c025e747656c17fc3484055bf2b526b7070ea48f7277d0bd44c,75b0670510cb2c025e747656c17fc3484055bf2b526b7070ea48f7277d0bd44c,True,success
BDBD,exhaustive,4,0,2,2,"{""0"":1,""1"":-2,""2"":8,""3"":-12,""4"":26,""5"":-30,""6"":45,""7"":-40,""8"":41,""9"":-10,""10"":-35,""11"":120,""12"":-217,""13"":316,""14"":-384,""15"":410,""16"":-385,""17"":318,""18"":-225,""19"":132,""20"":-61,""21"":20,""22"":-4,""26"":-1,""27"":-1,""28"":-1,""29"":-3,""30"":-3,""31"":-2,""32"":-3,""33"":-3,""34"":-1,""35"":-1,""36"":-1}","{""0"":1,""1"":-2,""2"":8,""3"":-12,""4"":26,""5"":-30,""6"":45,""7"":-40,""8"":41,""9"":-10,""10"":-35,""11"":120,""12"":-217,""13"":316,""14"":-384,""15"":410,""16"":-385,""17"":318,""18"":-225,""19"":132,""20"":-61,""21"":20,""22"":-4,""26"":-1,""27"":-1,""28"":-1,""29"":-3,""30"":-3,""31"":-2,""32"":-3,""33"":-3,""34"":-1,""35"":-1,""36"":-1}",70de873a28e9e82ed86fd63ca464525bd15bd1c3f99079902faa334c06d6a4aa,70de873a28e9e82ed86fd63ca464525bd15bd1c3f99079902faa334c06d6a4aa,True,success
BDBL,exhaustive,4,1,1,2,"{""0"":1,""1"":-2,""2"":9,""3"":-14,""4"":34,""5"":-42,""6"":71,""7"":-70,""8"":86,""9"":-46,""10"":-14,""11"":171,""12"":-384,""13"":661,""14"":-919,""15"":1111,""16"":-1179,""17"":1113,""18"":-928,""19"":675,""20"":-418,""21"":213,""22"":-85,""23"":24,""24"":-4,""27"":1,""28"":1,""29"":1,""30"":3,""31"":3,""32"":2,""33"":3,""34"":3,""35"":1,""36"":1,""37"":1}","{""0"":1,""1"":-2,""2"":9,""3"":-14,""4"":34,""5"":-42,""6"":71,""7"":-70,""8"":86,""9"":-46,""10"":-14,""11"":171,""12"":-384,""13"":661,""14"":-919,""15"":1111,""16"":-1179,""17"":1113,""18"":-928,""19"":675,""20"":-418,""21"":213,""22"":-85,""23"":24,""24"":-4,""27"":1,""28"":1,""29"":1,""30"":3,""31"":3,""32"":2,""33"":3,""34"":3,""35"":1,""36"":1,""37"":1}",c3ce3c78863abf105bf26d94a85f50834a6ceb7886fa9f3317d180a93c539a56,c3ce3c78863abf105bf26d94a85f50834a6ceb7886fa9f3317d180a93c539a56,True,success
BDDB,exhaustive,4,0,2,2,"{""0"":1,""1"":-2,""2"":8,""3"":-12,""4"":26,""5"":-30,""6"":45,""7"":-40,""8"":41,""9"":-10,""10"":-35,""11"":120,""12"":-217,""13"":316,""14"":-384,""15"":410,""16"":-385,""17"":318,""18"":-225,""19"":132,""20"":-61,""21"":20,""22"":-4,""26"":-1,""27"":-1,""28"":-1,""29"":-3,""30"":-3,""31"":-2,""32"":-3,""33"":-3,""34"":-1,""35"":-1,""36"":-1}","{""0"":1,""1"":-2,""2"":8,""3"":-12,""4"":26,""5"":-30,""6"":45,""7"":-40,""8"":41,""9"":-10,""10"":-35,""11"":120,""12"":-217,""13"":316,""14"":-384,""15"":410,""16"":-385,""17"":318,""18"":-225,""19"":132,""20"":-61,""21"":20,""22"":-4,""26"":-1,""27"":-1,""28"":-1,""29"":-3,""30"":-3,""31"":-2,""32"":-3,""33"":-3,""34"":-1,""35"":-1,""36"":-1}",70de873a28e9e82ed86fd63ca464525bd15bd1c3f99079902faa334c06d6a4aa,70de873a28e9e82ed86fd63ca464525bd15bd1c3f99079902faa334c06d6a4aa,True,success
BDDD,exhaustive,4,0,3,1,"{""0"":1,""1"":-1,""2"":6,""3"":-5,""4"":15,""5"":-10,""6"":20,""7"":-10,""8"":13,""9"":4,""10"":-20,""11"":51,""12"":-82,""13"":109,""14"":-124,""15"":124,""16"":-109,""17"":83,""18"":-52,""19"":26,""20"":-9,""21"":2,""28"":1,""29"":1,""30"":1,""31"":2,""32"":2,""33"":1,""34"":1,""35"":1}","{""0"":1,""1"":-1,""2"":6,""3"":-5,""4"":15,""5"":-10,""6"":20,""7"":-10,""8"":13,""9"":4,""10"":-20,""11"":51,""12"":-82,""13"":109,""14"":-124,""15"":124,""16"":-109,""17"":83,""18"":-52,""19"":26,""20"":-9,""21"":2,""28"":1,""29"":1,""30"":1,""31"":2,""32"":2,""33"":1,""34"":1,""35"":1}",4e930a4c32198e042c22b6a981e5988c4ae0edc523e85af38492e4bc6a1c863b,4e930a4c32198e042c22b6a981e5988c4ae0edc523e85af38492e4bc6a1c863b,True,success
BDDL,exhaustive,4,1,2,1,"{""0"":1,""1"":-1,""2"":7,""3"":-6,""4"":21,""5"":-15,""6"":35,""7"":-20,""8"":33,""9"":-4,""10"":-16,""11"":81,""12"":-154,""13"":243,""14"":-315,""15"":357,""16"":-357,""17"":316,""18"":-244,""19"":161,""20"":-87,""21"":37,""22"":-11,""23"":2,""29"":-1,""30"":-1,""31"":-1,""32"":-2,""33"":-2,""34"":-1,""35"":-1,""36"":-1}","{""0"":1,""1"":-1,""2"":7,""3"":-6,""4"":21,""5"":-15,""6"":35,""7"":-20,""8"":33,""9"":-4,""10"":-16,""11"":81,""12"":-154,""13"":243,""14"":-315,""15"":357,""16"":-357,""17"":316,""18"":-244,""19"":161,""20"":-87,""21"":37,""22"":-11,""23"":2,""29"":-1,""30"":-1,""31"":-1,""32"":-2,""33"":-2,""34"":-1,""35"":-1,""36"":-1}",8616b27125ed578175c08754991912af50162901936e9f8423f2fecff06e7073,8616b27125ed578175c08754991912af50162901936e9f8423f2fecff06e7073,True,success
BDLB,exhaustive,4,1,1,2,"{""0"":1,""1"":-2,""2"":9,""3"":-14,""4"":34,""5"":-42,""6"":71,""7"":-70,""8"":86,""9"":-46,""10"":-14,""11"":171,""12"":-384,""13"":661,""14"":-919,""15"":1111,""16"":-1179,""17"":1113,""18"":-928,""19"":675,""20"":-418,""21"":213,""22"":-85,""23"":24,""24"":-4,""27"":1,""28"":1,""29"":1,""30"":3,""31"":3,""32"":2,""33"":3,""34"":3,""35"":1,""36"":1,""37"":1}","{""0"":1,""1"":-2,""2"":9,""3"":-14,""4"":34,""5"":-42,""6"":71,""7"":-70,""8"":86,""9"":-46,""10"":-14,""11"":171,""12"":-384,""13"":661,""14"":-919,""15"":1111,""16"":-1179,""17"":1113,""18"":-928,""19"":675,""20"":-418,""21"":213,""22"":-85,""23"":24,""24"":-4,""27"":1,""28"":1,""29"":1,""30"":3,""31"":3,""32"":2,""33"":3,""34"":3,""35"":1,""36"":1,""37"":1}",c3ce3c78863abf105bf26d94a85f50834a6ceb7886fa9f3317d180a93c539a56,c3ce3c78863abf105bf26d94a85f50834a6ceb7886fa9f3317d180a93c539a56,True,success
BDLD,exhaustive,4,1,2,1,"{""0"":1,""1"":-1,""2"":7,""3"":-6,""4"":21,""5"":-15,""6"":35,""7"":-20,""8"":33,""9"":-4,""10"":-16,""11"":81,""12"":-154,""13"":243,""14"":-315,""15"":357,""16"":-357,""17"":316,""18"":-244,""19"":161,""20"":-87,""21"":37,""22"":-11,""23"":2,""29"":-1,""30"":-1,""31"":-1,""32"":-2,""33"":-2,""34"":-1,""35"":-1,""36"":-1}","{""0"":1,""1"":-1,""2"":7,""3"":-6,""4"":21,""5"":-15,""6"":35,""7"":-20,""8"":33,""9"":-4,""10"":-16,""11"":81,""12"":-154,""13"":243,""14"":-315,""15"":357,""16"":-357,""17"":316,""18"":-244,""19"":161,""20"":-87,""21"":37,""22"":-11,""23"":2,""29"":-1,""30"":-1,""31"":-1,""32"":-2,""33"":-2,""34"":-1,""35"":-1,""36"":-1}",8616b27125ed578175c08754991912af50162901936e9f8423f2fecff06e7073,8616b27125ed578175c08754991912af50162901936e9f8423f2fecff06e7073,True,success
BDLL,exhaustive,4,2,1,1,"{""0"":1,""1"":-1,""2"":8,""3"":-7,""4"":28,""5"":-21,""6"":56,""7"":-35,""8"":68,""9"":-22,""10"":6,""11"":114,""12"":-257,""13"":485,""14"":-713,""15"":916,""16"":-1029,""17"":1030,""18"":-917,""19"":721,""20"":-492,""21"":285,""22"":-135,""23"":50,""24"":-13,""25"":2,""30"":1,""31"":1,""32"":1,""33"":2,""34"":2,""35"":1,""36"":1,""37"":1}","{""0"":1,""1"":-1,""2"":8,""3"":-7,""4"":28,""5"":-21,""6"":56,""7"":-35,""8"":68,""9"":-22,""10"":6,""11"":114,""12"":-257,""13"":485,""14"":-713,""15"":916,""16"":-1029,""17"":1030,""18"":-917,""19"":721,""20"":-492,""21"":285,""22"":-135,""23"":50,""24"":-13,""25"":2,""30"":1,""31"":1,""32"":1,""33"":2,""34"":2,""35"":1,""36"":1,""37"":1}",d0bae6d6dcc1be92b09378793c97d074eb22b0b19f5441207c8276dfa3c0b678,d0bae6d6dcc1be92b09378793c97d074eb22b0b19f5441207c8276dfa3c0b678,True,success
BLBB,exhaustive,4,1,0,3,"{""0"":1,""1"":-3,""2"":12,""3"":-25,""4"":57,""5"":-90,""6"":147,""7"":-183,""8"":223,""9"":-178,""10"":37,""11"":332,""12"":-922,""13"":1739,""14"":-2606,""15"":3354,""16"":-3779,""17"":3788,""18"":-3378,""19"":2663,""20"":-1829,""21"":1069,""22"":-515,""23"":194,""24"":-52,""25"":7,""26"":-1,""27"":-1,""28"":-4,""29"":-4,""30"":-3,""31"":-6,""32"":-6,""33"":-3,""34"":-4,""35"":-4,""36"":-1,""37"":-1,""38"":-1}","{""0"":1,""1"":-3,""2"":12,""3"":-25,""4"":57,""5"":-90,""6"":147,""7"":-183,""8"":223,""9"":-178,""10"":37,""11"":332,""12"":-922,""13"":1739,""14"":-2606,""15"":3354,""16"":-3779,""17"":3788,""18"":-3378,""19"":2663,""20"":-1829,""21"":1069,""22"":-515,""23"":194,""24"":-52,""25"":7,""26"":-1,""27"":-1,""28"":-4,""29"":-4,""30"":-3,""31"":-6,""32"":-6,""33"":-3,""34"":-4,""35"":-4,""36"":-1,""37"":-1,""38"":-1}",47c5093f918c2ef46b5dc23cf670be2af66f546e69c1dacb954dee07a6c2019a,47c5093f918c2ef46b5dc23cf670be2af66f546e69c1dacb954dee07a6c2019a,True,success
BLBD,exhaustive,4,1,1,2,"{""0"":1,""1"":-2,""2"":9,""3"":-14,""4"":34,""5"":-42,""6"":71,""7"":-70,""8"":86,""9"":-46,""10"":-14,""11"":171,""12"":-384,""13"":661,""14"":-919,""15"":1111,""16"":-1179,""17"":1113,""18"":-928,""19"":675,""20"":-418,""21"":213,""22"":-85,""23"":24,""24"":-4,""27"":1,""28"":1,""29"":1,""30"":3,""31"":3,""32"":2,""33"":3,""34"":3,""35"":1,""36"":1,""37"":1}","{""0"":1,""1"":-2,""2"":9,""3"":-14,""4"":34,""5"":-42,""6"":71,""7"":-70,""8"":86,""9"":-46,""10"":-14,""11"":171,""12"":-384,""13"":661,""14"":-919,""15"":1111,""16"":-1179,""17"":1113,""18"":-928,""19"":675,""20"":-418,""21"":213,""22"":-85,""23"":24,""24"":-4,""27"":1,""28"":1,""29"":1,""30"":3,""31"":3,""32"":2,""33"":3,""34"":3,""35"":1,""36"":1,""37"":1}",c3ce3c78863abf105bf26d94a85f50834a6ceb7886fa9f3317d180a93c539a56,c3ce3c78863abf105bf26d94a85f50834a6ceb7886fa9f3317d180a93c539a56,True,success
BLBL,exhaustive,4,2,0,2,"{""0"":1,""1"":-2,""2"":10,""3"":-16,""4"":43,""5"":-56,""6"":105,""7"":-112,""8"":157,""9"":-112,""10"":48,""11"":210,""12"":-611,""13"":1250,""14"":-1978,""15"":2700,""16"":-3211,""17"":3404,""18"":-3220,""19"":2716,""20"":-2021,""21"":1306,""22"":-716,""23"":322,""24"":-113,""25"":28,""26"":-4,""28"":-1,""29"":-1,""30"":-1,""31"":-3,""32"":-3,""33"":-2,""34"":-3,""35"":-3,""36"":-1,""37"":-1,""38"":-1}","{""0"":1,""1"":-2,""2"":10,""3"":-16,""4"":43,""5"":-56,""6"":105,""7"":-112,""8"":157,""9"":-112,""10"":48,""11"":210,""12"":-611,""13"":1250,""14"":-1978,""15"":2700,""16"":-3211,""17"":3404,""18"":-3220,""19"":2716,""20"":-2021,""21"":1306,""22"":-716,""23"":322,""24"":-113,""25"":28,""26"":-4,""28"":-1,""29"":-1,""30"":-1,""31"":-3,""32"":-3,""33"":-2,""34"":-3,""35"":-3,""36"":-1,""37"":-1,""38"":-1}",4a797e9209d56d841618e6fb5ffef090ce40ae19e00a78b3e6b8bdfca8decc6e,4a797e9209d56d841618e6fb5ffef090ce40ae19e00a78b3e6b8bdfca8decc6e,True,success
BLDB,exhaustive,4,1,1,2,"{""0"":1,""1"":-2,""2"":9,""3"":-14,""4"":34,""5"":-42,""6"":71,""7"":-70,""8"":86,""9"":-46,""10"":-14,""11"":171,""12"":-384,""13"":661,""14"":-919,""15"":1111,""16"":-1179,""17"":1113,""18"":-928,""19"":675,""20"":-418,""21"":213,""22"":-85,""23"":24,""24"":-4,""27"":1,""28"":1,""29"":1,""30"":3,""31"":3,""32"":2,""33"":3,""34"":3,""35"":1,""36"":1,""37"":1}","{""0"":1,""1"":-2,""2"":9,""3"":-14,""4"":34,""5"":-42,""6"":71,""7"":-70,""8"":86,""9"":-46,""10"":-14,""11"":171,""12"":-384,""13"":661,""14"":-919,""15"":1111,""16"":-1179,""17"":1113,""18"":-928,""19"":675,""20"":-418,""21"":213,""22"":-85,""23"":24,""24"":-4,""27"":1,""28"":1,""29"":1,""30"":3,""31"":3,""32"":2,""33"":3,""34"":3,""35"":1,""36"":1,""37"":1}",c3ce3c78863abf105bf26d94a85f50834a6ceb7886fa9f3317d180a93c539a56,c3ce3c78863abf105bf26d94a85f50834a6ceb7886fa9f3317d180a93c539a56,True,success
BLDD,exhaustive,4,1,2,1,"{""0"":1,""1"":-1,""2"":7,""3"":-6,""4"":21,""5"":-15,""6"":35,""7"":-20,""8"":33,""9"":-4,""10"":-16,""11"":81,""12"":-154,""13"":243,""14"":-315,""15"":357,""16"":-357,""17"":316,""18"":-244,""19"":161,""20"":-87,""21"":37,""22"":-11,""23"":2,""29"":-1,""30"":-1,""31"":-1,""32"":-2,""33"":-2,""34"":-1,""35"":-1,""36"":-1}","{""0"":1,""1"":-1,""2"":7,""3"":-6,""4"":21,""5"":-15,""6"":35,""7"":-20,""8"":33,""9"":-4,""10"":-16,""11"":81,""12"":-154,""13"":243,""14"":-315,""15"":357,""16"":-357,""17"":316,""18"":-244,""19"":161,""20"":-87,""21"":37,""22"":-11,""23"":2,""29"":-1,""30"":-1,""31"":-1,""32"":-2,""33"":-2,""34"":-1,""35"":-1,""36"":-1}",8616b27125ed578175c08754991912af50162901936e9f8423f2fecff06e7073,8616b27125ed578175c08754991912af50162901936e9f8423f2fecff06e7073,True,success
BLDL,exhaustive,4,2,1,1,"{""0"":1,""1"":-1,""2"":8,""3"":-7,""4"":28,""5"":-21,""6"":56,""7"":-35,""8"":68,""9"":-22,""10"":6,""11"":114,""12"":-257,""13"":485,""14"":-713,""15"":916,""16"":-1029,""17"":1030,""18"":-917,""19"":721,""20"":-492,""21"":285,""22"":-135,""23"":50,""24"":-13,""25"":2,""30"":1,""31"":1,""32"":1,""33"":2,""34"":2,""35"":1,""36"":1,""37"":1}","{""0"":1,""1"":-1,""2"":8,""3"":-7,""4"":28,""5"":-21,""6"":56,""7"":-35,""8"":68,""9"":-22,""10"":6,""11"":114,""12"":-257,""13"":485,""14"":-713,""15"":916,""16"":-1029,""17"":1030,""18"":-917,""19"":721,""20"":-492,""21"":285,""22"":-135,""23"":50,""24"":-13,""25"":2,""30"":1,""31"":1,""32"":1,""33"":2,""34"":2,""35"":1,""36"":1,""37"":1}",d0bae6d6dcc1be92b09378793c97d074eb22b0b19f5441207c8276dfa3c0b678,d0bae6d6dcc1be92b09378793c97d074eb22b0b19f5441207c8276dfa3c0b678,True,success
BLLB,exhaustive,4,2,0,2,"{""0"":1,""1"":-2,""2"":10,""3"":-16,""4"":43,""5"":-56,""6"":105,""7"":-112,""8"":157,""9"":-112,""10"":48,""11"":210,""12"":-611,""13"":1250,""14"":-1978,""15"":2700,""16"":-3211,""17"":3404,""18"":-3220,""19"":2716,""20"":-2021,""21"":1306,""22"":-716,""23"":322,""24"":-113,""25"":28,""26"":-4,""28"":-1,""29"":-1,""30"":-1,""31"":-3,""32"":-3,""33"":-2,""34"":-3,""35"":-3,""36"":-1,""37"":-1,""38"":-1}","{""0"":1,""1"":-2,""2"":10,""3"":-16,""4"":43,""5"":-56,""6"":105,""7"":-112,""8"":157,""9"":-112,""10"":48,""11"":210,""12"":-611,""13"":1250,""14"":-1978,""15"":2700,""16"":-3211,""17"":3404,""18"":-3220,""19"":2716,""20"":-2021,""21"":1306,""22"":-716,""23"":322,""24"":-113,""25"":28,""26"":-4,""28"":-1,""29"":-1,""30"":-1,""31"":-3,""32"":-3,""33"":-2,""34"":-3,""35"":-3,""36"":-1,""37"":-1,""38"":-1}",4a797e9209d56d841618e6fb5ffef090ce40ae19e00a78b3e6b8bdfca8decc6e,4a797e9209d56d841618e6fb5ffef090ce40ae19e00a78b3e6b8bdfca8decc6e,True,success
BLLD,exhaustive,4,2,1,1,"{""0"":1,""1"":-1,""2"":8,""3"":-7,""4"":28,""5"":-21,""6"":56,""7"":-35,""8"":68,""9"":-22,""10"":6,""11"":114,""12"":-257,""13"":485,""14"":-713,""15"":916,""16"":-1029,""17"":1030,""18"":-917,""19"":721,""20"":-492,""21"":285,""22"":-135,""23"":50,""24"":-13,""25"":2,""30"":1,""31"":1,""32"":1,""33"":2,""34"":2,""35"":1,""36"":1,""37"":1}","{""0"":1,""1"":-1,""2"":8,""3"":-7,""4"":28,""5"":-21,""6"":56,""7"":-35,""8"":68,""9"":-22,""10"":6,""11"":114,""12"":-257,""13"":485,""14"":-713,""15"":916,""16"":-1029,""17"":1030,""18"":-917,""19"":721,""20"":-492,""21"":285,""22"":-135,""23"":50,""24"":-13,""25"":2,""30"":1,""31"":1,""32"":1,""33"":2,""34"":2,""35"":1,""36"":1,""37"":1}",d0bae6d6dcc1be92b09378793c97d074eb22b0b19f5441207c8276dfa3c0b678,d0bae6d6dcc1be92b09378793c97d074eb22b0b19f5441207c8276dfa3c0b678,True,success
BLLL,exhaustive,4,3,0,1,"{""0"":1,""1"":-1,""2"":9,""3"":-8,""4"":36,""5"":-28,""6"":84,""7"":-56,""8"":124,""9"":-55,""10"":61,""11"":142,""12"":-386,""13"":884,""14"":-1462,""15"":2122,""16"":-2659,""17"":2976,""18"":-2976,""19"":2668,""20"":-2130,""21"":1498,""22"":-912,""23"":470,""24"":-198,""25"":65,""26"":-15,""27"":2,""31"":-1,""32"":-1,""33"":-1,""34"":-2,""35"":-2,""36"":-1,""37"":-1,""38"":-1}","{""0"":1,""1"":-1,""2"":9,""3"":-8,""4"":36,""5"":-28,""6"":84,""7"":-56,""8"":124,""9"":-55,""10"":61,""11"":142,""12"":-386,""13"":884,""14"":-1462,""15"":2122,""16"":-2659,""17"":2976,""18"":-2976,""19"":2668,""20"":-2130,""21"":1498,""22"":-912,""23"":470,""24"":-198,""25"":65,""26"":-15,""27"":2,""31"":-1,""32"":-1,""33"":-1,""34"":-2,""35"":-2,""36"":-1,""37"":-1,""38"":-1}",0265bc0fffc4a8b74560537c5d30b856daef53d712b3a7e6492e76c0d71cbf37,0265bc0fffc4a8b74560537c5d30b856daef53d712b3a7e6492e76c0d71cbf37,True,success
DBBB,exhaustive,4,0,1,3,"{""0"":1,""1"":-3,""2"":11,""3"":-22,""4"":46,""5"":-68,""6"":101,""7"":-115,""8"":122,""9"":-71,""10"":-41,""11"":261,""12"":-552,""13"":880,""14"":-1152,""15"":1311,""16"":-1313,""17"":1163,""18"":-902,""19"":598,""20"":-329,""21"":142,""22"":-44,""23"":8,""24"":1,""25"":1,""26"":1,""27"":4,""28"":4,""29"":3,""30"":6,""31"":6,""32"":3,""33"":4,""34"":4,""35"":1,""36"":1,""37"":1}","{""0"":1,""1"":-3,""2"":11,""3"":-22,""4"":46,""5"":-68,""6"":101,""7"":-115,""8"":122,""9"":-71,""10"":-41,""11"":261,""12"":-552,""13"":880,""14"":-1152,""15"":1311,""16"":-1313,""17"":1163,""18"":-902,""19"":598,""20"":-329,""21"":142,""22"":-44,""23"":8,""24"":1,""25"":1,""26"":1,""27"":4,""28"":4,""29"":3,""30"":6,""31"":6,""32"":3,""33"":4,""34"":4,""35"":1,""36"":1,""37"":1}",75b0670510cb2c025e747656c17fc3484055bf2b526b7070ea48f7277d0bd44c,75b0670510cb2c025e747656c17fc3484055bf2b526b7070ea48f7277d0bd44c,True,success
DBBD,exhaustive,4,0,2,2,"{""0"":1,""1"":-2,""2"":8,""3"":-12,""4"":26,""5"":-30,""6"":45,""7"":-40,""8"":41,""9"":-10,""10"":-35,""11"":120,""12"":-217,""13"":316,""14"":-384,""15"":410,""16"":-385,""17"":318,""18"":-225,""19"":132,""20"":-61,""21"":20,""22"":-4,""26"":-1,""27"":-1,""28"":-1,""29"":-3,""30"":-3,""31"":-2,""32"":-3,""33"":-3,""34"":-1,""35"":-1,""36"":-1}","{""0"":1,""1"":-2,""2"":8,""3"":-12,""4"":26,""5"":-30,""6"":45,""7"":-40,""8"":41,""9"":-10,""10"":-35,""11"":120,""12"":-217,""13"":316,""14"":-384,""15"":410,""16"":-385,""17"":318,""18"":-225,""19"":132,""20"":-61,""21"":20,""22"":-4,""26"":-1,""27"":-1,""28"":-1,""29"":-3,""30"":-3,""31"":-2,""32"":-3,""33"":-3,""34"":-1,""35"":-1,""36"":-1}",70de873a28e9e82ed86fd63ca464525bd15bd1c3f99079902faa334c06d6a4aa,70de873a28e9e82ed86fd63ca464525bd15bd1c3f99079902faa334c06d6a4aa,True,success
DBBL,exhaustive,4,1,1,2,"{""0"":1,""1"":-2,""2"":9,""3"":-14,""4"":34,""5"":-42,""6"":71,""7"":-70,""8"":86,""9"":-46,""10"":-14,""11"":171,""12"":-384,""13"":661,""14"":-919,""15"":1111,""16"":-1179,""17"":1113,""18"":-928,""19"":675,""20"":-418,""21"":213,""22"":-85,""23"":24,""24"":-4,""27"":1,""28"":1,""29"":1,""30"":3,""31"":3,""32"":2,""33"":3,""34"":3,""35"":1,""36"":1,""37"":1}","{""0"":1,""1"":-2,""2"":9,""3"":-14,""4"":34,""5"":-42,""6"":71,""7"":-70,""8"":86,""9"":-46,""10"":-14,""11"":171,""12"":-384,""13"":661,""14"":-919,""15"":1111,""16"":-1179,""17"":1113,""18"":-928,""19"":675,""20"":-418,""21"":213,""22"":-85,""23"":24,""24"":-4,""27"":1,""28"":1,""29"":1,""30"":3,""31"":3,""32"":2,""33"":3,""34"":3,""35"":1,""36"":1,""37"":1}",c3ce3c78863abf105bf26d94a85f50834a6ceb7886fa9f3317d180a93c539a56,c3ce3c78863abf105bf26d94a85f50834a6ceb7886fa9f3317d180a93c539a56,True,success
DBDB,exhaustive,4,0,2,2,"{""0"":1,""1"":-2,""2"":8,""3"":-12,""4"":26,""5"":-30,""6"":45,""7"":-40,""8"":41,""9"":-10,""10"":-35,""11"":120,""12"":-217,""13"":316,""14"":-384,""15"":410,""16"":-385,""17"":318,""18"":-225,""19"":132,""20"":-61,""21"":20,""22"":-4,""26"":-1,""27"":-1,""28"":-1,""29"":-3,""30"":-3,""31"":-2,""32"":-3,""33"":-3,""34"":-1,""35"":-1,""36"":-1}","{""0"":1,""1"":-2,""2"":8,""3"":-12,""4"":26,""5"":-30,""6"":45,""7"":-40,""8"":41,""9"":-10,""10"":-35,""11"":120,""12"":-217,""13"":316,""14"":-384,""15"":410,""16"":-385,""17"":318,""18"":-225,""19"":132,""20"":-61,""21"":20,""22"":-4,""26"":-1,""27"":-1,""28"":-1,""29"":-3,""30"":-3,""31"":-2,""32"":-3,""33"":-3,""34"":-1,""35"":-1,""36"":-1}",70de873a28e9e82ed86fd63ca464525bd15bd1c3f99079902faa334c06d6a4aa,70de873a28e9e82ed86fd63ca464525bd15bd1c3f99079902faa334c06d6a4aa,True,success
DBDD,exhaustive,4,0,3,1,"{""0"":1,""1"":-1,""2"":6,""3"":-5,""4"":15,""5"":-10,""6"":20,""7"":-10,""8"":13,""9"":4,""10"":-20,""11"":51,""12"":-82,""13"":109,""14"":-124,""15"":124,""16"":-109,""17"":83,""18"":-52,""19"":26,""20"":-9,""21"":2,""28"":1,""29"":1,""30"":1,""31"":2,""32"":2,""33"":1,""34"":1,""35"":1}","{""0"":1,""1"":-1,""2"":6,""3"":-5,""4"":15,""5"":-10,""6"":20,""7"":-10,""8"":13,""9"":4,""10"":-20,""11"":51,""12"":-82,""13"":109,""14"":-124,""15"":124,""16"":-109,""17"":83,""18"":-52,""19"":26,""20"":-9,""21"":2,""28"":1,""29"":1,""30"":1,""31"":2,""32"":2,""33"":1,""34"":1,""35"":1}",4e930a4c32198e042c22b6a981e5988c4ae0edc523e85af38492e4bc6a1c863b,4e930a4c32198e042c22b6a981e5988c4ae0edc523e85af38492e4bc6a1c863b,True,success
DBDL,exhaustive,4,1,2,1,"{""0"":1,""1"":-1,""2"":7,""3"":-6,""4"":21,""5"":-15,""6"":35,""7"":-20,""8"":33,""9"":-4,""10"":-16,""11"":81,""12"":-154,""13"":243,""14"":-315,""15"":357,""16"":-357,""17"":316,""18"":-244,""19"":161,""20"":-87,""21"":37,""22"":-11,""23"":2,""29"":-1,""30"":-1,""31"":-1,""32"":-2,""33"":-2,""34"":-1,""35"":-1,""36"":-1}","{""0"":1,""1"":-1,""2"":7,""3"":-6,""4"":21,""5"":-15,""6"":35,""7"":-20,""8"":33,""9"":-4,""10"":-16,""11"":81,""12"":-154,""13"":243,""14"":-315,""15"":357,""16"":-357,""17"":316,""18"":-244,""19"":161,""20"":-87,""21"":37,""22"":-11,""23"":2,""29"":-1,""30"":-1,""31"":-1,""32"":-2,""33"":-2,""34"":-1,""35"":-1,""36"":-1}",8616b27125ed578175c08754991912af50162901936e9f8423f2fecff06e7073,8616b27125ed578175c08754991912af50162901936e9f8423f2fecff06e7073,True,success
DBLB,exhaustive,4,1,1,2,"{""0"":1,""1"":-2,""2"":9,""3"":-14,""4"":34,""5"":-42,""6"":71,""7"":-70,""8"":86,""9"":-46,""10"":-14,""11"":171,""12"":-384,""13"":661,""14"":-919,""15"":1111,""16"":-1179,""17"":1113,""18"":-928,""19"":675,""20"":-418,""21"":213,""22"":-85,""23"":24,""24"":-4,""27"":1,""28"":1,""29"":1,""30"":3,""31"":3,""32"":2,""33"":3,""34"":3,""35"":1,""36"":1,""37"":1}","{""0"":1,""1"":-2,""2"":9,""3"":-14,""4"":34,""5"":-42,""6"":71,""7"":-70,""8"":86,""9"":-46,""10"":-14,""11"":171,""12"":-384,""13"":661,""14"":-919,""15"":1111,""16"":-1179,""17"":1113,""18"":-928,""19"":675,""20"":-418,""21"":213,""22"":-85,""23"":24,""24"":-4,""27"":1,""28"":1,""29"":1,""30"":3,""31"":3,""32"":2,""33"":3,""34"":3,""35"":1,""36"":1,""37"":1}",c3ce3c78863abf105bf26d94a85f50834a6ceb7886fa9f3317d180a93c539a56,c3ce3c78863abf105bf26d94a85f50834a6ceb7886fa9f3317d180a93c539a56,True,success
DBLD,exhaustive,4,1,2,1,"{""0"":1,""1"":-1,""2"":7,""3"":-6,""4"":21,""5"":-15,""6"":35,""7"":-20,""8"":33,""9"":-4,""10"":-16,""11"":81,""12"":-154,""13"":243,""14"":-315,""15"":357,""16"":-357,""17"":316,""18"":-244,""19"":161,""20"":-87,""21"":37,""22"":-11,""23"":2,""29"":-1,""30"":-1,""31"":-1,""32"":-2,""33"":-2,""34"":-1,""35"":-1,""36"":-1}","{""0"":1,""1"":-1,""2"":7,""3"":-6,""4"":21,""5"":-15,""6"":35,""7"":-20,""8"":33,""9"":-4,""10"":-16,""11"":81,""12"":-154,""13"":243,""14"":-315,""15"":357,""16"":-357,""17"":316,""18"":-244,""19"":161,""20"":-87,""21"":37,""22"":-11,""23"":2,""29"":-1,""30"":-1,""31"":-1,""32"":-2,""33"":-2,""34"":-1,""35"":-1,""36"":-1}",8616b27125ed578175c08754991912af50162901936e9f8423f2fecff06e7073,8616b27125ed578175c08754991912af50162901936e9f8423f2fecff06e7073,True,success
DBLL,exhaustive,4,2,1,1,"{""0"":1,""1"":-1,""2"":8,""3"":-7,""4"":28,""5"":-21,""6"":56,""7"":-35,""8"":68,""9"":-22,""10"":6,""11"":114,""12"":-257,""13"":485,""14"":-713,""15"":916,""16"":-1029,""17"":1030,""18"":-917,""19"":721,""20"":-492,""21"":285,""22"":-135,""23"":50,""24"":-13,""25"":2,""30"":1,""31"":1,""32"":1,""33"":2,""34"":2,""35"":1,""36"":1,""37"":1}","{""0"":1,""1"":-1,""2"":8,""3"":-7,""4"":28,""5"":-21,""6"":56,""7"":-35,""8"":68,""9"":-22,""10"":6,""11"":114,""12"":-257,""13"":485,""14"":-713,""15"":916,""16"":-1029,""17"":1030,""18"":-917,""19"":721,""20"":-492,""21"":285,""22"":-135,""23"":50,""24"":-13,""25"":2,""30"":1,""31"":1,""32"":1,""33"":2,""34"":2,""35"":1,""36"":1,""37"":1}",d0bae6d6dcc1be92b09378793c97d074eb22b0b19f5441207c8276dfa3c0b678,d0bae6d6dcc1be92b09378793c97d074eb22b0b19f5441207c8276dfa3c0b678,True,success
DDBB,exhaustive,4,0,2,2,"{""0"":1,""1"":-2,""2"":8,""3"":-12,""4"":26,""5"":-30,""6"":45,""7"":-40,""8"":41,""9"":-10,""10"":-35,""11"":120,""12"":-217,""13"":316,""14"":-384,""15"":410,""16"":-385,""17"":318,""18"":-225,""19"":132,""20"":-61,""21"":20,""22"":-4,""26"":-1,""27"":-1,""28"":-1,""29"":-3,""30"":-3,""31"":-2,""32"":-3,""33"":-3,""34"":-1,""35"":-1,""36"":-1}","{""0"":1,""1"":-2,""2"":8,""3"":-12,""4"":26,""5"":-30,""6"":45,""7"":-40,""8"":41,""9"":-10,""10"":-35,""11"":120,""12"":-217,""13"":316,""14"":-384,""15"":410,""16"":-385,""17"":318,""18"":-225,""19"":132,""20"":-61,""21"":20,""22"":-4,""26"":-1,""27"":-1,""28"":-1,""29"":-3,""30"":-3,""31"":-2,""32"":-3,""33"":-3,""34"":-1,""35"":-1,""36"":-1}",70de873a28e9e82ed86fd63ca464525bd15bd1c3f99079902faa334c06d6a4aa,70de873a28e9e82ed86fd63ca464525bd15bd1c3f99079902faa334c06d6a4aa,True,success
DDBD,exhaustive,4,0,3,1,"{""0"":1,""1"":-1,""2"":6,""3"":-5,""4"":15,""5"":-10,""6"":20,""7"":-10,""8"":13,""9"":4,""10"":-20,""11"":51,""12"":-82,""13"":109,""14"":-124,""15"":124,""16"":-109,""17"":83,""18"":-52,""19"":26,""20"":-9,""21"":2,""28"":1,""29"":1,""30"":1,""31"":2,""32"":2,""33"":1,""34"":1,""35"":1}","{""0"":1,""1"":-1,""2"":6,""3"":-5,""4"":15,""5"":-10,""6"":20,""7"":-10,""8"":13,""9"":4,""10"":-20,""11"":51,""12"":-82,""13"":109,""14"":-124,""15"":124,""16"":-109,""17"":83,""18"":-52,""19"":26,""20"":-9,""21"":2,""28"":1,""29"":1,""30"":1,""31"":2,""32"":2,""33"":1,""34"":1,""35"":1}",4e930a4c32198e042c22b6a981e5988c4ae0edc523e85af38492e4bc6a1c863b,4e930a4c32198e042c22b6a981e5988c4ae0edc523e85af38492e4bc6a1c863b,True,success
DDBL,exhaustive,4,1,2,1,"{""0"":1,""1"":-1,""2"":7,""3"":-6,""4"":21,""5"":-15,""6"":35,""7"":-20,""8"":33,""9"":-4,""10"":-16,""11"":81,""12"":-154,""13"":243,""14"":-315,""15"":357,""16"":-357,""17"":316,""18"":-244,""19"":161,""20"":-87,""21"":37,""22"":-11,""23"":2,""29"":-1,""30"":-1,""31"":-1,""32"":-2,""33"":-2,""34"":-1,""35"":-1,""36"":-1}","{""0"":1,""1"":-1,""2"":7,""3"":-6,""4"":21,""5"":-15,""6"":35,""7"":-20,""8"":33,""9"":-4,""10"":-16,""11"":81,""12"":-154,""13"":243,""14"":-315,""15"":357,""16"":-357,""17"":316,""18"":-244,""19"":161,""20"":-87,""21"":37,""22"":-11,""23"":2,""29"":-1,""30"":-1,""31"":-1,""32"":-2,""33"":-2,""34"":-1,""35"":-1,""36"":-1}",8616b27125ed578175c08754991912af50162901936e9f8423f2fecff06e7073,8616b27125ed578175c08754991912af50162901936e9f8423f2fecff06e7073,True,success
DDDB,exhaustive,4,0,3,1,"{""0"":1,""1"":-1,""2"":6,""3"":-5,""4"":15,""5"":-10,""6"":20,""7"":-10,""8"":13,""9"":4,""10"":-20,""11"":51,""12"":-82,""13"":109,""14"":-124,""15"":124,""16"":-109,""17"":83,""18"":-52,""19"":26,""20"":-9,""21"":2,""28"":1,""29"":1,""30"":1,""31"":2,""32"":2,""33"":1,""34"":1,""35"":1}","{""0"":1,""1"":-1,""2"":6,""3"":-5,""4"":15,""5"":-10,""6"":20,""7"":-10,""8"":13,""9"":4,""10"":-20,""11"":51,""12"":-82,""13"":109,""14"":-124,""15"":124,""16"":-109,""17"":83,""18"":-52,""19"":26,""20"":-9,""21"":2,""28"":1,""29"":1,""30"":1,""31"":2,""32"":2,""33"":1,""34"":1,""35"":1}",4e930a4c32198e042c22b6a981e5988c4ae0edc523e85af38492e4bc6a1c863b,4e930a4c32198e042c22b6a981e5988c4ae0edc523e85af38492e4bc6a1c863b,True,success
DDDD,exhaustive,4,0,4,0,"{""0"":1,""2"":5,""4"":10,""6"":10,""8"":4,""9"":4,""10"":-10,""11"":20,""12"":-30,""13"":36,""14"":-39,""15"":36,""16"":-30,""17"":20,""18"":-11,""19"":4,""20"":-1,""30"":-1,""31"":-1,""32"":-1,""33"":-1,""34"":-1}","{""0"":1,""2"":5,""4"":10,""6"":10,""8"":4,""9"":4,""10"":-10,""11"":20,""12"":-30,""13"":36,""14"":-39,""15"":36,""16"":-30,""17"":20,""18"":-11,""19"":4,""20"":-1,""30"":-1,""31"":-1,""32"":-1,""33"":-1,""34"":-1}",9e5a2bc0f18fd500c6d54b69b6aff05ba7f0d4561a623ea6cce5c9bac2350ef3,9e5a2bc0f18fd500c6d54b69b6aff05ba7f0d4561a623ea6cce5c9bac2350ef3,True,success
DDDL,exhaustive,4,1,3,0,"{""0"":1,""2"":6,""4"":15,""6"":20,""8"":14,""9"":5,""10"":-10,""11"":35,""12"":-60,""13"":86,""14"":-105,""15"":111,""16"":-105,""17"":86,""18"":-61,""19"":35,""20"":-16,""21"":5,""22"":-1,""31"":1,""32"":1,""33"":1,""34"":1,""35"":1}","{""0"":1,""2"":6,""4"":15,""6"":20,""8"":14,""9"":5,""10"":-10,""11"":35,""12"":-60,""13"":86,""14"":-105,""15"":111,""16"":-105,""17"":86,""18"":-61,""19"":35,""20"":-16,""21"":5,""22"":-1,""31"":1,""32"":1,""33"":1,""34"":1,""35"":1}",0791a3d947a19a37f2bf4a9c8c9dc584adb0530f0d244b602164a4b0b5633c8c,0791a3d947a19a37f2bf4a9c8c9dc584adb0530f0d244b602164a4b0b5633c8c,True,success
DDLB,exhaustive,4,1,2,1,"{""0"":1,""1"":-1,""2"":7,""3"":-6,""4"":21,""5"":-15,""6"":35,""7"":-20,""8"":33,""9"":-4,""10"":-16,""11"":81,""12"":-154,""13"":243,""14"":-315,""15"":357,""16"":-357,""17"":316,""18"":-244,""19"":161,""20"":-87,""21"":37,""22"":-11,""23"":2,""29"":-1,""30"":-1,""31"":-1,""32"":-2,""33"":-2,""34"":-1,""35"":-1,""36"":-1}","{""0"":1,""1"":-1,""2"":7,""3"":-6,""4"":21,""5"":-15,""6"":35,""7"":-20,""8"":33,""9"":-4,""10"":-16,""11"":81,""12"":-154,""13"":243,""14"":-315,""15"":357,""16"":-357,""17"":316,""18"":-244,""19"":161,""20"":-87,""21"":37,""22"":-11,""23"":2,""29"":-1,""30"":-1,""31"":-1,""32"":-2,""33"":-2,""34"":-1,""35"":-1,""36"":-1}",8616b27125ed578175c08754991912af50162901936e9f8423f2fecff06e7073,8616b27125ed578175c08754991912af50162901936e9f8423f2fecff06e7073,True,success
DDLD,exhaustive,4,1,3,0,"{""0"":1,""2"":6,""4"":15,""6"":20,""8"":14,""9"":5,""10"":-10,""11"":35,""12"":-60,""13"":86,""14"":-105,""15"":111,""16"":-105,""17"":86,""18"":-61,""19"":35,""20"":-16,""21"":5,""22"":-1,""31"":1,""32"":1,""33"":1,""34"":1,""35"":1}","{""0"":1,""2"":6,""4"":15,""6"":20,""8"":14,""9"":5,""10"":-10,""11"":35,""12"":-60,""13"":86,""14"":-105,""15"":111,""16"":-105,""17"":86,""18"":-61,""19"":35,""20"":-16,""21"":5,""22"":-1,""31"":1,""32"":1,""33"":1,""34"":1,""35"":1}",0791a3d947a19a37f2bf4a9c8c9dc584adb0530f0d244b602164a4b0b5633c8c,0791a3d947a19a37f2bf4a9c8c9dc584adb0530f0d244b602164a4b0b5633c8c,True,success
DDLL,exhaustive,4,2,2,0,"{""0"":1,""2"":7,""4"":21,""6"":35,""8"":34,""9"":6,""10"":-1,""11"":56,""12"":-105,""13"":182,""14"":-251,""15"":302,""16"":-321,""17"":302,""18"":-252,""19"":182,""20"":-112,""21"":56,""22"":-22,""23"":6,""24"":-1,""32"":-1,""33"":-1,""34"":-1,""35"":-1,""36"":-1}","{""0"":1,""2"":7,""4"":21,""6"":35,""8"":34,""9"":6,""10"":-1,""11"":56,""12"":-105,""13"":182,""14"":-251,""15"":302,""16"":-321,""17"":302,""18"":-252,""19"":182,""20"":-112,""21"":56,""22"":-22,""23"":6,""24"":-1,""32"":-1,""33"":-1,""34"":-1,""35"":-1,""36"":-1}",42268845be38cd36bfb05c71a320752e5c5263cd5a2f268e794489eb12b7a2ee,42268845be38cd36bfb05c71a320752e5c5263cd5a2f268e794489eb12b7a2ee,True,success
DLBB,exhaustive,4,1,1,2,"{""0"":1,""1"":-2,""2"":9,""3"":-14,""4"":34,""5"":-42,""6"":71,""7"":-70,""8"":86,""9"":-46,""10"":-14,""11"":171,""12"":-384,""13"":661,""14"":-919,""15"":1111,""16"":-1179,""17"":1113,""18"":-928,""19"":675,""20"":-418,""21"":213,""22"":-85,""23"":24,""24"":-4,""27"":1,""28"":1,""29"":1,""30"":3,""31"":3,""32"":2,""33"":3,""34"":3,""35"":1,""36"":1,""37"":1}","{""0"":1,""1"":-2,""2"":9,""3"":-14,""4"":34,""5"":-42,""6"":71,""7"":-70,""8"":86,""9"":-46,""10"":-14,""11"":171,""12"":-384,""13"":661,""14"":-919,""15"":1111,""16"":-1179,""17"":1113,""18"":-928,""19"":675,""20"":-418,""21"":213,""22"":-85,""23"":24,""24"":-4,""27"":1,""28"":1,""29"":1,""30"":3,""31"":3,""32"":2,""33"":3,""34"":3,""35"":1,""36"":1,""37"":1}",c3ce3c78863abf105bf26d94a85f50834a6ceb7886fa9f3317d180a93c539a56,c3ce3c78863abf105bf26d94a85f50834a6ceb7886fa9f3317d180a93c539a56,True,success
DLBD,exhaustive,4,1,2,1,"{""0"":1,""1"":-1,""2"":7,""3"":-6,""4"":21,""5"":-15,""6"":35,""7"":-20,""8"":33,""9"":-4,""10"":-16,""11"":81,""12"":-154,""13"":243,""14"":-315,""15"":357,""16"":-357,""17"":316,""18"":-244,""19"":161,""20"":-87,""21"":37,""22"":-11,""23"":2,""29"":-1,""30"":-1,""31"":-1,""32"":-2,""33"":-2,""34"":-1,""35"":-1,""36"":-1}","{""0"":1,""1"":-1,""2"":7,""3"":-6,""4"":21,""5"":-15,""6"":35,""7"":-20,""8"":33,""9"":-4,""10"":-16,""11"":81,""12"":-154,""13"":243,""14"":-315,""15"":357,""16"":-357,""17"":316,""18"":-244,""19"":161,""20"":-87,""21"":37,""22"":-11,""23"":2,""29"":-1,""30"":-1,""31"":-1,""32"":-2,""33"":-2,""34"":-1,""35"":-1,""36"":-1}",8616b27125ed578175c08754991912af50162901936e9f8423f2fecff06e7073,8616b27125ed578175c08754991912af50162901936e9f8423f2fecff06e7073,True,success
DLBL,exhaustive,4,2,1,1,"{""0"":1,""1"":-1,""2"":8,""3"":-7,""4"":28,""5"":-21,""6"":56,""7"":-35,""8"":68,""9"":-22,""10"":6,""11"":114,""12"":-257,""13"":485,""14"":-713,""15"":916,""16"":-1029,""17"":1030,""18"":-917,""19"":721,""20"":-492,""21"":285,""22"":-135,""23"":50,""24"":-13,""25"":2,""30"":1,""31"":1,""32"":1,""33"":2,""34"":2,""35"":1,""36"":1,""37"":1}","{""0"":1,""1"":-1,""2"":8,""3"":-7,""4"":28,""5"":-21,""6"":56,""7"":-35,""8"":68,""9"":-22,""10"":6,""11"":114,""12"":-257,""13"":485,""14"":-713,""15"":916,""16"":-1029,""17"":1030,""18"":-917,""19"":721,""20"":-492,""21"":285,""22"":-135,""23"":50,""24"":-13,""25"":2,""30"":1,""31"":1,""32"":1,""33"":2,""34"":2,""35"":1,""36"":1,""37"":1}",d0bae6d6dcc1be92b09378793c97d074eb22b0b19f5441207c8276dfa3c0b678,d0bae6d6dcc1be92b09378793c97d074eb22b0b19f5441207c8276dfa3c0b678,True,success
DLDB,exhaustive,4,1,2,1,"{""0"":1,""1"":-1,""2"":7,""3"":-6,""4"":21,""5"":-15,""6"":35,""7"":-20,""8"":33,""9"":-4,""10"":-16,""11"":81,""12"":-154,""13"":243,""14"":-315,""15"":357,""16"":-357,""17"":316,""18"":-244,""19"":161,""20"":-87,""21"":37,""22"":-11,""23"":2,""29"":-1,""30"":-1,""31"":-1,""32"":-2,""33"":-2,""34"":-1,""35"":-1,""36"":-1}","{""0"":1,""1"":-1,""2"":7,""3"":-6,""4"":21,""5"":-15,""6"":35,""7"":-20,""8"":33,""9"":-4,""10"":-16,""11"":81,""12"":-154,""13"":243,""14"":-315,""15"":357,""16"":-357,""17"":316,""18"":-244,""19"":161,""20"":-87,""21"":37,""22"":-11,""23"":2,""29"":-1,""30"":-1,""31"":-1,""32"":-2,""33"":-2,""34"":-1,""35"":-1,""36"":-1}",8616b27125ed578175c08754991912af50162901936e9f8423f2fecff06e7073,8616b27125ed578175c08754991912af50162901936e9f8423f2fecff06e7073,True,success
DLDD,exhaustive,4,1,3,0,"{""0"":1,""2"":6,""4"":15,""6"":20,""8"":14,""9"":5,""10"":-10,""11"":35,""12"":-60,""13"":86,""14"":-105,""15"":111,""16"":-105,""17"":86,""18"":-61,""19"":35,""20"":-16,""21"":5,""22"":-1,""31"":1,""32"":1,""33"":1,""34"":1,""35"":1}","{""0"":1,""2"":6,""4"":15,""6"":20,""8"":14,""9"":5,""10"":-10,""11"":35,""12"":-60,""13"":86,""14"":-105,""15"":111,""16"":-105,""17"":86,""18"":-61,""19"":35,""20"":-16,""21"":5,""22"":-1,""31"":1,""32"":1,""33"":1,""34"":1,""35"":1}",0791a3d947a19a37f2bf4a9c8c9dc584adb0530f0d244b602164a4b0b5633c8c,0791a3d947a19a37f2bf4a9c8c9dc584adb0530f0d244b602164a4b0b5633c8c,True,success
DLDL,exhaustive,4,2,2,0,"{""0"":1,""2"":7,""4"":21,""6"":35,""8"":34,""9"":6,""10"":-1,""11"":56,""12"":-105,""13"":182,""14"":-251,""15"":302,""16"":-321,""17"":302,""18"":-252,""19"":182,""20"":-112,""21"":56,""22"":-22,""23"":6,""24"":-1,""32"":-1,""33"":-1,""34"":-1,""35"":-1,""36"":-1}","{""0"":1,""2"":7,""4"":21,""6"":35,""8"":34,""9"":6,""10"":-1,""11"":56,""12"":-105,""13"":182,""14"":-251,""15"":302,""16"":-321,""17"":302,""18"":-252,""19"":182,""20"":-112,""21"":56,""22"":-22,""23"":6,""24"":-1,""32"":-1,""33"":-1,""34"":-1,""35"":-1,""36"":-1}",42268845be38cd36bfb05c71a320752e5c5263cd5a2f268e794489eb12b7a2ee,42268845be38cd36bfb05c71a320752e5c5263cd5a2f268e794489eb12b7a2ee,True,success
DLLB,exhaustive,4,2,1,1,"{""0"":1,""1"":-1,""2"":8,""3"":-7,""4"":28,""5"":-21,""6"":56,""7"":-35,""8"":68,""9"":-22,""10"":6,""11"":114,""12"":-257,""13"":485,""14"":-713,""15"":916,""16"":-1029,""17"":1030,""18"":-917,""19"":721,""20"":-492,""21"":285,""22"":-135,""23"":50,""24"":-13,""25"":2,""30"":1,""31"":1,""32"":1,""33"":2,""34"":2,""35"":1,""36"":1,""37"":1}","{""0"":1,""1"":-1,""2"":8,""3"":-7,""4"":28,""5"":-21,""6"":56,""7"":-35,""8"":68,""9"":-22,""10"":6,""11"":114,""12"":-257,""13"":485,""14"":-713,""15"":916,""16"":-1029,""17"":1030,""18"":-917,""19"":721,""20"":-492,""21"":285,""22"":-135,""23"":50,""24"":-13,""25"":2,""30"":1,""31"":1,""32"":1,""33"":2,""34"":2,""35"":1,""36"":1,""37"":1}",d0bae6d6dcc1be92b09378793c97d074eb22b0b19f5441207c8276dfa3c0b678,d0bae6d6dcc1be92b09378793c97d074eb22b0b19f5441207c8276dfa3c0b678,True,success
DLLD,exhaustive,4,2,2,0,"{""0"":1,""2"":7,""4"":21,""6"":35,""8"":34,""9"":6,""10"":-1,""11"":56,""12"":-105,""13"":182,""14"":-251,""15"":302,""16"":-321,""17"":302,""18"":-252,""19"":182,""20"":-112,""21"":56,""22"":-22,""23"":6,""24"":-1,""32"":-1,""33"":-1,""34"":-1,""35"":-1,""36"":-1}","{""0"":1,""2"":7,""4"":21,""6"":35,""8"":34,""9"":6,""10"":-1,""11"":56,""12"":-105,""13"":182,""14"":-251,""15"":302,""16"":-321,""17"":302,""18"":-252,""19"":182,""20"":-112,""21"":56,""22"":-22,""23"":6,""24"":-1,""32"":-1,""33"":-1,""34"":-1,""35"":-1,""36"":-1}",42268845be38cd36bfb05c71a320752e5c5263cd5a2f268e794489eb12b7a2ee,42268845be38cd36bfb05c71a320752e5c5263cd5a2f268e794489eb12b7a2ee,True,success
DLLL,exhaustive,4,3,1,0,"{""0"":1,""2"":8,""4"":28,""6"":56,""8"":69,""9"":7,""10"":27,""11"":84,""12"":-162,""13"":350,""14"":-538,""15"":736,""16"":-874,""17"":925,""18"":-875,""19"":736,""20"":-546,""21"":350,""22"":-190,""23"":84,""24"":-29,""25"":7,""26"":-1,""33"":1,""34"":1,""35"":1,""36"":1,""37"":1}","{""0"":1,""2"":8,""4"":28,""6"":56,""8"":69,""9"":7,""10"":27,""11"":84,""12"":-162,""13"":350,""14"":-538,""15"":736,""16"":-874,""17"":925,""18"":-875,""19"":736,""20"":-546,""21"":350,""22"":-190,""23"":84,""24"":-29,""25"":7,""26"":-1,""33"":1,""34"":1,""35"":1,""36"":1,""37"":1}",2df595a0d8263a54717163340bd7a59e1c5c92c6d3ab686b71b616480a9ace6f,2df595a0d8263a54717163340bd7a59e1c5c92c6d3ab686b71b616480a9ace6f,True,success
LBBB,exhaustive,4,1,0,3,"{""0"":1,""1"":-3,""2"":12,""3"":-25,""4"":57,""5"":-90,""6"":147,""7"":-183,""8"":223,""9"":-178,""10"":37,""11"":332,""12"":-922,""13"":1739,""14"":-2606,""15"":3354,""16"":-3779,""17"":3788,""18"":-3378,""19"":2663,""20"":-1829,""21"":1069,""22"":-515,""23"":194,""24"":-52,""25"":7,""26"":-1,""27"":-1,""28"":-4,""29"":-4,""30"":-3,""31"":-6,""32"":-6,""33"":-3,""34"":-4,""35"":-4,""36"":-1,""37"":-1,""38"":-1}","{""0"":1,""1"":-3,""2"":12,""3"":-25,""4"":57,""5"":-90,""6"":147,""7"":-183,""8"":223,""9"":-178,""10"":37,""11"":332,""12"":-922,""13"":1739,""14"":-2606,""15"":3354,""16"":-3779,""17"":3788,""18"":-3378,""19"":2663,""20"":-1829,""21"":1069,""22"":-515,""23"":194,""24"":-52,""25"":7,""26"":-1,""27"":-1,""28"":-4,""29"":-4,""30"":-3,""31"":-6,""32"":-6,""33"":-3,""34"":-4,""35"":-4,""36"":-1,""37"":-1,""38"":-1}",47c5093f918c2ef46b5dc23cf670be2af66f546e69c1dacb954dee07a6c2019a,47c5093f918c2ef46b5dc23cf670be2af66f546e69c1dacb954dee07a6c2019a,True,success
LBBD,exhaustive,4,1,1,2,"{""0"":1,""1"":-2,""2"":9,""3"":-14,""4"":34,""5"":-42,""6"":71,""7"":-70,""8"":86,""9"":-46,""10"":-14,""11"":171,""12"":-384,""13"":661,""14"":-919,""15"":1111,""16"":-1179,""17"":1113,""18"":-928,""19"":675,""20"":-418,""21"":213,""22"":-85,""23"":24,""24"":-4,""27"":1,""28"":1,""29"":1,""30"":3,""31"":3,""32"":2,""33"":3,""34"":3,""35"":1,""36"":1,""37"":1}","{""0"":1,""1"":-2,""2"":9,""3"":-14,""4"":34,""5"":-42,""6"":71,""7"":-70,""8"":86,""9"":-46,""10"":-14,""11"":171,""12"":-384,""13"":661,""14"":-919,""15"":1111,""16"":-1179,""17"":1113,""18"":-928,""19"":675,""20"":-418,""21"":213,""22"":-85,""23"":24,""24"":-4,""27"":1,""28"":1,""29"":1,""30"":3,""31"":3,""32"":2,""33"":3,""34"":3,""35"":1,""36"":1,""37"":1}",c3ce3c78863abf105bf26d94a85f50834a6ceb7886fa9f3317d180a93c539a56,c3ce3c78863abf105bf26d94a85f50834a6ceb7886fa9f3317d180a93c539a56,True,success
LBBL,exhaustive,4,2,0,2,"{""0"":1,""1"":-2,""2"":10,""3"":-16,""4"":43,""5"":-56,""6"":105,""7"":-112,""8"":157,""9"":-112,""10"":48,""11"":210,""12"":-611,""13"":1250,""14"":-1978,""15"":2700,""16"":-3211,""17"":3404,""18"":-3220,""19"":2716,""20"":-2021,""21"":1306,""22"":-716,""23"":322,""24"":-113,""25"":28,""26"":-4,""28"":-1,""29"":-1,""30"":-1,""31"":-3,""32"":-3,""33"":-2,""34"":-3,""35"":-3,""36"":-1,""37"":-1,""38"":-1}","{""0"":1,""1"":-2,""2"":10,""3"":-16,""4"":43,""5"":-56,""6"":105,""7"":-112,""8"":157,""9"":-112,""10"":48,""11"":210,""12"":-611,""13"":1250,""14"":-1978,""15"":2700,""16"":-3211,""17"":3404,""18"":-3220,""19"":2716,""20"":-2021,""21"":1306,""22"":-716,""23"":322,""24"":-113,""25"":28,""26"":-4,""28"":-1,""29"":-1,""30"":-1,""31"":-3,""32"":-3,""33"":-2,""34"":-3,""35"":-3,""36"":-1,""37"":-1,""38"":-1}",4a797e9209d56d841618e6fb5ffef090ce40ae19e00a78b3e6b8bdfca8decc6e,4a797e9209d56d841618e6fb5ffef090ce40ae19e00a78b3e6b8bdfca8decc6e,True,success
LBDB,exhaustive,4,1,1,2,"{""0"":1,""1"":-2,""2"":9,""3"":-14,""4"":34,""5"":-42,""6"":71,""7"":-70,""8"":86,""9"":-46,""10"":-14,""11"":171,""12"":-384,""13"":661,""14"":-919,""15"":1111,""16"":-1179,""17"":1113,""18"":-928,""19"":675,""20"":-418,""21"":213,""22"":-85,""23"":24,""24"":-4,""27"":1,""28"":1,""29"":1,""30"":3,""31"":3,""32"":2,""33"":3,""34"":3,""35"":1,""36"":1,""37"":1}","{""0"":1,""1"":-2,""2"":9,""3"":-14,""4"":34,""5"":-42,""6"":71,""7"":-70,""8"":86,""9"":-46,""10"":-14,""11"":171,""12"":-384,""13"":661,""14"":-919,""15"":1111,""16"":-1179,""17"":1113,""18"":-928,""19"":675,""20"":-418,""21"":213,""22"":-85,""23"":24,""24"":-4,""27"":1,""28"":1,""29"":1,""30"":3,""31"":3,""32"":2,""33"":3,""34"":3,""35"":1,""36"":1,""37"":1}",c3ce3c78863abf105bf26d94a85f50834a6ceb7886fa9f3317d180a93c539a56,c3ce3c78863abf105bf26d94a85f50834a6ceb7886fa9f3317d180a93c539a56,True,success
LBDD,exhaustive,4,1,2,1,"{""0"":1,""1"":-1,""2"":7,""3"":-6,""4"":21,""5"":-15,""6"":35,""7"":-20,""8"":33,""9"":-4,""10"":-16,""11"":81,""12"":-154,""13"":243,""14"":-315,""15"":357,""16"":-357,""17"":316,""18"":-244,""19"":161,""20"":-87,""21"":37,""22"":-11,""23"":2,""29"":-1,""30"":-1,""31"":-1,""32"":-2,""33"":-2,""34"":-1,""35"":-1,""36"":-1}","{""0"":1,""1"":-1,""2"":7,""3"":-6,""4"":21,""5"":-15,""6"":35,""7"":-20,""8"":33,""9"":-4,""10"":-16,""11"":81,""12"":-154,""13"":243,""14"":-315,""15"":357,""16"":-357,""17"":316,""18"":-244,""19"":161,""20"":-87,""21"":37,""22"":-11,""23"":2,""29"":-1,""30"":-1,""31"":-1,""32"":-2,""33"":-2,""34"":-1,""35"":-1,""36"":-1}",8616b27125ed578175c08754991912af50162901936e9f8423f2fecff06e7073,8616b27125ed578175c08754991912af50162901936e9f8423f2fecff06e7073,True,success
LBDL,exhaustive,4,2,1,1,"{""0"":1,""1"":-1,""2"":8,""3"":-7,""4"":28,""5"":-21,""6"":56,""7"":-35,""8"":68,""9"":-22,""10"":6,""11"":114,""12"":-257,""13"":485,""14"":-713,""15"":916,""16"":-1029,""17"":1030,""18"":-917,""19"":721,""20"":-492,""21"":285,""22"":-135,""23"":50,""24"":-13,""25"":2,""30"":1,""31"":1,""32"":1,""33"":2,""34"":2,""35"":1,""36"":1,""37"":1}","{""0"":1,""1"":-1,""2"":8,""3"":-7,""4"":28,""5"":-21,""6"":56,""7"":-35,""8"":68,""9"":-22,""10"":6,""11"":114,""12"":-257,""13"":485,""14"":-713,""15"":916,""16"":-1029,""17"":1030,""18"":-917,""19"":721,""20"":-492,""21"":285,""22"":-135,""23"":50,""24"":-13,""25"":2,""30"":1,""31"":1,""32"":1,""33"":2,""34"":2,""35"":1,""36"":1,""37"":1}",d0bae6d6dcc1be92b09378793c97d074eb22b0b19f5441207c8276dfa3c0b678,d0bae6d6dcc1be92b09378793c97d074eb22b0b19f5441207c8276dfa3c0b678,True,success
LBLB,exhaustive,4,2,0,2,"{""0"":1,""1"":-2,""2"":10,""3"":-16,""4"":43,""5"":-56,""6"":105,""7"":-112,""8"":157,""9"":-112,""10"":48,""11"":210,""12"":-611,""13"":1250,""14"":-1978,""15"":2700,""16"":-3211,""17"":3404,""18"":-3220,""19"":2716,""20"":-2021,""21"":1306,""22"":-716,""23"":322,""24"":-113,""25"":28,""26"":-4,""28"":-1,""29"":-1,""30"":-1,""31"":-3,""32"":-3,""33"":-2,""34"":-3,""35"":-3,""36"":-1,""37"":-1,""38"":-1}","{""0"":1,""1"":-2,""2"":10,""3"":-16,""4"":43,""5"":-56,""6"":105,""7"":-112,""8"":157,""9"":-112,""10"":48,""11"":210,""12"":-611,""13"":1250,""14"":-1978,""15"":2700,""16"":-3211,""17"":3404,""18"":-3220,""19"":2716,""20"":-2021,""21"":1306,""22"":-716,""23"":322,""24"":-113,""25"":28,""26"":-4,""28"":-1,""29"":-1,""30"":-1,""31"":-3,""32"":-3,""33"":-2,""34"":-3,""35"":-3,""36"":-1,""37"":-1,""38"":-1}",4a797e9209d56d841618e6fb5ffef090ce40ae19e00a78b3e6b8bdfca8decc6e,4a797e9209d56d841618e6fb5ffef090ce40ae19e00a78b3e6b8bdfca8decc6e,True,success
LBLD,exhaustive,4,2,1,1,"{""0"":1,""1"":-1,""2"":8,""3"":-7,""4"":28,""5"":-21,""6"":56,""7"":-35,""8"":68,""9"":-22,""10"":6,""11"":114,""12"":-257,""13"":485,""14"":-713,""15"":916,""16"":-1029,""17"":1030,""18"":-917,""19"":721,""20"":-492,""21"":285,""22"":-135,""23"":50,""24"":-13,""25"":2,""30"":1,""31"":1,""32"":1,""33"":2,""34"":2,""35"":1,""36"":1,""37"":1}","{""0"":1,""1"":-1,""2"":8,""3"":-7,""4"":28,""5"":-21,""6"":56,""7"":-35,""8"":68,""9"":-22,""10"":6,""11"":114,""12"":-257,""13"":485,""14"":-713,""15"":916,""16"":-1029,""17"":1030,""18"":-917,""19"":721,""20"":-492,""21"":285,""22"":-135,""23"":50,""24"":-13,""25"":2,""30"":1,""31"":1,""32"":1,""33"":2,""34"":2,""35"":1,""36"":1,""37"":1}",d0bae6d6dcc1be92b09378793c97d074eb22b0b19f5441207c8276dfa3c0b678,d0bae6d6dcc1be92b09378793c97d074eb22b0b19f5441207c8276dfa3c0b678,True,success
LBLL,exhaustive,4,3,0,1,"{""0"":1,""1"":-1,""2"":9,""3"":-8,""4"":36,""5"":-28,""6"":84,""7"":-56,""8"":124,""9"":-55,""10"":61,""11"":142,""12"":-386,""13"":884,""14"":-1462,""15"":2122,""16"":-2659,""17"":2976,""18"":-2976,""19"":2668,""20"":-2130,""21"":1498,""22"":-912,""23"":470,""24"":-198,""25"":65,""26"":-15,""27"":2,""31"":-1,""32"":-1,""33"":-1,""34"":-2,""35"":-2,""36"":-1,""37"":-1,""38"":-1}","{""0"":1,""1"":-1,""2"":9,""3"":-8,""4"":36,""5"":-28,""6"":84,""7"":-56,""8"":124,""9"":-55,""10"":61,""11"":142,""12"":-386,""13"":884,""14"":-1462,""15"":2122,""16"":-2659,""17"":2976,""18"":-2976,""19"":2668,""20"":-2130,""21"":1498,""22"":-912,""23"":470,""24"":-198,""25"":65,""26"":-15,""27"":2,""31"":-1,""32"":-1,""33"":-1,""34"":-2,""35"":-2,""36"":-1,""37"":-1,""38"":-1}",0265bc0fffc4a8b74560537c5d30b856daef53d712b3a7e6492e76c0d71cbf37,0265bc0fffc4a8b74560537c5d30b856daef53d712b3a7e6492e76c0d71cbf37,True,success
LDBB,exhaustive,4,1,1,2,"{""0"":1,""1"":-2,""2"":9,""3"":-14,""4"":34,""5"":-42,""6"":71,""7"":-70,""8"":86,""9"":-46,""10"":-14,""11"":171,""12"":-384,""13"":661,""14"":-919,""15"":1111,""16"":-1179,""17"":1113,""18"":-928,""19"":675,""20"":-418,""21"":213,""22"":-85,""23"":24,""24"":-4,""27"":1,""28"":1,""29"":1,""30"":3,""31"":3,""32"":2,""33"":3,""34"":3,""35"":1,""36"":1,""37"":1}","{""0"":1,""1"":-2,""2"":9,""3"":-14,""4"":34,""5"":-42,""6"":71,""7"":-70,""8"":86,""9"":-46,""10"":-14,""11"":171,""12"":-384,""13"":661,""14"":-919,""15"":1111,""16"":-1179,""17"":1113,""18"":-928,""19"":675,""20"":-418,""21"":213,""22"":-85,""23"":24,""24"":-4,""27"":1,""28"":1,""29"":1,""30"":3,""31"":3,""32"":2,""33"":3,""34"":3,""35"":1,""36"":1,""37"":1}",c3ce3c78863abf105bf26d94a85f50834a6ceb7886fa9f3317d180a93c539a56,c3ce3c78863abf105bf26d94a85f50834a6ceb7886fa9f3317d180a93c539a56,True,success
LDBD,exhaustive,4,1,2,1,"{""0"":1,""1"":-1,""2"":7,""3"":-6,""4"":21,""5"":-15,""6"":35,""7"":-20,""8"":33,""9"":-4,""10"":-16,""11"":81,""12"":-154,""13"":243,""14"":-315,""15"":357,""16"":-357,""17"":316,""18"":-244,""19"":161,""20"":-87,""21"":37,""22"":-11,""23"":2,""29"":-1,""30"":-1,""31"":-1,""32"":-2,""33"":-2,""34"":-1,""35"":-1,""36"":-1}","{""0"":1,""1"":-1,""2"":7,""3"":-6,""4"":21,""5"":-15,""6"":35,""7"":-20,""8"":33,""9"":-4,""10"":-16,""11"":81,""12"":-154,""13"":243,""14"":-315,""15"":357,""16"":-357,""17"":316,""18"":-244,""19"":161,""20"":-87,""21"":37,""22"":-11,""23"":2,""29"":-1,""30"":-1,""31"":-1,""32"":-2,""33"":-2,""34"":-1,""35"":-1,""36"":-1}",8616b27125ed578175c08754991912af50162901936e9f8423f2fecff06e7073,8616b27125ed578175c08754991912af50162901936e9f8423f2fecff06e7073,True,success
LDBL,exhaustive,4,2,1,1,"{""0"":1,""1"":-1,""2"":8,""3"":-7,""4"":28,""5"":-21,""6"":56,""7"":-35,""8"":68,""9"":-22,""10"":6,""11"":114,""12"":-257,""13"":485,""14"":-713,""15"":916,""16"":-1029,""17"":1030,""18"":-917,""19"":721,""20"":-492,""21"":285,""22"":-135,""23"":50,""24"":-13,""25"":2,""30"":1,""31"":1,""32"":1,""33"":2,""34"":2,""35"":1,""36"":1,""37"":1}","{""0"":1,""1"":-1,""2"":8,""3"":-7,""4"":28,""5"":-21,""6"":56,""7"":-35,""8"":68,""9"":-22,""10"":6,""11"":114,""12"":-257,""13"":485,""14"":-713,""15"":916,""16"":-1029,""17"":1030,""18"":-917,""19"":721,""20"":-492,""21"":285,""22"":-135,""23"":50,""24"":-13,""25"":2,""30"":1,""31"":1,""32"":1,""33"":2,""34"":2,""35"":1,""36"":1,""37"":1}",d0bae6d6dcc1be92b09378793c97d074eb22b0b19f5441207c8276dfa3c0b678,d0bae6d6dcc1be92b09378793c97d074eb22b0b19f5441207c8276dfa3c0b678,True,success
LDDB,exhaustive,4,1,2,1,"{""0"":1,""1"":-1,""2"":7,""3"":-6,""4"":21,""5"":-15,""6"":35,""7"":-20,""8"":33,""9"":-4,""10"":-16,""11"":81,""12"":-154,""13"":243,""14"":-315,""15"":357,""16"":-357,""17"":316,""18"":-244,""19"":161,""20"":-87,""21"":37,""22"":-11,""23"":2,""29"":-1,""30"":-1,""31"":-1,""32"":-2,""33"":-2,""34"":-1,""35"":-1,""36"":-1}","{""0"":1,""1"":-1,""2"":7,""3"":-6,""4"":21,""5"":-15,""6"":35,""7"":-20,""8"":33,""9"":-4,""10"":-16,""11"":81,""12"":-154,""13"":243,""14"":-315,""15"":357,""16"":-357,""17"":316,""18"":-244,""19"":161,""20"":-87,""21"":37,""22"":-11,""23"":2,""29"":-1,""30"":-1,""31"":-1,""32"":-2,""33"":-2,""34"":-1,""35"":-1,""36"":-1}",8616b27125ed578175c08754991912af50162901936e9f8423f2fecff06e7073,8616b27125ed578175c08754991912af50162901936e9f8423f2fecff06e7073,True,success
LDDD,exhaustive,4,1,3,0,"{""0"":1,""2"":6,""4"":15,""6"":20,""8"":14,""9"":5,""10"":-10,""11"":35,""12"":-60,""13"":86,""14"":-105,""15"":111,""16"":-105,""17"":86,""18"":-61,""19"":35,""20"":-16,""21"":5,""22"":-1,""31"":1,""32"":1,""33"":1,""34"":1,""35"":1}","{""0"":1,""2"":6,""4"":15,""6"":20,""8"":14,""9"":5,""10"":-10,""11"":35,""12"":-60,""13"":86,""14"":-105,""15"":111,""16"":-105,""17"":86,""18"":-61,""19"":35,""20"":-16,""21"":5,""22"":-1,""31"":1,""32"":1,""33"":1,""34"":1,""35"":1}",0791a3d947a19a37f2bf4a9c8c9dc584adb0530f0d244b602164a4b0b5633c8c,0791a3d947a19a37f2bf4a9c8c9dc584adb0530f0d244b602164a4b0b5633c8c,True,success
LDDL,exhaustive,4,2,2,0,"{""0"":1,""2"":7,""4"":21,""6"":35,""8"":34,""9"":6,""10"":-1,""11"":56,""12"":-105,""13"":182,""14"":-251,""15"":302,""16"":-321,""17"":302,""18"":-252,""19"":182,""20"":-112,""21"":56,""22"":-22,""23"":6,""24"":-1,""32"":-1,""33"":-1,""34"":-1,""35"":-1,""36"":-1}","{""0"":1,""2"":7,""4"":21,""6"":35,""8"":34,""9"":6,""10"":-1,""11"":56,""12"":-105,""13"":182,""14"":-251,""15"":302,""16"":-321,""17"":302,""18"":-252,""19"":182,""20"":-112,""21"":56,""22"":-22,""23"":6,""24"":-1,""32"":-1,""33"":-1,""34"":-1,""35"":-1,""36"":-1}",42268845be38cd36bfb05c71a320752e5c5263cd5a2f268e794489eb12b7a2ee,42268845be38cd36bfb05c71a320752e5c5263cd5a2f268e794489eb12b7a2ee,True,success
LDLB,exhaustive,4,2,1,1,"{""0"":1,""1"":-1,""2"":8,""3"":-7,""4"":28,""5"":-21,""6"":56,""7"":-35,""8"":68,""9"":-22,""10"":6,""11"":114,""12"":-257,""13"":485,""14"":-713,""15"":916,""16"":-1029,""17"":1030,""18"":-917,""19"":721,""20"":-492,""21"":285,""22"":-135,""23"":50,""24"":-13,""25"":2,""30"":1,""31"":1,""32"":1,""33"":2,""34"":2,""35"":1,""36"":1,""37"":1}","{""0"":1,""1"":-1,""2"":8,""3"":-7,""4"":28,""5"":-21,""6"":56,""7"":-35,""8"":68,""9"":-22,""10"":6,""11"":114,""12"":-257,""13"":485,""14"":-713,""15"":916,""16"":-1029,""17"":1030,""18"":-917,""19"":721,""20"":-492,""21"":285,""22"":-135,""23"":50,""24"":-13,""25"":2,""30"":1,""31"":1,""32"":1,""33"":2,""34"":2,""35"":1,""36"":1,""37"":1}",d0bae6d6dcc1be92b09378793c97d074eb22b0b19f5441207c8276dfa3c0b678,d0bae6d6dcc1be92b09378793c97d074eb22b0b19f5441207c8276dfa3c0b678,True,success
LDLD,exhaustive,4,2,2,0,"{""0"":1,""2"":7,""4"":21,""6"":35,""8"":34,""9"":6,""10"":-1,""11"":56,""12"":-105,""13"":182,""14"":-251,""15"":302,""16"":-321,""17"":302,""18"":-252,""19"":182,""20"":-112,""21"":56,""22"":-22,""23"":6,""24"":-1,""32"":-1,""33"":-1,""34"":-1,""35"":-1,""36"":-1}","{""0"":1,""2"":7,""4"":21,""6"":35,""8"":34,""9"":6,""10"":-1,""11"":56,""12"":-105,""13"":182,""14"":-251,""15"":302,""16"":-321,""17"":302,""18"":-252,""19"":182,""20"":-112,""21"":56,""22"":-22,""23"":6,""24"":-1,""32"":-1,""33"":-1,""34"":-1,""35"":-1,""36"":-1}",42268845be38cd36bfb05c71a320752e5c5263cd5a2f268e794489eb12b7a2ee,42268845be38cd36bfb05c71a320752e5c5263cd5a2f268e794489eb12b7a2ee,True,success
LDLL,exhaustive,4,3,1,0,"{""0"":1,""2"":8,""4"":28,""6"":56,""8"":69,""9"":7,""10"":27,""11"":84,""12"":-162,""13"":350,""14"":-538,""15"":736,""16"":-874,""17"":925,""18"":-875,""19"":736,""20"":-546,""21"":350,""22"":-190,""23"":84,""24"":-29,""25"":7,""26"":-1,""33"":1,""34"":1,""35"":1,""36"":1,""37"":1}","{""0"":1,""2"":8,""4"":28,""6"":56,""8"":69,""9"":7,""10"":27,""11"":84,""12"":-162,""13"":350,""14"":-538,""15"":736,""16"":-874,""17"":925,""18"":-875,""19"":736,""20"":-546,""21"":350,""22"":-190,""23"":84,""24"":-29,""25"":7,""26"":-1,""33"":1,""34"":1,""35"":1,""36"":1,""37"":1}",2df595a0d8263a54717163340bd7a59e1c5c92c6d3ab686b71b616480a9ace6f,2df595a0d8263a54717163340bd7a59e1c5c92c6d3ab686b71b616480a9ace6f,True,success
LLBB,exhaustive,4,2,0,2,"{""0"":1,""1"":-2,""2"":10,""3"":-16,""4"":43,""5"":-56,""6"":105,""7"":-112,""8"":157,""9"":-112,""10"":48,""11"":210,""12"":-611,""13"":1250,""14"":-1978,""15"":2700,""16"":-3211,""17"":3404,""18"":-3220,""19"":2716,""20"":-2021,""21"":1306,""22"":-716,""23"":322,""24"":-113,""25"":28,""26"":-4,""28"":-1,""29"":-1,""30"":-1,""31"":-3,""32"":-3,""33"":-2,""34"":-3,""35"":-3,""36"":-1,""37"":-1,""38"":-1}","{""0"":1,""1"":-2,""2"":10,""3"":-16,""4"":43,""5"":-56,""6"":105,""7"":-112,""8"":157,""9"":-112,""10"":48,""11"":210,""12"":-611,""13"":1250,""14"":-1978,""15"":2700,""16"":-3211,""17"":3404,""18"":-3220,""19"":2716,""20"":-2021,""21"":1306,""22"":-716,""23"":322,""24"":-113,""25"":28,""26"":-4,""28"":-1,""29"":-1,""30"":-1,""31"":-3,""32"":-3,""33"":-2,""34"":-3,""35"":-3,""36"":-1,""37"":-1,""38"":-1}",4a797e9209d56d841618e6fb5ffef090ce40ae19e00a78b3e6b8bdfca8decc6e,4a797e9209d56d841618e6fb5ffef090ce40ae19e00a78b3e6b8bdfca8decc6e,True,success
LLBD,exhaustive,4,2,1,1,"{""0"":1,""1"":-1,""2"":8,""3"":-7,""4"":28,""5"":-21,""6"":56,""7"":-35,""8"":68,""9"":-22,""10"":6,""11"":114,""12"":-257,""13"":485,""14"":-713,""15"":916,""16"":-1029,""17"":1030,""18"":-917,""19"":721,""20"":-492,""21"":285,""22"":-135,""23"":50,""24"":-13,""25"":2,""30"":1,""31"":1,""32"":1,""33"":2,""34"":2,""35"":1,""36"":1,""37"":1}","{""0"":1,""1"":-1,""2"":8,""3"":-7,""4"":28,""5"":-21,""6"":56,""7"":-35,""8"":68,""9"":-22,""10"":6,""11"":114,""12"":-257,""13"":485,""14"":-713,""15"":916,""16"":-1029,""17"":1030,""18"":-917,""19"":721,""20"":-492,""21"":285,""22"":-135,""23"":50,""24"":-13,""25"":2,""30"":1,""31"":1,""32"":1,""33"":2,""34"":2,""35"":1,""36"":1,""37"":1}",d0bae6d6dcc1be92b09378793c97d074eb22b0b19f5441207c8276dfa3c0b678,d0bae6d6dcc1be92b09378793c97d074eb22b0b19f5441207c8276dfa3c0b678,True,success
LLBL,exhaustive,4,3,0,1,"{""0"":1,""1"":-1,""2"":9,""3"":-8,""4"":36,""5"":-28,""6"":84,""7"":-56,""8"":124,""9"":-55,""10"":61,""11"":142,""12"":-386,""13"":884,""14"":-1462,""15"":2122,""16"":-2659,""17"":2976,""18"":-2976,""19"":2668,""20"":-2130,""21"":1498,""22"":-912,""23"":470,""24"":-198,""25"":65,""26"":-15,""27"":2,""31"":-1,""32"":-1,""33"":-1,""34"":-2,""35"":-2,""36"":-1,""37"":-1,""38"":-1}","{""0"":1,""1"":-1,""2"":9,""3"":-8,""4"":36,""5"":-28,""6"":84,""7"":-56,""8"":124,""9"":-55,""10"":61,""11"":142,""12"":-386,""13"":884,""14"":-1462,""15"":2122,""16"":-2659,""17"":2976,""18"":-2976,""19"":2668,""20"":-2130,""21"":1498,""22"":-912,""23"":470,""24"":-198,""25"":65,""26"":-15,""27"":2,""31"":-1,""32"":-1,""33"":-1,""34"":-2,""35"":-2,""36"":-1,""37"":-1,""38"":-1}",0265bc0fffc4a8b74560537c5d30b856daef53d712b3a7e6492e76c0d71cbf37,0265bc0fffc4a8b74560537c5d30b856daef53d712b3a7e6492e76c0d71cbf37,True,success
LLDB,exhaustive,4,2,1,1,"{""0"":1,""1"":-1,""2"":8,""3"":-7,""4"":28,""5"":-21,""6"":56,""7"":-35,""8"":68,""9"":-22,""10"":6,""11"":114,""12"":-257,""13"":485,""14"":-713,""15"":916,""16"":-1029,""17"":1030,""18"":-917,""19"":721,""20"":-492,""21"":285,""22"":-135,""23"":50,""24"":-13,""25"":2,""30"":1,""31"":1,""32"":1,""33"":2,""34"":2,""35"":1,""36"":1,""37"":1}","{""0"":1,""1"":-1,""2"":8,""3"":-7,""4"":28,""5"":-21,""6"":56,""7"":-35,""8"":68,""9"":-22,""10"":6,""11"":114,""12"":-257,""13"":485,""14"":-713,""15"":916,""16"":-1029,""17"":1030,""18"":-917,""19"":721,""20"":-492,""21"":285,""22"":-135,""23"":50,""24"":-13,""25"":2,""30"":1,""31"":1,""32"":1,""33"":2,""34"":2,""35"":1,""36"":1,""37"":1}",d0bae6d6dcc1be92b09378793c97d074eb22b0b19f5441207c8276dfa3c0b678,d0bae6d6dcc1be92b09378793c97d074eb22b0b19f5441207c8276dfa3c0b678,True,success
LLDD,exhaustive,4,2,2,0,"{""0"":1,""2"":7,""4"":21,""6"":35,""8"":34,""9"":6,""10"":-1,""11"":56,""12"":-105,""13"":182,""14"":-251,""15"":302,""16"":-321,""17"":302,""18"":-252,""19"":182,""20"":-112,""21"":56,""22"":-22,""23"":6,""24"":-1,""32"":-1,""33"":-1,""34"":-1,""35"":-1,""36"":-1}","{""0"":1,""2"":7,""4"":21,""6"":35,""8"":34,""9"":6,""10"":-1,""11"":56,""12"":-105,""13"":182,""14"":-251,""15"":302,""16"":-321,""17"":302,""18"":-252,""19"":182,""20"":-112,""21"":56,""22"":-22,""23"":6,""24"":-1,""32"":-1,""33"":-1,""34"":-1,""35"":-1,""36"":-1}",42268845be38cd36bfb05c71a320752e5c5263cd5a2f268e794489eb12b7a2ee,42268845be38cd36bfb05c71a320752e5c5263cd5a2f268e794489eb12b7a2ee,True,success
LLDL,exhaustive,4,3,1,0,"{""0"":1,""2"":8,""4"":28,""6"":56,""8"":69,""9"":7,""10"":27,""11"":84,""12"":-162,""13"":350,""14"":-538,""15"":736,""16"":-874,""17"":925,""18"":-875,""19"":736,""20"":-546,""21"":350,""22"":-190,""23"":84,""24"":-29,""25"":7,""26"":-1,""33"":1,""34"":1,""35"":1,""36"":1,""37"":1}","{""0"":1,""2"":8,""4"":28,""6"":56,""8"":69,""9"":7,""10"":27,""11"":84,""12"":-162,""13"":350,""14"":-538,""15"":736,""16"":-874,""17"":925,""18"":-875,""19"":736,""20"":-546,""21"":350,""22"":-190,""23"":84,""24"":-29,""25"":7,""26"":-1,""33"":1,""34"":1,""35"":1,""36"":1,""37"":1}",2df595a0d8263a54717163340bd7a59e1c5c92c6d3ab686b71b616480a9ace6f,2df595a0d8263a54717163340bd7a59e1c5c92c6d3ab686b71b616480a9ace6f,True,success
LLLB,exhaustive,4,3,0,1,"{""0"":1,""1"":-1,""2"":9,""3"":-8,""4"":36,""5"":-28,""6"":84,""7"":-56,""8"":124,""9"":-55,""10"":61,""11"":142,""12"":-386,""13"":884,""14"":-1462,""15"":2122,""16"":-2659,""17"":2976,""18"":-2976,""19"":2668,""20"":-2130,""21"":1498,""22"":-912,""23"":470,""24"":-198,""25"":65,""26"":-15,""27"":2,""31"":-1,""32"":-1,""33"":-1,""34"":-2,""35"":-2,""36"":-1,""37"":-1,""38"":-1}","{""0"":1,""1"":-1,""2"":9,""3"":-8,""4"":36,""5"":-28,""6"":84,""7"":-56,""8"":124,""9"":-55,""10"":61,""11"":142,""12"":-386,""13"":884,""14"":-1462,""15"":2122,""16"":-2659,""17"":2976,""18"":-2976,""19"":2668,""20"":-2130,""21"":1498,""22"":-912,""23"":470,""24"":-198,""25"":65,""26"":-15,""27"":2,""31"":-1,""32"":-1,""33"":-1,""34"":-2,""35"":-2,""36"":-1,""37"":-1,""38"":-1}",0265bc0fffc4a8b74560537c5d30b856daef53d712b3a7e6492e76c0d71cbf37,0265bc0fffc4a8b74560537c5d30b856daef53d712b3a7e6492e76c0d71cbf37,True,success
LLLD,exhaustive,4,3,1,0,"{""0"":1,""2"":8,""4"":28,""6"":56,""8"":69,""9"":7,""10"":27,""11"":84,""12"":-162,""13"":350,""14"":-538,""15"":736,""16"":-874,""17"":925,""18"":-875,""19"":736,""20"":-546,""21"":350,""22"":-190,""23"":84,""24"":-29,""25"":7,""26"":-1,""33"":1,""34"":1,""35"":1,""36"":1,""37"":1}","{""0"":1,""2"":8,""4"":28,""6"":56,""8"":69,""9"":7,""10"":27,""11"":84,""12"":-162,""13"":350,""14"":-538,""15"":736,""16"":-874,""17"":925,""18"":-875,""19"":736,""20"":-546,""21"":350,""22"":-190,""23"":84,""24"":-29,""25"":7,""26"":-1,""33"":1,""34"":1,""35"":1,""36"":1,""37"":1}",2df595a0d8263a54717163340bd7a59e1c5c92c6d3ab686b71b616480a9ace6f,2df595a0d8263a54717163340bd7a59e1c5c92c6d3ab686b71b616480a9ace6f,True,success
LLLL,exhaustive,4,4,0,0,"{""0"":1,""2"":9,""4"":36,""6"":84,""8"":125,""9"":8,""10"":89,""11"":120,""12"":-219,""13"":624,""14"":-1050,""15"":1632,""16"":-2148,""17"":2536,""18"":-2674,""19"":2536,""20"":-2157,""21"":1632,""22"":-1086,""23"":624,""24"":-303,""25"":120,""26"":-37,""27"":8,""28"":-1,""34"":-1,""35"":-1,""36"":-1,""37"":-1,""38"":-1}","{""0"":1,""2"":9,""4"":36,""6"":84,""8"":125,""9"":8,""10"":89,""11"":120,""12"":-219,""13"":624,""14"":-1050,""15"":1632,""16"":-2148,""17"":2536,""18"":-2674,""19"":2536,""20"":-2157,""21"":1632,""22"":-1086,""23"":624,""24"":-303,""25"":120,""26"":-37,""27"":8,""28"":-1,""34"":-1,""35"":-1,""36"":-1,""37"":-1,""38"":-1}",fc84404b4a8b6a4f6e45f4d0faf51dd12a6c8d7f5e86486447bff0db40855efb,fc84404b4a8b6a4f6e45f4d0faf51dd12a6c8d7f5e86486447bff0db40855efb,True,success
BBBBB,exhaustive,5,0,0,5,"{""0"":1,""1"":-5,""2"":21,""3"":-60,""4"":150,""5"":-306,""6"":560,""7"":-886,""8"":1275,""9"":-1625,""10"":1865,""11"":-1740,""12"":905,""13"":1295,""14"":-5447,""15"":11877,""16"":-20085,""17"":28777,""18"":-36095,""19"":40298,""20"":-40337,""21"":36240,""22"":-29082,""23"":20645,""24"":-12763,""25"":6722,""26"":-2920,""27"":991,""28"":-241,""29"":31,""30"":-6,""31"":-6,""32"":-5,""33"":-15,""34"":-15,""35"":-10,""36"":-20,""37"":-20,""38"":-10,""39"":-15,""40"":-15,""41"":-5,""42"":-6,""43"":-6,""44"":-1,""45"":-1,""46"":-1}","{""0"":1,""1"":-5,""2"":21,""3"":-60,""4"":150,""5"":-306,""6"":560,""7"":-886,""8"":1275,""9"":-1625,""10"":1865,""11"":-1740,""12"":905,""13"":1295,""14"":-5447,""15"":11877,""16"":-20085,""17"":28777,""18"":-36095,""19"":40298,""20"":-40337,""21"":36240,""22"":-29082,""23"":20645,""24"":-12763,""25"":6722,""26"":-2920,""27"":991,""28"":-241,""29"":31,""30"":-6,""31"":-6,""32"":-5,""33"":-15,""34"":-15,""35"":-10,""36"":-20,""37"":-20,""38"":-10,""39"":-15,""40"":-15,""41"":-5,""42"":-6,""43"":-6,""44"":-1,""45"":-1,""46"":-1}",878413c5b20e3d5ff90396cca8897842bc0892d78444968f1b0fb46d272eaf7b,878413c5b20e3d5ff90396cca8897842bc0892d78444968f1b0fb46d272eaf7b,True,success
BBBBD,exhaustive,5,0,1,4,"{""0"":1,""1"":-4,""2"":16,""3"":-40,""4"":94,""5"":-172,""6"":294,""7"":-420,""8"":561,""9"":-644,""10"":676,""11"":-532,""12"":121,""13"":812,""14"":-2403,""15"":4697,""16"":-7390,""17"":9979,""18"":-11847,""19"":12532,""20"":-11862,""21"":10019,""22"":-7484,""23"":4869,""24"":-2697,""25"":1232,""26"":-440,""27"":112,""28"":-16,""29"":1,""30"":1,""31"":1,""32"":5,""33"":5,""34"":4,""35"":10,""36"":10,""37"":6,""38"":10,""39"":10,""40"":4,""41"":5,""42"":5,""43"":1,""44"":1,""45"":1}","{""0"":1,""1"":-4,""2"":16,""3"":-40,""4"":94,""5"":-172,""6"":294,""7"":-420,""8"":561,""9"":-644,""10"":676,""11"":-532,""12"":121,""13"":812,""14"":-2403,""15"":4697,""16"":-7390,""17"":9979,""18"":-11847,""19"":12532,""20"":-11862,""21"":10019,""22"":-7484,""23"":4869,""24"":-2697,""25"":1232,""26"":-440,""27"":112,""28"":-16,""29"":1,""30"":1,""31"":1,""32"":5,""33"":5,""34"":4,""35"":10,""36"":10,""37"":6,""38"":10,""39"":10,""40"":4,""41"":5,""42"":5,""43"":1,""44"":1,""45"":1}",175bb5d2c4fc4745e43c4f1c5061b4f1014d4453211268f97062841c643ffa89,175bb5d2c4fc4745e43c4f1c5061b4f1014d4453211268f97062841c643ffa89,True,success
BBBBL,exhaustive,5,1,0,4,"{""0"":1,""1"":-4,""2"":17,""3"":-44,""4"":110,""5"":-212,""6"":388,""7"":-592,""8"":855,""9"":-1064,""10"":1237,""11"":-1160,""12"":685,""13"":720,""14"":-3514,""15"":8206,""16"":-14662,""17"":22160,""18"":-29256,""19"":34374,""20"":-36245,""21"":34414,""22"":-29365,""23"":22372,""24"":-15050,""25"":8798,""26"":-4369,""27"":1784,""28"":-568,""29"":128,""30"":-17,""31"":-1,""32"":-1,""33"":-5,""34"":-5,""35"":-4,""36"":-10,""37"":-10,""38"":-6,""39"":-10,""40"":-10,""41"":-4,""42"":-5,""43"":-5,""44"":-1,""45"":-1,""46"":-1}","{""0"":1,""1"":-4,""2"":17,""3"":-44,""4"":110,""5"":-212,""6"":388,""7"":-592,""8"":855,""9"":-1064,""10"":1237,""11"":-1160,""12"":685,""13"":720,""14"":-3514,""15"":8206,""16"":-14662,""17"":22160,""18"":-29256,""19"":34374,""20"":-36245,""21"":34414,""22"":-29365,""23"":22372,""24"":-15050,""25"":8798,""26"":-4369,""27"":1784,""28"":-568,""29"":128,""30"":-17,""31"":-1,""32"":-1,""33"":-5,""34"":-5,""35"":-4,""36"":-10,""37"":-10,""38"":-6,""39"":-10,""40"":-10,""41"":-4,""42"":-5,""43"":-5,""44"":-1,""45"":-1,""46"":-1}",3ba0492e4c80f7643f9bf6e0627d063b70ff2109c0893392b4ad8376b1e465e5,3ba0492e4c80f7643f9bf6e0627d063b70ff2109c0893392b4ad8376b1e465e5,True,success
BBBDB,exhaustive,5,0,1,4,"{""0"":1,""1"":-4,""2"":16,""3"":-40,""4"":94,""5"":-172,""6"":294,""7"":-420,""8"":561,""9"":-644,""10"":676,""11"":-532,""12"":121,""13"":812,""14"":-2403,""15"":4697,""16"":-7390,""17"":9979,""18"":-11847,""19"":12532,""20"":-11862,""21"":10019,""22"":-7484,""23"":4869,""24"":-2697,""25"":1232,""26"":-440,""27"":112,""28"":-16,""29"":1,""30"":1,""31"":1,""32"":5,""33"":5,""34"":4,""35"":10,""36"":10,""37"":6,""38"":10,""39"":10,""40"":4,""41"":5,""42"":5,""43"":1,""44"":1,""45"":1}","{""0"":1,""1"":-4,""2"":16,""3"":-40,""4"":94,""5"":-172,""6"":294,""7"":-420,""8"":561,""9"":-644,""10"":676,""11"":-532,""12"":121,""13"":812,""14"":-2403,""15"":4697,""16"":-7390,""17"":9979,""18"":-11847,""19"":12532,""20"":-11862,""21"":10019,""22"":-7484,""23"":4869,""24"":-2697,""25"":1232,""26"":-440,""27"":112,""28"":-16,""29"":1,""30"":1,""31"":1,""32"":5,""33"":5,""34"":4,""35"":10,""36"":10,""37"":6,""38"":10,""39"":10,""40"":4,""41"":5,""42"":5,""43"":1,""44"":1,""45"":1}",175bb5d2c4fc4745e43c4f1c5061b4f1014d4453211268f97062841c643ffa89,175bb5d2c4fc4745e43c4f1c5061b4f1014d4453211268f97062841c643ffa89,True,success
BBBDD,exhaustive,5,0,2,3,"{""0"":1,""1"":-3,""2"":12,""3"":-25,""4"":57,""5"":-90,""6"":147,""7"":-183,""8"":231,""9"":-230,""10"":223,""11"":-131,""12"":-47,""13"":425,""14"":-1012,""15"":1804,""16"":-2651,""17"":3376,""18"":-3790,""19"":3791,""20"":-3379,""21"":2663,""22"":-1829,""23"":1069,""24"":-515,""25"":194,""26"":-52,""27"":8,""31"":-1,""32"":-1,""33"":-1,""34"":-4,""35"":-4,""36"":-3,""37"":-6,""38"":-6,""39"":-3,""40"":-4,""41"":-4,""42"":-1,""43"":-1,""44"":-1}","{""0"":1,""1"":-3,""2"":12,""3"":-25,""4"":57,""5"":-90,""6"":147,""7"":-183,""8"":231,""9"":-230,""10"":223,""11"":-131,""12"":-47,""13"":425,""14"":-1012,""15"":1804,""16"":-2651,""17"":3376,""18"":-3790,""19"":3791,""20"":-3379,""21"":2663,""22"":-1829,""23"":1069,""24"":-515,""25"":194,""26"":-52,""27"":8,""31"":-1,""32"":-1,""33"":-1,""34"":-4,""35"":-4,""36"":-3,""37"":-6,""38"":-6,""39"":-3,""40"":-4,""41"":-4,""42"":-1,""43"":-1,""44"":-1}",d657963e44fb1aa9a0e5dee22738a71267014d3d6d4179be065f3e40f4460a2b,d657963e44fb1aa9a0e5dee22738a71267014d3d6d4179be065f3e40f4460a2b,True,success
BBBDL,exhaustive,5,1,1,3,"{""0"":1,""1"":-3,""2"":13,""3"":-28,""4"":69,""5"":-115,""6"":204,""7"":-273,""8"":378,""9"":-413,""10"":454,""11"":-353,""12"":124,""13"":488,""14"":-1574,""15"":3298,""16"":-5492,""17"":7843,""18"":-9820,""19"":10958,""20"":-10960,""21"":9833,""22"":-7871,""23"":5561,""24"":-3413,""25"":1778,""26"":-761,""27"":254,""28"":-60,""29"":8,""32"":1,""33"":1,""34"":1,""35"":4,""36"":4,""37"":3,""38"":6,""39"":6,""40"":3,""41"":4,""42"":4,""43"":1,""44"":1,""45"":1}","{""0"":1,""1"":-3,""2"":13,""3"":-28,""4"":69,""5"":-115,""6"":204,""7"":-273,""8"":378,""9"":-413,""10"":454,""11"":-353,""12"":124,""13"":488,""14"":-1574,""15"":3298,""16"":-5492,""17"":7843,""18"":-9820,""19"":10958,""20"":-10960,""21"":9833,""22"":-7871,""23"":5561,""24"":-3413,""25"":1778,""26"":-761,""27"":254,""28"":-60,""29"":8,""32"":1,""33"":1,""34"":1,""35"":4,""36"":4,""37"":3,""38"":6,""39"":6,""40"":3,""41"":4,""42"":4,""43"":1,""44"":1,""45"":1}",e3c771a79e8953f971ae7d12611944abd728a435f411362147b1066795cf03ac,e3c771a79e8953f971ae7d12611944abd728a435f411362147b1066795cf03ac,True,success
BBBLB,exhaustive,5,1,0,4,"{""0"":1,""1"":-4,""2"":17,""3"":-44,""4"":110,""5"":-212,""6"":388,""7"":-592,""8"":855,""9"":-1064,""10"":1237,""11"":-1160,""12"":685,""13"":720,""14"":-3514,""15"":8206,""16"":-14662,""17"":22160,""18"":-29256,""19"":34374,""20"":-36245,""21"":34414,""22"":-29365,""23"":22372,""24"":-15050,""25"":8798,""26"":-4369,""27"":1784,""28"":-568,""29"":128,""30"":-17,""31"":-1,""32"":-1,""33"":-5,""34"":-5,""35"":-4,""36"":-10,""37"":-10,""38"":-6,""39"":-10,""40"":-10,""41"":-4,""42"":-5,""43"":-5,""44"":-1,""45"":-1,""46"":-1}","{""0"":1,""1"":-4,""2"":17,""3"":-44,""4"":110,""5"":-212,""6"":388,""7"":-592,""8"":855,""9"":-1064,""10"":1237,""11"":-1160,""12"":685,""13"":720,""14"":-3514,""15"":8206,""16"":-14662,""17"":22160,""18"":-29256,""19"":34374,""20"":-36245,""21"":34414,""22"":-29365,""23"":22372,""24"":-15050,""25"":8798,""26"":-4369,""27"":1784,""28"":-568,""29"":128,""30"":-17,""31"":-1,""32"":-1,""33"":-5,""34"":-5,""35"":-4,""36"":-10,""37"":-10,""38"":-6,""39"":-10,""40"":-10,""41"":-4,""42"":-5,""43"":-5,""44"":-1,""45"":-1,""46"":-1}",3ba0492e4c80f7643f9bf6e0627d063b70ff2109c0893392b4ad8376b1e465e5,3ba0492e4c80f7643f9bf6e0627d063b70ff2109c0893392b4ad8376b1e465e5,True,success
BBBLD,exhaustive,5,1,1,3,"{""0"":1,""1"":-3,""2"":13,""3"":-28,""4"":69,""5"":-115,""6"":204,""7"":-273,""8"":378,""9"":-413,""10"":454,""11"":-353,""12"":124,""13"":488,""14"":-1574,""15"":3298,""16"":-5492,""17"":7843,""18"":-9820,""19"":10958,""20"":-10960,""21"":9833,""22"":-7871,""23"":5561,""24"":-3413,""25"":1778,""26"":-761,""27"":254,""28"":-60,""29"":8,""32"":1,""33"":1,""34"":1,""35"":4,""36"":4,""37"":3,""38"":6,""39"":6,""40"":3,""41"":4,""42"":4,""43"":1,""44"":1,""45"":1}","{""0"":1,""1"":-3,""2"":13,""3"":-28,""4"":69,""5"":-115,""6"":204,""7"":-273,""8"":378,""9"":-413,""10"":454,""11"":-353,""12"":124,""13"":488,""14"":-1574,""15"":3298,""16"":-5492,""17"":7843,""18"":-9820,""19"":10958,""20"":-10960,""21"":9833,""22"":-7871,""23"":5561,""24"":-3413,""25"":1778,""26"":-761,""27"":254,""28"":-60,""29"":8,""32"":1,""33"":1,""34"":1,""35"":4,""36"":4,""37"":3,""38"":6,""39"":6,""40"":3,""41"":4,""42"":4,""43"":1,""44"":1,""45"":1}",e3c771a79e8953f971ae7d12611944abd728a435f411362147b1066795cf03ac,e3c771a79e8953f971ae7d12611944abd728a435f411362147b1066795cf03ac,True,success
BBBLL,exhaustive,5,2,0,3,"{""0"":1,""1"":-3,""2"":14,""3"":-31,""4"":82,""5"":-143,""6"":273,""7"":-388,""8"":582,""9"":-686,""10"":832,""11"":-758,""12"":518,""13"":389,""14"":-2211,""15"":5564,""16"":-10479,""17"":16702,""18"":-23183,""19"":28634,""20"":-31741,""21"":31752,""22"":-28664,""23"":23265,""24"":-16845,""25"":10752,""26"":-5952,""27"":2793,""28"":-1075,""29"":322,""30"":-68,""31"":8,""33"":-1,""34"":-1,""35"":-1,""36"":-4,""37"":-4,""38"":-3,""39"":-6,""40"":-6,""41"":-3,""42"":-4,""43"":-4,""44"":-1,""45"":-1,""46"":-1}","{""0"":1,""1"":-3,""2"":14,""3"":-31,""4"":82,""5"":-143,""6"":273,""7"":-388,""8"":582,""9"":-686,""10"":832,""11"":-758,""12"":518,""13"":389,""14"":-2211,""15"":5564,""16"":-10479,""17"":16702,""18"":-23183,""19"":28634,""20"":-31741,""21"":31752,""22"":-28664,""23"":23265,""24"":-16845,""25"":10752,""26"":-5952,""27"":2793,""28"":-1075,""29"":322,""30"":-68,""31"":8,""33"":-1,""34"":-1,""35"":-1,""36"":-4,""37"":-4,""38"":-3,""39"":-6,""40"":-6,""41"":-3,""42"":-4,""43"":-4,""44"":-1,""45"":-1,""46"":-1}",6c1ff1c72591a85d109dcdeeaff5e480840351c06a4bebd378c49e386f0b84a7,6c1ff1c72591a85d109dcdeeaff5e480840351c06a4bebd378c49e386f0b84a7,True,success
BBDBB,exhaustive,5,0,1,4,"{""0"":1,""1"":-4,""2"":16,""3"":-40,""4"":94,""5"":-172,""6"":294,""7"":-420,""8"":561,""9"":-644,""10"":676,""11"":-532,""12"":121,""13"":812,""14"":-2403,""15"":4697,""16"":-7390,""17"":9979,""18"":-11847,""19"":12532,""20"":-11862,""21"":10019,""22"":-7484,""23"":4869,""24"":-2697,""25"":1232,""26"":-440,""27"":112,""28"":-16,""29"":1,""30"":1,""31"":1,""32"":5,""33"":5,""34"":4,""35"":10,""36"":10,""37"":6,""38"":10,""39"":10,""40"":4,""41"":5,""42"":5,""43"":1,""44"":1,""45"":1}","{""0"":1,""1"":-4,""2"":16,""3"":-40,""4"":94,""5"":-172,""6"":294,""7"":-420,""8"":561,""9"":-644,""10"":676,""11"":-532,""12"":121,""13"":812,""14"":-2403,""15"":4697,""16"":-7390,""17"":9979,""18"":-11847,""19"":12532,""20"":-11862,""21"":10019,""22"":-7484,""23"":4869,""24"":-2697,""25"":1232,""26"":-440,""27"":112,""28"":-16,""29"":1,""30"":1,""31"":1,""32"":5,""33"":5,""34"":4,""35"":10,""36"":10,""37"":6,""38"":10,""39"":10,""40"":4,""41"":5,""42"":5,""43"":1,""44"":1,""45"":1}",175bb5d2c4fc4745e43c4f1c5061b4f1014d4453211268f97062841c643ffa89,175bb5d2c4fc4745e43c4f1c5061b4f1014d4453211268f97062841c643ffa89,True,success
BBDBD,exhaustive,5,0,2,3,"{""0"":1,""1"":-3,""2"":12,""3"":-25,""4"":57,""5"":-90,""6"":147,""7"":-183,""8"":231,""9"":-230,""10"":223,""11"":-131,""12"":-47,""13"":425,""14"":-1012,""15"":1804,""16"":-2651,""17"":3376,""18"":-3790,""19"":3791,""20"":-3379,""21"":2663,""22"":-1829,""23"":1069,""24"":-515,""25"":194,""26"":-52,""27"":8,""31"":-1,""32"":-1,""33"":-1,""34"":-4,""35"":-4,""36"":-3,""37"":-6,""38"":-6,""39"":-3,""40"":-4,""41"":-4,""42"":-1,""43"":-1,""44"":-1}","{""0"":1,""1"":-3,""2"":12,""3"":-25,""4"":57,""5"":-90,""6"":147,""7"":-183,""8"":231,""9"":-230,""10"":223,""11"":-131,""12"":-47,""13"":425,""14"":-1012,""15"":1804,""16"":-2651,""17"":3376,""18"":-3790,""19"":3791,""20"":-3379,""21"":2663,""22"":-1829,""23"":1069,""24"":-515,""25"":194,""26"":-52,""27"":8,""31"":-1,""32"":-1,""33"":-1,""34"":-4,""35"":-4,""36"":-3,""37"":-6,""38"":-6,""39"":-3,""40"":-4,""41"":-4,""42"":-1,""43"":-1,""44"":-1}",d657963e44fb1aa9a0e5dee22738a71267014d3d6d4179be065f3e40f4460a2b,d657963e44fb1aa9a0e5dee22738a71267014d3d6d4179be065f3e40f4460a2b,True,success
BBDBL,exhaustive,5,1,1,3,"{""0"":1,""1"":-3,""2"":13,""3"":-28,""4"":69,""5"":-115,""6"":204,""7"":-273,""8"":378,""9"":-413,""10"":454,""11"":-353,""12"":124,""13"":488,""14"":-1574,""15"":3298,""16"":-5492,""17"":7843,""18"":-9820,""19"":10958,""20"":-10960,""21"":9833,""22"":-7871,""23"":5561,""24"":-3413,""25"":1778,""26"":-761,""27"":254,""28"":-60,""29"":8,""32"":1,""33"":1,""34"":1,""35"":4,""36"":4,""37"":3,""38"":6,""39"":6,""40"":3,""41"":4,""42"":4,""43"":1,""44"":1,""45"":1}","{""0"":1,""1"":-3,""2"":13,""3"":-28,""4"":69,""5"":-115,""6"":204,""7"":-273,""8"":378,""9"":-413,""10"":454,""11"":-353,""12"":124,""13"":488,""14"":-1574,""15"":3298,""16"":-5492,""17"":7843,""18"":-9820,""19"":10958,""20"":-10960,""21"":9833,""22"":-7871,""23"":5561,""24"":-3413,""25"":1778,""26"":-761,""27"":254,""28"":-60,""29"":8,""32"":1,""33"":1,""34"":1,""35"":4,""36"":4,""37"":3,""38"":6,""39"":6,""40"":3,""41"":4,""42"":4,""43"":1,""44"":1,""45"":1}",e3c771a79e8953f971ae7d12611944abd728a435f411362147b1066795cf03ac,e3c771a79e8953f971ae7d12611944abd728a435f411362147b1066795cf03ac,True,success
BBDDB,exhaustive,5,0,2,3,"{""0"":1,""1"":-3,""2"":12,""3"":-25,""4"":57,""5"":-90,""6"":147,""7"":-183,""8"":231,""9"":-230,""10"":223,""11"":-131,""12"":-47,""13"":425,""14"":-1012,""15"":1804,""16"":-2651,""17"":3376,""18"":-3790,""19"":3791,""20"":-3379,""21"":2663,""22"":-1829,""23"":1069,""24"":-515,""25"":194,""26"":-52,""27"":8,""31"":-1,""32"":-1,""33"":-1,""34"":-4,""35"":-4,""36"":-3,""37"":-6,""38"":-6,""39"":-3,""40"":-4,""41"":-4,""42"":-1,""43"":-1,""44"":-1}","{""0"":1,""1"":-3,""2"":12,""3"":-25,""4"":57,""5"":-90,""6"":147,""7"":-183,""8"":231,""9"":-230,""10"":223,""11"":-131,""12"":-47,""13"":425,""14"":-1012,""15"":1804,""16"":-2651,""17"":3376,""18"":-3790,""19"":3791,""20"":-3379,""21"":2663,""22"":-1829,""23"":1069,""24"":-515,""25"":194,""26"":-52,""27"":8,""31"":-1,""32"":-1,""33"":-1,""34"":-4,""35"":-4,""36"":-3,""37"":-6,""38"":-6,""39"":-3,""40"":-4,""41"":-4,""42"":-1,""43"":-1,""44"":-1}",d657963e44fb1aa9a0e5dee22738a71267014d3d6d4179be065f3e40f4460a2b,d657963e44fb1aa9a0e5dee22738a71267014d3d6d4179be065f3e40f4460a2b,True,success
BBDDD,exhaustive,5,0,3,2,"{""0"":1,""1"":-2,""2"":9,""3"":-14,""4"":34,""5"":-42,""6"":71,""7"":-70,""8"":90,""9"":-70,""10"":67,""11"":-18,""12"":-51,""13"":199,""14"":-409,""15"":673,""16"":-927,""17"":1113,""18"":-1180,""19"":1113,""20"":-928,""21"":675,""22"":-418,""23"":213,""24"":-85,""25"":24,""26"":-4,""33"":1,""34"":1,""35"":1,""36"":3,""37"":3,""38"":2,""39"":3,""40"":3,""41"":1,""42"":1,""43"":1}","{""0"":1,""1"":-2,""2"":9,""3"":-14,""4"":34,""5"":-42,""6"":71,""7"":-70,""8"":90,""9"":-70,""10"":67,""11"":-18,""12"":-51,""13"":199,""14"":-409,""15"":673,""16"":-927,""17"":1113,""18"":-1180,""19"":1113,""20"":-928,""21"":675,""22"":-418,""23"":213,""24"":-85,""25"":24,""26"":-4,""33"":1,""34"":1,""35"":1,""36"":3,""37"":3,""38"":2,""39"":3,""40"":3,""41"":1,""42"":1,""43"":1}",b10fb0e8e4d404d26baecdf1d9392a61c4d9e15ee249e7dc8100576cbe2b803a,b10fb0e8e4d404d26baecdf1d9392a61c4d9e15ee249e7dc8100576cbe2b803a,True,success
BBDDL,exhaustive,5,1,2,2,"{""0"":1,""1"":-2,""2"":10,""3"":-16,""4"":43,""5"":-56,""6"":105,""7"":-112,""8"":161,""9"":-140,""10"":157,""11"":-84,""12"":-8,""13"":266,""14"":-673,""15"":1290,""16"":-2011,""17"":2714,""18"":-3220,""19"":3406,""20"":-3221,""21"":2716,""22"":-2021,""23"":1306,""24"":-716,""25"":322,""26"":-113,""27"":28,""28"":-4,""34"":-1,""35"":-1,""36"":-1,""37"":-3,""38"":-3,""39"":-2,""40"":-3,""41"":-3,""42"":-1,""43"":-1,""44"":-1}","{""0"":1,""1"":-2,""2"":10,""3"":-16,""4"":43,""5"":-56,""6"":105,""7"":-112,""8"":161,""9"":-140,""10"":157,""11"":-84,""12"":-8,""13"":266,""14"":-673,""15"":1290,""16"":-2011,""17"":2714,""18"":-3220,""19"":3406,""20"":-3221,""21"":2716,""22"":-2021,""23"":1306,""24"":-716,""25"":322,""26"":-113,""27"":28,""28"":-4,""34"":-1,""35"":-1,""36"":-1,""37"":-3,""38"":-3,""39"":-2,""40"":-3,""41"":-3,""42"":-1,""43"":-1,""44"":-1}",7aaae2bbadb605437aa6c86c015aa886cbfe01d32496652815a1ed523411cfa0,7aaae2bbadb605437aa6c86c015aa886cbfe01d32496652815a1ed523411cfa0,True,success
BBDLB,exhaustive,5,1,1,3,"{""0"":1,""1"":-3,""2"":13,""3"":-28,""4"":69,""5"":-115,""6"":204,""7"":-273,""8"":378,""9"":-413,""10"":454,""11"":-353,""12"":124,""13"":488,""14"":-1574,""15"":3298,""16"":-5492,""17"":7843,""18"":-9820,""19"":10958,""20"":-10960,""21"":9833,""22"":-7871,""23"":5561,""24"":-3413,""25"":1778,""26"":-761,""27"":254,""28"":-60,""29"":8,""32"":1,""33"":1,""34"":1,""35"":4,""36"":4,""37"":3,""38"":6,""39"":6,""40"":3,""41"":4,""42"":4,""43"":1,""44"":1,""45"":1}","{""0"":1,""1"":-3,""2"":13,""3"":-28,""4"":69,""5"":-115,""6"":204,""7"":-273,""8"":378,""9"":-413,""10"":454,""11"":-353,""12"":124,""13"":488,""14"":-1574,""15"":3298,""16"":-5492,""17"":7843,""18"":-9820,""19"":10958,""20"":-10960,""21"":9833,""22"":-7871,""23"":5561,""24"":-3413,""25"":1778,""26"":-761,""27"":254,""28"":-60,""29"":8,""32"":1,""33"":1,""34"":1,""35"":4,""36"":4,""37"":3,""38"":6,""39"":6,""40"":3,""41"":4,""42"":4,""43"":1,""44"":1,""45"":1}",e3c771a79e8953f971ae7d12611944abd728a435f411362147b1066795cf03ac,e3c771a79e8953f971ae7d12611944abd728a435f411362147b1066795cf03ac,True,success
BBDLD,exhaustive,5,1,2,2,"{""0"":1,""1"":-2,""2"":10,""3"":-16,""4"":43,""5"":-56,""6"":105,""7"":-112,""8"":161,""9"":-140,""10"":157,""11"":-84,""12"":-8,""13"":266,""14"":-673,""15"":1290,""16"":-2011,""17"":2714,""18"":-3220,""19"":3406,""20"":-3221,""21"":2716,""22"":-2021,""23"":1306,""24"":-716,""25"":322,""26"":-113,""27"":28,""28"":-4,""34"":-1,""35"":-1,""36"":-1,""37"":-3,""38"":-3,""39"":-2,""40"":-3,""41"":-3,""42"":-1,""43"":-1,""44"":-1}","{""0"":1,""1"":-2,""2"":10,""3"":-16,""4"":43,""5"":-56,""6"":105,""7"":-112,""8"":161,""9"":-140,""10"":157,""11"":-84,""12"":-8,""13"":266,""14"":-673,""15"":1290,""16"":-2011,""17"":2714,""18"":-3220,""19"":3406,""20"":-3221,""21"":2716,""22"":-2021,""23"":1306,""24"":-716,""25"":322,""26"":-113,""27"":28,""28"":-4,""34"":-1,""35"":-1,""36"":-1,""37"":-3,""38"":-3,""39"":-2,""40"":-3,""41"":-3,""42"":-1,""43"":-1,""44"":-1}",7aaae2bbadb605437aa6c86c015aa886cbfe01d32496652815a1ed523411cfa0,7aaae2bbadb605437aa6c86c015aa886cbfe01d32496652815a1ed523411cfa0,True,success
BBDLL,exhaustive,5,2,1,2,"{""0"":1,""1"":-2,""2"":11,""3"":-18,""4"":53,""5"":-72,""6"":148,""7"":-168,""8"":266,""9"":-252,""10"":318,""11"":-220,""12"":121,""13"":295,""14"":-1003,""15"":2272,""16"":-3990,""17"":6025,""18"":-7947,""19"":9341,""20"":-9847,""21"":9343,""22"":-7958,""23"":6043,""24"":-4043,""25"":2344,""26"":-1151,""27"":463,""28"":-145,""29"":32,""30"":-4,""35"":1,""36"":1,""37"":1,""38"":3,""39"":3,""40"":2,""41"":3,""42"":3,""43"":1,""44"":1,""45"":1}","{""0"":1,""1"":-2,""2"":11,""3"":-18,""4"":53,""5"":-72,""6"":148,""7"":-168,""8"":266,""9"":-252,""10"":318,""11"":-220,""12"":121,""13"":295,""14"":-1003,""15"":2272,""16"":-3990,""17"":6025,""18"":-7947,""19"":9341,""20"":-9847,""21"":9343,""22"":-7958,""23"":6043,""24"":-4043,""25"":2344,""26"":-1151,""27"":463,""28"":-145,""29"":32,""30"":-4,""35"":1,""36"":1,""37"":1,""38"":3,""39"":3,""40"":2,""41"":3,""42"":3,""43"":1,""44"":1,""45"":1}",8003efc23861c0cd4ece2f771c34741e724a69578ebf5752c822b9ff63c98ae4,8003efc23861c0cd4ece2f771c34741e724a69578ebf5752c822b9ff63c98ae4,True,success
BBLBB,exhaustive,5,1,0,4,"{""0"":1,""1"":-4,""2"":17,""3"":-44,""4"":110,""5"":-212,""6"":388,""7"":-592,""8"":855,""9"":-1064,""10"":1237,""11"":-1160,""12"":685,""13"":720,""14"":-3514,""15"":8206,""16"":-14662,""17"":22160,""18"":-29256,""19"":34374,""20"":-36245,""21"":34414,""22"":-29365,""23"":22372,""24"":-15050,""25"":8798,""26"":-4369,""27"":1784,""28"":-568,""29"":128,""30"":-17,""31"":-1,""32"":-1,""33"":-5,""34"":-5,""35"":-4,""36"":-10,""37"":-10,""38"":-6,""39"":-10,""40"":-10,""41"":-4,""42"":-5,""43"":-5,""44"":-1,""45"":-1,""46"":-1}","{""0"":1,""1"":-4,""2"":17,""3"":-44,""4"":110,""5"":-212,""6"":388,""7"":-592,""8"":855,""9"":-1064,""10"":1237,""11"":-1160,""12"":685,""13"":720,""14"":-3514,""15"":8206,""16"":-14662,""17"":22160,""18"":-29256,""19"":34374,""20"":-36245,""21"":34414,""22"":-29365,""23"":22372,""24"":-15050,""25"":8798,""26"":-4369,""27"":1784,""28"":-568,""29"":128,""30"":-17,""31"":-1,""32"":-1,""33"":-5,""34"":-5,""35"":-4,""36"":-10,""37"":-10,""38"":-6,""39"":-10,""40"":-10,""41"":-4,""42"":-5,""43"":-5,""44"":-1,""45"":-1,""46"":-1}",3ba0492e4c80f7643f9bf6e0627d063b70ff2109c0893392b4ad8376b1e465e5,3ba0492e4c80f7643f9bf6e0627d063b70ff2109c0893392b4ad8376b1e465e5,True,success
BBLBD,exhaustive,5,1,1,3,"{""0"":1,""1"":-3,""2"":13,""3"":-28,""4"":69,""5"":-115,""6"":204,""7"":-273,""8"":378,""9"":-413,""10"":454,""11"":-353,""12"":124,""13"":488,""14"":-1574,""15"":3298,""16"":-5492,""17"":7843,""18"":-9820,""19"":10958,""20"":-10960,""21"":9833,""22"":-7871,""23"":5561,""24"":-3413,""25"":1778,""26"":-761,""27"":254,""28"":-60,""29"":8,""32"":1,""33"":1,""34"":1,""35"":4,""36"":4,""37"":3,""38"":6,""39"":6,""40"":3,""41"":4,""42"":4,""43"":1,""44"":1,""45"":1}","{""0"":1,""1"":-3,""2"":13,""3"":-28,""4"":69,""5"":-115,""6"":204,""7"":-273,""8"":378,""9"":-413,""10"":454,""11"":-353,""12"":124,""13"":488,""14"":-1574,""15"":3298,""16"":-5492,""17"":7843,""18"":-9820,""19"":10958,""20"":-10960,""21"":9833,""22"":-7871,""23"":5561,""24"":-3413,""25"":1778,""26"":-761,""27"":254,""28"":-60,""29"":8,""32"":1,""33"":1,""34"":1,""35"":4,""36"":4,""37"":3,""38"":6,""39"":6,""40"":3,""41"":4,""42"":4,""43"":1,""44"":1,""45"":1}",e3c771a79e8953f971ae7d12611944abd728a435f411362147b1066795cf03ac,e3c771a79e8953f971ae7d12611944abd728a435f411362147b1066795cf03ac,True,success
BBLBL,exhaustive,5,2,0,3,"{""0"":1,""1"":-3,""2"":14,""3"":-31,""4"":82,""5"":-143,""6"":273,""7"":-388,""8"":582,""9"":-686,""10"":832,""11"":-758,""12"":518,""13"":389,""14"":-2211,""15"":5564,""16"":-10479,""17"":16702,""18"":-23183,""19"":28634,""20"":-31741,""21"":31752,""22"":-28664,""23"":23265,""24"":-16845,""25"":10752,""26"":-5952,""27"":2793,""28"":-1075,""29"":322,""30"":-68,""31"":8,""33"":-1,""34"":-1,""35"":-1,""36"":-4,""37"":-4,""38"":-3,""39"":-6,""40"":-6,""41"":-3,""42"":-4,""43"":-4,""44"":-1,""45"":-1,""46"":-1}","{""0"":1,""1"":-3,""2"":14,""3"":-31,""4"":82,""5"":-143,""6"":273,""7"":-388,""8"":582,""9"":-686,""10"":832,""11"":-758,""12"":518,""13"":389,""14"":-2211,""15"":5564,""16"":-10479,""17"":16702,""18"":-23183,""19"":28634,""20"":-31741,""21"":31752,""22"":-28664,""23"":23265,""24"":-16845,""25"":10752,""26"":-5952,""27"":2793,""28"":-1075,""29"":322,""30"":-68,""31"":8,""33"":-1,""34"":-1,""35"":-1,""36"":-4,""37"":-4,""38"":-3,""39"":-6,""40"":-6,""41"":-3,""42"":-4,""43"":-4,""44"":-1,""45"":-1,""46"":-1}",6c1ff1c72591a85d109dcdeeaff5e480840351c06a4bebd378c49e386f0b84a7,6c1ff1c72591a85d109dcdeeaff5e480840351c06a4bebd378c49e386f0b84a7,True,success
BBLDB,exhaustive,5,1,1,3,"{""0"":1,""1"":-3,""2"":13,""3"":-28,""4"":69,""5"":-115,""6"":204,""7"":-273,""8"":378,""9"":-413,""10"":454,""11"":-353,""12"":124,""13"":488,""14"":-1574,""15"":3298,""16"":-5492,""17"":7843,""18"":-9820,""19"":10958,""20"":-10960,""21"":9833,""22"":-7871,""23"":5561,""24"":-3413,""25"":1778,""26"":-761,""27"":254,""28"":-60,""29"":8,""32"":1,""33"":1,""34"":1,""35"":4,""36"":4,""37"":3,""38"":6,""39"":6,""40"":3,""41"":4,""42"":4,""43"":1,""44"":1,""45"":1}","{""0"":1,""1"":-3,""2"":13,""3"":-28,""4"":69,""5"":-115,""6"":204,""7"":-273,""8"":378,""9"":-413,""10"":454,""11"":-353,""12"":124,""13"":488,""14"":-1574,""15"":3298,""16"":-5492,""17"":7843,""18"":-9820,""19"":10958,""20"":-10960,""21"":9833,""22"":-7871,""23"":5561,""24"":-3413,""25"":1778,""26"":-761,""27"":254,""28"":-60,""29"":8,""32"":1,""33"":1,""34"":1,""35"":4,""36"":4,""37"":3,""38"":6,""39"":6,""40"":3,""41"":4,""42"":4,""43"":1,""44"":1,""45"":1}",e3c771a79e8953f971ae7d12611944abd728a435f411362147b1066795cf03ac,e3c771a79e8953f971ae7d12611944abd728a435f411362147b1066795cf03ac,True,success
BBLDD,exhaustive,5,1,2,2,"{""0"":1,""1"":-2,""2"":10,""3"":-16,""4"":43,""5"":-56,""6"":105,""7"":-112,""8"":161,""9"":-140,""10"":157,""11"":-84,""12"":-8,""13"":266,""14"":-673,""15"":1290,""16"":-2011,""17"":2714,""18"":-3220,""19"":3406,""20"":-3221,""21"":2716,""22"":-2021,""23"":1306,""24"":-716,""25"":322,""26"":-113,""27"":28,""28"":-4,""34"":-1,""35"":-1,""36"":-1,""37"":-3,""38"":-3,""39"":-2,""40"":-3,""41"":-3,""42"":-1,""43"":-1,""44"":-1}","{""0"":1,""1"":-2,""2"":10,""3"":-16,""4"":43,""5"":-56,""6"":105,""7"":-112,""8"":161,""9"":-140,""10"":157,""11"":-84,""12"":-8,""13"":266,""14"":-673,""15"":1290,""16"":-2011,""17"":2714,""18"":-3220,""19"":3406,""20"":-3221,""21"":2716,""22"":-2021,""23"":1306,""24"":-716,""25"":322,""26"":-113,""27"":28,""28"":-4,""34"":-1,""35"":-1,""36"":-1,""37"":-3,""38"":-3,""39"":-2,""40"":-3,""41"":-3,""42"":-1,""43"":-1,""44"":-1}",7aaae2bbadb605437aa6c86c015aa886cbfe01d32496652815a1ed523411cfa0,7aaae2bbadb605437aa6c86c015aa886cbfe01d32496652815a1ed523411cfa0,True,success
BBLDL,exhaustive,5,2,1,2,"{""0"":1,""1"":-2,""2"":11,""3"":-18,""4"":53,""5"":-72,""6"":148,""7"":-168,""8"":266,""9"":-252,""10"":318,""11"":-220,""12"":121,""13"":295,""14"":-1003,""15"":2272,""16"":-3990,""17"":6025,""18"":-7947,""19"":9341,""20"":-9847,""21"":9343,""22"":-7958,""23"":6043,""24"":-4043,""25"":2344,""26"":-1151,""27"":463,""28"":-145,""29"":32,""30"":-4,""35"":1,""36"":1,""37"":1,""38"":3,""39"":3,""40"":2,""41"":3,""42"":3,""43"":1,""44"":1,""45"":1}","{""0"":1,""1"":-2,""2"":11,""3"":-18,""4"":53,""5"":-72,""6"":148,""7"":-168,""8"":266,""9"":-252,""10"":318,""11"":-220,""12"":121,""13"":295,""14"":-1003,""15"":2272,""16"":-3990,""17"":6025,""18"":-7947,""19"":9341,""20"":-9847,""21"":9343,""22"":-7958,""23"":6043,""24"":-4043,""25"":2344,""26"":-1151,""27"":463,""28"":-145,""29"":32,""30"":-4,""35"":1,""36"":1,""37"":1,""38"":3,""39"":3,""40"":2,""41"":3,""42"":3,""43"":1,""44"":1,""45"":1}",8003efc23861c0cd4ece2f771c34741e724a69578ebf5752c822b9ff63c98ae4,8003efc23861c0cd4ece2f771c34741e724a69578ebf5752c822b9ff63c98ae4,True,success
BBLLB,exhaustive,5,2,0,3,"{""0"":1,""1"":-3,""2"":14,""3"":-31,""4"":82,""5"":-143,""6"":273,""7"":-388,""8"":582,""9"":-686,""10"":832,""11"":-758,""12"":518,""13"":389,""14"":-2211,""15"":5564,""16"":-10479,""17"":16702,""18"":-23183,""19"":28634,""20"":-31741,""21"":31752,""22"":-28664,""23"":23265,""24"":-16845,""25"":10752,""26"":-5952,""27"":2793,""28"":-1075,""29"":322,""30"":-68,""31"":8,""33"":-1,""34"":-1,""35"":-1,""36"":-4,""37"":-4,""38"":-3,""39"":-6,""40"":-6,""41"":-3,""42"":-4,""43"":-4,""44"":-1,""45"":-1,""46"":-1}","{""0"":1,""1"":-3,""2"":14,""3"":-31,""4"":82,""5"":-143,""6"":273,""7"":-388,""8"":582,""9"":-686,""10"":832,""11"":-758,""12"":518,""13"":389,""14"":-2211,""15"":5564,""16"":-10479,""17"":16702,""18"":-23183,""19"":28634,""20"":-31741,""21"":31752,""22"":-28664,""23"":23265,""24"":-16845,""25"":10752,""26"":-5952,""27"":2793,""28"":-1075,""29"":322,""30"":-68,""31"":8,""33"":-1,""34"":-1,""35"":-1,""36"":-4,""37"":-4,""38"":-3,""39"":-6,""40"":-6,""41"":-3,""42"":-4,""43"":-4,""44"":-1,""45"":-1,""46"":-1}",6c1ff1c72591a85d109dcdeeaff5e480840351c06a4bebd378c49e386f0b84a7,6c1ff1c72591a85d109dcdeeaff5e480840351c06a4bebd378c49e386f0b84a7,True,success
BBLLD,exhaustive,5,2,1,2,"{""0"":1,""1"":-2,""2"":11,""3"":-18,""4"":53,""5"":-72,""6"":148,""7"":-168,""8"":266,""9"":-252,""10"":318,""11"":-220,""12"":121,""13"":295,""14"":-1003,""15"":2272,""16"":-3990,""17"":6025,""18"":-7947,""19"":9341,""20"":-9847,""21"":9343,""22"":-7958,""23"":6043,""24"":-4043,""25"":2344,""26"":-1151,""27"":463,""28"":-145,""29"":32,""30"":-4,""35"":1,""36"":1,""37"":1,""38"":3,""39"":3,""40"":2,""41"":3,""42"":3,""43"":1,""44"":1,""45"":1}","{""0"":1,""1"":-2,""2"":11,""3"":-18,""4"":53,""5"":-72,""6"":148,""7"":-168,""8"":266,""9"":-252,""10"":318,""11"":-220,""12"":121,""13"":295,""14"":-1003,""15"":2272,""16"":-3990,""17"":6025,""18"":-7947,""19"":9341,""20"":-9847,""21"":9343,""22"":-7958,""23"":6043,""24"":-4043,""25"":2344,""26"":-1151,""27"":463,""28"":-145,""29"":32,""30"":-4,""35"":1,""36"":1,""37"":1,""38"":3,""39"":3,""40"":2,""41"":3,""42"":3,""43"":1,""44"":1,""45"":1}",8003efc23861c0cd4ece2f771c34741e724a69578ebf5752c822b9ff63c98ae4,8003efc23861c0cd4ece2f771c34741e724a69578ebf5752c822b9ff63c98ae4,True,success
BBLLL,exhaustive,5,3,0,2,"{""0"":1,""1"":-2,""2"":12,""3"":-20,""4"":64,""5"":-90,""6"":201,""7"":-240,""8"":414,""9"":-420,""10"":584,""11"":-468,""12"":407,""13"":220,""14"":-1345,""15"":3718,""16"":-7337,""17"":12340,""18"":-17980,""19"":23324,""20"":-27137,""21"":28532,""22"":-27148,""23"":23344,""24"":-18044,""25"":12430,""26"":-7538,""27"":3958,""28"":-1759,""29"":640,""30"":-181,""31"":36,""32"":-4,""36"":-1,""37"":-1,""38"":-1,""39"":-3,""40"":-3,""41"":-2,""42"":-3,""43"":-3,""44"":-1,""45"":-1,""46"":-1}","{""0"":1,""1"":-2,""2"":12,""3"":-20,""4"":64,""5"":-90,""6"":201,""7"":-240,""8"":414,""9"":-420,""10"":584,""11"":-468,""12"":407,""13"":220,""14"":-1345,""15"":3718,""16"":-7337,""17"":12340,""18"":-17980,""19"":23324,""20"":-27137,""21"":28532,""22"":-27148,""23"":23344,""24"":-18044,""25"":12430,""26"":-7538,""27"":3958,""28"":-1759,""29"":640,""30"":-181,""31"":36,""32"":-4,""36"":-1,""37"":-1,""38"":-1,""39"":-3,""40"":-3,""41"":-2,""42"":-3,""43"":-3,""44"":-1,""45"":-1,""46"":-1}",2c4916a0fa79a88fedf407ca7cdb3c08c35b9e82c0587cd8dfd891959694ba85,2c4916a0fa79a88fedf407ca7cdb3c08c35b9e82c0587cd8dfd891959694ba85,True,success
BDBBB,exhaustive,5,0,1,4,"{""0"":1,""1"":-4,""2"":16,""3"":-40,""4"":94,""5"":-172,""6"":294,""7"":-420,""8"":561,""9"":-644,""10"":676,""11"":-532,""12"":121,""13"":812,""14"":-2403,""15"":4697,""16"":-7390,""17"":9979,""18"":-11847,""19"":12532,""20"":-11862,""21"":10019,""22"":-7484,""23"":4869,""24"":-2697,""25"":1232,""26"":-440,""27"":112,""28"":-16,""29"":1,""30"":1,""31"":1,""32"":5,""33"":5,""34"":4,""35"":10,""36"":10,""37"":6,""38"":10,""39"":10,""40"":4,""41"":5,""42"":5,""43"":1,""44"":1,""45"":1}","{""0"":1,""1"":-4,""2"":16,""3"":-40,""4"":94,""5"":-172,""6"":294,""7"":-420,""8"":561,""9"":-644,""10"":676,""11"":-532,""12"":121,""13"":812,""14"":-2403,""15"":4697,""16"":-7390,""17"":9979,""18"":-11847,""19"":12532,""20"":-11862,""21"":10019,""22"":-7484,""23"":4869,""24"":-2697,""25"":1232,""26"":-440,""27"":112,""28"":-16,""29"":1,""30"":1,""31"":1,""32"":5,""33"":5,""34"":4,""35"":10,""36"":10,""37"":6,""38"":10,""39"":10,""40"":4,""41"":5,""42"":5,""43"":1,""44"":1,""45"":1}",175bb5d2c4fc4745e43c4f1c5061b4f1014d4453211268f97062841c643ffa89,175bb5d2c4fc4745e43c4f1c5061b4f1014d4453211268f97062841c643ffa89,True,success
BDBBD,exhaustive,5,0,2,3,"{""0"":1,""1"":-3,""2"":12,""3"":-25,""4"":57,""5"":-90,""6"":147,""7"":-183,""8"":231,""9"":-230,""10"":223,""11"":-131,""12"":-47,""13"":425,""14"":-1012,""15"":1804,""16"":-2651,""17"":3376,""18"":-3790,""19"":3791,""20"":-3379,""21"":2663,""22"":-1829,""23"":1069,""24"":-515,""25"":194,""26"":-52,""27"":8,""31"":-1,""32"":-1,""33"":-1,""34"":-4,""35"":-4,""36"":-3,""37"":-6,""38"":-6,""39"":-3,""40"":-4,""41"":-4,""42"":-1,""43"":-1,""44"":-1}","{""0"":1,""1"":-3,""2"":12,""3"":-25,""4"":57,""5"":-90,""6"":147,""7"":-183,""8"":231,""9"":-230,""10"":223,""11"":-131,""12"":-47,""13"":425,""14"":-1012,""15"":1804,""16"":-2651,""17"":3376,""18"":-3790,""19"":3791,""20"":-3379,""21"":2663,""22"":-1829,""23"":1069,""24"":-515,""25"":194,""26"":-52,""27"":8,""31"":-1,""32"":-1,""33"":-1,""34"":-4,""35"":-4,""36"":-3,""37"":-6,""38"":-6,""39"":-3,""40"":-4,""41"":-4,""42"":-1,""43"":-1,""44"":-1}",d657963e44fb1aa9a0e5dee22738a71267014d3d6d4179be065f3e40f4460a2b,d657963e44fb1aa9a0e5dee22738a71267014d3d6d4179be065f3e40f4460a2b,True,success
BDBBL,exhaustive,5,1,1,3,"{""0"":1,""1"":-3,""2"":13,""3"":-28,""4"":69,""5"":-115,""6"":204,""7"":-273,""8"":378,""9"":-413,""10"":454,""11"":-353,""12"":124,""13"":488,""14"":-1574,""15"":3298,""16"":-5492,""17"":7843,""18"":-9820,""19"":10958,""20"":-10960,""21"":9833,""22"":-7871,""23"":5561,""24"":-3413,""25"":1778,""26"":-761,""27"":254,""28"":-60,""29"":8,""32"":1,""33"":1,""34"":1,""35"":4,""36"":4,""37"":3,""38"":6,""39"":6,""40"":3,""41"":4,""42"":4,""43"":1,""44"":1,""45"":1}","{""0"":1,""1"":-3,""2"":13,""3"":-28,""4"":69,""5"":-115,""6"":204,""7"":-273,""8"":378,""9"":-413,""10"":454,""11"":-353,""12"":124,""13"":488,""14"":-1574,""15"":3298,""16"":-5492,""17"":7843,""18"":-9820,""19"":10958,""20"":-10960,""21"":9833,""22"":-7871,""23"":5561,""24"":-3413,""25"":1778,""26"":-761,""27"":254,""28"":-60,""29"":8,""32"":1,""33"":1,""34"":1,""35"":4,""36"":4,""37"":3,""38"":6,""39"":6,""40"":3,""41"":4,""42"":4,""43"":1,""44"":1,""45"":1}",e3c771a79e8953f971ae7d12611944abd728a435f411362147b1066795cf03ac,e3c771a79e8953f971ae7d12611944abd728a435f411362147b1066795cf03ac,True,success
BDBDB,exhaustive,5,0,2,3,"{""0"":1,""1"":-3,""2"":12,""3"":-25,""4"":57,""5"":-90,""6"":147,""7"":-183,""8"":231,""9"":-230,""10"":223,""11"":-131,""12"":-47,""13"":425,""14"":-1012,""15"":1804,""16"":-2651,""17"":3376,""18"":-3790,""19"":3791,""20"":-3379,""21"":2663,""22"":-1829,""23"":1069,""24"":-515,""25"":194,""26"":-52,""27"":8,""31"":-1,""32"":-1,""33"":-1,""34"":-4,""35"":-4,""36"":-3,""37"":-6,""38"":-6,""39"":-3,""40"":-4,""41"":-4,""42"":-1,""43"":-1,""44"":-1}","{""0"":1,""1"":-3,""2"":12,""3"":-25,""4"":57,""5"":-90,""6"":147,""7"":-183,""8"":231,""9"":-230,""10"":223,""11"":-131,""12"":-47,""13"":425,""14"":-1012,""15"":1804,""16"":-2651,""17"":3376,""18"":-3790,""19"":3791,""20"":-3379,""21"":2663,""22"":-1829,""23"":1069,""24"":-515,""25"":194,""26"":-52,""27"":8,""31"":-1,""32"":-1,""33"":-1,""34"":-4,""35"":-4,""36"":-3,""37"":-6,""38"":-6,""39"":-3,""40"":-4,""41"":-4,""42"":-1,""43"":-1,""44"":-1}",d657963e44fb1aa9a0e5dee22738a71267014d3d6d4179be065f3e40f4460a2b,d657963e44fb1aa9a0e5dee22738a71267014d3d6d4179be065f3e40f4460a2b,True,success
BDBDD,exhaustive,5,0,3,2,"{""0"":1,""1"":-2,""2"":9,""3"":-14,""4"":34,""5"":-42,""6"":71,""7"":-70,""8"":90,""9"":-70,""10"":67,""11"":-18,""12"":-51,""13"":199,""14"":-409,""15"":673,""16"":-927,""17"":1113,""18"":-1180,""19"":1113,""20"":-928,""21"":675,""22"":-418,""23"":213,""24"":-85,""25"":24,""26"":-4,""33"":1,""34"":1,""35"":1,""36"":3,""37"":3,""38"":2,""39"":3,""40"":3,""41"":1,""42"":1,""43"":1}","{""0"":1,""1"":-2,""2"":9,""3"":-14,""4"":34,""5"":-42,""6"":71,""7"":-70,""8"":90,""9"":-70,""10"":67,""11"":-18,""12"":-51,""13"":199,""14"":-409,""15"":673,""16"":-927,""17"":1113,""18"":-1180,""19"":1113,""20"":-928,""21"":675,""22"":-418,""23"":213,""24"":-85,""25"":24,""26"":-4,""33"":1,""34"":1,""35"":1,""36"":3,""37"":3,""38"":2,""39"":3,""40"":3,""41"":1,""42"":1,""43"":1}",b10fb0e8e4d404d26baecdf1d9392a61c4d9e15ee249e7dc8100576cbe2b803a,b10fb0e8e4d404d26baecdf1d9392a61c4d9e15ee249e7dc8100576cbe2b803a,True,success
BDBDL,exhaustive,5,1,2,2,"{""0"":1,""1"":-2,""2"":10,""3"":-16,""4"":43,""5"":-56,""6"":105,""7"":-112,""8"":161,""9"":-140,""10"":157,""11"":-84,""12"":-8,""13"":266,""14"":-673,""15"":1290,""16"":-2011,""17"":2714,""18"":-3220,""19"":3406,""20"":-3221,""21"":2716,""22"":-2021,""23"":1306,""24"":-716,""25"":322,""26"":-113,""27"":28,""28"":-4,""34"":-1,""35"":-1,""36"":-1,""37"":-3,""38"":-3,""39"":-2,""40"":-3,""41"":-3,""42"":-1,""43"":-1,""44"":-1}","{""0"":1,""1"":-2,""2"":10,""3"":-16,""4"":43,""5"":-56,""6"":105,""7"":-112,""8"":161,""9"":-140,""10"":157,""11"":-84,""12"":-8,""13"":266,""14"":-673,""15"":1290,""16"":-2011,""17"":2714,""18"":-3220,""19"":3406,""20"":-3221,""21"":2716,""22"":-2021,""23"":1306,""24"":-716,""25"":322,""26"":-113,""27"":28,""28"":-4,""34"":-1,""35"":-1,""36"":-1,""37"":-3,""38"":-3,""39"":-2,""40"":-3,""41"":-3,""42"":-1,""43"":-1,""44"":-1}",7aaae2bbadb605437aa6c86c015aa886cbfe01d32496652815a1ed523411cfa0,7aaae2bbadb605437aa6c86c015aa886cbfe01d32496652815a1ed523411cfa0,True,success
BDBLB,exhaustive,5,1,1,3,"{""0"":1,""1"":-3,""2"":13,""3"":-28,""4"":69,""5"":-115,""6"":204,""7"":-273,""8"":378,""9"":-413,""10"":454,""11"":-353,""12"":124,""13"":488,""14"":-1574,""15"":3298,""16"":-5492,""17"":7843,""18"":-9820,""19"":10958,""20"":-10960,""21"":9833,""22"":-7871,""23"":5561,""24"":-3413,""25"":1778,""26"":-761,""27"":254,""28"":-60,""29"":8,""32"":1,""33"":1,""34"":1,""35"":4,""36"":4,""37"":3,""38"":6,""39"":6,""40"":3,""41"":4,""42"":4,""43"":1,""44"":1,""45"":1}","{""0"":1,""1"":-3,""2"":13,""3"":-28,""4"":69,""5"":-115,""6"":204,""7"":-273,""8"":378,""9"":-413,""10"":454,""11"":-353,""12"":124,""13"":488,""14"":-1574,""15"":3298,""16"":-5492,""17"":7843,""18"":-9820,""19"":10958,""20"":-10960,""21"":9833,""22"":-7871,""23"":5561,""24"":-3413,""25"":1778,""26"":-761,""27"":254,""28"":-60,""29"":8,""32"":1,""33"":1,""34"":1,""35"":4,""36"":4,""37"":3,""38"":6,""39"":6,""40"":3,""41"":4,""42"":4,""43"":1,""44"":1,""45"":1}",e3c771a79e8953f971ae7d12611944abd728a435f411362147b1066795cf03ac,e3c771a79e8953f971ae7d12611944abd728a435f411362147b1066795cf03ac,True,success
BDBLD,exhaustive,5,1,2,2,"{""0"":1,""1"":-2,""2"":10,""3"":-16,""4"":43,""5"":-56,""6"":105,""7"":-112,""8"":161,""9"":-140,""10"":157,""11"":-84,""12"":-8,""13"":266,""14"":-673,""15"":1290,""16"":-2011,""17"":2714,""18"":-3220,""19"":3406,""20"":-3221,""21"":2716,""22"":-2021,""23"":1306,""24"":-716,""25"":322,""26"":-113,""27"":28,""28"":-4,""34"":-1,""35"":-1,""36"":-1,""37"":-3,""38"":-3,""39"":-2,""40"":-3,""41"":-3,""42"":-1,""43"":-1,""44"":-1}","{""0"":1,""1"":-2,""2"":10,""3"":-16,""4"":43,""5"":-56,""6"":105,""7"":-112,""8"":161,""9"":-140,""10"":157,""11"":-84,""12"":-8,""13"":266,""14"":-673,""15"":1290,""16"":-2011,""17"":2714,""18"":-3220,""19"":3406,""20"":-3221,""21"":2716,""22"":-2021,""23"":1306,""24"":-716,""25"":322,""26"":-113,""27"":28,""28"":-4,""34"":-1,""35"":-1,""36"":-1,""37"":-3,""38"":-3,""39"":-2,""40"":-3,""41"":-3,""42"":-1,""43"":-1,""44"":-1}",7aaae2bbadb605437aa6c86c015aa886cbfe01d32496652815a1ed523411cfa0,7aaae2bbadb605437aa6c86c015aa886cbfe01d32496652815a1ed523411cfa0,True,success
BDBLL,exhaustive,5,2,1,2,"{""0"":1,""1"":-2,""2"":11,""3"":-18,""4"":53,""5"":-72,""6"":148,""7"":-168,""8"":266,""9"":-252,""10"":318,""11"":-220,""12"":121,""13"":295,""14"":-1003,""15"":2272,""16"":-3990,""17"":6025,""18"":-7947,""19"":9341,""20"":-9847,""21"":9343,""22"":-7958,""23"":6043,""24"":-4043,""25"":2344,""26"":-1151,""27"":463,""28"":-145,""29"":32,""30"":-4,""35"":1,""36"":1,""37"":1,""38"":3,""39"":3,""40"":2,""41"":3,""42"":3,""43"":1,""44"":1,""45"":1}","{""0"":1,""1"":-2,""2"":11,""3"":-18,""4"":53,""5"":-72,""6"":148,""7"":-168,""8"":266,""9"":-252,""10"":318,""11"":-220,""12"":121,""13"":295,""14"":-1003,""15"":2272,""16"":-3990,""17"":6025,""18"":-7947,""19"":9341,""20"":-9847,""21"":9343,""22"":-7958,""23"":6043,""24"":-4043,""25"":2344,""26"":-1151,""27"":463,""28"":-145,""29"":32,""30"":-4,""35"":1,""36"":1,""37"":1,""38"":3,""39"":3,""40"":2,""41"":3,""42"":3,""43"":1,""44"":1,""45"":1}",8003efc23861c0cd4ece2f771c34741e724a69578ebf5752c822b9ff63c98ae4,8003efc23861c0cd4ece2f771c34741e724a69578ebf5752c822b9ff63c98ae4,True,success
BDDBB,exhaustive,5,0,2,3,"{""0"":1,""1"":-3,""2"":12,""3"":-25,""4"":57,""5"":-90,""6"":147,""7"":-183,""8"":231,""9"":-230,""10"":223,""11"":-131,""12"":-47,""13"":425,""14"":-1012,""15"":1804,""16"":-2651,""17"":3376,""18"":-3790,""19"":3791,""20"":-3379,""21"":2663,""22"":-1829,""23"":1069,""24"":-515,""25"":194,""26"":-52,""27"":8,""31"":-1,""32"":-1,""33"":-1,""34"":-4,""35"":-4,""36"":-3,""37"":-6,""38"":-6,""39"":-3,""40"":-4,""41"":-4,""42"":-1,""43"":-1,""44"":-1}","{""0"":1,""1"":-3,""2"":12,""3"":-25,""4"":57,""5"":-90,""6"":147,""7"":-183,""8"":231,""9"":-230,""10"":223,""11"":-131,""12"":-47,""13"":425,""14"":-1012,""15"":1804,""16"":-2651,""17"":3376,""18"":-3790,""19"":3791,""20"":-3379,""21"":2663,""22"":-1829,""23"":1069,""24"":-515,""25"":194,""26"":-52,""27"":8,""31"":-1,""32"":-1,""33"":-1,""34"":-4,""35"":-4,""36"":-3,""37"":-6,""38"":-6,""39"":-3,""40"":-4,""41"":-4,""42"":-1,""43"":-1,""44"":-1}",d657963e44fb1aa9a0e5dee22738a71267014d3d6d4179be065f3e40f4460a2b,d657963e44fb1aa9a0e5dee22738a71267014d3d6d4179be065f3e40f4460a2b,True,success
BDDBD,exhaustive,5,0,3,2,"{""0"":1,""1"":-2,""2"":9,""3"":-14,""4"":34,""5"":-42,""6"":71,""7"":-70,""8"":90,""9"":-70,""10"":67,""11"":-18,""12"":-51,""13"":199,""14"":-409,""15"":673,""16"":-927,""17"":1113,""18"":-1180,""19"":1113,""20"":-928,""21"":675,""22"":-418,""23"":213,""24"":-85,""25"":24,""26"":-4,""33"":1,""34"":1,""35"":1,""36"":3,""37"":3,""38"":2,""39"":3,""40"":3,""41"":1,""42"":1,""43"":1}","{""0"":1,""1"":-2,""2"":9,""3"":-14,""4"":34,""5"":-42,""6"":71,""7"":-70,""8"":90,""9"":-70,""10"":67,""11"":-18,""12"":-51,""13"":199,""14"":-409,""15"":673,""16"":-927,""17"":1113,""18"":-1180,""19"":1113,""20"":-928,""21"":675,""22"":-418,""23"":213,""24"":-85,""25"":24,""26"":-4,""33"":1,""34"":1,""35"":1,""36"":3,""37"":3,""38"":2,""39"":3,""40"":3,""41"":1,""42"":1,""43"":1}",b10fb0e8e4d404d26baecdf1d9392a61c4d9e15ee249e7dc8100576cbe2b803a,b10fb0e8e4d404d26baecdf1d9392a61c4d9e15ee249e7dc8100576cbe2b803a,True,success
BDDBL,exhaustive,5,1,2,2,"{""0"":1,""1"":-2,""2"":10,""3"":-16,""4"":43,""5"":-56,""6"":105,""7"":-112,""8"":161,""9"":-140,""10"":157,""11"":-84,""12"":-8,""13"":266,""14"":-673,""15"":1290,""16"":-2011,""17"":2714,""18"":-3220,""19"":3406,""20"":-3221,""21"":2716,""22"":-2021,""23"":1306,""24"":-716,""25"":322,""26"":-113,""27"":28,""28"":-4,""34"":-1,""35"":-1,""36"":-1,""37"":-3,""38"":-3,""39"":-2,""40"":-3,""41"":-3,""42"":-1,""43"":-1,""44"":-1}","{""0"":1,""1"":-2,""2"":10,""3"":-16,""4"":43,""5"":-56,""6"":105,""7"":-112,""8"":161,""9"":-140,""10"":157,""11"":-84,""12"":-8,""13"":266,""14"":-673,""15"":1290,""16"":-2011,""17"":2714,""18"":-3220,""19"":3406,""20"":-3221,""21"":2716,""22"":-2021,""23"":1306,""24"":-716,""25"":322,""26"":-113,""27"":28,""28"":-4,""34"":-1,""35"":-1,""36"":-1,""37"":-3,""38"":-3,""39"":-2,""40"":-3,""41"":-3,""42"":-1,""43"":-1,""44"":-1}",7aaae2bbadb605437aa6c86c015aa886cbfe01d32496652815a1ed523411cfa0,7aaae2bbadb605437aa6c86c015aa886cbfe01d32496652815a1ed523411cfa0,True,success
BDDDB,exhaustive,5,0,3,2,"{""0"":1,""1"":-2,""2"":9,""3"":-14,""4"":34,""5"":-42,""6"":71,""7"":-70,""8"":90,""9"":-70,""10"":67,""11"":-18,""12"":-51,""13"":199,""14"":-409,""15"":673,""16"":-927,""17"":1113,""18"":-1180,""19"":1113,""20"":-928,""21"":675,""22"":-418,""23"":213,""24"":-85,""25"":24,""26"":-4,""33"":1,""34"":1,""35"":1,""36"":3,""37"":3,""38"":2,""39"":3,""40"":3,""41"":1,""42"":1,""43"":1}","{""0"":1,""1"":-2,""2"":9,""3"":-14,""4"":34,""5"":-42,""6"":71,""7"":-70,""8"":90,""9"":-70,""10"":67,""11"":-18,""12"":-51,""13"":199,""14"":-409,""15"":673,""16"":-927,""17"":1113,""18"":-1180,""19"":1113,""20"":-928,""21"":675,""22"":-418,""23"":213,""24"":-85,""25"":24,""26"":-4,""33"":1,""34"":1,""35"":1,""36"":3,""37"":3,""38"":2,""39"":3,""40"":3,""41"":1,""42"":1,""43"":1}",b10fb0e8e4d404d26baecdf1d9392a61c4d9e15ee249e7dc8100576cbe2b803a,b10fb0e8e4d404d26baecdf1d9392a61c4d9e15ee249e7dc8100576cbe2b803a,True,success
BDDDD,exhaustive,5,0,4,1,"{""0"":1,""1"":-1,""2"":7,""3"":-6,""4"":21,""5"":-15,""6"":35,""7"":-20,""8"":35,""9"":-15,""10"":19,""11"":5,""12"":-30,""13"":86,""14"":-160,""15"":244,""16"":-316,""17"":357,""18"":-357,""19"":316,""20"":-244,""21"":161,""22"":-87,""23"":37,""24"":-11,""25"":2,""35"":-1,""36"":-1,""37"":-1,""38"":-2,""39"":-2,""40"":-1,""41"":-1,""42"":-1}","{""0"":1,""1"":-1,""2"":7,""3"":-6,""4"":21,""5"":-15,""6"":35,""7"":-20,""8"":35,""9"":-15,""10"":19,""11"":5,""12"":-30,""13"":86,""14"":-160,""15"":244,""16"":-316,""17"":357,""18"":-357,""19"":316,""20"":-244,""21"":161,""22"":-87,""23"":37,""24"":-11,""25"":2,""35"":-1,""36"":-1,""37"":-1,""38"":-2,""39"":-2,""40"":-1,""41"":-1,""42"":-1}",1da3ce8ecc83f2c0272ce5278d7e6a5684ff88ef4dffc632b8ed8d1e3ddbdd39,1da3ce8ecc83f2c0272ce5278d7e6a5684ff88ef4dffc632b8ed8d1e3ddbdd39,True,success
BDDDL,exhaustive,5,1,3,1,"{""0"":1,""1"":-1,""2"":8,""3"":-7,""4"":28,""5"":-21,""6"":56,""7"":-35,""8"":70,""9"":-35,""10"":54,""11"":-8,""12"":-22,""13"":128,""14"":-277,""15"":491,""16"":-720,""17"":917,""18"":-1030,""19"":1030,""20"":-917,""21"":721,""22"":-492,""23"":285,""24"":-135,""25"":50,""26"":-13,""27"":2,""36"":1,""37"":1,""38"":1,""39"":2,""40"":2,""41"":1,""42"":1,""43"":1}","{""0"":1,""1"":-1,""2"":8,""3"":-7,""4"":28,""5"":-21,""6"":56,""7"":-35,""8"":70,""9"":-35,""10"":54,""11"":-8,""12"":-22,""13"":128,""14"":-277,""15"":491,""16"":-720,""17"":917,""18"":-1030,""19"":1030,""20"":-917,""21"":721,""22"":-492,""23"":285,""24"":-135,""25"":50,""26"":-13,""27"":2,""36"":1,""37"":1,""38"":1,""39"":2,""40"":2,""41"":1,""42"":1,""43"":1}",e42bf361ead4d8ada0e612878362a095ce5a888bc0249114e634f2124aca92e1,e42bf361ead4d8ada0e612878362a095ce5a888bc0249114e634f2124aca92e1,True,success
BDDLB,exhaustive,5,1,2,2,"{""0"":1,""1"":-2,""2"":10,""3"":-16,""4"":43,""5"":-56,""6"":105,""7"":-112,""8"":161,""9"":-140,""10"":157,""11"":-84,""12"":-8,""13"":266,""14"":-673,""15"":1290,""16"":-2011,""17"":2714,""18"":-3220,""19"":3406,""20"":-3221,""21"":2716,""22"":-2021,""23"":1306,""24"":-716,""25"":322,""26"":-113,""27"":28,""28"":-4,""34"":-1,""35"":-1,""36"":-1,""37"":-3,""38"":-3,""39"":-2,""40"":-3,""41"":-3,""42"":-1,""43"":-1,""44"":-1}","{""0"":1,""1"":-2,""2"":10,""3"":-16,""4"":43,""5"":-56,""6"":105,""7"":-112,""8"":161,""9"":-140,""10"":157,""11"":-84,""12"":-8,""13"":266,""14"":-673,""15"":1290,""16"":-2011,""17"":2714,""18"":-3220,""19"":3406,""20"":-3221,""21"":2716,""22"":-2021,""23"":1306,""24"":-716,""25"":322,""26"":-113,""27"":28,""28"":-4,""34"":-1,""35"":-1,""36"":-1,""37"":-3,""38"":-3,""39"":-2,""40"":-3,""41"":-3,""42"":-1,""43"":-1,""44"":-1}",7aaae2bbadb605437aa6c86c015aa886cbfe01d32496652815a1ed523411cfa0,7aaae2bbadb605437aa6c86c015aa886cbfe01d32496652815a1ed523411cfa0,True,success
BDDLD,exhaustive,5,1,3,1,"{""0"":1,""1"":-1,""2"":8,""3"":-7,""4"":28,""5"":-21,""6"":56,""7"":-35,""8"":70,""9"":-35,""10"":54,""11"":-8,""12"":-22,""13"":128,""14"":-277,""15"":491,""16"":-720,""17"":917,""18"":-1030,""19"":1030,""20"":-917,""21"":721,""22"":-492,""23"":285,""24"":-135,""25"":50,""26"":-13,""27"":2,""36"":1,""37"":1,""38"":1,""39"":2,""40"":2,""41"":1,""42"":1,""43"":1}","{""0"":1,""1"":-1,""2"":8,""3"":-7,""4"":28,""5"":-21,""6"":56,""7"":-35,""8"":70,""9"":-35,""10"":54,""11"":-8,""12"":-22,""13"":128,""14"":-277,""15"":491,""16"":-720,""17"":917,""18"":-1030,""19"":1030,""20"":-917,""21"":721,""22"":-492,""23"":285,""24"":-135,""25"":50,""26"":-13,""27"":2,""36"":1,""37"":1,""38"":1,""39"":2,""40"":2,""41"":1,""42"":1,""43"":1}",e42bf361ead4d8ada0e612878362a095ce5a888bc0249114e634f2124aca92e1,e42bf361ead4d8ada0e612878362a095ce5a888bc0249114e634f2124aca92e1,True,success
BDDLL,exhaustive,5,2,2,1,"{""0"":1,""1"":-1,""2"":9,""3"":-8,""4"":36,""5"":-28,""6"":84,""7"":-56,""8"":126,""9"":-70,""10"":124,""11"":-41,""12"":19,""13"":170,""14"":-434,""15"":904,""16"":-1489,""17"":2129,""18"":-2667,""19"":2977,""20"":-2977,""21"":2668,""22"":-2130,""23"":1498,""24"":-912,""25"":470,""26"":-198,""27"":65,""28"":-15,""29"":2,""37"":-1,""38"":-1,""39"":-1,""40"":-2,""41"":-2,""42"":-1,""43"":-1,""44"":-1}","{""0"":1,""1"":-1,""2"":9,""3"":-8,""4"":36,""5"":-28,""6"":84,""7"":-56,""8"":126,""9"":-70,""10"":124,""11"":-41,""12"":19,""13"":170,""14"":-434,""15"":904,""16"":-1489,""17"":2129,""18"":-2667,""19"":2977,""20"":-2977,""21"":2668,""22"":-2130,""23"":1498,""24"":-912,""25"":470,""26"":-198,""27"":65,""28"":-15,""29"":2,""37"":-1,""38"":-1,""39"":-1,""40"":-2,""41"":-2,""42"":-1,""43"":-1,""44"":-1}",ca45ad9da96dc2852d31f5697e0e9da499bd1d6f7d4d36873ce99b3389c9ed23,ca45ad9da96dc2852d31f5697e0e9da499bd1d6f7d4d36873ce99b3389c9ed23,True,success
BDLBB,exhaustive,5,1,1,3,"{""0"":1,""1"":-3,""2"":13,""3"":-28,""4"":69,""5"":-115,""6"":204,""7"":-273,""8"":378,""9"":-413,""10"":454,""11"":-353,""12"":124,""13"":488,""14"":-1574,""15"":3298,""16"":-5492,""17"":7843,""18"":-9820,""19"":10958,""20"":-10960,""21"":9833,""22"":-7871,""23"":5561,""24"":-3413,""25"":1778,""26"":-761,""27"":254,""28"":-60,""29"":8,""32"":1,""33"":1,""34"":1,""35"":4,""36"":4,""37"":3,""38"":6,""39"":6,""40"":3,""41"":4,""42"":4,""43"":1,""44"":1,""45"":1}","{""0"":1,""1"":-3,""2"":13,""3"":-28,""4"":69,""5"":-115,""6"":204,""7"":-273,""8"":378,""9"":-413,""10"":454,""11"":-353,""12"":124,""13"":488,""14"":-1574,""15"":3298,""16"":-5492,""17"":7843,""18"":-9820,""19"":10958,""20"":-10960,""21"":9833,""22"":-7871,""23"":5561,""24"":-3413,""25"":1778,""26"":-761,""27"":254,""28"":-60,""29"":8,""32"":1,""33"":1,""34"":1,""35"":4,""36"":4,""37"":3,""38"":6,""39"":6,""40"":3,""41"":4,""42"":4,""43"":1,""44"":1,""45"":1}",e3c771a79e8953f971ae7d12611944abd728a435f411362147b1066795cf03ac,e3c771a79e8953f971ae7d12611944abd728a435f411362147b1066795cf03ac,True,success
BDLBD,exhaustive,5,1,2,2,"{""0"":1,""1"":-2,""2"":10,""3"":-16,""4"":43,""5"":-56,""6"":105,""7"":-112,""8"":161,""9"":-140,""10"":157,""11"":-84,""12"":-8,""13"":266,""14"":-673,""15"":1290,""16"":-2011,""17"":2714,""18"":-3220,""19"":3406,""20"":-3221,""21"":2716,""22"":-2021,""23"":1306,""24"":-716,""25"":322,""26"":-113,""27"":28,""28"":-4,""34"":-1,""35"":-1,""36"":-1,""37"":-3,""38"":-3,""39"":-2,""40"":-3,""41"":-3,""42"":-1,""43"":-1,""44"":-1}","{""0"":1,""1"":-2,""2"":10,""3"":-16,""4"":43,""5"":-56,""6"":105,""7"":-112,""8"":161,""9"":-140,""10"":157,""11"":-84,""12"":-8,""13"":266,""14"":-673,""15"":1290,""16"":-2011,""17"":2714,""18"":-3220,""19"":3406,""20"":-3221,""21"":2716,""22"":-2021,""23"":1306,""24"":-716,""25"":322,""26"":-113,""27"":28,""28"":-4,""34"":-1,""35"":-1,""36"":-1,""37"":-3,""38"":-3,""39"":-2,""40"":-3,""41"":-3,""42"":-1,""43"":-1,""44"":-1}",7aaae2bbadb605437aa6c86c015aa886cbfe01d32496652815a1ed523411cfa0,7aaae2bbadb605437aa6c86c015aa886cbfe01d32496652815a1ed523411cfa0,True,success
BDLBL,exhaustive,5,2,1,2,"{""0"":1,""1"":-2,""2"":11,""3"":-18,""4"":53,""5"":-72,""6"":148,""7"":-168,""8"":266,""9"":-252,""10"":318,""11"":-220,""12"":121,""13"":295,""14"":-1003,""15"":2272,""16"":-3990,""17"":6025,""18"":-7947,""19"":9341,""20"":-9847,""21"":9343,""22"":-7958,""23"":6043,""24"":-4043,""25"":2344,""26"":-1151,""27"":463,""28"":-145,""29"":32,""30"":-4,""35"":1,""36"":1,""37"":1,""38"":3,""39"":3,""40"":2,""41"":3,""42"":3,""43"":1,""44"":1,""45"":1}","{""0"":1,""1"":-2,""2"":11,""3"":-18,""4"":53,""5"":-72,""6"":148,""7"":-168,""8"":266,""9"":-252,""10"":318,""11"":-220,""12"":121,""13"":295,""14"":-1003,""15"":2272,""16"":-3990,""17"":6025,""18"":-7947,""19"":9341,""20"":-9847,""21"":9343,""22"":-7958,""23"":6043,""24"":-4043,""25"":2344,""26"":-1151,""27"":463,""28"":-145,""29"":32,""30"":-4,""35"":1,""36"":1,""37"":1,""38"":3,""39"":3,""40"":2,""41"":3,""42"":3,""43"":1,""44"":1,""45"":1}",8003efc23861c0cd4ece2f771c34741e724a69578ebf5752c822b9ff63c98ae4,8003efc23861c0cd4ece2f771c34741e724a69578ebf5752c822b9ff63c98ae4,True,success
BDLDB,exhaustive,5,1,2,2,"{""0"":1,""1"":-2,""2"":10,""3"":-16,""4"":43,""5"":-56,""6"":105,""7"":-112,""8"":161,""9"":-140,""10"":157,""11"":-84,""12"":-8,""13"":266,""14"":-673,""15"":1290,""16"":-2011,""17"":2714,""18"":-3220,""19"":3406,""20"":-3221,""21"":2716,""22"":-2021,""23"":1306,""24"":-716,""25"":322,""26"":-113,""27"":28,""28"":-4,""34"":-1,""35"":-1,""36"":-1,""37"":-3,""38"":-3,""39"":-2,""40"":-3,""41"":-3,""42"":-1,""43"":-1,""44"":-1}","{""0"":1,""1"":-2,""2"":10,""3"":-16,""4"":43,""5"":-56,""6"":105,""7"":-112,""8"":161,""9"":-140,""10"":157,""11"":-84,""12"":-8,""13"":266,""14"":-673,""15"":1290,""16"":-2011,""17"":2714,""18"":-3220,""19"":3406,""20"":-3221,""21"":2716,""22"":-2021,""23"":1306,""24"":-716,""25"":322,""26"":-113,""27"":28,""28"":-4,""34"":-1,""35"":-1,""36"":-1,""37"":-3,""38"":-3,""39"":-2,""40"":-3,""41"":-3,""42"":-1,""43"":-1,""44"":-1}",7aaae2bbadb605437aa6c86c015aa886cbfe01d32496652815a1ed523411cfa0,7aaae2bbadb605437aa6c86c015aa886cbfe01d32496652815a1ed523411cfa0,True,success
BDLDD,exhaustive,5,1,3,1,"{""0"":1,""1"":-1,""2"":8,""3"":-7,""4"":28,""5"":-21,""6"":56,""7"":-35,""8"":70,""9"":-35,""10"":54,""11"":-8,""12"":-22,""13"":128,""14"":-277,""15"":491,""16"":-720,""17"":917,""18"":-1030,""19"":1030,""20"":-917,""21"":721,""22"":-492,""23"":285,""24"":-135,""25"":50,""26"":-13,""27"":2,""36"":1,""37"":1,""38"":1,""39"":2,""40"":2,""41"":1,""42"":1,""43"":1}","{""0"":1,""1"":-1,""2"":8,""3"":-7,""4"":28,""5"":-21,""6"":56,""7"":-35,""8"":70,""9"":-35,""10"":54,""11"":-8,""12"":-22,""13"":128,""14"":-277,""15"":491,""16"":-720,""17"":917,""18"":-1030,""19"":1030,""20"":-917,""21"":721,""22"":-492,""23"":285,""24"":-135,""25"":50,""26"":-13,""27"":2,""36"":1,""37"":1,""38"":1,""39"":2,""40"":2,""41"":1,""42"":1,""43"":1}",e42bf361ead4d8ada0e612878362a095ce5a888bc0249114e634f2124aca92e1,e42bf361ead4d8ada0e612878362a095ce5a888bc0249114e634f2124aca92e1,True,success
BDLDL,exhaustive,5,2,2,1,"{""0"":1,""1"":-1,""2"":9,""3"":-8,""4"":36,""5"":-28,""6"":84,""7"":-56,""8"":126,""9"":-70,""10"":124,""11"":-41,""12"":19,""13"":170,""14"":-434,""15"":904,""16"":-1489,""17"":2129,""18"":-2667,""19"":2977,""20"":-2977,""21"":2668,""22"":-2130,""23"":1498,""24"":-912,""25"":470,""26"":-198,""27"":65,""28"":-15,""29"":2,""37"":-1,""38"":-1,""39"":-1,""40"":-2,""41"":-2,""42"":-1,""43"":-1,""44"":-1}","{""0"":1,""1"":-1,""2"":9,""3"":-8,""4"":36,""5"":-28,""6"":84,""7"":-56,""8"":126,""9"":-70,""10"":124,""11"":-41,""12"":19,""13"":170,""14"":-434,""15"":904,""16"":-1489,""17"":2129,""18"":-2667,""19"":2977,""20"":-2977,""21"":2668,""22"":-2130,""23"":1498,""24"":-912,""25"":470,""26"":-198,""27"":65,""28"":-15,""29"":2,""37"":-1,""38"":-1,""39"":-1,""40"":-2,""41"":-2,""42"":-1,""43"":-1,""44"":-1}",ca45ad9da96dc2852d31f5697e0e9da499bd1d6f7d4d36873ce99b3389c9ed23,ca45ad9da96dc2852d31f5697e0e9da499bd1d6f7d4d36873ce99b3389c9ed23,True,success
BDLLB,exhaustive,5,2,1,2,"{""0"":1,""1"":-2,""2"":11,""3"":-18,""4"":53,""5"":-72,""6"":148,""7"":-168,""8"":266,""9"":-252,""10"":318,""11"":-220,""12"":121,""13"":295,""14"":-1003,""15"":2272,""16"":-3990,""17"":6025,""18"":-7947,""19"":9341,""20"":-9847,""21"":9343,""22"":-7958,""23"":6043,""24"":-4043,""25"":2344,""26"":-1151,""27"":463,""28"":-145,""29"":32,""30"":-4,""35"":1,""36"":1,""37"":1,""38"":3,""39"":3,""40"":2,""41"":3,""42"":3,""43"":1,""44"":1,""45"":1}","{""0"":1,""1"":-2,""2"":11,""3"":-18,""4"":53,""5"":-72,""6"":148,""7"":-168,""8"":266,""9"":-252,""10"":318,""11"":-220,""12"":121,""13"":295,""14"":-1003,""15"":2272,""16"":-3990,""17"":6025,""18"":-7947,""19"":9341,""20"":-9847,""21"":9343,""22"":-7958,""23"":6043,""24"":-4043,""25"":2344,""26"":-1151,""27"":463,""28"":-145,""29"":32,""30"":-4,""35"":1,""36"":1,""37"":1,""38"":3,""39"":3,""40"":2,""41"":3,""42"":3,""43"":1,""44"":1,""45"":1}",8003efc23861c0cd4ece2f771c34741e724a69578ebf5752c822b9ff63c98ae4,8003efc23861c0cd4ece2f771c34741e724a69578ebf5752c822b9ff63c98ae4,True,success
BDLLD,exhaustive,5,2,2,1,"{""0"":1,""1"":-1,""2"":9,""3"":-8,""4"":36,""5"":-28,""6"":84,""7"":-56,""8"":126,""9"":-70,""10"":124,""11"":-41,""12"":19,""13"":170,""14"":-434,""15"":904,""16"":-1489,""17"":2129,""18"":-2667,""19"":2977,""20"":-2977,""21"":2668,""22"":-2130,""23"":1498,""24"":-912,""25"":470,""26"":-198,""27"":65,""28"":-15,""29"":2,""37"":-1,""38"":-1,""39"":-1,""40"":-2,""41"":-2,""42"":-1,""43"":-1,""44"":-1}","{""0"":1,""1"":-1,""2"":9,""3"":-8,""4"":36,""5"":-28,""6"":84,""7"":-56,""8"":126,""9"":-70,""10"":124,""11"":-41,""12"":19,""13"":170,""14"":-434,""15"":904,""16"":-1489,""17"":2129,""18"":-2667,""19"":2977,""20"":-2977,""21"":2668,""22"":-2130,""23"":1498,""24"":-912,""25"":470,""26"":-198,""27"":65,""28"":-15,""29"":2,""37"":-1,""38"":-1,""39"":-1,""40"":-2,""41"":-2,""42"":-1,""43"":-1,""44"":-1}",ca45ad9da96dc2852d31f5697e0e9da499bd1d6f7d4d36873ce99b3389c9ed23,ca45ad9da96dc2852d31f5697e0e9da499bd1d6f7d4d36873ce99b3389c9ed23,True,success
BDLLL,exhaustive,5,3,1,1,"{""0"":1,""1"":-1,""2"":10,""3"":-9,""4"":45,""5"":-36,""6"":120,""7"":-84,""8"":210,""9"":-126,""10"":250,""11"":-109,""12"":128,""13"":194,""14"":-613,""15"":1544,""16"":-2835,""17"":4531,""18"":-6286,""19"":7774,""20"":-8621,""21"":8622,""22"":-7775,""23"":6296,""24"":-4540,""25"":2880,""26"":-1580,""27"":733,""28"":-278,""29"":82,""30"":-17,""31"":2,""38"":1,""39"":1,""40"":1,""41"":2,""42"":2,""43"":1,""44"":1,""45"":1}","{""0"":1,""1"":-1,""2"":10,""3"":-9,""4"":45,""5"":-36,""6"":120,""7"":-84,""8"":210,""9"":-126,""10"":250,""11"":-109,""12"":128,""13"":194,""14"":-613,""15"":1544,""16"":-2835,""17"":4531,""18"":-6286,""19"":7774,""20"":-8621,""21"":8622,""22"":-7775,""23"":6296,""24"":-4540,""25"":2880,""26"":-1580,""27"":733,""28"":-278,""29"":82,""30"":-17,""31"":2,""38"":1,""39"":1,""40"":1,""41"":2,""42"":2,""43"":1,""44"":1,""45"":1}",19681d5d09a777c5e4e4c559ebed44ddb53c37a758c74c6189662ddcfed4c81d,19681d5d09a777c5e4e4c559ebed44ddb53c37a758c74c6189662ddcfed4c81d,True,success
BLBBB,exhaustive,5,1,0,4,"{""0"":1,""1"":-4,""2"":17,""3"":-44,""4"":110,""5"":-212,""6"":388,""7"":-592,""8"":855,""9"":-1064,""10"":1237,""11"":-1160,""12"":685,""13"":720,""14"":-3514,""15"":8206,""16"":-14662,""17"":22160,""18"":-29256,""19"":34374,""20"":-36245,""21"":34414,""22"":-29365,""23"":22372,""24"":-15050,""25"":8798,""26"":-4369,""27"":1784,""28"":-568,""29"":128,""30"":-17,""31"":-1,""32"":-1,""33"":-5,""34"":-5,""35"":-4,""36"":-10,""37"":-10,""38"":-6,""39"":-10,""40"":-10,""41"":-4,""42"":-5,""43"":-5,""44"":-1,""45"":-1,""46"":-1}","{""0"":1,""1"":-4,""2"":17,""3"":-44,""4"":110,""5"":-212,""6"":388,""7"":-592,""8"":855,""9"":-1064,""10"":1237,""11"":-1160,""12"":685,""13"":720,""14"":-3514,""15"":8206,""16"":-14662,""17"":22160,""18"":-29256,""19"":34374,""20"":-36245,""21"":34414,""22"":-29365,""23"":22372,""24"":-15050,""25"":8798,""26"":-4369,""27"":1784,""28"":-568,""29"":128,""30"":-17,""31"":-1,""32"":-1,""33"":-5,""34"":-5,""35"":-4,""36"":-10,""37"":-10,""38"":-6,""39"":-10,""40"":-10,""41"":-4,""42"":-5,""43"":-5,""44"":-1,""45"":-1,""46"":-1}",3ba0492e4c80f7643f9bf6e0627d063b70ff2109c0893392b4ad8376b1e465e5,3ba0492e4c80f7643f9bf6e0627d063b70ff2109c0893392b4ad8376b1e465e5,True,success
BLBBD,exhaustive,5,1,1,3,"{""0"":1,""1"":-3,""2"":13,""3"":-28,""4"":69,""5"":-115,""6"":204,""7"":-273,""8"":378,""9"":-413,""10"":454,""11"":-353,""12"":124,""13"":488,""14"":-1574,""15"":3298,""16"":-5492,""17"":7843,""18"":-9820,""19"":10958,""20"":-10960,""21"":9833,""22"":-7871,""23"":5561,""24"":-3413,""25"":1778,""26"":-761,""27"":254,""28"":-60,""29"":8,""32"":1,""33"":1,""34"":1,""35"":4,""36"":4,""37"":3,""38"":6,""39"":6,""40"":3,""41"":4,""42"":4,""43"":1,""44"":1,""45"":1}","{""0"":1,""1"":-3,""2"":13,""3"":-28,""4"":69,""5"":-115,""6"":204,""7"":-273,""8"":378,""9"":-413,""10"":454,""11"":-353,""12"":124,""13"":488,""14"":-1574,""15"":3298,""16"":-5492,""17"":7843,""18"":-9820,""19"":10958,""20"":-10960,""21"":9833,""22"":-7871,""23"":5561,""24"":-3413,""25"":1778,""26"":-761,""27"":254,""28"":-60,""29"":8,""32"":1,""33"":1,""34"":1,""35"":4,""36"":4,""37"":3,""38"":6,""39"":6,""40"":3,""41"":4,""42"":4,""43"":1,""44"":1,""45"":1}",e3c771a79e8953f971ae7d12611944abd728a435f411362147b1066795cf03ac,e3c771a79e8953f971ae7d12611944abd728a435f411362147b1066795cf03ac,True,success
BLBBL,exhaustive,5,2,0,3,"{""0"":1,""1"":-3,""2"":14,""3"":-31,""4"":82,""5"":-143,""6"":273,""7"":-388,""8"":582,""9"":-686,""10"":832,""11"":-758,""12"":518,""13"":389,""14"":-2211,""15"":5564,""16"":-10479,""17"":16702,""18"":-23183,""19"":28634,""20"":-31741,""21"":31752,""22"":-28664,""23"":23265,""24"":-16845,""25"":10752,""26"":-5952,""27"":2793,""28"":-1075,""29"":322,""30"":-68,""31"":8,""33"":-1,""34"":-1,""35"":-1,""36"":-4,""37"":-4,""38"":-3,""39"":-6,""40"":-6,""41"":-3,""42"":-4,""43"":-4,""44"":-1,""45"":-1,""46"":-1}","{""0"":1,""1"":-3,""2"":14,""3"":-31,""4"":82,""5"":-143,""6"":273,""7"":-388,""8"":582,""9"":-686,""10"":832,""11"":-758,""12"":518,""13"":389,""14"":-2211,""15"":5564,""16"":-10479,""17"":16702,""18"":-23183,""19"":28634,""20"":-31741,""21"":31752,""22"":-28664,""23"":23265,""24"":-16845,""25"":10752,""26"":-5952,""27"":2793,""28"":-1075,""29"":322,""30"":-68,""31"":8,""33"":-1,""34"":-1,""35"":-1,""36"":-4,""37"":-4,""38"":-3,""39"":-6,""40"":-6,""41"":-3,""42"":-4,""43"":-4,""44"":-1,""45"":-1,""46"":-1}",6c1ff1c72591a85d109dcdeeaff5e480840351c06a4bebd378c49e386f0b84a7,6c1ff1c72591a85d109dcdeeaff5e480840351c06a4bebd378c49e386f0b84a7,True,success
BLBDB,exhaustive,5,1,1,3,"{""0"":1,""1"":-3,""2"":13,""3"":-28,""4"":69,""5"":-115,""6"":204,""7"":-273,""8"":378,""9"":-413,""10"":454,""11"":-353,""12"":124,""13"":488,""14"":-1574,""15"":3298,""16"":-5492,""17"":7843,""18"":-9820,""19"":10958,""20"":-10960,""21"":9833,""22"":-7871,""23"":5561,""24"":-3413,""25"":1778,""26"":-761,""27"":254,""28"":-60,""29"":8,""32"":1,""33"":1,""34"":1,""35"":4,""36"":4,""37"":3,""38"":6,""39"":6,""40"":3,""41"":4,""42"":4,""43"":1,""44"":1,""45"":1}","{""0"":1,""1"":-3,""2"":13,""3"":-28,""4"":69,""5"":-115,""6"":204,""7"":-273,""8"":378,""9"":-413,""10"":454,""11"":-353,""12"":124,""13"":488,""14"":-1574,""15"":3298,""16"":-5492,""17"":7843,""18"":-9820,""19"":10958,""20"":-10960,""21"":9833,""22"":-7871,""23"":5561,""24"":-3413,""25"":1778,""26"":-761,""27"":254,""28"":-60,""29"":8,""32"":1,""33"":1,""34"":1,""35"":4,""36"":4,""37"":3,""38"":6,""39"":6,""40"":3,""41"":4,""42"":4,""43"":1,""44"":1,""45"":1}",e3c771a79e8953f971ae7d12611944abd728a435f411362147b1066795cf03ac,e3c771a79e8953f971ae7d12611944abd728a435f411362147b1066795cf03ac,True,success
BLBDD,exhaustive,5,1,2,2,"{""0"":1,""1"":-2,""2"":10,""3"":-16,""4"":43,""5"":-56,""6"":105,""7"":-112,""8"":161,""9"":-140,""10"":157,""11"":-84,""12"":-8,""13"":266,""14"":-673,""15"":1290,""16"":-2011,""17"":2714,""18"":-3220,""19"":3406,""20"":-3221,""21"":2716,""22"":-2021,""23"":1306,""24"":-716,""25"":322,""26"":-113,""27"":28,""28"":-4,""34"":-1,""35"":-1,""36"":-1,""37"":-3,""38"":-3,""39"":-2,""40"":-3,""41"":-3,""42"":-1,""43"":-1,""44"":-1}","{""0"":1,""1"":-2,""2"":10,""3"":-16,""4"":43,""5"":-56,""6"":105,""7"":-112,""8"":161,""9"":-140,""10"":157,""11"":-84,""12"":-8,""13"":266,""14"":-673,""15"":1290,""16"":-2011,""17"":2714,""18"":-3220,""19"":3406,""20"":-3221,""21"":2716,""22"":-2021,""23"":1306,""24"":-716,""25"":322,""26"":-113,""27"":28,""28"":-4,""34"":-1,""35"":-1,""36"":-1,""37"":-3,""38"":-3,""39"":-2,""40"":-3,""41"":-3,""42"":-1,""43"":-1,""44"":-1}",7aaae2bbadb605437aa6c86c015aa886cbfe01d32496652815a1ed523411cfa0,7aaae2bbadb605437aa6c86c015aa886cbfe01d32496652815a1ed523411cfa0,True,success
BLBDL,exhaustive,5,2,1,2,"{""0"":1,""1"":-2,""2"":11,""3"":-18,""4"":53,""5"":-72,""6"":148,""7"":-168,""8"":266,""9"":-252,""10"":318,""11"":-220,""12"":121,""13"":295,""14"":-1003,""15"":2272,""16"":-3990,""17"":6025,""18"":-7947,""19"":9341,""20"":-9847,""21"":9343,""22"":-7958,""23"":6043,""24"":-4043,""25"":2344,""26"":-1151,""27"":463,""28"":-145,""29"":32,""30"":-4,""35"":1,""36"":1,""37"":1,""38"":3,""39"":3,""40"":2,""41"":3,""42"":3,""43"":1,""44"":1,""45"":1}","{""0"":1,""1"":-2,""2"":11,""3"":-18,""4"":53,""5"":-72,""6"":148,""7"":-168,""8"":266,""9"":-252,""10"":318,""11"":-220,""12"":121,""13"":295,""14"":-1003,""15"":2272,""16"":-3990,""17"":6025,""18"":-7947,""19"":9341,""20"":-9847,""21"":9343,""22"":-7958,""23"":6043,""24"":-4043,""25"":2344,""26"":-1151,""27"":463,""28"":-145,""29"":32,""30"":-4,""35"":1,""36"":1,""37"":1,""38"":3,""39"":3,""40"":2,""41"":3,""42"":3,""43"":1,""44"":1,""45"":1}",8003efc23861c0cd4ece2f771c34741e724a69578ebf5752c822b9ff63c98ae4,8003efc23861c0cd4ece2f771c34741e724a69578ebf5752c822b9ff63c98ae4,True,success
BLBLB,exhaustive,5,2,0,3,"{""0"":1,""1"":-3,""2"":14,""3"":-31,""4"":82,""5"":-143,""6"":273,""7"":-388,""8"":582,""9"":-686,""10"":832,""11"":-758,""12"":518,""13"":389,""14"":-2211,""15"":5564,""16"":-10479,""17"":16702,""18"":-23183,""19"":28634,""20"":-31741,""21"":31752,""22"":-28664,""23"":23265,""24"":-16845,""25"":10752,""26"":-5952,""27"":2793,""28"":-1075,""29"":322,""30"":-68,""31"":8,""33"":-1,""34"":-1,""35"":-1,""36"":-4,""37"":-4,""38"":-3,""39"":-6,""40"":-6,""41"":-3,""42"":-4,""43"":-4,""44"":-1,""45"":-1,""46"":-1}","{""0"":1,""1"":-3,""2"":14,""3"":-31,""4"":82,""5"":-143,""6"":273,""7"":-388,""8"":582,""9"":-686,""10"":832,""11"":-758,""12"":518,""13"":389,""14"":-2211,""15"":5564,""16"":-10479,""17"":16702,""18"":-23183,""19"":28634,""20"":-31741,""21"":31752,""22"":-28664,""23"":23265,""24"":-16845,""25"":10752,""26"":-5952,""27"":2793,""28"":-1075,""29"":322,""30"":-68,""31"":8,""33"":-1,""34"":-1,""35"":-1,""36"":-4,""37"":-4,""38"":-3,""39"":-6,""40"":-6,""41"":-3,""42"":-4,""43"":-4,""44"":-1,""45"":-1,""46"":-1}",6c1ff1c72591a85d109dcdeeaff5e480840351c06a4bebd378c49e386f0b84a7,6c1ff1c72591a85d109dcdeeaff5e480840351c06a4bebd378c49e386f0b84a7,True,success
BLBLD,exhaustive,5,2,1,2,"{""0"":1,""1"":-2,""2"":11,""3"":-18,""4"":53,""5"":-72,""6"":148,""7"":-168,""8"":266,""9"":-252,""10"":318,""11"":-220,""12"":121,""13"":295,""14"":-1003,""15"":2272,""16"":-3990,""17"":6025,""18"":-7947,""19"":9341,""20"":-9847,""21"":9343,""22"":-7958,""23"":6043,""24"":-4043,""25"":2344,""26"":-1151,""27"":463,""28"":-145,""29"":32,""30"":-4,""35"":1,""36"":1,""37"":1,""38"":3,""39"":3,""40"":2,""41"":3,""42"":3,""43"":1,""44"":1,""45"":1}","{""0"":1,""1"":-2,""2"":11,""3"":-18,""4"":53,""5"":-72,""6"":148,""7"":-168,""8"":266,""9"":-252,""10"":318,""11"":-220,""12"":121,""13"":295,""14"":-1003,""15"":2272,""16"":-3990,""17"":6025,""18"":-7947,""19"":9341,""20"":-9847,""21"":9343,""22"":-7958,""23"":6043,""24"":-4043,""25"":2344,""26"":-1151,""27"":463,""28"":-145,""29"":32,""30"":-4,""35"":1,""36"":1,""37"":1,""38"":3,""39"":3,""40"":2,""41"":3,""42"":3,""43"":1,""44"":1,""45"":1}",8003efc23861c0cd4ece2f771c34741e724a69578ebf5752c822b9ff63c98ae4,8003efc23861c0cd4ece2f771c34741e724a69578ebf5752c822b9ff63c98ae4,True,success
BLBLL,exhaustive,5,3,0,2,"{""0"":1,""1"":-2,""2"":12,""3"":-20,""4"":64,""5"":-90,""6"":201,""7"":-240,""8"":414,""9"":-420,""10"":584,""11"":-468,""12"":407,""13"":220,""14"":-1345,""15"":3718,""16"":-7337,""17"":12340,""18"":-17980,""19"":23324,""20"":-27137,""21"":28532,""22"":-27148,""23"":23344,""24"":-18044,""25"":12430,""26"":-7538,""27"":3958,""28"":-1759,""29"":640,""30"":-181,""31"":36,""32"":-4,""36"":-1,""37"":-1,""38"":-1,""39"":-3,""40"":-3,""41"":-2,""42"":-3,""43"":-3,""44"":-1,""45"":-1,""46"":-1}","{""0"":1,""1"":-2,""2"":12,""3"":-20,""4"":64,""5"":-90,""6"":201,""7"":-240,""8"":414,""9"":-420,""10"":584,""11"":-468,""12"":407,""13"":220,""14"":-1345,""15"":3718,""16"":-7337,""17"":12340,""18"":-17980,""19"":23324,""20"":-27137,""21"":28532,""22"":-27148,""23"":23344,""24"":-18044,""25"":12430,""26"":-7538,""27"":3958,""28"":-1759,""29"":640,""30"":-181,""31"":36,""32"":-4,""36"":-1,""37"":-1,""38"":-1,""39"":-3,""40"":-3,""41"":-2,""42"":-3,""43"":-3,""44"":-1,""45"":-1,""46"":-1}",2c4916a0fa79a88fedf407ca7cdb3c08c35b9e82c0587cd8dfd891959694ba85,2c4916a0fa79a88fedf407ca7cdb3c08c35b9e82c0587cd8dfd891959694ba85,True,success
BLDBB,exhaustive,5,1,1,3,"{""0"":1,""1"":-3,""2"":13,""3"":-28,""4"":69,""5"":-115,""6"":204,""7"":-273,""8"":378,""9"":-413,""10"":454,""11"":-353,""12"":124,""13"":488,""14"":-1574,""15"":3298,""16"":-5492,""17"":7843,""18"":-9820,""19"":10958,""20"":-10960,""21"":9833,""22"":-7871,""23"":5561,""24"":-3413,""25"":1778,""26"":-761,""27"":254,""28"":-60,""29"":8,""32"":1,""33"":1,""34"":1,""35"":4,""36"":4,""37"":3,""38"":6,""39"":6,""40"":3,""41"":4,""42"":4,""43"":1,""44"":1,""45"":1}","{""0"":1,""1"":-3,""2"":13,""3"":-28,""4"":69,""5"":-115,""6"":204,""7"":-273,""8"":378,""9"":-413,""10"":454,""11"":-353,""12"":124,""13"":488,""14"":-1574,""15"":3298,""16"":-5492,""17"":7843,""18"":-9820,""19"":10958,""20"":-10960,""21"":9833,""22"":-7871,""23"":5561,""24"":-3413,""25"":1778,""26"":-761,""27"":254,""28"":-60,""29"":8,""32"":1,""33"":1,""34"":1,""35"":4,""36"":4,""37"":3,""38"":6,""39"":6,""40"":3,""41"":4,""42"":4,""43"":1,""44"":1,""45"":1}",e3c771a79e8953f971ae7d12611944abd728a435f411362147b1066795cf03ac,e3c771a79e8953f971ae7d12611944abd728a435f411362147b1066795cf03ac,True,success
BLDBD,exhaustive,5,1,2,2,"{""0"":1,""1"":-2,""2"":10,""3"":-16,""4"":43,""5"":-56,""6"":105,""7"":-112,""8"":161,""9"":-140,""10"":157,""11"":-84,""12"":-8,""13"":266,""14"":-673,""15"":1290,""16"":-2011,""17"":2714,""18"":-3220,""19"":3406,""20"":-3221,""21"":2716,""22"":-2021,""23"":1306,""24"":-716,""25"":322,""26"":-113,""27"":28,""28"":-4,""34"":-1,""35"":-1,""36"":-1,""37"":-3,""38"":-3,""39"":-2,""40"":-3,""41"":-3,""42"":-1,""43"":-1,""44"":-1}","{""0"":1,""1"":-2,""2"":10,""3"":-16,""4"":43,""5"":-56,""6"":105,""7"":-112,""8"":161,""9"":-140,""10"":157,""11"":-84,""12"":-8,""13"":266,""14"":-673,""15"":1290,""16"":-2011,""17"":2714,""18"":-3220,""19"":3406,""20"":-3221,""21"":2716,""22"":-2021,""23"":1306,""24"":-716,""25"":322,""26"":-113,""27"":28,""28"":-4,""34"":-1,""35"":-1,""36"":-1,""37"":-3,""38"":-3,""39"":-2,""40"":-3,""41"":-3,""42"":-1,""43"":-1,""44"":-1}",7aaae2bbadb605437aa6c86c015aa886cbfe01d32496652815a1ed523411cfa0,7aaae2bbadb605437aa6c86c015aa886cbfe01d32496652815a1ed523411cfa0,True,success
BLDBL,exhaustive,5,2,1,2,"{""0"":1,""1"":-2,""2"":11,""3"":-18,""4"":53,""5"":-72,""6"":148,""7"":-168,""8"":266,""9"":-252,""10"":318,""11"":-220,""12"":121,""13"":295,""14"":-1003,""15"":2272,""16"":-3990,""17"":6025,""18"":-7947,""19"":9341,""20"":-9847,""21"":9343,""22"":-7958,""23"":6043,""24"":-4043,""25"":2344,""26"":-1151,""27"":463,""28"":-145,""29"":32,""30"":-4,""35"":1,""36"":1,""37"":1,""38"":3,""39"":3,""40"":2,""41"":3,""42"":3,""43"":1,""44"":1,""45"":1}","{""0"":1,""1"":-2,""2"":11,""3"":-18,""4"":53,""5"":-72,""6"":148,""7"":-168,""8"":266,""9"":-252,""10"":318,""11"":-220,""12"":121,""13"":295,""14"":-1003,""15"":2272,""16"":-3990,""17"":6025,""18"":-7947,""19"":9341,""20"":-9847,""21"":9343,""22"":-7958,""23"":6043,""24"":-4043,""25"":2344,""26"":-1151,""27"":463,""28"":-145,""29"":32,""30"":-4,""35"":1,""36"":1,""37"":1,""38"":3,""39"":3,""40"":2,""41"":3,""42"":3,""43"":1,""44"":1,""45"":1}",8003efc23861c0cd4ece2f771c34741e724a69578ebf5752c822b9ff63c98ae4,8003efc23861c0cd4ece2f771c34741e724a69578ebf5752c822b9ff63c98ae4,True,success
BLDDB,exhaustive,5,1,2,2,"{""0"":1,""1"":-2,""2"":10,""3"":-16,""4"":43,""5"":-56,""6"":105,""7"":-112,""8"":161,""9"":-140,""10"":157,""11"":-84,""12"":-8,""13"":266,""14"":-673,""15"":1290,""16"":-2011,""17"":2714,""18"":-3220,""19"":3406,""20"":-3221,""21"":2716,""22"":-2021,""23"":1306,""24"":-716,""25"":322,""26"":-113,""27"":28,""28"":-4,""34"":-1,""35"":-1,""36"":-1,""37"":-3,""38"":-3,""39"":-2,""40"":-3,""41"":-3,""42"":-1,""43"":-1,""44"":-1}","{""0"":1,""1"":-2,""2"":10,""3"":-16,""4"":43,""5"":-56,""6"":105,""7"":-112,""8"":161,""9"":-140,""10"":157,""11"":-84,""12"":-8,""13"":266,""14"":-673,""15"":1290,""16"":-2011,""17"":2714,""18"":-3220,""19"":3406,""20"":-3221,""21"":2716,""22"":-2021,""23"":1306,""24"":-716,""25"":322,""26"":-113,""27"":28,""28"":-4,""34"":-1,""35"":-1,""36"":-1,""37"":-3,""38"":-3,""39"":-2,""40"":-3,""41"":-3,""42"":-1,""43"":-1,""44"":-1}",7aaae2bbadb605437aa6c86c015aa886cbfe01d32496652815a1ed523411cfa0,7aaae2bbadb605437aa6c86c015aa886cbfe01d32496652815a1ed523411cfa0,True,success
BLDDD,exhaustive,5,1,3,1,"{""0"":1,""1"":-1,""2"":8,""3"":-7,""4"":28,""5"":-21,""6"":56,""7"":-35,""8"":70,""9"":-35,""10"":54,""11"":-8,""12"":-22,""13"":128,""14"":-277,""15"":491,""16"":-720,""17"":917,""18"":-1030,""19"":1030,""20"":-917,""21"":721,""22"":-492,""23"":285,""24"":-135,""25"":50,""26"":-13,""27"":2,""36"":1,""37"":1,""38"":1,""39"":2,""40"":2,""41"":1,""42"":1,""43"":1}","{""0"":1,""1"":-1,""2"":8,""3"":-7,""4"":28,""5"":-21,""6"":56,""7"":-35,""8"":70,""9"":-35,""10"":54,""11"":-8,""12"":-22,""13"":128,""14"":-277,""15"":491,""16"":-720,""17"":917,""18"":-1030,""19"":1030,""20"":-917,""21"":721,""22"":-492,""23"":285,""24"":-135,""25"":50,""26"":-13,""27"":2,""36"":1,""37"":1,""38"":1,""39"":2,""40"":2,""41"":1,""42"":1,""43"":1}",e42bf361ead4d8ada0e612878362a095ce5a888bc0249114e634f2124aca92e1,e42bf361ead4d8ada0e612878362a095ce5a888bc0249114e634f2124aca92e1,True,success
BLDDL,exhaustive,5,2,2,1,"{""0"":1,""1"":-1,""2"":9,""3"":-8,""4"":36,""5"":-28,""6"":84,""7"":-56,""8"":126,""9"":-70,""10"":124,""11"":-41,""12"":19,""13"":170,""14"":-434,""15"":904,""16"":-1489,""17"":2129,""18"":-2667,""19"":2977,""20"":-2977,""21"":2668,""22"":-2130,""23"":1498,""24"":-912,""25"":470,""26"":-198,""27"":65,""28"":-15,""29"":2,""37"":-1,""38"":-1,""39"":-1,""40"":-2,""41"":-2,""42"":-1,""43"":-1,""44"":-1}","{""0"":1,""1"":-1,""2"":9,""3"":-8,""4"":36,""5"":-28,""6"":84,""7"":-56,""8"":126,""9"":-70,""10"":124,""11"":-41,""12"":19,""13"":170,""14"":-434,""15"":904,""16"":-1489,""17"":2129,""18"":-2667,""19"":2977,""20"":-2977,""21"":2668,""22"":-2130,""23"":1498,""24"":-912,""25"":470,""26"":-198,""27"":65,""28"":-15,""29"":2,""37"":-1,""38"":-1,""39"":-1,""40"":-2,""41"":-2,""42"":-1,""43"":-1,""44"":-1}",ca45ad9da96dc2852d31f5697e0e9da499bd1d6f7d4d36873ce99b3389c9ed23,ca45ad9da96dc2852d31f5697e0e9da499bd1d6f7d4d36873ce99b3389c9ed23,True,success
BLDLB,exhaustive,5,2,1,2,"{""0"":1,""1"":-2,""2"":11,""3"":-18,""4"":53,""5"":-72,""6"":148,""7"":-168,""8"":266,""9"":-252,""10"":318,""11"":-220,""12"":121,""13"":295,""14"":-1003,""15"":2272,""16"":-3990,""17"":6025,""18"":-7947,""19"":9341,""20"":-9847,""21"":9343,""22"":-7958,""23"":6043,""24"":-4043,""25"":2344,""26"":-1151,""27"":463,""28"":-145,""29"":32,""30"":-4,""35"":1,""36"":1,""37"":1,""38"":3,""39"":3,""40"":2,""41"":3,""42"":3,""43"":1,""44"":1,""45"":1}","{""0"":1,""1"":-2,""2"":11,""3"":-18,""4"":53,""5"":-72,""6"":148,""7"":-168,""8"":266,""9"":-252,""10"":318,""11"":-220,""12"":121,""13"":295,""14"":-1003,""15"":2272,""16"":-3990,""17"":6025,""18"":-7947,""19"":9341,""20"":-9847,""21"":9343,""22"":-7958,""23"":6043,""24"":-4043,""25"":2344,""26"":-1151,""27"":463,""28"":-145,""29"":32,""30"":-4,""35"":1,""36"":1,""37"":1,""38"":3,""39"":3,""40"":2,""41"":3,""42"":3,""43"":1,""44"":1,""45"":1}",8003efc23861c0cd4ece2f771c34741e724a69578ebf5752c822b9ff63c98ae4,8003efc23861c0cd4ece2f771c34741e724a69578ebf5752c822b9ff63c98ae4,True,success
BLDLD,exhaustive,5,2,2,1,"{""0"":1,""1"":-1,""2"":9,""3"":-8,""4"":36,""5"":-28,""6"":84,""7"":-56,""8"":126,""9"":-70,""10"":124,""11"":-41,""12"":19,""13"":170,""14"":-434,""15"":904,""16"":-1489,""17"":2129,""18"":-2667,""19"":2977,""20"":-2977,""21"":2668,""22"":-2130,""23"":1498,""24"":-912,""25"":470,""26"":-198,""27"":65,""28"":-15,""29"":2,""37"":-1,""38"":-1,""39"":-1,""40"":-2,""41"":-2,""42"":-1,""43"":-1,""44"":-1}","{""0"":1,""1"":-1,""2"":9,""3"":-8,""4"":36,""5"":-28,""6"":84,""7"":-56,""8"":126,""9"":-70,""10"":124,""11"":-41,""12"":19,""13"":170,""14"":-434,""15"":904,""16"":-1489,""17"":2129,""18"":-2667,""19"":2977,""20"":-2977,""21"":2668,""22"":-2130,""23"":1498,""24"":-912,""25"":470,""26"":-198,""27"":65,""28"":-15,""29"":2,""37"":-1,""38"":-1,""39"":-1,""40"":-2,""41"":-2,""42"":-1,""43"":-1,""44"":-1}",ca45ad9da96dc2852d31f5697e0e9da499bd1d6f7d4d36873ce99b3389c9ed23,ca45ad9da96dc2852d31f5697e0e9da499bd1d6f7d4d36873ce99b3389c9ed23,True,success
BLDLL,exhaustive,5,3,1,1,"{""0"":1,""1"":-1,""2"":10,""3"":-9,""4"":45,""5"":-36,""6"":120,""7"":-84,""8"":210,""9"":-126,""10"":250,""11"":-109,""12"":128,""13"":194,""14"":-613,""15"":1544,""16"":-2835,""17"":4531,""18"":-6286,""19"":7774,""20"":-8621,""21"":8622,""22"":-7775,""23"":6296,""24"":-4540,""25"":2880,""26"":-1580,""27"":733,""28"":-278,""29"":82,""30"":-17,""31"":2,""38"":1,""39"":1,""40"":1,""41"":2,""42"":2,""43"":1,""44"":1,""45"":1}","{""0"":1,""1"":-1,""2"":10,""3"":-9,""4"":45,""5"":-36,""6"":120,""7"":-84,""8"":210,""9"":-126,""10"":250,""11"":-109,""12"":128,""13"":194,""14"":-613,""15"":1544,""16"":-2835,""17"":4531,""18"":-6286,""19"":7774,""20"":-8621,""21"":8622,""22"":-7775,""23"":6296,""24"":-4540,""25"":2880,""26"":-1580,""27"":733,""28"":-278,""29"":82,""30"":-17,""31"":2,""38"":1,""39"":1,""40"":1,""41"":2,""42"":2,""43"":1,""44"":1,""45"":1}",19681d5d09a777c5e4e4c559ebed44ddb53c37a758c74c6189662ddcfed4c81d,19681d5d09a777c5e4e4c559ebed44ddb53c37a758c74c6189662ddcfed4c81d,True,success
BLLBB,exhaustive,5,2,0,3,"{""0"":1,""1"":-3,""2"":14,""3"":-31,""4"":82,""5"":-143,""6"":273,""7"":-388,""8"":582,""9"":-686,""10"":832,""11"":-758,""12"":518,""13"":389,""14"":-2211,""15"":5564,""16"":-10479,""17"":16702,""18"":-23183,""19"":28634,""20"":-31741,""21"":31752,""22"":-28664,""23"":23265,""24"":-16845,""25"":10752,""26"":-5952,""27"":2793,""28"":-1075,""29"":322,""30"":-68,""31"":8,""33"":-1,""34"":-1,""35"":-1,""36"":-4,""37"":-4,""38"":-3,""39"":-6,""40"":-6,""41"":-3,""42"":-4,""43"":-4,""44"":-1,""45"":-1,""46"":-1}","{""0"":1,""1"":-3,""2"":14,""3"":-31,""4"":82,""5"":-143,""6"":273,""7"":-388,""8"":582,""9"":-686,""10"":832,""11"":-758,""12"":518,""13"":389,""14"":-2211,""15"":5564,""16"":-10479,""17"":16702,""18"":-23183,""19"":28634,""20"":-31741,""21"":31752,""22"":-28664,""23"":23265,""24"":-16845,""25"":10752,""26"":-5952,""27"":2793,""28"":-1075,""29"":322,""30"":-68,""31"":8,""33"":-1,""34"":-1,""35"":-1,""36"":-4,""37"":-4,""38"":-3,""39"":-6,""40"":-6,""41"":-3,""42"":-4,""43"":-4,""44"":-1,""45"":-1,""46"":-1}",6c1ff1c72591a85d109dcdeeaff5e480840351c06a4bebd378c49e386f0b84a7,6c1ff1c72591a85d109dcdeeaff5e480840351c06a4bebd378c49e386f0b84a7,True,success
BLLBD,exhaustive,5,2,1,2,"{""0"":1,""1"":-2,""2"":11,""3"":-18,""4"":53,""5"":-72,""6"":148,""7"":-168,""8"":266,""9"":-252,""10"":318,""11"":-220,""12"":121,""13"":295,""14"":-1003,""15"":2272,""16"":-3990,""17"":6025,""18"":-7947,""19"":9341,""20"":-9847,""21"":9343,""22"":-7958,""23"":6043,""24"":-4043,""25"":2344,""26"":-1151,""27"":463,""28"":-145,""29"":32,""30"":-4,""35"":1,""36"":1,""37"":1,""38"":3,""39"":3,""40"":2,""41"":3,""42"":3,""43"":1,""44"":1,""45"":1}","{""0"":1,""1"":-2,""2"":11,""3"":-18,""4"":53,""5"":-72,""6"":148,""7"":-168,""8"":266,""9"":-252,""10"":318,""11"":-220,""12"":121,""13"":295,""14"":-1003,""15"":2272,""16"":-3990,""17"":6025,""18"":-7947,""19"":9341,""20"":-9847,""21"":9343,""22"":-7958,""23"":6043,""24"":-4043,""25"":2344,""26"":-1151,""27"":463,""28"":-145,""29"":32,""30"":-4,""35"":1,""36"":1,""37"":1,""38"":3,""39"":3,""40"":2,""41"":3,""42"":3,""43"":1,""44"":1,""45"":1}",8003efc23861c0cd4ece2f771c34741e724a69578ebf5752c822b9ff63c98ae4,8003efc23861c0cd4ece2f771c34741e724a69578ebf5752c822b9ff63c98ae4,True,success
BLLBL,exhaustive,5,3,0,2,"{""0"":1,""1"":-2,""2"":12,""3"":-20,""4"":64,""5"":-90,""6"":201,""7"":-240,""8"":414,""9"":-420,""10"":584,""11"":-468,""12"":407,""13"":220,""14"":-1345,""15"":3718,""16"":-7337,""17"":12340,""18"":-17980,""19"":23324,""20"":-27137,""21"":28532,""22"":-27148,""23"":23344,""24"":-18044,""25"":12430,""26"":-7538,""27"":3958,""28"":-1759,""29"":640,""30"":-181,""31"":36,""32"":-4,""36"":-1,""37"":-1,""38"":-1,""39"":-3,""40"":-3,""41"":-2,""42"":-3,""43"":-3,""44"":-1,""45"":-1,""46"":-1}","{""0"":1,""1"":-2,""2"":12,""3"":-20,""4"":64,""5"":-90,""6"":201,""7"":-240,""8"":414,""9"":-420,""10"":584,""11"":-468,""12"":407,""13"":220,""14"":-1345,""15"":3718,""16"":-7337,""17"":12340,""18"":-17980,""19"":23324,""20"":-27137,""21"":28532,""22"":-27148,""23"":23344,""24"":-18044,""25"":12430,""26"":-7538,""27"":3958,""28"":-1759,""29"":640,""30"":-181,""31"":36,""32"":-4,""36"":-1,""37"":-1,""38"":-1,""39"":-3,""40"":-3,""41"":-2,""42"":-3,""43"":-3,""44"":-1,""45"":-1,""46"":-1}",2c4916a0fa79a88fedf407ca7cdb3c08c35b9e82c0587cd8dfd891959694ba85,2c4916a0fa79a88fedf407ca7cdb3c08c35b9e82c0587cd8dfd891959694ba85,True,success
BLLDB,exhaustive,5,2,1,2,"{""0"":1,""1"":-2,""2"":11,""3"":-18,""4"":53,""5"":-72,""6"":148,""7"":-168,""8"":266,""9"":-252,""10"":318,""11"":-220,""12"":121,""13"":295,""14"":-1003,""15"":2272,""16"":-3990,""17"":6025,""18"":-7947,""19"":9341,""20"":-9847,""21"":9343,""22"":-7958,""23"":6043,""24"":-4043,""25"":2344,""26"":-1151,""27"":463,""28"":-145,""29"":32,""30"":-4,""35"":1,""36"":1,""37"":1,""38"":3,""39"":3,""40"":2,""41"":3,""42"":3,""43"":1,""44"":1,""45"":1}","{""0"":1,""1"":-2,""2"":11,""3"":-18,""4"":53,""5"":-72,""6"":148,""7"":-168,""8"":266,""9"":-252,""10"":318,""11"":-220,""12"":121,""13"":295,""14"":-1003,""15"":2272,""16"":-3990,""17"":6025,""18"":-7947,""19"":9341,""20"":-9847,""21"":9343,""22"":-7958,""23"":6043,""24"":-4043,""25"":2344,""26"":-1151,""27"":463,""28"":-145,""29"":32,""30"":-4,""35"":1,""36"":1,""37"":1,""38"":3,""39"":3,""40"":2,""41"":3,""42"":3,""43"":1,""44"":1,""45"":1}",8003efc23861c0cd4ece2f771c34741e724a69578ebf5752c822b9ff63c98ae4,8003efc23861c0cd4ece2f771c34741e724a69578ebf5752c822b9ff63c98ae4,True,success
BLLDD,exhaustive,5,2,2,1,"{""0"":1,""1"":-1,""2"":9,""3"":-8,""4"":36,""5"":-28,""6"":84,""7"":-56,""8"":126,""9"":-70,""10"":124,""11"":-41,""12"":19,""13"":170,""14"":-434,""15"":904,""16"":-1489,""17"":2129,""18"":-2667,""19"":2977,""20"":-2977,""21"":2668,""22"":-2130,""23"":1498,""24"":-912,""25"":470,""26"":-198,""27"":65,""28"":-15,""29"":2,""37"":-1,""38"":-1,""39"":-1,""40"":-2,""41"":-2,""42"":-1,""43"":-1,""44"":-1}","{""0"":1,""1"":-1,""2"":9,""3"":-8,""4"":36,""5"":-28,""6"":84,""7"":-56,""8"":126,""9"":-70,""10"":124,""11"":-41,""12"":19,""13"":170,""14"":-434,""15"":904,""16"":-1489,""17"":2129,""18"":-2667,""19"":2977,""20"":-2977,""21"":2668,""22"":-2130,""23"":1498,""24"":-912,""25"":470,""26"":-198,""27"":65,""28"":-15,""29"":2,""37"":-1,""38"":-1,""39"":-1,""40"":-2,""41"":-2,""42"":-1,""43"":-1,""44"":-1}",ca45ad9da96dc2852d31f5697e0e9da499bd1d6f7d4d36873ce99b3389c9ed23,ca45ad9da96dc2852d31f5697e0e9da499bd1d6f7d4d36873ce99b3389c9ed23,True,success
BLLDL,exhaustive,5,3,1,1,"{""0"":1,""1"":-1,""2"":10,""3"":-9,""4"":45,""5"":-36,""6"":120,""7"":-84,""8"":210,""9"":-126,""10"":250,""11"":-109,""12"":128,""13"":194,""14"":-613,""15"":1544,""16"":-2835,""17"":4531,""18"":-6286,""19"":7774,""20"":-8621,""21"":8622,""22"":-7775,""23"":6296,""24"":-4540,""25"":2880,""26"":-1580,""27"":733,""28"":-278,""29"":82,""30"":-17,""31"":2,""38"":1,""39"":1,""40"":1,""41"":2,""42"":2,""43"":1,""44"":1,""45"":1}","{""0"":1,""1"":-1,""2"":10,""3"":-9,""4"":45,""5"":-36,""6"":120,""7"":-84,""8"":210,""9"":-126,""10"":250,""11"":-109,""12"":128,""13"":194,""14"":-613,""15"":1544,""16"":-2835,""17"":4531,""18"":-6286,""19"":7774,""20"":-8621,""21"":8622,""22"":-7775,""23"":6296,""24"":-4540,""25"":2880,""26"":-1580,""27"":733,""28"":-278,""29"":82,""30"":-17,""31"":2,""38"":1,""39"":1,""40"":1,""41"":2,""42"":2,""43"":1,""44"":1,""45"":1}",19681d5d09a777c5e4e4c559ebed44ddb53c37a758c74c6189662ddcfed4c81d,19681d5d09a777c5e4e4c559ebed44ddb53c37a758c74c6189662ddcfed4c81d,True,success
BLLLB,exhaustive,5,3,0,2,"{""0"":1,""1"":-2,""2"":12,""3"":-20,""4"":64,""5"":-90,""6"":201,""7"":-240,""8"":414,""9"":-420,""10"":584,""11"":-468,""12"":407,""13"":220,""14"":-1345,""15"":3718,""16"":-7337,""17"":12340,""18"":-17980,""19"":23324,""20"":-27137,""21"":28532,""22"":-27148,""23"":23344,""24"":-18044,""25"":12430,""26"":-7538,""27"":3958,""28"":-1759,""29"":640,""30"":-181,""31"":36,""32"":-4,""36"":-1,""37"":-1,""38"":-1,""39"":-3,""40"":-3,""41"":-2,""42"":-3,""43"":-3,""44"":-1,""45"":-1,""46"":-1}","{""0"":1,""1"":-2,""2"":12,""3"":-20,""4"":64,""5"":-90,""6"":201,""7"":-240,""8"":414,""9"":-420,""10"":584,""11"":-468,""12"":407,""13"":220,""14"":-1345,""15"":3718,""16"":-7337,""17"":12340,""18"":-17980,""19"":23324,""20"":-27137,""21"":28532,""22"":-27148,""23"":23344,""24"":-18044,""25"":12430,""26"":-7538,""27"":3958,""28"":-1759,""29"":640,""30"":-181,""31"":36,""32"":-4,""36"":-1,""37"":-1,""38"":-1,""39"":-3,""40"":-3,""41"":-2,""42"":-3,""43"":-3,""44"":-1,""45"":-1,""46"":-1}",2c4916a0fa79a88fedf407ca7cdb3c08c35b9e82c0587cd8dfd891959694ba85,2c4916a0fa79a88fedf407ca7cdb3c08c35b9e82c0587cd8dfd891959694ba85,True,success
BLLLD,exhaustive,5,3,1,1,"{""0"":1,""1"":-1,""2"":10,""3"":-9,""4"":45,""5"":-36,""6"":120,""7"":-84,""8"":210,""9"":-126,""10"":250,""11"":-109,""12"":128,""13"":194,""14"":-613,""15"":1544,""16"":-2835,""17"":4531,""18"":-6286,""19"":7774,""20"":-8621,""21"":8622,""22"":-7775,""23"":6296,""24"":-4540,""25"":2880,""26"":-1580,""27"":733,""28"":-278,""29"":82,""30"":-17,""31"":2,""38"":1,""39"":1,""40"":1,""41"":2,""42"":2,""43"":1,""44"":1,""45"":1}","{""0"":1,""1"":-1,""2"":10,""3"":-9,""4"":45,""5"":-36,""6"":120,""7"":-84,""8"":210,""9"":-126,""10"":250,""11"":-109,""12"":128,""13"":194,""14"":-613,""15"":1544,""16"":-2835,""17"":4531,""18"":-6286,""19"":7774,""20"":-8621,""21"":8622,""22"":-7775,""23"":6296,""24"":-4540,""25"":2880,""26"":-1580,""27"":733,""28"":-278,""29"":82,""30"":-17,""31"":2,""38"":1,""39"":1,""40"":1,""41"":2,""42"":2,""43"":1,""44"":1,""45"":1}",19681d5d09a777c5e4e4c559ebed44ddb53c37a758c74c6189662ddcfed4c81d,19681d5d09a777c5e4e4c559ebed44ddb53c37a758c74c6189662ddcfed4c81d,True,success
BLLLL,exhaustive,5,4,0,1,"{""0"":1,""1"":-1,""2"":11,""3"":-10,""4"":55,""5"":-45,""6"":165,""7"":-120,""8"":330,""9"":-210,""10"":460,""11"":-233,""12"":361,""13"":167,""14"":-763,""15"":2471,""16"":-5028,""17"":8955,""18"":-13661,""19"":18601,""20"":-22682,""21"":25018,""22"":-25018,""23"":22693,""24"":-18611,""25"":13716,""26"":-9000,""27"":5193,""28"":-2591,""29"":1093,""30"":-377,""31"":101,""32"":-19,""33"":2,""39"":-1,""40"":-1,""41"":-1,""42"":-2,""43"":-2,""44"":-1,""45"":-1,""46"":-1}","{""0"":1,""1"":-1,""2"":11,""3"":-10,""4"":55,""5"":-45,""6"":165,""7"":-120,""8"":330,""9"":-210,""10"":460,""11"":-233,""12"":361,""13"":167,""14"":-763,""15"":2471,""16"":-5028,""17"":8955,""18"":-13661,""19"":18601,""20"":-22682,""21"":25018,""22"":-25018,""23"":22693,""24"":-18611,""25"":13716,""26"":-9000,""27"":5193,""28"":-2591,""29"":1093,""30"":-377,""31"":101,""32"":-19,""33"":2,""39"":-1,""40"":-1,""41"":-1,""42"":-2,""43"":-2,""44"":-1,""45"":-1,""46"":-1}",c995e65460447028b5b5f194a0791fc108e8c3fdb158fa624bd4a89a9b8a58c7,c995e65460447028b5b5f194a0791fc108e8c3fdb158fa624bd4a89a9b8a58c7,True,success
DBBBB,exhaustive,5,0,1,4,"{""0"":1,""1"":-4,""2"":16,""3"":-40,""4"":94,""5"":-172,""6"":294,""7"":-420,""8"":561,""9"":-644,""10"":676,""11"":-532,""12"":121,""13"":812,""14"":-2403,""15"":4697,""16"":-7390,""17"":9979,""18"":-11847,""19"":12532,""20"":-11862,""21"":10019,""22"":-7484,""23"":4869,""24"":-2697,""25"":1232,""26"":-440,""27"":112,""28"":-16,""29"":1,""30"":1,""31"":1,""32"":5,""33"":5,""34"":4,""35"":10,""36"":10,""37"":6,""38"":10,""39"":10,""40"":4,""41"":5,""42"":5,""43"":1,""44"":1,""45"":1}","{""0"":1,""1"":-4,""2"":16,""3"":-40,""4"":94,""5"":-172,""6"":294,""7"":-420,""8"":561,""9"":-644,""10"":676,""11"":-532,""12"":121,""13"":812,""14"":-2403,""15"":4697,""16"":-7390,""17"":9979,""18"":-11847,""19"":12532,""20"":-11862,""21"":10019,""22"":-7484,""23"":4869,""24"":-2697,""25"":1232,""26"":-440,""27"":112,""28"":-16,""29"":1,""30"":1,""31"":1,""32"":5,""33"":5,""34"":4,""35"":10,""36"":10,""37"":6,""38"":10,""39"":10,""40"":4,""41"":5,""42"":5,""43"":1,""44"":1,""45"":1}",175bb5d2c4fc4745e43c4f1c5061b4f1014d4453211268f97062841c643ffa89,175bb5d2c4fc4745e43c4f1c5061b4f1014d4453211268f97062841c643ffa89,True,success
DBBBD,exhaustive,5,0,2,3,"{""0"":1,""1"":-3,""2"":12,""3"":-25,""4"":57,""5"":-90,""6"":147,""7"":-183,""8"":231,""9"":-230,""10"":223,""11"":-131,""12"":-47,""13"":425,""14"":-1012,""15"":1804,""16"":-2651,""17"":3376,""18"":-3790,""19"":3791,""20"":-3379,""21"":2663,""22"":-1829,""23"":1069,""24"":-515,""25"":194,""26"":-52,""27"":8,""31"":-1,""32"":-1,""33"":-1,""34"":-4,""35"":-4,""36"":-3,""37"":-6,""38"":-6,""39"":-3,""40"":-4,""41"":-4,""42"":-1,""43"":-1,""44"":-1}","{""0"":1,""1"":-3,""2"":12,""3"":-25,""4"":57,""5"":-90,""6"":147,""7"":-183,""8"":231,""9"":-230,""10"":223,""11"":-131,""12"":-47,""13"":425,""14"":-1012,""15"":1804,""16"":-2651,""17"":3376,""18"":-3790,""19"":3791,""20"":-3379,""21"":2663,""22"":-1829,""23"":1069,""24"":-515,""25"":194,""26"":-52,""27"":8,""31"":-1,""32"":-1,""33"":-1,""34"":-4,""35"":-4,""36"":-3,""37"":-6,""38"":-6,""39"":-3,""40"":-4,""41"":-4,""42"":-1,""43"":-1,""44"":-1}",d657963e44fb1aa9a0e5dee22738a71267014d3d6d4179be065f3e40f4460a2b,d657963e44fb1aa9a0e5dee22738a71267014d3d6d4179be065f3e40f4460a2b,True,success
DBBBL,exhaustive,5,1,1,3,"{""0"":1,""1"":-3,""2"":13,""3"":-28,""4"":69,""5"":-115,""6"":204,""7"":-273,""8"":378,""9"":-413,""10"":454,""11"":-353,""12"":124,""13"":488,""14"":-1574,""15"":3298,""16"":-5492,""17"":7843,""18"":-9820,""19"":10958,""20"":-10960,""21"":9833,""22"":-7871,""23"":5561,""24"":-3413,""25"":1778,""26"":-761,""27"":254,""28"":-60,""29"":8,""32"":1,""33"":1,""34"":1,""35"":4,""36"":4,""37"":3,""38"":6,""39"":6,""40"":3,""41"":4,""42"":4,""43"":1,""44"":1,""45"":1}","{""0"":1,""1"":-3,""2"":13,""3"":-28,""4"":69,""5"":-115,""6"":204,""7"":-273,""8"":378,""9"":-413,""10"":454,""11"":-353,""12"":124,""13"":488,""14"":-1574,""15"":3298,""16"":-5492,""17"":7843,""18"":-9820,""19"":10958,""20"":-10960,""21"":9833,""22"":-7871,""23"":5561,""24"":-3413,""25"":1778,""26"":-761,""27"":254,""28"":-60,""29"":8,""32"":1,""33"":1,""34"":1,""35"":4,""36"":4,""37"":3,""38"":6,""39"":6,""40"":3,""41"":4,""42"":4,""43"":1,""44"":1,""45"":1}",e3c771a79e8953f971ae7d12611944abd728a435f411362147b1066795cf03ac,e3c771a79e8953f971ae7d12611944abd728a435f411362147b1066795cf03ac,True,success
DBBDB,exhaustive,5,0,2,3,"{""0"":1,""1"":-3,""2"":12,""3"":-25,""4"":57,""5"":-90,""6"":147,""7"":-183,""8"":231,""9"":-230,""10"":223,""11"":-131,""12"":-47,""13"":425,""14"":-1012,""15"":1804,""16"":-2651,""17"":3376,""18"":-3790,""19"":3791,""20"":-3379,""21"":2663,""22"":-1829,""23"":1069,""24"":-515,""25"":194,""26"":-52,""27"":8,""31"":-1,""32"":-1,""33"":-1,""34"":-4,""35"":-4,""36"":-3,""37"":-6,""38"":-6,""39"":-3,""40"":-4,""41"":-4,""42"":-1,""43"":-1,""44"":-1}","{""0"":1,""1"":-3,""2"":12,""3"":-25,""4"":57,""5"":-90,""6"":147,""7"":-183,""8"":231,""9"":-230,""10"":223,""11"":-131,""12"":-47,""13"":425,""14"":-1012,""15"":1804,""16"":-2651,""17"":3376,""18"":-3790,""19"":3791,""20"":-3379,""21"":2663,""22"":-1829,""23"":1069,""24"":-515,""25"":194,""26"":-52,""27"":8,""31"":-1,""32"":-1,""33"":-1,""34"":-4,""35"":-4,""36"":-3,""37"":-6,""38"":-6,""39"":-3,""40"":-4,""41"":-4,""42"":-1,""43"":-1,""44"":-1}",d657963e44fb1aa9a0e5dee22738a71267014d3d6d4179be065f3e40f4460a2b,d657963e44fb1aa9a0e5dee22738a71267014d3d6d4179be065f3e40f4460a2b,True,success
DBBDD,exhaustive,5,0,3,2,"{""0"":1,""1"":-2,""2"":9,""3"":-14,""4"":34,""5"":-42,""6"":71,""7"":-70,""8"":90,""9"":-70,""10"":67,""11"":-18,""12"":-51,""13"":199,""14"":-409,""15"":673,""16"":-927,""17"":1113,""18"":-1180,""19"":1113,""20"":-928,""21"":675,""22"":-418,""23"":213,""24"":-85,""25"":24,""26"":-4,""33"":1,""34"":1,""35"":1,""36"":3,""37"":3,""38"":2,""39"":3,""40"":3,""41"":1,""42"":1,""43"":1}","{""0"":1,""1"":-2,""2"":9,""3"":-14,""4"":34,""5"":-42,""6"":71,""7"":-70,""8"":90,""9"":-70,""10"":67,""11"":-18,""12"":-51,""13"":199,""14"":-409,""15"":673,""16"":-927,""17"":1113,""18"":-1180,""19"":1113,""20"":-928,""21"":675,""22"":-418,""23"":213,""24"":-85,""25"":24,""26"":-4,""33"":1,""34"":1,""35"":1,""36"":3,""37"":3,""38"":2,""39"":3,""40"":3,""41"":1,""42"":1,""43"":1}",b10fb0e8e4d404d26baecdf1d9392a61c4d9e15ee249e7dc8100576cbe2b803a,b10fb0e8e4d404d26baecdf1d9392a61c4d9e15ee249e7dc8100576cbe2b803a,True,success
DBBDL,exhaustive,5,1,2,2,"{""0"":1,""1"":-2,""2"":10,""3"":-16,""4"":43,""5"":-56,""6"":105,""7"":-112,""8"":161,""9"":-140,""10"":157,""11"":-84,""12"":-8,""13"":266,""14"":-673,""15"":1290,""16"":-2011,""17"":2714,""18"":-3220,""19"":3406,""20"":-3221,""21"":2716,""22"":-2021,""23"":1306,""24"":-716,""25"":322,""26"":-113,""27"":28,""28"":-4,""34"":-1,""35"":-1,""36"":-1,""37"":-3,""38"":-3,""39"":-2,""40"":-3,""41"":-3,""42"":-1,""43"":-1,""44"":-1}","{""0"":1,""1"":-2,""2"":10,""3"":-16,""4"":43,""5"":-56,""6"":105,""7"":-112,""8"":161,""9"":-140,""10"":157,""11"":-84,""12"":-8,""13"":266,""14"":-673,""15"":1290,""16"":-2011,""17"":2714,""18"":-3220,""19"":3406,""20"":-3221,""21"":2716,""22"":-2021,""23"":1306,""24"":-716,""25"":322,""26"":-113,""27"":28,""28"":-4,""34"":-1,""35"":-1,""36"":-1,""37"":-3,""38"":-3,""39"":-2,""40"":-3,""41"":-3,""42"":-1,""43"":-1,""44"":-1}",7aaae2bbadb605437aa6c86c015aa886cbfe01d32496652815a1ed523411cfa0,7aaae2bbadb605437aa6c86c015aa886cbfe01d32496652815a1ed523411cfa0,True,success
DBBLB,exhaustive,5,1,1,3,"{""0"":1,""1"":-3,""2"":13,""3"":-28,""4"":69,""5"":-115,""6"":204,""7"":-273,""8"":378,""9"":-413,""10"":454,""11"":-353,""12"":124,""13"":488,""14"":-1574,""15"":3298,""16"":-5492,""17"":7843,""18"":-9820,""19"":10958,""20"":-10960,""21"":9833,""22"":-7871,""23"":5561,""24"":-3413,""25"":1778,""26"":-761,""27"":254,""28"":-60,""29"":8,""32"":1,""33"":1,""34"":1,""35"":4,""36"":4,""37"":3,""38"":6,""39"":6,""40"":3,""41"":4,""42"":4,""43"":1,""44"":1,""45"":1}","{""0"":1,""1"":-3,""2"":13,""3"":-28,""4"":69,""5"":-115,""6"":204,""7"":-273,""8"":378,""9"":-413,""10"":454,""11"":-353,""12"":124,""13"":488,""14"":-1574,""15"":3298,""16"":-5492,""17"":7843,""18"":-9820,""19"":10958,""20"":-10960,""21"":9833,""22"":-7871,""23"":5561,""24"":-3413,""25"":1778,""26"":-761,""27"":254,""28"":-60,""29"":8,""32"":1,""33"":1,""34"":1,""35"":4,""36"":4,""37"":3,""38"":6,""39"":6,""40"":3,""41"":4,""42"":4,""43"":1,""44"":1,""45"":1}",e3c771a79e8953f971ae7d12611944abd728a435f411362147b1066795cf03ac,e3c771a79e8953f971ae7d12611944abd728a435f411362147b1066795cf03ac,True,success
DBBLD,exhaustive,5,1,2,2,"{""0"":1,""1"":-2,""2"":10,""3"":-16,""4"":43,""5"":-56,""6"":105,""7"":-112,""8"":161,""9"":-140,""10"":157,""11"":-84,""12"":-8,""13"":266,""14"":-673,""15"":1290,""16"":-2011,""17"":2714,""18"":-3220,""19"":3406,""20"":-3221,""21"":2716,""22"":-2021,""23"":1306,""24"":-716,""25"":322,""26"":-113,""27"":28,""28"":-4,""34"":-1,""35"":-1,""36"":-1,""37"":-3,""38"":-3,""39"":-2,""40"":-3,""41"":-3,""42"":-1,""43"":-1,""44"":-1}","{""0"":1,""1"":-2,""2"":10,""3"":-16,""4"":43,""5"":-56,""6"":105,""7"":-112,""8"":161,""9"":-140,""10"":157,""11"":-84,""12"":-8,""13"":266,""14"":-673,""15"":1290,""16"":-2011,""17"":2714,""18"":-3220,""19"":3406,""20"":-3221,""21"":2716,""22"":-2021,""23"":1306,""24"":-716,""25"":322,""26"":-113,""27"":28,""28"":-4,""34"":-1,""35"":-1,""36"":-1,""37"":-3,""38"":-3,""39"":-2,""40"":-3,""41"":-3,""42"":-1,""43"":-1,""44"":-1}",7aaae2bbadb605437aa6c86c015aa886cbfe01d32496652815a1ed523411cfa0,7aaae2bbadb605437aa6c86c015aa886cbfe01d32496652815a1ed523411cfa0,True,success
DBBLL,exhaustive,5,2,1,2,"{""0"":1,""1"":-2,""2"":11,""3"":-18,""4"":53,""5"":-72,""6"":148,""7"":-168,""8"":266,""9"":-252,""10"":318,""11"":-220,""12"":121,""13"":295,""14"":-1003,""15"":2272,""16"":-3990,""17"":6025,""18"":-7947,""19"":9341,""20"":-9847,""21"":9343,""22"":-7958,""23"":6043,""24"":-4043,""25"":2344,""26"":-1151,""27"":463,""28"":-145,""29"":32,""30"":-4,""35"":1,""36"":1,""37"":1,""38"":3,""39"":3,""40"":2,""41"":3,""42"":3,""43"":1,""44"":1,""45"":1}","{""0"":1,""1"":-2,""2"":11,""3"":-18,""4"":53,""5"":-72,""6"":148,""7"":-168,""8"":266,""9"":-252,""10"":318,""11"":-220,""12"":121,""13"":295,""14"":-1003,""15"":2272,""16"":-3990,""17"":6025,""18"":-7947,""19"":9341,""20"":-9847,""21"":9343,""22"":-7958,""23"":6043,""24"":-4043,""25"":2344,""26"":-1151,""27"":463,""28"":-145,""29"":32,""30"":-4,""35"":1,""36"":1,""37"":1,""38"":3,""39"":3,""40"":2,""41"":3,""42"":3,""43"":1,""44"":1,""45"":1}",8003efc23861c0cd4ece2f771c34741e724a69578ebf5752c822b9ff63c98ae4,8003efc23861c0cd4ece2f771c34741e724a69578ebf5752c822b9ff63c98ae4,True,success
DBDBB,exhaustive,5,0,2,3,"{""0"":1,""1"":-3,""2"":12,""3"":-25,""4"":57,""5"":-90,""6"":147,""7"":-183,""8"":231,""9"":-230,""10"":223,""11"":-131,""12"":-47,""13"":425,""14"":-1012,""15"":1804,""16"":-2651,""17"":3376,""18"":-3790,""19"":3791,""20"":-3379,""21"":2663,""22"":-1829,""23"":1069,""24"":-515,""25"":194,""26"":-52,""27"":8,""31"":-1,""32"":-1,""33"":-1,""34"":-4,""35"":-4,""36"":-3,""37"":-6,""38"":-6,""39"":-3,""40"":-4,""41"":-4,""42"":-1,""43"":-1,""44"":-1}","{""0"":1,""1"":-3,""2"":12,""3"":-25,""4"":57,""5"":-90,""6"":147,""7"":-183,""8"":231,""9"":-230,""10"":223,""11"":-131,""12"":-47,""13"":425,""14"":-1012,""15"":1804,""16"":-2651,""17"":3376,""18"":-3790,""19"":3791,""20"":-3379,""21"":2663,""22"":-1829,""23"":1069,""24"":-515,""25"":194,""26"":-52,""27"":8,""31"":-1,""32"":-1,""33"":-1,""34"":-4,""35"":-4,""36"":-3,""37"":-6,""38"":-6,""39"":-3,""40"":-4,""41"":-4,""42"":-1,""43"":-1,""44"":-1}",d657963e44fb1aa9a0e5dee22738a71267014d3d6d4179be065f3e40f4460a2b,d657963e44fb1aa9a0e5dee22738a71267014d3d6d4179be065f3e40f4460a2b,True,success
DBDBD,exhaustive,5,0,3,2,"{""0"":1,""1"":-2,""2"":9,""3"":-14,""4"":34,""5"":-42,""6"":71,""7"":-70,""8"":90,""9"":-70,""10"":67,""11"":-18,""12"":-51,""13"":199,""14"":-409,""15"":673,""16"":-927,""17"":1113,""18"":-1180,""19"":1113,""20"":-928,""21"":675,""22"":-418,""23"":213,""24"":-85,""25"":24,""26"":-4,""33"":1,""34"":1,""35"":1,""36"":3,""37"":3,""38"":2,""39"":3,""40"":3,""41"":1,""42"":1,""43"":1}","{""0"":1,""1"":-2,""2"":9,""3"":-14,""4"":34,""5"":-42,""6"":71,""7"":-70,""8"":90,""9"":-70,""10"":67,""11"":-18,""12"":-51,""13"":199,""14"":-409,""15"":673,""16"":-927,""17"":1113,""18"":-1180,""19"":1113,""20"":-928,""21"":675,""22"":-418,""23"":213,""24"":-85,""25"":24,""26"":-4,""33"":1,""34"":1,""35"":1,""36"":3,""37"":3,""38"":2,""39"":3,""40"":3,""41"":1,""42"":1,""43"":1}",b10fb0e8e4d404d26baecdf1d9392a61c4d9e15ee249e7dc8100576cbe2b803a,b10fb0e8e4d404d26baecdf1d9392a61c4d9e15ee249e7dc8100576cbe2b803a,True,success
DBDBL,exhaustive,5,1,2,2,"{""0"":1,""1"":-2,""2"":10,""3"":-16,""4"":43,""5"":-56,""6"":105,""7"":-112,""8"":161,""9"":-140,""10"":157,""11"":-84,""12"":-8,""13"":266,""14"":-673,""15"":1290,""16"":-2011,""17"":2714,""18"":-3220,""19"":3406,""20"":-3221,""21"":2716,""22"":-2021,""23"":1306,""24"":-716,""25"":322,""26"":-113,""27"":28,""28"":-4,""34"":-1,""35"":-1,""36"":-1,""37"":-3,""38"":-3,""39"":-2,""40"":-3,""41"":-3,""42"":-1,""43"":-1,""44"":-1}","{""0"":1,""1"":-2,""2"":10,""3"":-16,""4"":43,""5"":-56,""6"":105,""7"":-112,""8"":161,""9"":-140,""10"":157,""11"":-84,""12"":-8,""13"":266,""14"":-673,""15"":1290,""16"":-2011,""17"":2714,""18"":-3220,""19"":3406,""20"":-3221,""21"":2716,""22"":-2021,""23"":1306,""24"":-716,""25"":322,""26"":-113,""27"":28,""28"":-4,""34"":-1,""35"":-1,""36"":-1,""37"":-3,""38"":-3,""39"":-2,""40"":-3,""41"":-3,""42"":-1,""43"":-1,""44"":-1}",7aaae2bbadb605437aa6c86c015aa886cbfe01d32496652815a1ed523411cfa0,7aaae2bbadb605437aa6c86c015aa886cbfe01d32496652815a1ed523411cfa0,True,success
DBDDB,exhaustive,5,0,3,2,"{""0"":1,""1"":-2,""2"":9,""3"":-14,""4"":34,""5"":-42,""6"":71,""7"":-70,""8"":90,""9"":-70,""10"":67,""11"":-18,""12"":-51,""13"":199,""14"":-409,""15"":673,""16"":-927,""17"":1113,""18"":-1180,""19"":1113,""20"":-928,""21"":675,""22"":-418,""23"":213,""24"":-85,""25"":24,""26"":-4,""33"":1,""34"":1,""35"":1,""36"":3,""37"":3,""38"":2,""39"":3,""40"":3,""41"":1,""42"":1,""43"":1}","{""0"":1,""1"":-2,""2"":9,""3"":-14,""4"":34,""5"":-42,""6"":71,""7"":-70,""8"":90,""9"":-70,""10"":67,""11"":-18,""12"":-51,""13"":199,""14"":-409,""15"":673,""16"":-927,""17"":1113,""18"":-1180,""19"":1113,""20"":-928,""21"":675,""22"":-418,""23"":213,""24"":-85,""25"":24,""26"":-4,""33"":1,""34"":1,""35"":1,""36"":3,""37"":3,""38"":2,""39"":3,""40"":3,""41"":1,""42"":1,""43"":1}",b10fb0e8e4d404d26baecdf1d9392a61c4d9e15ee249e7dc8100576cbe2b803a,b10fb0e8e4d404d26baecdf1d9392a61c4d9e15ee249e7dc8100576cbe2b803a,True,success
DBDDD,exhaustive,5,0,4,1,"{""0"":1,""1"":-1,""2"":7,""3"":-6,""4"":21,""5"":-15,""6"":35,""7"":-20,""8"":35,""9"":-15,""10"":19,""11"":5,""12"":-30,""13"":86,""14"":-160,""15"":244,""16"":-316,""17"":357,""18"":-357,""19"":316,""20"":-244,""21"":161,""22"":-87,""23"":37,""24"":-11,""25"":2,""35"":-1,""36"":-1,""37"":-1,""38"":-2,""39"":-2,""40"":-1,""41"":-1,""42"":-1}","{""0"":1,""1"":-1,""2"":7,""3"":-6,""4"":21,""5"":-15,""6"":35,""7"":-20,""8"":35,""9"":-15,""10"":19,""11"":5,""12"":-30,""13"":86,""14"":-160,""15"":244,""16"":-316,""17"":357,""18"":-357,""19"":316,""20"":-244,""21"":161,""22"":-87,""23"":37,""24"":-11,""25"":2,""35"":-1,""36"":-1,""37"":-1,""38"":-2,""39"":-2,""40"":-1,""41"":-1,""42"":-1}",1da3ce8ecc83f2c0272ce5278d7e6a5684ff88ef4dffc632b8ed8d1e3ddbdd39,1da3ce8ecc83f2c0272ce5278d7e6a5684ff88ef4dffc632b8ed8d1e3ddbdd39,True,success
DBDDL,exhaustive,5,1,3,1,"{""0"":1,""1"":-1,""2"":8,""3"":-7,""4"":28,""5"":-21,""6"":56,""7"":-35,""8"":70,""9"":-35,""10"":54,""11"":-8,""12"":-22,""13"":128,""14"":-277,""15"":491,""16"":-720,""17"":917,""18"":-1030,""19"":1030,""20"":-917,""21"":721,""22"":-492,""23"":285,""24"":-135,""25"":50,""26"":-13,""27"":2,""36"":1,""37"":1,""38"":1,""39"":2,""40"":2,""41"":1,""42"":1,""43"":1}","{""0"":1,""1"":-1,""2"":8,""3"":-7,""4"":28,""5"":-21,""6"":56,""7"":-35,""8"":70,""9"":-35,""10"":54,""11"":-8,""12"":-22,""13"":128,""14"":-277,""15"":491,""16"":-720,""17"":917,""18"":-1030,""19"":1030,""20"":-917,""21"":721,""22"":-492,""23"":285,""24"":-135,""25"":50,""26"":-13,""27"":2,""36"":1,""37"":1,""38"":1,""39"":2,""40"":2,""41"":1,""42"":1,""43"":1}",e42bf361ead4d8ada0e612878362a095ce5a888bc0249114e634f2124aca92e1,e42bf361ead4d8ada0e612878362a095ce5a888bc0249114e634f2124aca92e1,True,success
DBDLB,exhaustive,5,1,2,2,"{""0"":1,""1"":-2,""2"":10,""3"":-16,""4"":43,""5"":-56,""6"":105,""7"":-112,""8"":161,""9"":-140,""10"":157,""11"":-84,""12"":-8,""13"":266,""14"":-673,""15"":1290,""16"":-2011,""17"":2714,""18"":-3220,""19"":3406,""20"":-3221,""21"":2716,""22"":-2021,""23"":1306,""24"":-716,""25"":322,""26"":-113,""27"":28,""28"":-4,""34"":-1,""35"":-1,""36"":-1,""37"":-3,""38"":-3,""39"":-2,""40"":-3,""41"":-3,""42"":-1,""43"":-1,""44"":-1}","{""0"":1,""1"":-2,""2"":10,""3"":-16,""4"":43,""5"":-56,""6"":105,""7"":-112,""8"":161,""9"":-140,""10"":157,""11"":-84,""12"":-8,""13"":266,""14"":-673,""15"":1290,""16"":-2011,""17"":2714,""18"":-3220,""19"":3406,""20"":-3221,""21"":2716,""22"":-2021,""23"":1306,""24"":-716,""25"":322,""26"":-113,""27"":28,""28"":-4,""34"":-1,""35"":-1,""36"":-1,""37"":-3,""38"":-3,""39"":-2,""40"":-3,""41"":-3,""42"":-1,""43"":-1,""44"":-1}",7aaae2bbadb605437aa6c86c015aa886cbfe01d32496652815a1ed523411cfa0,7aaae2bbadb605437aa6c86c015aa886cbfe01d32496652815a1ed523411cfa0,True,success
DBDLD,exhaustive,5,1,3,1,"{""0"":1,""1"":-1,""2"":8,""3"":-7,""4"":28,""5"":-21,""6"":56,""7"":-35,""8"":70,""9"":-35,""10"":54,""11"":-8,""12"":-22,""13"":128,""14"":-277,""15"":491,""16"":-720,""17"":917,""18"":-1030,""19"":1030,""20"":-917,""21"":721,""22"":-492,""23"":285,""24"":-135,""25"":50,""26"":-13,""27"":2,""36"":1,""37"":1,""38"":1,""39"":2,""40"":2,""41"":1,""42"":1,""43"":1}","{""0"":1,""1"":-1,""2"":8,""3"":-7,""4"":28,""5"":-21,""6"":56,""7"":-35,""8"":70,""9"":-35,""10"":54,""11"":-8,""12"":-22,""13"":128,""14"":-277,""15"":491,""16"":-720,""17"":917,""18"":-1030,""19"":1030,""20"":-917,""21"":721,""22"":-492,""23"":285,""24"":-135,""25"":50,""26"":-13,""27"":2,""36"":1,""37"":1,""38"":1,""39"":2,""40"":2,""41"":1,""42"":1,""43"":1}",e42bf361ead4d8ada0e612878362a095ce5a888bc0249114e634f2124aca92e1,e42bf361ead4d8ada0e612878362a095ce5a888bc0249114e634f2124aca92e1,True,success
DBDLL,exhaustive,5,2,2,1,"{""0"":1,""1"":-1,""2"":9,""3"":-8,""4"":36,""5"":-28,""6"":84,""7"":-56,""8"":126,""9"":-70,""10"":124,""11"":-41,""12"":19,""13"":170,""14"":-434,""15"":904,""16"":-1489,""17"":2129,""18"":-2667,""19"":2977,""20"":-2977,""21"":2668,""22"":-2130,""23"":1498,""24"":-912,""25"":470,""26"":-198,""27"":65,""28"":-15,""29"":2,""37"":-1,""38"":-1,""39"":-1,""40"":-2,""41"":-2,""42"":-1,""43"":-1,""44"":-1}","{""0"":1,""1"":-1,""2"":9,""3"":-8,""4"":36,""5"":-28,""6"":84,""7"":-56,""8"":126,""9"":-70,""10"":124,""11"":-41,""12"":19,""13"":170,""14"":-434,""15"":904,""16"":-1489,""17"":2129,""18"":-2667,""19"":2977,""20"":-2977,""21"":2668,""22"":-2130,""23"":1498,""24"":-912,""25"":470,""26"":-198,""27"":65,""28"":-15,""29"":2,""37"":-1,""38"":-1,""39"":-1,""40"":-2,""41"":-2,""42"":-1,""43"":-1,""44"":-1}",ca45ad9da96dc2852d31f5697e0e9da499bd1d6f7d4d36873ce99b3389c9ed23,ca45ad9da96dc2852d31f5697e0e9da499bd1d6f7d4d36873ce99b3389c9ed23,True,success
DBLBB,exhaustive,5,1,1,3,"{""0"":1,""1"":-3,""2"":13,""3"":-28,""4"":69,""5"":-115,""6"":204,""7"":-273,""8"":378,""9"":-413,""10"":454,""11"":-353,""12"":124,""13"":488,""14"":-1574,""15"":3298,""16"":-5492,""17"":7843,""18"":-9820,""19"":10958,""20"":-10960,""21"":9833,""22"":-7871,""23"":5561,""24"":-3413,""25"":1778,""26"":-761,""27"":254,""28"":-60,""29"":8,""32"":1,""33"":1,""34"":1,""35"":4,""36"":4,""37"":3,""38"":6,""39"":6,""40"":3,""41"":4,""42"":4,""43"":1,""44"":1,""45"":1}","{""0"":1,""1"":-3,""2"":13,""3"":-28,""4"":69,""5"":-115,""6"":204,""7"":-273,""8"":378,""9"":-413,""10"":454,""11"":-353,""12"":124,""13"":488,""14"":-1574,""15"":3298,""16"":-5492,""17"":7843,""18"":-9820,""19"":10958,""20"":-10960,""21"":9833,""22"":-7871,""23"":5561,""24"":-3413,""25"":1778,""26"":-761,""27"":254,""28"":-60,""29"":8,""32"":1,""33"":1,""34"":1,""35"":4,""36"":4,""37"":3,""38"":6,""39"":6,""40"":3,""41"":4,""42"":4,""43"":1,""44"":1,""45"":1}",e3c771a79e8953f971ae7d12611944abd728a435f411362147b1066795cf03ac,e3c771a79e8953f971ae7d12611944abd728a435f411362147b1066795cf03ac,True,success
DBLBD,exhaustive,5,1,2,2,"{""0"":1,""1"":-2,""2"":10,""3"":-16,""4"":43,""5"":-56,""6"":105,""7"":-112,""8"":161,""9"":-140,""10"":157,""11"":-84,""12"":-8,""13"":266,""14"":-673,""15"":1290,""16"":-2011,""17"":2714,""18"":-3220,""19"":3406,""20"":-3221,""21"":2716,""22"":-2021,""23"":1306,""24"":-716,""25"":322,""26"":-113,""27"":28,""28"":-4,""34"":-1,""35"":-1,""36"":-1,""37"":-3,""38"":-3,""39"":-2,""40"":-3,""41"":-3,""42"":-1,""43"":-1,""44"":-1}","{""0"":1,""1"":-2,""2"":10,""3"":-16,""4"":43,""5"":-56,""6"":105,""7"":-112,""8"":161,""9"":-140,""10"":157,""11"":-84,""12"":-8,""13"":266,""14"":-673,""15"":1290,""16"":-2011,""17"":2714,""18"":-3220,""19"":3406,""20"":-3221,""21"":2716,""22"":-2021,""23"":1306,""24"":-716,""25"":322,""26"":-113,""27"":28,""28"":-4,""34"":-1,""35"":-1,""36"":-1,""37"":-3,""38"":-3,""39"":-2,""40"":-3,""41"":-3,""42"":-1,""43"":-1,""44"":-1}",7aaae2bbadb605437aa6c86c015aa886cbfe01d32496652815a1ed523411cfa0,7aaae2bbadb605437aa6c86c015aa886cbfe01d32496652815a1ed523411cfa0,True,success
DBLBL,exhaustive,5,2,1,2,"{""0"":1,""1"":-2,""2"":11,""3"":-18,""4"":53,""5"":-72,""6"":148,""7"":-168,""8"":266,""9"":-252,""10"":318,""11"":-220,""12"":121,""13"":295,""14"":-1003,""15"":2272,""16"":-3990,""17"":6025,""18"":-7947,""19"":9341,""20"":-9847,""21"":9343,""22"":-7958,""23"":6043,""24"":-4043,""25"":2344,""26"":-1151,""27"":463,""28"":-145,""29"":32,""30"":-4,""35"":1,""36"":1,""37"":1,""38"":3,""39"":3,""40"":2,""41"":3,""42"":3,""43"":1,""44"":1,""45"":1}","{""0"":1,""1"":-2,""2"":11,""3"":-18,""4"":53,""5"":-72,""6"":148,""7"":-168,""8"":266,""9"":-252,""10"":318,""11"":-220,""12"":121,""13"":295,""14"":-1003,""15"":2272,""16"":-3990,""17"":6025,""18"":-7947,""19"":9341,""20"":-9847,""21"":9343,""22"":-7958,""23"":6043,""24"":-4043,""25"":2344,""26"":-1151,""27"":463,""28"":-145,""29"":32,""30"":-4,""35"":1,""36"":1,""37"":1,""38"":3,""39"":3,""40"":2,""41"":3,""42"":3,""43"":1,""44"":1,""45"":1}",8003efc23861c0cd4ece2f771c34741e724a69578ebf5752c822b9ff63c98ae4,8003efc23861c0cd4ece2f771c34741e724a69578ebf5752c822b9ff63c98ae4,True,success
DBLDB,exhaustive,5,1,2,2,"{""0"":1,""1"":-2,""2"":10,""3"":-16,""4"":43,""5"":-56,""6"":105,""7"":-112,""8"":161,""9"":-140,""10"":157,""11"":-84,""12"":-8,""13"":266,""14"":-673,""15"":1290,""16"":-2011,""17"":2714,""18"":-3220,""19"":3406,""20"":-3221,""21"":2716,""22"":-2021,""23"":1306,""24"":-716,""25"":322,""26"":-113,""27"":28,""28"":-4,""34"":-1,""35"":-1,""36"":-1,""37"":-3,""38"":-3,""39"":-2,""40"":-3,""41"":-3,""42"":-1,""43"":-1,""44"":-1}","{""0"":1,""1"":-2,""2"":10,""3"":-16,""4"":43,""5"":-56,""6"":105,""7"":-112,""8"":161,""9"":-140,""10"":157,""11"":-84,""12"":-8,""13"":266,""14"":-673,""15"":1290,""16"":-2011,""17"":2714,""18"":-3220,""19"":3406,""20"":-3221,""21"":2716,""22"":-2021,""23"":1306,""24"":-716,""25"":322,""26"":-113,""27"":28,""28"":-4,""34"":-1,""35"":-1,""36"":-1,""37"":-3,""38"":-3,""39"":-2,""40"":-3,""41"":-3,""42"":-1,""43"":-1,""44"":-1}",7aaae2bbadb605437aa6c86c015aa886cbfe01d32496652815a1ed523411cfa0,7aaae2bbadb605437aa6c86c015aa886cbfe01d32496652815a1ed523411cfa0,True,success
DBLDD,exhaustive,5,1,3,1,"{""0"":1,""1"":-1,""2"":8,""3"":-7,""4"":28,""5"":-21,""6"":56,""7"":-35,""8"":70,""9"":-35,""10"":54,""11"":-8,""12"":-22,""13"":128,""14"":-277,""15"":491,""16"":-720,""17"":917,""18"":-1030,""19"":1030,""20"":-917,""21"":721,""22"":-492,""23"":285,""24"":-135,""25"":50,""26"":-13,""27"":2,""36"":1,""37"":1,""38"":1,""39"":2,""40"":2,""41"":1,""42"":1,""43"":1}","{""0"":1,""1"":-1,""2"":8,""3"":-7,""4"":28,""5"":-21,""6"":56,""7"":-35,""8"":70,""9"":-35,""10"":54,""11"":-8,""12"":-22,""13"":128,""14"":-277,""15"":491,""16"":-720,""17"":917,""18"":-1030,""19"":1030,""20"":-917,""21"":721,""22"":-492,""23"":285,""24"":-135,""25"":50,""26"":-13,""27"":2,""36"":1,""37"":1,""38"":1,""39"":2,""40"":2,""41"":1,""42"":1,""43"":1}",e42bf361ead4d8ada0e612878362a095ce5a888bc0249114e634f2124aca92e1,e42bf361ead4d8ada0e612878362a095ce5a888bc0249114e634f2124aca92e1,True,success
DBLDL,exhaustive,5,2,2,1,"{""0"":1,""1"":-1,""2"":9,""3"":-8,""4"":36,""5"":-28,""6"":84,""7"":-56,""8"":126,""9"":-70,""10"":124,""11"":-41,""12"":19,""13"":170,""14"":-434,""15"":904,""16"":-1489,""17"":2129,""18"":-2667,""19"":2977,""20"":-2977,""21"":2668,""22"":-2130,""23"":1498,""24"":-912,""25"":470,""26"":-198,""27"":65,""28"":-15,""29"":2,""37"":-1,""38"":-1,""39"":-1,""40"":-2,""41"":-2,""42"":-1,""43"":-1,""44"":-1}","{""0"":1,""1"":-1,""2"":9,""3"":-8,""4"":36,""5"":-28,""6"":84,""7"":-56,""8"":126,""9"":-70,""10"":124,""11"":-41,""12"":19,""13"":170,""14"":-434,""15"":904,""16"":-1489,""17"":2129,""18"":-2667,""19"":2977,""20"":-2977,""21"":2668,""22"":-2130,""23"":1498,""24"":-912,""25"":470,""26"":-198,""27"":65,""28"":-15,""29"":2,""37"":-1,""38"":-1,""39"":-1,""40"":-2,""41"":-2,""42"":-1,""43"":-1,""44"":-1}",ca45ad9da96dc2852d31f5697e0e9da499bd1d6f7d4d36873ce99b3389c9ed23,ca45ad9da96dc2852d31f5697e0e9da499bd1d6f7d4d36873ce99b3389c9ed23,True,success
DBLLB,exhaustive,5,2,1,2,"{""0"":1,""1"":-2,""2"":11,""3"":-18,""4"":53,""5"":-72,""6"":148,""7"":-168,""8"":266,""9"":-252,""10"":318,""11"":-220,""12"":121,""13"":295,""14"":-1003,""15"":2272,""16"":-3990,""17"":6025,""18"":-7947,""19"":9341,""20"":-9847,""21"":9343,""22"":-7958,""23"":6043,""24"":-4043,""25"":2344,""26"":-1151,""27"":463,""28"":-145,""29"":32,""30"":-4,""35"":1,""36"":1,""37"":1,""38"":3,""39"":3,""40"":2,""41"":3,""42"":3,""43"":1,""44"":1,""45"":1}","{""0"":1,""1"":-2,""2"":11,""3"":-18,""4"":53,""5"":-72,""6"":148,""7"":-168,""8"":266,""9"":-252,""10"":318,""11"":-220,""12"":121,""13"":295,""14"":-1003,""15"":2272,""16"":-3990,""17"":6025,""18"":-7947,""19"":9341,""20"":-9847,""21"":9343,""22"":-7958,""23"":6043,""24"":-4043,""25"":2344,""26"":-1151,""27"":463,""28"":-145,""29"":32,""30"":-4,""35"":1,""36"":1,""37"":1,""38"":3,""39"":3,""40"":2,""41"":3,""42"":3,""43"":1,""44"":1,""45"":1}",8003efc23861c0cd4ece2f771c34741e724a69578ebf5752c822b9ff63c98ae4,8003efc23861c0cd4ece2f771c34741e724a69578ebf5752c822b9ff63c98ae4,True,success
DBLLD,exhaustive,5,2,2,1,"{""0"":1,""1"":-1,""2"":9,""3"":-8,""4"":36,""5"":-28,""6"":84,""7"":-56,""8"":126,""9"":-70,""10"":124,""11"":-41,""12"":19,""13"":170,""14"":-434,""15"":904,""16"":-1489,""17"":2129,""18"":-2667,""19"":2977,""20"":-2977,""21"":2668,""22"":-2130,""23"":1498,""24"":-912,""25"":470,""26"":-198,""27"":65,""28"":-15,""29"":2,""37"":-1,""38"":-1,""39"":-1,""40"":-2,""41"":-2,""42"":-1,""43"":-1,""44"":-1}","{""0"":1,""1"":-1,""2"":9,""3"":-8,""4"":36,""5"":-28,""6"":84,""7"":-56,""8"":126,""9"":-70,""10"":124,""11"":-41,""12"":19,""13"":170,""14"":-434,""15"":904,""16"":-1489,""17"":2129,""18"":-2667,""19"":2977,""20"":-2977,""21"":2668,""22"":-2130,""23"":1498,""24"":-912,""25"":470,""26"":-198,""27"":65,""28"":-15,""29"":2,""37"":-1,""38"":-1,""39"":-1,""40"":-2,""41"":-2,""42"":-1,""43"":-1,""44"":-1}",ca45ad9da96dc2852d31f5697e0e9da499bd1d6f7d4d36873ce99b3389c9ed23,ca45ad9da96dc2852d31f5697e0e9da499bd1d6f7d4d36873ce99b3389c9ed23,True,success
DBLLL,exhaustive,5,3,1,1,"{""0"":1,""1"":-1,""2"":10,""3"":-9,""4"":45,""5"":-36,""6"":120,""7"":-84,""8"":210,""9"":-126,""10"":250,""11"":-109,""12"":128,""13"":194,""14"":-613,""15"":1544,""16"":-2835,""17"":4531,""18"":-6286,""19"":7774,""20"":-8621,""21"":8622,""22"":-7775,""23"":6296,""24"":-4540,""25"":2880,""26"":-1580,""27"":733,""28"":-278,""29"":82,""30"":-17,""31"":2,""38"":1,""39"":1,""40"":1,""41"":2,""42"":2,""43"":1,""44"":1,""45"":1}","{""0"":1,""1"":-1,""2"":10,""3"":-9,""4"":45,""5"":-36,""6"":120,""7"":-84,""8"":210,""9"":-126,""10"":250,""11"":-109,""12"":128,""13"":194,""14"":-613,""15"":1544,""16"":-2835,""17"":4531,""18"":-6286,""19"":7774,""20"":-8621,""21"":8622,""22"":-7775,""23"":6296,""24"":-4540,""25"":2880,""26"":-1580,""27"":733,""28"":-278,""29"":82,""30"":-17,""31"":2,""38"":1,""39"":1,""40"":1,""41"":2,""42"":2,""43"":1,""44"":1,""45"":1}",19681d5d09a777c5e4e4c559ebed44ddb53c37a758c74c6189662ddcfed4c81d,19681d5d09a777c5e4e4c559ebed44ddb53c37a758c74c6189662ddcfed4c81d,True,success
DDBBB,exhaustive,5,0,2,3,"{""0"":1,""1"":-3,""2"":12,""3"":-25,""4"":57,""5"":-90,""6"":147,""7"":-183,""8"":231,""9"":-230,""10"":223,""11"":-131,""12"":-47,""13"":425,""14"":-1012,""15"":1804,""16"":-2651,""17"":3376,""18"":-3790,""19"":3791,""20"":-3379,""21"":2663,""22"":-1829,""23"":1069,""24"":-515,""25"":194,""26"":-52,""27"":8,""31"":-1,""32"":-1,""33"":-1,""34"":-4,""35"":-4,""36"":-3,""37"":-6,""38"":-6,""39"":-3,""40"":-4,""41"":-4,""42"":-1,""43"":-1,""44"":-1}","{""0"":1,""1"":-3,""2"":12,""3"":-25,""4"":57,""5"":-90,""6"":147,""7"":-183,""8"":231,""9"":-230,""10"":223,""11"":-131,""12"":-47,""13"":425,""14"":-1012,""15"":1804,""16"":-2651,""17"":3376,""18"":-3790,""19"":3791,""20"":-3379,""21"":2663,""22"":-1829,""23"":1069,""24"":-515,""25"":194,""26"":-52,""27"":8,""31"":-1,""32"":-1,""33"":-1,""34"":-4,""35"":-4,""36"":-3,""37"":-6,""38"":-6,""39"":-3,""40"":-4,""41"":-4,""42"":-1,""43"":-1,""44"":-1}",d657963e44fb1aa9a0e5dee22738a71267014d3d6d4179be065f3e40f4460a2b,d657963e44fb1aa9a0e5dee22738a71267014d3d6d4179be065f3e40f4460a2b,True,success
DDBBD,exhaustive,5,0,3,2,"{""0"":1,""1"":-2,""2"":9,""3"":-14,""4"":34,""5"":-42,""6"":71,""7"":-70,""8"":90,""9"":-70,""10"":67,""11"":-18,""12"":-51,""13"":199,""14"":-409,""15"":673,""16"":-927,""17"":1113,""18"":-1180,""19"":1113,""20"":-928,""21"":675,""22"":-418,""23"":213,""24"":-85,""25"":24,""26"":-4,""33"":1,""34"":1,""35"":1,""36"":3,""37"":3,""38"":2,""39"":3,""40"":3,""41"":1,""42"":1,""43"":1}","{""0"":1,""1"":-2,""2"":9,""3"":-14,""4"":34,""5"":-42,""6"":71,""7"":-70,""8"":90,""9"":-70,""10"":67,""11"":-18,""12"":-51,""13"":199,""14"":-409,""15"":673,""16"":-927,""17"":1113,""18"":-1180,""19"":1113,""20"":-928,""21"":675,""22"":-418,""23"":213,""24"":-85,""25"":24,""26"":-4,""33"":1,""34"":1,""35"":1,""36"":3,""37"":3,""38"":2,""39"":3,""40"":3,""41"":1,""42"":1,""43"":1}",b10fb0e8e4d404d26baecdf1d9392a61c4d9e15ee249e7dc8100576cbe2b803a,b10fb0e8e4d404d26baecdf1d9392a61c4d9e15ee249e7dc8100576cbe2b803a,True,success
DDBBL,exhaustive,5,1,2,2,"{""0"":1,""1"":-2,""2"":10,""3"":-16,""4"":43,""5"":-56,""6"":105,""7"":-112,""8"":161,""9"":-140,""10"":157,""11"":-84,""12"":-8,""13"":266,""14"":-673,""15"":1290,""16"":-2011,""17"":2714,""18"":-3220,""19"":3406,""20"":-3221,""21"":2716,""22"":-2021,""23"":1306,""24"":-716,""25"":322,""26"":-113,""27"":28,""28"":-4,""34"":-1,""35"":-1,""36"":-1,""37"":-3,""38"":-3,""39"":-2,""40"":-3,""41"":-3,""42"":-1,""43"":-1,""44"":-1}","{""0"":1,""1"":-2,""2"":10,""3"":-16,""4"":43,""5"":-56,""6"":105,""7"":-112,""8"":161,""9"":-140,""10"":157,""11"":-84,""12"":-8,""13"":266,""14"":-673,""15"":1290,""16"":-2011,""17"":2714,""18"":-3220,""19"":3406,""20"":-3221,""21"":2716,""22"":-2021,""23"":1306,""24"":-716,""25"":322,""26"":-113,""27"":28,""28"":-4,""34"":-1,""35"":-1,""36"":-1,""37"":-3,""38"":-3,""39"":-2,""40"":-3,""41"":-3,""42"":-1,""43"":-1,""44"":-1}",7aaae2bbadb605437aa6c86c015aa886cbfe01d32496652815a1ed523411cfa0,7aaae2bbadb605437aa6c86c015aa886cbfe01d32496652815a1ed523411cfa0,True,success
DDBDB,exhaustive,5,0,3,2,"{""0"":1,""1"":-2,""2"":9,""3"":-14,""4"":34,""5"":-42,""6"":71,""7"":-70,""8"":90,""9"":-70,""10"":67,""11"":-18,""12"":-51,""13"":199,""14"":-409,""15"":673,""16"":-927,""17"":1113,""18"":-1180,""19"":1113,""20"":-928,""21"":675,""22"":-418,""23"":213,""24"":-85,""25"":24,""26"":-4,""33"":1,""34"":1,""35"":1,""36"":3,""37"":3,""38"":2,""39"":3,""40"":3,""41"":1,""42"":1,""43"":1}","{""0"":1,""1"":-2,""2"":9,""3"":-14,""4"":34,""5"":-42,""6"":71,""7"":-70,""8"":90,""9"":-70,""10"":67,""11"":-18,""12"":-51,""13"":199,""14"":-409,""15"":673,""16"":-927,""17"":1113,""18"":-1180,""19"":1113,""20"":-928,""21"":675,""22"":-418,""23"":213,""24"":-85,""25"":24,""26"":-4,""33"":1,""34"":1,""35"":1,""36"":3,""37"":3,""38"":2,""39"":3,""40"":3,""41"":1,""42"":1,""43"":1}",b10fb0e8e4d404d26baecdf1d9392a61c4d9e15ee249e7dc8100576cbe2b803a,b10fb0e8e4d404d26baecdf1d9392a61c4d9e15ee249e7dc8100576cbe2b803a,True,success
DDBDD,exhaustive,5,0,4,1,"{""0"":1,""1"":-1,""2"":7,""3"":-6,""4"":21,""5"":-15,""6"":35,""7"":-20,""8"":35,""9"":-15,""10"":19,""11"":5,""12"":-30,""13"":86,""14"":-160,""15"":244,""16"":-316,""17"":357,""18"":-357,""19"":316,""20"":-244,""21"":161,""22"":-87,""23"":37,""24"":-11,""25"":2,""35"":-1,""36"":-1,""37"":-1,""38"":-2,""39"":-2,""40"":-1,""41"":-1,""42"":-1}","{""0"":1,""1"":-1,""2"":7,""3"":-6,""4"":21,""5"":-15,""6"":35,""7"":-20,""8"":35,""9"":-15,""10"":19,""11"":5,""12"":-30,""13"":86,""14"":-160,""15"":244,""16"":-316,""17"":357,""18"":-357,""19"":316,""20"":-244,""21"":161,""22"":-87,""23"":37,""24"":-11,""25"":2,""35"":-1,""36"":-1,""37"":-1,""38"":-2,""39"":-2,""40"":-1,""41"":-1,""42"":-1}",1da3ce8ecc83f2c0272ce5278d7e6a5684ff88ef4dffc632b8ed8d1e3ddbdd39,1da3ce8ecc83f2c0272ce5278d7e6a5684ff88ef4dffc632b8ed8d1e3ddbdd39,True,success
DDBDL,exhaustive,5,1,3,1,"{""0"":1,""1"":-1,""2"":8,""3"":-7,""4"":28,""5"":-21,""6"":56,""7"":-35,""8"":70,""9"":-35,""10"":54,""11"":-8,""12"":-22,""13"":128,""14"":-277,""15"":491,""16"":-720,""17"":917,""18"":-1030,""19"":1030,""20"":-917,""21"":721,""22"":-492,""23"":285,""24"":-135,""25"":50,""26"":-13,""27"":2,""36"":1,""37"":1,""38"":1,""39"":2,""40"":2,""41"":1,""42"":1,""43"":1}","{""0"":1,""1"":-1,""2"":8,""3"":-7,""4"":28,""5"":-21,""6"":56,""7"":-35,""8"":70,""9"":-35,""10"":54,""11"":-8,""12"":-22,""13"":128,""14"":-277,""15"":491,""16"":-720,""17"":917,""18"":-1030,""19"":1030,""20"":-917,""21"":721,""22"":-492,""23"":285,""24"":-135,""25"":50,""26"":-13,""27"":2,""36"":1,""37"":1,""38"":1,""39"":2,""40"":2,""41"":1,""42"":1,""43"":1}",e42bf361ead4d8ada0e612878362a095ce5a888bc0249114e634f2124aca92e1,e42bf361ead4d8ada0e612878362a095ce5a888bc0249114e634f2124aca92e1,True,success
DDBLB,exhaustive,5,1,2,2,"{""0"":1,""1"":-2,""2"":10,""3"":-16,""4"":43,""5"":-56,""6"":105,""7"":-112,""8"":161,""9"":-140,""10"":157,""11"":-84,""12"":-8,""13"":266,""14"":-673,""15"":1290,""16"":-2011,""17"":2714,""18"":-3220,""19"":3406,""20"":-3221,""21"":2716,""22"":-2021,""23"":1306,""24"":-716,""25"":322,""26"":-113,""27"":28,""28"":-4,""34"":-1,""35"":-1,""36"":-1,""37"":-3,""38"":-3,""39"":-2,""40"":-3,""41"":-3,""42"":-1,""43"":-1,""44"":-1}","{""0"":1,""1"":-2,""2"":10,""3"":-16,""4"":43,""5"":-56,""6"":105,""7"":-112,""8"":161,""9"":-140,""10"":157,""11"":-84,""12"":-8,""13"":266,""14"":-673,""15"":1290,""16"":-2011,""17"":2714,""18"":-3220,""19"":3406,""20"":-3221,""21"":2716,""22"":-2021,""23"":1306,""24"":-716,""25"":322,""26"":-113,""27"":28,""28"":-4,""34"":-1,""35"":-1,""36"":-1,""37"":-3,""38"":-3,""39"":-2,""40"":-3,""41"":-3,""42"":-1,""43"":-1,""44"":-1}",7aaae2bbadb605437aa6c86c015aa886cbfe01d32496652815a1ed523411cfa0,7aaae2bbadb605437aa6c86c015aa886cbfe01d32496652815a1ed523411cfa0,True,success
DDBLD,exhaustive,5,1,3,1,"{""0"":1,""1"":-1,""2"":8,""3"":-7,""4"":28,""5"":-21,""6"":56,""7"":-35,""8"":70,""9"":-35,""10"":54,""11"":-8,""12"":-22,""13"":128,""14"":-277,""15"":491,""16"":-720,""17"":917,""18"":-1030,""19"":1030,""20"":-917,""21"":721,""22"":-492,""23"":285,""24"":-135,""25"":50,""26"":-13,""27"":2,""36"":1,""37"":1,""38"":1,""39"":2,""40"":2,""41"":1,""42"":1,""43"":1}","{""0"":1,""1"":-1,""2"":8,""3"":-7,""4"":28,""5"":-21,""6"":56,""7"":-35,""8"":70,""9"":-35,""10"":54,""11"":-8,""12"":-22,""13"":128,""14"":-277,""15"":491,""16"":-720,""17"":917,""18"":-1030,""19"":1030,""20"":-917,""21"":721,""22"":-492,""23"":285,""24"":-135,""25"":50,""26"":-13,""27"":2,""36"":1,""37"":1,""38"":1,""39"":2,""40"":2,""41"":1,""42"":1,""43"":1}",e42bf361ead4d8ada0e612878362a095ce5a888bc0249114e634f2124aca92e1,e42bf361ead4d8ada0e612878362a095ce5a888bc0249114e634f2124aca92e1,True,success
DDBLL,exhaustive,5,2,2,1,"{""0"":1,""1"":-1,""2"":9,""3"":-8,""4"":36,""5"":-28,""6"":84,""7"":-56,""8"":126,""9"":-70,""10"":124,""11"":-41,""12"":19,""13"":170,""14"":-434,""15"":904,""16"":-1489,""17"":2129,""18"":-2667,""19"":2977,""20"":-2977,""21"":2668,""22"":-2130,""23"":1498,""24"":-912,""25"":470,""26"":-198,""27"":65,""28"":-15,""29"":2,""37"":-1,""38"":-1,""39"":-1,""40"":-2,""41"":-2,""42"":-1,""43"":-1,""44"":-1}","{""0"":1,""1"":-1,""2"":9,""3"":-8,""4"":36,""5"":-28,""6"":84,""7"":-56,""8"":126,""9"":-70,""10"":124,""11"":-41,""12"":19,""13"":170,""14"":-434,""15"":904,""16"":-1489,""17"":2129,""18"":-2667,""19"":2977,""20"":-2977,""21"":2668,""22"":-2130,""23"":1498,""24"":-912,""25"":470,""26"":-198,""27"":65,""28"":-15,""29"":2,""37"":-1,""38"":-1,""39"":-1,""40"":-2,""41"":-2,""42"":-1,""43"":-1,""44"":-1}",ca45ad9da96dc2852d31f5697e0e9da499bd1d6f7d4d36873ce99b3389c9ed23,ca45ad9da96dc2852d31f5697e0e9da499bd1d6f7d4d36873ce99b3389c9ed23,True,success
DDDBB,exhaustive,5,0,3,2,"{""0"":1,""1"":-2,""2"":9,""3"":-14,""4"":34,""5"":-42,""6"":71,""7"":-70,""8"":90,""9"":-70,""10"":67,""11"":-18,""12"":-51,""13"":199,""14"":-409,""15"":673,""16"":-927,""17"":1113,""18"":-1180,""19"":1113,""20"":-928,""21"":675,""22"":-418,""23"":213,""24"":-85,""25"":24,""26"":-4,""33"":1,""34"":1,""35"":1,""36"":3,""37"":3,""38"":2,""39"":3,""40"":3,""41"":1,""42"":1,""43"":1}","{""0"":1,""1"":-2,""2"":9,""3"":-14,""4"":34,""5"":-42,""6"":71,""7"":-70,""8"":90,""9"":-70,""10"":67,""11"":-18,""12"":-51,""13"":199,""14"":-409,""15"":673,""16"":-927,""17"":1113,""18"":-1180,""19"":1113,""20"":-928,""21"":675,""22"":-418,""23"":213,""24"":-85,""25"":24,""26"":-4,""33"":1,""34"":1,""35"":1,""36"":3,""37"":3,""38"":2,""39"":3,""40"":3,""41"":1,""42"":1,""43"":1}",b10fb0e8e4d404d26baecdf1d9392a61c4d9e15ee249e7dc8100576cbe2b803a,b10fb0e8e4d404d26baecdf1d9392a61c4d9e15ee249e7dc8100576cbe2b803a,True,success
DDDBD,exhaustive,5,0,4,1,"{""0"":1,""1"":-1,""2"":7,""3"":-6,""4"":21,""5"":-15,""6"":35,""7"":-20,""8"":35,""9"":-15,""10"":19,""11"":5,""12"":-30,""13"":86,""14"":-160,""15"":244,""16"":-316,""17"":357,""18"":-357,""19"":316,""20"":-244,""21"":161,""22"":-87,""23"":37,""24"":-11,""25"":2,""35"":-1,""36"":-1,""37"":-1,""38"":-2,""39"":-2,""40"":-1,""41"":-1,""42"":-1}","{""0"":1,""1"":-1,""2"":7,""3"":-6,""4"":21,""5"":-15,""6"":35,""7"":-20,""8"":35,""9"":-15,""10"":19,""11"":5,""12"":-30,""13"":86,""14"":-160,""15"":244,""16"":-316,""17"":357,""18"":-357,""19"":316,""20"":-244,""21"":161,""22"":-87,""23"":37,""24"":-11,""25"":2,""35"":-1,""36"":-1,""37"":-1,""38"":-2,""39"":-2,""40"":-1,""41"":-1,""42"":-1}",1da3ce8ecc83f2c0272ce5278d7e6a5684ff88ef4dffc632b8ed8d1e3ddbdd39,1da3ce8ecc83f2c0272ce5278d7e6a5684ff88ef4dffc632b8ed8d1e3ddbdd39,True,success
DDDBL,exhaustive,5,1,3,1,"{""0"":1,""1"":-1,""2"":8,""3"":-7,""4"":28,""5"":-21,""6"":56,""7"":-35,""8"":70,""9"":-35,""10"":54,""11"":-8,""12"":-22,""13"":128,""14"":-277,""15"":491,""16"":-720,""17"":917,""18"":-1030,""19"":1030,""20"":-917,""21"":721,""22"":-492,""23"":285,""24"":-135,""25"":50,""26"":-13,""27"":2,""36"":1,""37"":1,""38"":1,""39"":2,""40"":2,""41"":1,""42"":1,""43"":1}","{""0"":1,""1"":-1,""2"":8,""3"":-7,""4"":28,""5"":-21,""6"":56,""7"":-35,""8"":70,""9"":-35,""10"":54,""11"":-8,""12"":-22,""13"":128,""14"":-277,""15"":491,""16"":-720,""17"":917,""18"":-1030,""19"":1030,""20"":-917,""21"":721,""22"":-492,""23"":285,""24"":-135,""25"":50,""26"":-13,""27"":2,""36"":1,""37"":1,""38"":1,""39"":2,""40"":2,""41"":1,""42"":1,""43"":1}",e42bf361ead4d8ada0e612878362a095ce5a888bc0249114e634f2124aca92e1,e42bf361ead4d8ada0e612878362a095ce5a888bc0249114e634f2124aca92e1,True,success
DDDDB,exhaustive,5,0,4,1,"{""0"":1,""1"":-1,""2"":7,""3"":-6,""4"":21,""5"":-15,""6"":35,""7"":-20,""8"":35,""9"":-15,""10"":19,""11"":5,""12"":-30,""13"":86,""14"":-160,""15"":244,""16"":-316,""17"":357,""18"":-357,""19"":316,""20"":-244,""21"":161,""22"":-87,""23"":37,""24"":-11,""25"":2,""35"":-1,""36"":-1,""37"":-1,""38"":-2,""39"":-2,""40"":-1,""41"":-1,""42"":-1}","{""0"":1,""1"":-1,""2"":7,""3"":-6,""4"":21,""5"":-15,""6"":35,""7"":-20,""8"":35,""9"":-15,""10"":19,""11"":5,""12"":-30,""13"":86,""14"":-160,""15"":244,""16"":-316,""17"":357,""18"":-357,""19"":316,""20"":-244,""21"":161,""22"":-87,""23"":37,""24"":-11,""25"":2,""35"":-1,""36"":-1,""37"":-1,""38"":-2,""39"":-2,""40"":-1,""41"":-1,""42"":-1}",1da3ce8ecc83f2c0272ce5278d7e6a5684ff88ef4dffc632b8ed8d1e3ddbdd39,1da3ce8ecc83f2c0272ce5278d7e6a5684ff88ef4dffc632b8ed8d1e3ddbdd39,True,success
DDDDD,exhaustive,5,0,5,0,"{""0"":1,""2"":6,""4"":15,""6"":20,""8"":15,""10"":5,""11"":5,""12"":-15,""13"":35,""14"":-61,""15"":86,""16"":-105,""17"":111,""18"":-105,""19"":86,""20"":-61,""21"":35,""22"":-16,""23"":5,""24"":-1,""37"":1,""38"":1,""39"":1,""40"":1,""41"":1}","{""0"":1,""2"":6,""4"":15,""6"":20,""8"":15,""10"":5,""11"":5,""12"":-15,""13"":35,""14"":-61,""15"":86,""16"":-105,""17"":111,""18"":-105,""19"":86,""20"":-61,""21"":35,""22"":-16,""23"":5,""24"":-1,""37"":1,""38"":1,""39"":1,""40"":1,""41"":1}",aed05f6b3ac4c63550bcfa9c0f2d56d033247a999a54b159a3b0ea7d2dcb86c0,aed05f6b3ac4c63550bcfa9c0f2d56d033247a999a54b159a3b0ea7d2dcb86c0,True,success
DDDDL,exhaustive,5,1,4,0,"{""0"":1,""2"":7,""4"":21,""6"":35,""8"":35,""10"":20,""11"":6,""12"":-15,""13"":56,""14"":-111,""15"":182,""16"":-252,""17"":302,""18"":-321,""19"":302,""20"":-252,""21"":182,""22"":-112,""23"":56,""24"":-22,""25"":6,""26"":-1,""38"":-1,""39"":-1,""40"":-1,""41"":-1,""42"":-1}","{""0"":1,""2"":7,""4"":21,""6"":35,""8"":35,""10"":20,""11"":6,""12"":-15,""13"":56,""14"":-111,""15"":182,""16"":-252,""17"":302,""18"":-321,""19"":302,""20"":-252,""21"":182,""22"":-112,""23"":56,""24"":-22,""25"":6,""26"":-1,""38"":-1,""39"":-1,""40"":-1,""41"":-1,""42"":-1}",f75bd785249d8c4545ea85bcbb8cb5ab48e7d25ccec7dc3d199a4029936dbc05,f75bd785249d8c4545ea85bcbb8cb5ab48e7d25ccec7dc3d199a4029936dbc05,True,success
DDDLB,exhaustive,5,1,3,1,"{""0"":1,""1"":-1,""2"":8,""3"":-7,""4"":28,""5"":-21,""6"":56,""7"":-35,""8"":70,""9"":-35,""10"":54,""11"":-8,""12"":-22,""13"":128,""14"":-277,""15"":491,""16"":-720,""17"":917,""18"":-1030,""19"":1030,""20"":-917,""21"":721,""22"":-492,""23"":285,""24"":-135,""25"":50,""26"":-13,""27"":2,""36"":1,""37"":1,""38"":1,""39"":2,""40"":2,""41"":1,""42"":1,""43"":1}","{""0"":1,""1"":-1,""2"":8,""3"":-7,""4"":28,""5"":-21,""6"":56,""7"":-35,""8"":70,""9"":-35,""10"":54,""11"":-8,""12"":-22,""13"":128,""14"":-277,""15"":491,""16"":-720,""17"":917,""18"":-1030,""19"":1030,""20"":-917,""21"":721,""22"":-492,""23"":285,""24"":-135,""25"":50,""26"":-13,""27"":2,""36"":1,""37"":1,""38"":1,""39"":2,""40"":2,""41"":1,""42"":1,""43"":1}",e42bf361ead4d8ada0e612878362a095ce5a888bc0249114e634f2124aca92e1,e42bf361ead4d8ada0e612878362a095ce5a888bc0249114e634f2124aca92e1,True,success
DDDLD,exhaustive,5,1,4,0,"{""0"":1,""2"":7,""4"":21,""6"":35,""8"":35,""10"":20,""11"":6,""12"":-15,""13"":56,""14"":-111,""15"":182,""16"":-252,""17"":302,""18"":-321,""19"":302,""20"":-252,""21"":182,""22"":-112,""23"":56,""24"":-22,""25"":6,""26"":-1,""38"":-1,""39"":-1,""40"":-1,""41"":-1,""42"":-1}","{""0"":1,""2"":7,""4"":21,""6"":35,""8"":35,""10"":20,""11"":6,""12"":-15,""13"":56,""14"":-111,""15"":182,""16"":-252,""17"":302,""18"":-321,""19"":302,""20"":-252,""21"":182,""22"":-112,""23"":56,""24"":-22,""25"":6,""26"":-1,""38"":-1,""39"":-1,""40"":-1,""41"":-1,""42"":-1}",f75bd785249d8c4545ea85bcbb8cb5ab48e7d25ccec7dc3d199a4029936dbc05,f75bd785249d8c4545ea85bcbb8cb5ab48e7d25ccec7dc3d199a4029936dbc05,True,success
DDDLL,exhaustive,5,2,3,0,"{""0"":1,""2"":8,""4"":28,""6"":56,""8"":70,""10"":55,""11"":7,""12"":-1,""13"":84,""14"":-182,""15"":350,""16"":-545,""17"":736,""18"":-875,""19"":925,""20"":-875,""21"":736,""22"":-546,""23"":350,""24"":-190,""25"":84,""26"":-29,""27"":7,""28"":-1,""39"":1,""40"":1,""41"":1,""42"":1,""43"":1}","{""0"":1,""2"":8,""4"":28,""6"":56,""8"":70,""10"":55,""11"":7,""12"":-1,""13"":84,""14"":-182,""15"":350,""16"":-545,""17"":736,""18"":-875,""19"":925,""20"":-875,""21"":736,""22"":-546,""23"":350,""24"":-190,""25"":84,""26"":-29,""27"":7,""28"":-1,""39"":1,""40"":1,""41"":1,""42"":1,""43"":1}",e0202d4c43b5d8470a2f1edad5611376ef248d7cf28b0069639bc898dc4d5513,e0202d4c43b5d8470a2f1edad5611376ef248d7cf28b0069639bc898dc4d5513,True,success
DDLBB,exhaustive,5,1,2,2,"{""0"":1,""1"":-2,""2"":10,""3"":-16,""4"":43,""5"":-56,""6"":105,""7"":-112,""8"":161,""9"":-140,""10"":157,""11"":-84,""12"":-8,""13"":266,""14"":-673,""15"":1290,""16"":-2011,""17"":2714,""18"":-3220,""19"":3406,""20"":-3221,""21"":2716,""22"":-2021,""23"":1306,""24"":-716,""25"":322,""26"":-113,""27"":28,""28"":-4,""34"":-1,""35"":-1,""36"":-1,""37"":-3,""38"":-3,""39"":-2,""40"":-3,""41"":-3,""42"":-1,""43"":-1,""44"":-1}","{""0"":1,""1"":-2,""2"":10,""3"":-16,""4"":43,""5"":-56,""6"":105,""7"":-112,""8"":161,""9"":-140,""10"":157,""11"":-84,""12"":-8,""13"":266,""14"":-673,""15"":1290,""16"":-2011,""17"":2714,""18"":-3220,""19"":3406,""20"":-3221,""21"":2716,""22"":-2021,""23"":1306,""24"":-716,""25"":322,""26"":-113,""27"":28,""28"":-4,""34"":-1,""35"":-1,""36"":-1,""37"":-3,""38"":-3,""39"":-2,""40"":-3,""41"":-3,""42"":-1,""43"":-1,""44"":-1}",7aaae2bbadb605437aa6c86c015aa886cbfe01d32496652815a1ed523411cfa0,7aaae2bbadb605437aa6c86c015aa886cbfe01d32496652815a1ed523411cfa0,True,success
DDLBD,exhaustive,5,1,3,1,"{""0"":1,""1"":-1,""2"":8,""3"":-7,""4"":28,""5"":-21,""6"":56,""7"":-35,""8"":70,""9"":-35,""10"":54,""11"":-8,""12"":-22,""13"":128,""14"":-277,""15"":491,""16"":-720,""17"":917,""18"":-1030,""19"":1030,""20"":-917,""21"":721,""22"":-492,""23"":285,""24"":-135,""25"":50,""26"":-13,""27"":2,""36"":1,""37"":1,""38"":1,""39"":2,""40"":2,""41"":1,""42"":1,""43"":1}","{""0"":1,""1"":-1,""2"":8,""3"":-7,""4"":28,""5"":-21,""6"":56,""7"":-35,""8"":70,""9"":-35,""10"":54,""11"":-8,""12"":-22,""13"":128,""14"":-277,""15"":491,""16"":-720,""17"":917,""18"":-1030,""19"":1030,""20"":-917,""21"":721,""22"":-492,""23"":285,""24"":-135,""25"":50,""26"":-13,""27"":2,""36"":1,""37"":1,""38"":1,""39"":2,""40"":2,""41"":1,""42"":1,""43"":1}",e42bf361ead4d8ada0e612878362a095ce5a888bc0249114e634f2124aca92e1,e42bf361ead4d8ada0e612878362a095ce5a888bc0249114e634f2124aca92e1,True,success
DDLBL,exhaustive,5,2,2,1,"{""0"":1,""1"":-1,""2"":9,""3"":-8,""4"":36,""5"":-28,""6"":84,""7"":-56,""8"":126,""9"":-70,""10"":124,""11"":-41,""12"":19,""13"":170,""14"":-434,""15"":904,""16"":-1489,""17"":2129,""18"":-2667,""19"":2977,""20"":-2977,""21"":2668,""22"":-2130,""23"":1498,""24"":-912,""25"":470,""26"":-198,""27"":65,""28"":-15,""29"":2,""37"":-1,""38"":-1,""39"":-1,""40"":-2,""41"":-2,""42"":-1,""43"":-1,""44"":-1}","{""0"":1,""1"":-1,""2"":9,""3"":-8,""4"":36,""5"":-28,""6"":84,""7"":-56,""8"":126,""9"":-70,""10"":124,""11"":-41,""12"":19,""13"":170,""14"":-434,""15"":904,""16"":-1489,""17"":2129,""18"":-2667,""19"":2977,""20"":-2977,""21"":2668,""22"":-2130,""23"":1498,""24"":-912,""25"":470,""26"":-198,""27"":65,""28"":-15,""29"":2,""37"":-1,""38"":-1,""39"":-1,""40"":-2,""41"":-2,""42"":-1,""43"":-1,""44"":-1}",ca45ad9da96dc2852d31f5697e0e9da499bd1d6f7d4d36873ce99b3389c9ed23,ca45ad9da96dc2852d31f5697e0e9da499bd1d6f7d4d36873ce99b3389c9ed23,True,success
DDLDB,exhaustive,5,1,3,1,"{""0"":1,""1"":-1,""2"":8,""3"":-7,""4"":28,""5"":-21,""6"":56,""7"":-35,""8"":70,""9"":-35,""10"":54,""11"":-8,""12"":-22,""13"":128,""14"":-277,""15"":491,""16"":-720,""17"":917,""18"":-1030,""19"":1030,""20"":-917,""21"":721,""22"":-492,""23"":285,""24"":-135,""25"":50,""26"":-13,""27"":2,""36"":1,""37"":1,""38"":1,""39"":2,""40"":2,""41"":1,""42"":1,""43"":1}","{""0"":1,""1"":-1,""2"":8,""3"":-7,""4"":28,""5"":-21,""6"":56,""7"":-35,""8"":70,""9"":-35,""10"":54,""11"":-8,""12"":-22,""13"":128,""14"":-277,""15"":491,""16"":-720,""17"":917,""18"":-1030,""19"":1030,""20"":-917,""21"":721,""22"":-492,""23"":285,""24"":-135,""25"":50,""26"":-13,""27"":2,""36"":1,""37"":1,""38"":1,""39"":2,""40"":2,""41"":1,""42"":1,""43"":1}",e42bf361ead4d8ada0e612878362a095ce5a888bc0249114e634f2124aca92e1,e42bf361ead4d8ada0e612878362a095ce5a888bc0249114e634f2124aca92e1,True,success
DDLDD,exhaustive,5,1,4,0,"{""0"":1,""2"":7,""4"":21,""6"":35,""8"":35,""10"":20,""11"":6,""12"":-15,""13"":56,""14"":-111,""15"":182,""16"":-252,""17"":302,""18"":-321,""19"":302,""20"":-252,""21"":182,""22"":-112,""23"":56,""24"":-22,""25"":6,""26"":-1,""38"":-1,""39"":-1,""40"":-1,""41"":-1,""42"":-1}","{""0"":1,""2"":7,""4"":21,""6"":35,""8"":35,""10"":20,""11"":6,""12"":-15,""13"":56,""14"":-111,""15"":182,""16"":-252,""17"":302,""18"":-321,""19"":302,""20"":-252,""21"":182,""22"":-112,""23"":56,""24"":-22,""25"":6,""26"":-1,""38"":-1,""39"":-1,""40"":-1,""41"":-1,""42"":-1}",f75bd785249d8c4545ea85bcbb8cb5ab48e7d25ccec7dc3d199a4029936dbc05,f75bd785249d8c4545ea85bcbb8cb5ab48e7d25ccec7dc3d199a4029936dbc05,True,success
DDLDL,exhaustive,5,2,3,0,"{""0"":1,""2"":8,""4"":28,""6"":56,""8"":70,""10"":55,""11"":7,""12"":-1,""13"":84,""14"":-182,""15"":350,""16"":-545,""17"":736,""18"":-875,""19"":925,""20"":-875,""21"":736,""22"":-546,""23"":350,""24"":-190,""25"":84,""26"":-29,""27"":7,""28"":-1,""39"":1,""40"":1,""41"":1,""42"":1,""43"":1}","{""0"":1,""2"":8,""4"":28,""6"":56,""8"":70,""10"":55,""11"":7,""12"":-1,""13"":84,""14"":-182,""15"":350,""16"":-545,""17"":736,""18"":-875,""19"":925,""20"":-875,""21"":736,""22"":-546,""23"":350,""24"":-190,""25"":84,""26"":-29,""27"":7,""28"":-1,""39"":1,""40"":1,""41"":1,""42"":1,""43"":1}",e0202d4c43b5d8470a2f1edad5611376ef248d7cf28b0069639bc898dc4d5513,e0202d4c43b5d8470a2f1edad5611376ef248d7cf28b0069639bc898dc4d5513,True,success
DDLLB,exhaustive,5,2,2,1,"{""0"":1,""1"":-1,""2"":9,""3"":-8,""4"":36,""5"":-28,""6"":84,""7"":-56,""8"":126,""9"":-70,""10"":124,""11"":-41,""12"":19,""13"":170,""14"":-434,""15"":904,""16"":-1489,""17"":2129,""18"":-2667,""19"":2977,""20"":-2977,""21"":2668,""22"":-2130,""23"":1498,""24"":-912,""25"":470,""26"":-198,""27"":65,""28"":-15,""29"":2,""37"":-1,""38"":-1,""39"":-1,""40"":-2,""41"":-2,""42"":-1,""43"":-1,""44"":-1}","{""0"":1,""1"":-1,""2"":9,""3"":-8,""4"":36,""5"":-28,""6"":84,""7"":-56,""8"":126,""9"":-70,""10"":124,""11"":-41,""12"":19,""13"":170,""14"":-434,""15"":904,""16"":-1489,""17"":2129,""18"":-2667,""19"":2977,""20"":-2977,""21"":2668,""22"":-2130,""23"":1498,""24"":-912,""25"":470,""26"":-198,""27"":65,""28"":-15,""29"":2,""37"":-1,""38"":-1,""39"":-1,""40"":-2,""41"":-2,""42"":-1,""43"":-1,""44"":-1}",ca45ad9da96dc2852d31f5697e0e9da499bd1d6f7d4d36873ce99b3389c9ed23,ca45ad9da96dc2852d31f5697e0e9da499bd1d6f7d4d36873ce99b3389c9ed23,True,success
DDLLD,exhaustive,5,2,3,0,"{""0"":1,""2"":8,""4"":28,""6"":56,""8"":70,""10"":55,""11"":7,""12"":-1,""13"":84,""14"":-182,""15"":350,""16"":-545,""17"":736,""18"":-875,""19"":925,""20"":-875,""21"":736,""22"":-546,""23"":350,""24"":-190,""25"":84,""26"":-29,""27"":7,""28"":-1,""39"":1,""40"":1,""41"":1,""42"":1,""43"":1}","{""0"":1,""2"":8,""4"":28,""6"":56,""8"":70,""10"":55,""11"":7,""12"":-1,""13"":84,""14"":-182,""15"":350,""16"":-545,""17"":736,""18"":-875,""19"":925,""20"":-875,""21"":736,""22"":-546,""23"":350,""24"":-190,""25"":84,""26"":-29,""27"":7,""28"":-1,""39"":1,""40"":1,""41"":1,""42"":1,""43"":1}",e0202d4c43b5d8470a2f1edad5611376ef248d7cf28b0069639bc898dc4d5513,e0202d4c43b5d8470a2f1edad5611376ef248d7cf28b0069639bc898dc4d5513,True,success
DDLLL,exhaustive,5,3,2,0,"{""0"":1,""2"":9,""4"":36,""6"":84,""8"":126,""10"":125,""11"":8,""12"":47,""13"":120,""14"":-267,""15"":624,""16"":-1077,""17"":1632,""18"":-2156,""19"":2536,""20"":-2675,""21"":2536,""22"":-2157,""23"":1632,""24"":-1086,""25"":624,""26"":-303,""27"":120,""28"":-37,""29"":8,""30"":-1,""40"":-1,""41"":-1,""42"":-1,""43"":-1,""44"":-1}","{""0"":1,""2"":9,""4"":36,""6"":84,""8"":126,""10"":125,""11"":8,""12"":47,""13"":120,""14"":-267,""15"":624,""16"":-1077,""17"":1632,""18"":-2156,""19"":2536,""20"":-2675,""21"":2536,""22"":-2157,""23"":1632,""24"":-1086,""25"":624,""26"":-303,""27"":120,""28"":-37,""29"":8,""30"":-1,""40"":-1,""41"":-1,""42"":-1,""43"":-1,""44"":-1}",c62f120d2761d2f6916ae1718d20ad3ffaf737a50ed3958f755c6b4638df6ceb,c62f120d2761d2f6916ae1718d20ad3ffaf737a50ed3958f755c6b4638df6ceb,True,success
DLBBB,exhaustive,5,1,1,3,"{""0"":1,""1"":-3,""2"":13,""3"":-28,""4"":69,""5"":-115,""6"":204,""7"":-273,""8"":378,""9"":-413,""10"":454,""11"":-353,""12"":124,""13"":488,""14"":-1574,""15"":3298,""16"":-5492,""17"":7843,""18"":-9820,""19"":10958,""20"":-10960,""21"":9833,""22"":-7871,""23"":5561,""24"":-3413,""25"":1778,""26"":-761,""27"":254,""28"":-60,""29"":8,""32"":1,""33"":1,""34"":1,""35"":4,""36"":4,""37"":3,""38"":6,""39"":6,""40"":3,""41"":4,""42"":4,""43"":1,""44"":1,""45"":1}","{""0"":1,""1"":-3,""2"":13,""3"":-28,""4"":69,""5"":-115,""6"":204,""7"":-273,""8"":378,""9"":-413,""10"":454,""11"":-353,""12"":124,""13"":488,""14"":-1574,""15"":3298,""16"":-5492,""17"":7843,""18"":-9820,""19"":10958,""20"":-10960,""21"":9833,""22"":-7871,""23"":5561,""24"":-3413,""25"":1778,""26"":-761,""27"":254,""28"":-60,""29"":8,""32"":1,""33"":1,""34"":1,""35"":4,""36"":4,""37"":3,""38"":6,""39"":6,""40"":3,""41"":4,""42"":4,""43"":1,""44"":1,""45"":1}",e3c771a79e8953f971ae7d12611944abd728a435f411362147b1066795cf03ac,e3c771a79e8953f971ae7d12611944abd728a435f411362147b1066795cf03ac,True,success
DLBBD,exhaustive,5,1,2,2,"{""0"":1,""1"":-2,""2"":10,""3"":-16,""4"":43,""5"":-56,""6"":105,""7"":-112,""8"":161,""9"":-140,""10"":157,""11"":-84,""12"":-8,""13"":266,""14"":-673,""15"":1290,""16"":-2011,""17"":2714,""18"":-3220,""19"":3406,""20"":-3221,""21"":2716,""22"":-2021,""23"":1306,""24"":-716,""25"":322,""26"":-113,""27"":28,""28"":-4,""34"":-1,""35"":-1,""36"":-1,""37"":-3,""38"":-3,""39"":-2,""40"":-3,""41"":-3,""42"":-1,""43"":-1,""44"":-1}","{""0"":1,""1"":-2,""2"":10,""3"":-16,""4"":43,""5"":-56,""6"":105,""7"":-112,""8"":161,""9"":-140,""10"":157,""11"":-84,""12"":-8,""13"":266,""14"":-673,""15"":1290,""16"":-2011,""17"":2714,""18"":-3220,""19"":3406,""20"":-3221,""21"":2716,""22"":-2021,""23"":1306,""24"":-716,""25"":322,""26"":-113,""27"":28,""28"":-4,""34"":-1,""35"":-1,""36"":-1,""37"":-3,""38"":-3,""39"":-2,""40"":-3,""41"":-3,""42"":-1,""43"":-1,""44"":-1}",7aaae2bbadb605437aa6c86c015aa886cbfe01d32496652815a1ed523411cfa0,7aaae2bbadb605437aa6c86c015aa886cbfe01d32496652815a1ed523411cfa0,True,success
DLBBL,exhaustive,5,2,1,2,"{""0"":1,""1"":-2,""2"":11,""3"":-18,""4"":53,""5"":-72,""6"":148,""7"":-168,""8"":266,""9"":-252,""10"":318,""11"":-220,""12"":121,""13"":295,""14"":-1003,""15"":2272,""16"":-3990,""17"":6025,""18"":-7947,""19"":9341,""20"":-9847,""21"":9343,""22"":-7958,""23"":6043,""24"":-4043,""25"":2344,""26"":-1151,""27"":463,""28"":-145,""29"":32,""30"":-4,""35"":1,""36"":1,""37"":1,""38"":3,""39"":3,""40"":2,""41"":3,""42"":3,""43"":1,""44"":1,""45"":1}","{""0"":1,""1"":-2,""2"":11,""3"":-18,""4"":53,""5"":-72,""6"":148,""7"":-168,""8"":266,""9"":-252,""10"":318,""11"":-220,""12"":121,""13"":295,""14"":-1003,""15"":2272,""16"":-3990,""17"":6025,""18"":-7947,""19"":9341,""20"":-9847,""21"":9343,""22"":-7958,""23"":6043,""24"":-4043,""25"":2344,""26"":-1151,""27"":463,""28"":-145,""29"":32,""30"":-4,""35"":1,""36"":1,""37"":1,""38"":3,""39"":3,""40"":2,""41"":3,""42"":3,""43"":1,""44"":1,""45"":1}",8003efc23861c0cd4ece2f771c34741e724a69578ebf5752c822b9ff63c98ae4,8003efc23861c0cd4ece2f771c34741e724a69578ebf5752c822b9ff63c98ae4,True,success
DLBDB,exhaustive,5,1,2,2,"{""0"":1,""1"":-2,""2"":10,""3"":-16,""4"":43,""5"":-56,""6"":105,""7"":-112,""8"":161,""9"":-140,""10"":157,""11"":-84,""12"":-8,""13"":266,""14"":-673,""15"":1290,""16"":-2011,""17"":2714,""18"":-3220,""19"":3406,""20"":-3221,""21"":2716,""22"":-2021,""23"":1306,""24"":-716,""25"":322,""26"":-113,""27"":28,""28"":-4,""34"":-1,""35"":-1,""36"":-1,""37"":-3,""38"":-3,""39"":-2,""40"":-3,""41"":-3,""42"":-1,""43"":-1,""44"":-1}","{""0"":1,""1"":-2,""2"":10,""3"":-16,""4"":43,""5"":-56,""6"":105,""7"":-112,""8"":161,""9"":-140,""10"":157,""11"":-84,""12"":-8,""13"":266,""14"":-673,""15"":1290,""16"":-2011,""17"":2714,""18"":-3220,""19"":3406,""20"":-3221,""21"":2716,""22"":-2021,""23"":1306,""24"":-716,""25"":322,""26"":-113,""27"":28,""28"":-4,""34"":-1,""35"":-1,""36"":-1,""37"":-3,""38"":-3,""39"":-2,""40"":-3,""41"":-3,""42"":-1,""43"":-1,""44"":-1}",7aaae2bbadb605437aa6c86c015aa886cbfe01d32496652815a1ed523411cfa0,7aaae2bbadb605437aa6c86c015aa886cbfe01d32496652815a1ed523411cfa0,True,success
DLBDD,exhaustive,5,1,3,1,"{""0"":1,""1"":-1,""2"":8,""3"":-7,""4"":28,""5"":-21,""6"":56,""7"":-35,""8"":70,""9"":-35,""10"":54,""11"":-8,""12"":-22,""13"":128,""14"":-277,""15"":491,""16"":-720,""17"":917,""18"":-1030,""19"":1030,""20"":-917,""21"":721,""22"":-492,""23"":285,""24"":-135,""25"":50,""26"":-13,""27"":2,""36"":1,""37"":1,""38"":1,""39"":2,""40"":2,""41"":1,""42"":1,""43"":1}","{""0"":1,""1"":-1,""2"":8,""3"":-7,""4"":28,""5"":-21,""6"":56,""7"":-35,""8"":70,""9"":-35,""10"":54,""11"":-8,""12"":-22,""13"":128,""14"":-277,""15"":491,""16"":-720,""17"":917,""18"":-1030,""19"":1030,""20"":-917,""21"":721,""22"":-492,""23"":285,""24"":-135,""25"":50,""26"":-13,""27"":2,""36"":1,""37"":1,""38"":1,""39"":2,""40"":2,""41"":1,""42"":1,""43"":1}",e42bf361ead4d8ada0e612878362a095ce5a888bc0249114e634f2124aca92e1,e42bf361ead4d8ada0e612878362a095ce5a888bc0249114e634f2124aca92e1,True,success
DLBDL,exhaustive,5,2,2,1,"{""0"":1,""1"":-1,""2"":9,""3"":-8,""4"":36,""5"":-28,""6"":84,""7"":-56,""8"":126,""9"":-70,""10"":124,""11"":-41,""12"":19,""13"":170,""14"":-434,""15"":904,""16"":-1489,""17"":2129,""18"":-2667,""19"":2977,""20"":-2977,""21"":2668,""22"":-2130,""23"":1498,""24"":-912,""25"":470,""26"":-198,""27"":65,""28"":-15,""29"":2,""37"":-1,""38"":-1,""39"":-1,""40"":-2,""41"":-2,""42"":-1,""43"":-1,""44"":-1}","{""0"":1,""1"":-1,""2"":9,""3"":-8,""4"":36,""5"":-28,""6"":84,""7"":-56,""8"":126,""9"":-70,""10"":124,""11"":-41,""12"":19,""13"":170,""14"":-434,""15"":904,""16"":-1489,""17"":2129,""18"":-2667,""19"":2977,""20"":-2977,""21"":2668,""22"":-2130,""23"":1498,""24"":-912,""25"":470,""26"":-198,""27"":65,""28"":-15,""29"":2,""37"":-1,""38"":-1,""39"":-1,""40"":-2,""41"":-2,""42"":-1,""43"":-1,""44"":-1}",ca45ad9da96dc2852d31f5697e0e9da499bd1d6f7d4d36873ce99b3389c9ed23,ca45ad9da96dc2852d31f5697e0e9da499bd1d6f7d4d36873ce99b3389c9ed23,True,success
DLBLB,exhaustive,5,2,1,2,"{""0"":1,""1"":-2,""2"":11,""3"":-18,""4"":53,""5"":-72,""6"":148,""7"":-168,""8"":266,""9"":-252,""10"":318,""11"":-220,""12"":121,""13"":295,""14"":-1003,""15"":2272,""16"":-3990,""17"":6025,""18"":-7947,""19"":9341,""20"":-9847,""21"":9343,""22"":-7958,""23"":6043,""24"":-4043,""25"":2344,""26"":-1151,""27"":463,""28"":-145,""29"":32,""30"":-4,""35"":1,""36"":1,""37"":1,""38"":3,""39"":3,""40"":2,""41"":3,""42"":3,""43"":1,""44"":1,""45"":1}","{""0"":1,""1"":-2,""2"":11,""3"":-18,""4"":53,""5"":-72,""6"":148,""7"":-168,""8"":266,""9"":-252,""10"":318,""11"":-220,""12"":121,""13"":295,""14"":-1003,""15"":2272,""16"":-3990,""17"":6025,""18"":-7947,""19"":9341,""20"":-9847,""21"":9343,""22"":-7958,""23"":6043,""24"":-4043,""25"":2344,""26"":-1151,""27"":463,""28"":-145,""29"":32,""30"":-4,""35"":1,""36"":1,""37"":1,""38"":3,""39"":3,""40"":2,""41"":3,""42"":3,""43"":1,""44"":1,""45"":1}",8003efc23861c0cd4ece2f771c34741e724a69578ebf5752c822b9ff63c98ae4,8003efc23861c0cd4ece2f771c34741e724a69578ebf5752c822b9ff63c98ae4,True,success
DLBLD,exhaustive,5,2,2,1,"{""0"":1,""1"":-1,""2"":9,""3"":-8,""4"":36,""5"":-28,""6"":84,""7"":-56,""8"":126,""9"":-70,""10"":124,""11"":-41,""12"":19,""13"":170,""14"":-434,""15"":904,""16"":-1489,""17"":2129,""18"":-2667,""19"":2977,""20"":-2977,""21"":2668,""22"":-2130,""23"":1498,""24"":-912,""25"":470,""26"":-198,""27"":65,""28"":-15,""29"":2,""37"":-1,""38"":-1,""39"":-1,""40"":-2,""41"":-2,""42"":-1,""43"":-1,""44"":-1}","{""0"":1,""1"":-1,""2"":9,""3"":-8,""4"":36,""5"":-28,""6"":84,""7"":-56,""8"":126,""9"":-70,""10"":124,""11"":-41,""12"":19,""13"":170,""14"":-434,""15"":904,""16"":-1489,""17"":2129,""18"":-2667,""19"":2977,""20"":-2977,""21"":2668,""22"":-2130,""23"":1498,""24"":-912,""25"":470,""26"":-198,""27"":65,""28"":-15,""29"":2,""37"":-1,""38"":-1,""39"":-1,""40"":-2,""41"":-2,""42"":-1,""43"":-1,""44"":-1}",ca45ad9da96dc2852d31f5697e0e9da499bd1d6f7d4d36873ce99b3389c9ed23,ca45ad9da96dc2852d31f5697e0e9da499bd1d6f7d4d36873ce99b3389c9ed23,True,success
DLBLL,exhaustive,5,3,1,1,"{""0"":1,""1"":-1,""2"":10,""3"":-9,""4"":45,""5"":-36,""6"":120,""7"":-84,""8"":210,""9"":-126,""10"":250,""11"":-109,""12"":128,""13"":194,""14"":-613,""15"":1544,""16"":-2835,""17"":4531,""18"":-6286,""19"":7774,""20"":-8621,""21"":8622,""22"":-7775,""23"":6296,""24"":-4540,""25"":2880,""26"":-1580,""27"":733,""28"":-278,""29"":82,""30"":-17,""31"":2,""38"":1,""39"":1,""40"":1,""41"":2,""42"":2,""43"":1,""44"":1,""45"":1}","{""0"":1,""1"":-1,""2"":10,""3"":-9,""4"":45,""5"":-36,""6"":120,""7"":-84,""8"":210,""9"":-126,""10"":250,""11"":-109,""12"":128,""13"":194,""14"":-613,""15"":1544,""16"":-2835,""17"":4531,""18"":-6286,""19"":7774,""20"":-8621,""21"":8622,""22"":-7775,""23"":6296,""24"":-4540,""25"":2880,""26"":-1580,""27"":733,""28"":-278,""29"":82,""30"":-17,""31"":2,""38"":1,""39"":1,""40"":1,""41"":2,""42"":2,""43"":1,""44"":1,""45"":1}",19681d5d09a777c5e4e4c559ebed44ddb53c37a758c74c6189662ddcfed4c81d,19681d5d09a777c5e4e4c559ebed44ddb53c37a758c74c6189662ddcfed4c81d,True,success
DLDBB,exhaustive,5,1,2,2,"{""0"":1,""1"":-2,""2"":10,""3"":-16,""4"":43,""5"":-56,""6"":105,""7"":-112,""8"":161,""9"":-140,""10"":157,""11"":-84,""12"":-8,""13"":266,""14"":-673,""15"":1290,""16"":-2011,""17"":2714,""18"":-3220,""19"":3406,""20"":-3221,""21"":2716,""22"":-2021,""23"":1306,""24"":-716,""25"":322,""26"":-113,""27"":28,""28"":-4,""34"":-1,""35"":-1,""36"":-1,""37"":-3,""38"":-3,""39"":-2,""40"":-3,""41"":-3,""42"":-1,""43"":-1,""44"":-1}","{""0"":1,""1"":-2,""2"":10,""3"":-16,""4"":43,""5"":-56,""6"":105,""7"":-112,""8"":161,""9"":-140,""10"":157,""11"":-84,""12"":-8,""13"":266,""14"":-673,""15"":1290,""16"":-2011,""17"":2714,""18"":-3220,""19"":3406,""20"":-3221,""21"":2716,""22"":-2021,""23"":1306,""24"":-716,""25"":322,""26"":-113,""27"":28,""28"":-4,""34"":-1,""35"":-1,""36"":-1,""37"":-3,""38"":-3,""39"":-2,""40"":-3,""41"":-3,""42"":-1,""43"":-1,""44"":-1}",7aaae2bbadb605437aa6c86c015aa886cbfe01d32496652815a1ed523411cfa0,7aaae2bbadb605437aa6c86c015aa886cbfe01d32496652815a1ed523411cfa0,True,success
DLDBD,exhaustive,5,1,3,1,"{""0"":1,""1"":-1,""2"":8,""3"":-7,""4"":28,""5"":-21,""6"":56,""7"":-35,""8"":70,""9"":-35,""10"":54,""11"":-8,""12"":-22,""13"":128,""14"":-277,""15"":491,""16"":-720,""17"":917,""18"":-1030,""19"":1030,""20"":-917,""21"":721,""22"":-492,""23"":285,""24"":-135,""25"":50,""26"":-13,""27"":2,""36"":1,""37"":1,""38"":1,""39"":2,""40"":2,""41"":1,""42"":1,""43"":1}","{""0"":1,""1"":-1,""2"":8,""3"":-7,""4"":28,""5"":-21,""6"":56,""7"":-35,""8"":70,""9"":-35,""10"":54,""11"":-8,""12"":-22,""13"":128,""14"":-277,""15"":491,""16"":-720,""17"":917,""18"":-1030,""19"":1030,""20"":-917,""21"":721,""22"":-492,""23"":285,""24"":-135,""25"":50,""26"":-13,""27"":2,""36"":1,""37"":1,""38"":1,""39"":2,""40"":2,""41"":1,""42"":1,""43"":1}",e42bf361ead4d8ada0e612878362a095ce5a888bc0249114e634f2124aca92e1,e42bf361ead4d8ada0e612878362a095ce5a888bc0249114e634f2124aca92e1,True,success
DLDBL,exhaustive,5,2,2,1,"{""0"":1,""1"":-1,""2"":9,""3"":-8,""4"":36,""5"":-28,""6"":84,""7"":-56,""8"":126,""9"":-70,""10"":124,""11"":-41,""12"":19,""13"":170,""14"":-434,""15"":904,""16"":-1489,""17"":2129,""18"":-2667,""19"":2977,""20"":-2977,""21"":2668,""22"":-2130,""23"":1498,""24"":-912,""25"":470,""26"":-198,""27"":65,""28"":-15,""29"":2,""37"":-1,""38"":-1,""39"":-1,""40"":-2,""41"":-2,""42"":-1,""43"":-1,""44"":-1}","{""0"":1,""1"":-1,""2"":9,""3"":-8,""4"":36,""5"":-28,""6"":84,""7"":-56,""8"":126,""9"":-70,""10"":124,""11"":-41,""12"":19,""13"":170,""14"":-434,""15"":904,""16"":-1489,""17"":2129,""18"":-2667,""19"":2977,""20"":-2977,""21"":2668,""22"":-2130,""23"":1498,""24"":-912,""25"":470,""26"":-198,""27"":65,""28"":-15,""29"":2,""37"":-1,""38"":-1,""39"":-1,""40"":-2,""41"":-2,""42"":-1,""43"":-1,""44"":-1}",ca45ad9da96dc2852d31f5697e0e9da499bd1d6f7d4d36873ce99b3389c9ed23,ca45ad9da96dc2852d31f5697e0e9da499bd1d6f7d4d36873ce99b3389c9ed23,True,success
DLDDB,exhaustive,5,1,3,1,"{""0"":1,""1"":-1,""2"":8,""3"":-7,""4"":28,""5"":-21,""6"":56,""7"":-35,""8"":70,""9"":-35,""10"":54,""11"":-8,""12"":-22,""13"":128,""14"":-277,""15"":491,""16"":-720,""17"":917,""18"":-1030,""19"":1030,""20"":-917,""21"":721,""22"":-492,""23"":285,""24"":-135,""25"":50,""26"":-13,""27"":2,""36"":1,""37"":1,""38"":1,""39"":2,""40"":2,""41"":1,""42"":1,""43"":1}","{""0"":1,""1"":-1,""2"":8,""3"":-7,""4"":28,""5"":-21,""6"":56,""7"":-35,""8"":70,""9"":-35,""10"":54,""11"":-8,""12"":-22,""13"":128,""14"":-277,""15"":491,""16"":-720,""17"":917,""18"":-1030,""19"":1030,""20"":-917,""21"":721,""22"":-492,""23"":285,""24"":-135,""25"":50,""26"":-13,""27"":2,""36"":1,""37"":1,""38"":1,""39"":2,""40"":2,""41"":1,""42"":1,""43"":1}",e42bf361ead4d8ada0e612878362a095ce5a888bc0249114e634f2124aca92e1,e42bf361ead4d8ada0e612878362a095ce5a888bc0249114e634f2124aca92e1,True,success
DLDDD,exhaustive,5,1,4,0,"{""0"":1,""2"":7,""4"":21,""6"":35,""8"":35,""10"":20,""11"":6,""12"":-15,""13"":56,""14"":-111,""15"":182,""16"":-252,""17"":302,""18"":-321,""19"":302,""20"":-252,""21"":182,""22"":-112,""23"":56,""24"":-22,""25"":6,""26"":-1,""38"":-1,""39"":-1,""40"":-1,""41"":-1,""42"":-1}","{""0"":1,""2"":7,""4"":21,""6"":35,""8"":35,""10"":20,""11"":6,""12"":-15,""13"":56,""14"":-111,""15"":182,""16"":-252,""17"":302,""18"":-321,""19"":302,""20"":-252,""21"":182,""22"":-112,""23"":56,""24"":-22,""25"":6,""26"":-1,""38"":-1,""39"":-1,""40"":-1,""41"":-1,""42"":-1}",f75bd785249d8c4545ea85bcbb8cb5ab48e7d25ccec7dc3d199a4029936dbc05,f75bd785249d8c4545ea85bcbb8cb5ab48e7d25ccec7dc3d199a4029936dbc05,True,success
DLDDL,exhaustive,5,2,3,0,"{""0"":1,""2"":8,""4"":28,""6"":56,""8"":70,""10"":55,""11"":7,""12"":-1,""13"":84,""14"":-182,""15"":350,""16"":-545,""17"":736,""18"":-875,""19"":925,""20"":-875,""21"":736,""22"":-546,""23"":350,""24"":-190,""25"":84,""26"":-29,""27"":7,""28"":-1,""39"":1,""40"":1,""41"":1,""42"":1,""43"":1}","{""0"":1,""2"":8,""4"":28,""6"":56,""8"":70,""10"":55,""11"":7,""12"":-1,""13"":84,""14"":-182,""15"":350,""16"":-545,""17"":736,""18"":-875,""19"":925,""20"":-875,""21"":736,""22"":-546,""23"":350,""24"":-190,""25"":84,""26"":-29,""27"":7,""28"":-1,""39"":1,""40"":1,""41"":1,""42"":1,""43"":1}",e0202d4c43b5d8470a2f1edad5611376ef248d7cf28b0069639bc898dc4d5513,e0202d4c43b5d8470a2f1edad5611376ef248d7cf28b0069639bc898dc4d5513,True,success
DLDLB,exhaustive,5,2,2,1,"{""0"":1,""1"":-1,""2"":9,""3"":-8,""4"":36,""5"":-28,""6"":84,""7"":-56,""8"":126,""9"":-70,""10"":124,""11"":-41,""12"":19,""13"":170,""14"":-434,""15"":904,""16"":-1489,""17"":2129,""18"":-2667,""19"":2977,""20"":-2977,""21"":2668,""22"":-2130,""23"":1498,""24"":-912,""25"":470,""26"":-198,""27"":65,""28"":-15,""29"":2,""37"":-1,""38"":-1,""39"":-1,""40"":-2,""41"":-2,""42"":-1,""43"":-1,""44"":-1}","{""0"":1,""1"":-1,""2"":9,""3"":-8,""4"":36,""5"":-28,""6"":84,""7"":-56,""8"":126,""9"":-70,""10"":124,""11"":-41,""12"":19,""13"":170,""14"":-434,""15"":904,""16"":-1489,""17"":2129,""18"":-2667,""19"":2977,""20"":-2977,""21"":2668,""22"":-2130,""23"":1498,""24"":-912,""25"":470,""26"":-198,""27"":65,""28"":-15,""29"":2,""37"":-1,""38"":-1,""39"":-1,""40"":-2,""41"":-2,""42"":-1,""43"":-1,""44"":-1}",ca45ad9da96dc2852d31f5697e0e9da499bd1d6f7d4d36873ce99b3389c9ed23,ca45ad9da96dc2852d31f5697e0e9da499bd1d6f7d4d36873ce99b3389c9ed23,True,success
DLDLD,exhaustive,5,2,3,0,"{""0"":1,""2"":8,""4"":28,""6"":56,""8"":70,""10"":55,""11"":7,""12"":-1,""13"":84,""14"":-182,""15"":350,""16"":-545,""17"":736,""18"":-875,""19"":925,""20"":-875,""21"":736,""22"":-546,""23"":350,""24"":-190,""25"":84,""26"":-29,""27"":7,""28"":-1,""39"":1,""40"":1,""41"":1,""42"":1,""43"":1}","{""0"":1,""2"":8,""4"":28,""6"":56,""8"":70,""10"":55,""11"":7,""12"":-1,""13"":84,""14"":-182,""15"":350,""16"":-545,""17"":736,""18"":-875,""19"":925,""20"":-875,""21"":736,""22"":-546,""23"":350,""24"":-190,""25"":84,""26"":-29,""27"":7,""28"":-1,""39"":1,""40"":1,""41"":1,""42"":1,""43"":1}",e0202d4c43b5d8470a2f1edad5611376ef248d7cf28b0069639bc898dc4d5513,e0202d4c43b5d8470a2f1edad5611376ef248d7cf28b0069639bc898dc4d5513,True,success
DLDLL,exhaustive,5,3,2,0,"{""0"":1,""2"":9,""4"":36,""6"":84,""8"":126,""10"":125,""11"":8,""12"":47,""13"":120,""14"":-267,""15"":624,""16"":-1077,""17"":1632,""18"":-2156,""19"":2536,""20"":-2675,""21"":2536,""22"":-2157,""23"":1632,""24"":-1086,""25"":624,""26"":-303,""27"":120,""28"":-37,""29"":8,""30"":-1,""40"":-1,""41"":-1,""42"":-1,""43"":-1,""44"":-1}","{""0"":1,""2"":9,""4"":36,""6"":84,""8"":126,""10"":125,""11"":8,""12"":47,""13"":120,""14"":-267,""15"":624,""16"":-1077,""17"":1632,""18"":-2156,""19"":2536,""20"":-2675,""21"":2536,""22"":-2157,""23"":1632,""24"":-1086,""25"":624,""26"":-303,""27"":120,""28"":-37,""29"":8,""30"":-1,""40"":-1,""41"":-1,""42"":-1,""43"":-1,""44"":-1}",c62f120d2761d2f6916ae1718d20ad3ffaf737a50ed3958f755c6b4638df6ceb,c62f120d2761d2f6916ae1718d20ad3ffaf737a50ed3958f755c6b4638df6ceb,True,success
DLLBB,exhaustive,5,2,1,2,"{""0"":1,""1"":-2,""2"":11,""3"":-18,""4"":53,""5"":-72,""6"":148,""7"":-168,""8"":266,""9"":-252,""10"":318,""11"":-220,""12"":121,""13"":295,""14"":-1003,""15"":2272,""16"":-3990,""17"":6025,""18"":-7947,""19"":9341,""20"":-9847,""21"":9343,""22"":-7958,""23"":6043,""24"":-4043,""25"":2344,""26"":-1151,""27"":463,""28"":-145,""29"":32,""30"":-4,""35"":1,""36"":1,""37"":1,""38"":3,""39"":3,""40"":2,""41"":3,""42"":3,""43"":1,""44"":1,""45"":1}","{""0"":1,""1"":-2,""2"":11,""3"":-18,""4"":53,""5"":-72,""6"":148,""7"":-168,""8"":266,""9"":-252,""10"":318,""11"":-220,""12"":121,""13"":295,""14"":-1003,""15"":2272,""16"":-3990,""17"":6025,""18"":-7947,""19"":9341,""20"":-9847,""21"":9343,""22"":-7958,""23"":6043,""24"":-4043,""25"":2344,""26"":-1151,""27"":463,""28"":-145,""29"":32,""30"":-4,""35"":1,""36"":1,""37"":1,""38"":3,""39"":3,""40"":2,""41"":3,""42"":3,""43"":1,""44"":1,""45"":1}",8003efc23861c0cd4ece2f771c34741e724a69578ebf5752c822b9ff63c98ae4,8003efc23861c0cd4ece2f771c34741e724a69578ebf5752c822b9ff63c98ae4,True,success
DLLBD,exhaustive,5,2,2,1,"{""0"":1,""1"":-1,""2"":9,""3"":-8,""4"":36,""5"":-28,""6"":84,""7"":-56,""8"":126,""9"":-70,""10"":124,""11"":-41,""12"":19,""13"":170,""14"":-434,""15"":904,""16"":-1489,""17"":2129,""18"":-2667,""19"":2977,""20"":-2977,""21"":2668,""22"":-2130,""23"":1498,""24"":-912,""25"":470,""26"":-198,""27"":65,""28"":-15,""29"":2,""37"":-1,""38"":-1,""39"":-1,""40"":-2,""41"":-2,""42"":-1,""43"":-1,""44"":-1}","{""0"":1,""1"":-1,""2"":9,""3"":-8,""4"":36,""5"":-28,""6"":84,""7"":-56,""8"":126,""9"":-70,""10"":124,""11"":-41,""12"":19,""13"":170,""14"":-434,""15"":904,""16"":-1489,""17"":2129,""18"":-2667,""19"":2977,""20"":-2977,""21"":2668,""22"":-2130,""23"":1498,""24"":-912,""25"":470,""26"":-198,""27"":65,""28"":-15,""29"":2,""37"":-1,""38"":-1,""39"":-1,""40"":-2,""41"":-2,""42"":-1,""43"":-1,""44"":-1}",ca45ad9da96dc2852d31f5697e0e9da499bd1d6f7d4d36873ce99b3389c9ed23,ca45ad9da96dc2852d31f5697e0e9da499bd1d6f7d4d36873ce99b3389c9ed23,True,success
DLLBL,exhaustive,5,3,1,1,"{""0"":1,""1"":-1,""2"":10,""3"":-9,""4"":45,""5"":-36,""6"":120,""7"":-84,""8"":210,""9"":-126,""10"":250,""11"":-109,""12"":128,""13"":194,""14"":-613,""15"":1544,""16"":-2835,""17"":4531,""18"":-6286,""19"":7774,""20"":-8621,""21"":8622,""22"":-7775,""23"":6296,""24"":-4540,""25"":2880,""26"":-1580,""27"":733,""28"":-278,""29"":82,""30"":-17,""31"":2,""38"":1,""39"":1,""40"":1,""41"":2,""42"":2,""43"":1,""44"":1,""45"":1}","{""0"":1,""1"":-1,""2"":10,""3"":-9,""4"":45,""5"":-36,""6"":120,""7"":-84,""8"":210,""9"":-126,""10"":250,""11"":-109,""12"":128,""13"":194,""14"":-613,""15"":1544,""16"":-2835,""17"":4531,""18"":-6286,""19"":7774,""20"":-8621,""21"":8622,""22"":-7775,""23"":6296,""24"":-4540,""25"":2880,""26"":-1580,""27"":733,""28"":-278,""29"":82,""30"":-17,""31"":2,""38"":1,""39"":1,""40"":1,""41"":2,""42"":2,""43"":1,""44"":1,""45"":1}",19681d5d09a777c5e4e4c559ebed44ddb53c37a758c74c6189662ddcfed4c81d,19681d5d09a777c5e4e4c559ebed44ddb53c37a758c74c6189662ddcfed4c81d,True,success
DLLDB,exhaustive,5,2,2,1,"{""0"":1,""1"":-1,""2"":9,""3"":-8,""4"":36,""5"":-28,""6"":84,""7"":-56,""8"":126,""9"":-70,""10"":124,""11"":-41,""12"":19,""13"":170,""14"":-434,""15"":904,""16"":-1489,""17"":2129,""18"":-2667,""19"":2977,""20"":-2977,""21"":2668,""22"":-2130,""23"":1498,""24"":-912,""25"":470,""26"":-198,""27"":65,""28"":-15,""29"":2,""37"":-1,""38"":-1,""39"":-1,""40"":-2,""41"":-2,""42"":-1,""43"":-1,""44"":-1}","{""0"":1,""1"":-1,""2"":9,""3"":-8,""4"":36,""5"":-28,""6"":84,""7"":-56,""8"":126,""9"":-70,""10"":124,""11"":-41,""12"":19,""13"":170,""14"":-434,""15"":904,""16"":-1489,""17"":2129,""18"":-2667,""19"":2977,""20"":-2977,""21"":2668,""22"":-2130,""23"":1498,""24"":-912,""25"":470,""26"":-198,""27"":65,""28"":-15,""29"":2,""37"":-1,""38"":-1,""39"":-1,""40"":-2,""41"":-2,""42"":-1,""43"":-1,""44"":-1}",ca45ad9da96dc2852d31f5697e0e9da499bd1d6f7d4d36873ce99b3389c9ed23,ca45ad9da96dc2852d31f5697e0e9da499bd1d6f7d4d36873ce99b3389c9ed23,True,success
DLLDD,exhaustive,5,2,3,0,"{""0"":1,""2"":8,""4"":28,""6"":56,""8"":70,""10"":55,""11"":7,""12"":-1,""13"":84,""14"":-182,""15"":350,""16"":-545,""17"":736,""18"":-875,""19"":925,""20"":-875,""21"":736,""22"":-546,""23"":350,""24"":-190,""25"":84,""26"":-29,""27"":7,""28"":-1,""39"":1,""40"":1,""41"":1,""42"":1,""43"":1}","{""0"":1,""2"":8,""4"":28,""6"":56,""8"":70,""10"":55,""11"":7,""12"":-1,""13"":84,""14"":-182,""15"":350,""16"":-545,""17"":736,""18"":-875,""19"":925,""20"":-875,""21"":736,""22"":-546,""23"":350,""24"":-190,""25"":84,""26"":-29,""27"":7,""28"":-1,""39"":1,""40"":1,""41"":1,""42"":1,""43"":1}",e0202d4c43b5d8470a2f1edad5611376ef248d7cf28b0069639bc898dc4d5513,e0202d4c43b5d8470a2f1edad5611376ef248d7cf28b0069639bc898dc4d5513,True,success
DLLDL,exhaustive,5,3,2,0,"{""0"":1,""2"":9,""4"":36,""6"":84,""8"":126,""10"":125,""11"":8,""12"":47,""13"":120,""14"":-267,""15"":624,""16"":-1077,""17"":1632,""18"":-2156,""19"":2536,""20"":-2675,""21"":2536,""22"":-2157,""23"":1632,""24"":-1086,""25"":624,""26"":-303,""27"":120,""28"":-37,""29"":8,""30"":-1,""40"":-1,""41"":-1,""42"":-1,""43"":-1,""44"":-1}","{""0"":1,""2"":9,""4"":36,""6"":84,""8"":126,""10"":125,""11"":8,""12"":47,""13"":120,""14"":-267,""15"":624,""16"":-1077,""17"":1632,""18"":-2156,""19"":2536,""20"":-2675,""21"":2536,""22"":-2157,""23"":1632,""24"":-1086,""25"":624,""26"":-303,""27"":120,""28"":-37,""29"":8,""30"":-1,""40"":-1,""41"":-1,""42"":-1,""43"":-1,""44"":-1}",c62f120d2761d2f6916ae1718d20ad3ffaf737a50ed3958f755c6b4638df6ceb,c62f120d2761d2f6916ae1718d20ad3ffaf737a50ed3958f755c6b4638df6ceb,True,success
DLLLB,exhaustive,5,3,1,1,"{""0"":1,""1"":-1,""2"":10,""3"":-9,""4"":45,""5"":-36,""6"":120,""7"":-84,""8"":210,""9"":-126,""10"":250,""11"":-109,""12"":128,""13"":194,""14"":-613,""15"":1544,""16"":-2835,""17"":4531,""18"":-6286,""19"":7774,""20"":-8621,""21"":8622,""22"":-7775,""23"":6296,""24"":-4540,""25"":2880,""26"":-1580,""27"":733,""28"":-278,""29"":82,""30"":-17,""31"":2,""38"":1,""39"":1,""40"":1,""41"":2,""42"":2,""43"":1,""44"":1,""45"":1}","{""0"":1,""1"":-1,""2"":10,""3"":-9,""4"":45,""5"":-36,""6"":120,""7"":-84,""8"":210,""9"":-126,""10"":250,""11"":-109,""12"":128,""13"":194,""14"":-613,""15"":1544,""16"":-2835,""17"":4531,""18"":-6286,""19"":7774,""20"":-8621,""21"":8622,""22"":-7775,""23"":6296,""24"":-4540,""25"":2880,""26"":-1580,""27"":733,""28"":-278,""29"":82,""30"":-17,""31"":2,""38"":1,""39"":1,""40"":1,""41"":2,""42"":2,""43"":1,""44"":1,""45"":1}",19681d5d09a777c5e4e4c559ebed44ddb53c37a758c74c6189662ddcfed4c81d,19681d5d09a777c5e4e4c559ebed44ddb53c37a758c74c6189662ddcfed4c81d,True,success
DLLLD,exhaustive,5,3,2,0,"{""0"":1,""2"":9,""4"":36,""6"":84,""8"":126,""10"":125,""11"":8,""12"":47,""13"":120,""14"":-267,""15"":624,""16"":-1077,""17"":1632,""18"":-2156,""19"":2536,""20"":-2675,""21"":2536,""22"":-2157,""23"":1632,""24"":-1086,""25"":624,""26"":-303,""27"":120,""28"":-37,""29"":8,""30"":-1,""40"":-1,""41"":-1,""42"":-1,""43"":-1,""44"":-1}","{""0"":1,""2"":9,""4"":36,""6"":84,""8"":126,""10"":125,""11"":8,""12"":47,""13"":120,""14"":-267,""15"":624,""16"":-1077,""17"":1632,""18"":-2156,""19"":2536,""20"":-2675,""21"":2536,""22"":-2157,""23"":1632,""24"":-1086,""25"":624,""26"":-303,""27"":120,""28"":-37,""29"":8,""30"":-1,""40"":-1,""41"":-1,""42"":-1,""43"":-1,""44"":-1}",c62f120d2761d2f6916ae1718d20ad3ffaf737a50ed3958f755c6b4638df6ceb,c62f120d2761d2f6916ae1718d20ad3ffaf737a50ed3958f755c6b4638df6ceb,True,success
DLLLL,exhaustive,5,4,1,0,"{""0"":1,""2"":10,""4"":45,""6"":120,""8"":210,""10"":251,""11"":9,""12"":164,""13"":165,""14"":-340,""15"":1047,""16"":-1968,""17"":3342,""18"":-4865,""19"":6325,""20"":-7367,""21"":7747,""22"":-7368,""23"":6325,""24"":-4875,""25"":3342,""26"":-2013,""27"":1047,""28"":-460,""29"":165,""30"":-46,""31"":9,""32"":-1,""41"":1,""42"":1,""43"":1,""44"":1,""45"":1}","{""0"":1,""2"":10,""4"":45,""6"":120,""8"":210,""10"":251,""11"":9,""12"":164,""13"":165,""14"":-340,""15"":1047,""16"":-1968,""17"":3342,""18"":-4865,""19"":6325,""20"":-7367,""21"":7747,""22"":-7368,""23"":6325,""24"":-4875,""25"":3342,""26"":-2013,""27"":1047,""28"":-460,""29"":165,""30"":-46,""31"":9,""32"":-1,""41"":1,""42"":1,""43"":1,""44"":1,""45"":1}",3d3be4b3f9ff61364b248af6cffb46a1de147a01f3fa01b031062bfb56b42c8c,3d3be4b3f9ff61364b248af6cffb46a1de147a01f3fa01b031062bfb56b42c8c,True,success
LBBBB,exhaustive,5,1,0,4,"{""0"":1,""1"":-4,""2"":17,""3"":-44,""4"":110,""5"":-212,""6"":388,""7"":-592,""8"":855,""9"":-1064,""10"":1237,""11"":-1160,""12"":685,""13"":720,""14"":-3514,""15"":8206,""16"":-14662,""17"":22160,""18"":-29256,""19"":34374,""20"":-36245,""21"":34414,""22"":-29365,""23"":22372,""24"":-15050,""25"":8798,""26"":-4369,""27"":1784,""28"":-568,""29"":128,""30"":-17,""31"":-1,""32"":-1,""33"":-5,""34"":-5,""35"":-4,""36"":-10,""37"":-10,""38"":-6,""39"":-10,""40"":-10,""41"":-4,""42"":-5,""43"":-5,""44"":-1,""45"":-1,""46"":-1}","{""0"":1,""1"":-4,""2"":17,""3"":-44,""4"":110,""5"":-212,""6"":388,""7"":-592,""8"":855,""9"":-1064,""10"":1237,""11"":-1160,""12"":685,""13"":720,""14"":-3514,""15"":8206,""16"":-14662,""17"":22160,""18"":-29256,""19"":34374,""20"":-36245,""21"":34414,""22"":-29365,""23"":22372,""24"":-15050,""25"":8798,""26"":-4369,""27"":1784,""28"":-568,""29"":128,""30"":-17,""31"":-1,""32"":-1,""33"":-5,""34"":-5,""35"":-4,""36"":-10,""37"":-10,""38"":-6,""39"":-10,""40"":-10,""41"":-4,""42"":-5,""43"":-5,""44"":-1,""45"":-1,""46"":-1}",3ba0492e4c80f7643f9bf6e0627d063b70ff2109c0893392b4ad8376b1e465e5,3ba0492e4c80f7643f9bf6e0627d063b70ff2109c0893392b4ad8376b1e465e5,True,success
LBBBD,exhaustive,5,1,1,3,"{""0"":1,""1"":-3,""2"":13,""3"":-28,""4"":69,""5"":-115,""6"":204,""7"":-273,""8"":378,""9"":-413,""10"":454,""11"":-353,""12"":124,""13"":488,""14"":-1574,""15"":3298,""16"":-5492,""17"":7843,""18"":-9820,""19"":10958,""20"":-10960,""21"":9833,""22"":-7871,""23"":5561,""24"":-3413,""25"":1778,""26"":-761,""27"":254,""28"":-60,""29"":8,""32"":1,""33"":1,""34"":1,""35"":4,""36"":4,""37"":3,""38"":6,""39"":6,""40"":3,""41"":4,""42"":4,""43"":1,""44"":1,""45"":1}","{""0"":1,""1"":-3,""2"":13,""3"":-28,""4"":69,""5"":-115,""6"":204,""7"":-273,""8"":378,""9"":-413,""10"":454,""11"":-353,""12"":124,""13"":488,""14"":-1574,""15"":3298,""16"":-5492,""17"":7843,""18"":-9820,""19"":10958,""20"":-10960,""21"":9833,""22"":-7871,""23"":5561,""24"":-3413,""25"":1778,""26"":-761,""27"":254,""28"":-60,""29"":8,""32"":1,""33"":1,""34"":1,""35"":4,""36"":4,""37"":3,""38"":6,""39"":6,""40"":3,""41"":4,""42"":4,""43"":1,""44"":1,""45"":1}",e3c771a79e8953f971ae7d12611944abd728a435f411362147b1066795cf03ac,e3c771a79e8953f971ae7d12611944abd728a435f411362147b1066795cf03ac,True,success
LBBBL,exhaustive,5,2,0,3,"{""0"":1,""1"":-3,""2"":14,""3"":-31,""4"":82,""5"":-143,""6"":273,""7"":-388,""8"":582,""9"":-686,""10"":832,""11"":-758,""12"":518,""13"":389,""14"":-2211,""15"":5564,""16"":-10479,""17"":16702,""18"":-23183,""19"":28634,""20"":-31741,""21"":31752,""22"":-28664,""23"":23265,""24"":-16845,""25"":10752,""26"":-5952,""27"":2793,""28"":-1075,""29"":322,""30"":-68,""31"":8,""33"":-1,""34"":-1,""35"":-1,""36"":-4,""37"":-4,""38"":-3,""39"":-6,""40"":-6,""41"":-3,""42"":-4,""43"":-4,""44"":-1,""45"":-1,""46"":-1}","{""0"":1,""1"":-3,""2"":14,""3"":-31,""4"":82,""5"":-143,""6"":273,""7"":-388,""8"":582,""9"":-686,""10"":832,""11"":-758,""12"":518,""13"":389,""14"":-2211,""15"":5564,""16"":-10479,""17"":16702,""18"":-23183,""19"":28634,""20"":-31741,""21"":31752,""22"":-28664,""23"":23265,""24"":-16845,""25"":10752,""26"":-5952,""27"":2793,""28"":-1075,""29"":322,""30"":-68,""31"":8,""33"":-1,""34"":-1,""35"":-1,""36"":-4,""37"":-4,""38"":-3,""39"":-6,""40"":-6,""41"":-3,""42"":-4,""43"":-4,""44"":-1,""45"":-1,""46"":-1}",6c1ff1c72591a85d109dcdeeaff5e480840351c06a4bebd378c49e386f0b84a7,6c1ff1c72591a85d109dcdeeaff5e480840351c06a4bebd378c49e386f0b84a7,True,success
LBBDB,exhaustive,5,1,1,3,"{""0"":1,""1"":-3,""2"":13,""3"":-28,""4"":69,""5"":-115,""6"":204,""7"":-273,""8"":378,""9"":-413,""10"":454,""11"":-353,""12"":124,""13"":488,""14"":-1574,""15"":3298,""16"":-5492,""17"":7843,""18"":-9820,""19"":10958,""20"":-10960,""21"":9833,""22"":-7871,""23"":5561,""24"":-3413,""25"":1778,""26"":-761,""27"":254,""28"":-60,""29"":8,""32"":1,""33"":1,""34"":1,""35"":4,""36"":4,""37"":3,""38"":6,""39"":6,""40"":3,""41"":4,""42"":4,""43"":1,""44"":1,""45"":1}","{""0"":1,""1"":-3,""2"":13,""3"":-28,""4"":69,""5"":-115,""6"":204,""7"":-273,""8"":378,""9"":-413,""10"":454,""11"":-353,""12"":124,""13"":488,""14"":-1574,""15"":3298,""16"":-5492,""17"":7843,""18"":-9820,""19"":10958,""20"":-10960,""21"":9833,""22"":-7871,""23"":5561,""24"":-3413,""25"":1778,""26"":-761,""27"":254,""28"":-60,""29"":8,""32"":1,""33"":1,""34"":1,""35"":4,""36"":4,""37"":3,""38"":6,""39"":6,""40"":3,""41"":4,""42"":4,""43"":1,""44"":1,""45"":1}",e3c771a79e8953f971ae7d12611944abd728a435f411362147b1066795cf03ac,e3c771a79e8953f971ae7d12611944abd728a435f411362147b1066795cf03ac,True,success
LBBDD,exhaustive,5,1,2,2,"{""0"":1,""1"":-2,""2"":10,""3"":-16,""4"":43,""5"":-56,""6"":105,""7"":-112,""8"":161,""9"":-140,""10"":157,""11"":-84,""12"":-8,""13"":266,""14"":-673,""15"":1290,""16"":-2011,""17"":2714,""18"":-3220,""19"":3406,""20"":-3221,""21"":2716,""22"":-2021,""23"":1306,""24"":-716,""25"":322,""26"":-113,""27"":28,""28"":-4,""34"":-1,""35"":-1,""36"":-1,""37"":-3,""38"":-3,""39"":-2,""40"":-3,""41"":-3,""42"":-1,""43"":-1,""44"":-1}","{""0"":1,""1"":-2,""2"":10,""3"":-16,""4"":43,""5"":-56,""6"":105,""7"":-112,""8"":161,""9"":-140,""10"":157,""11"":-84,""12"":-8,""13"":266,""14"":-673,""15"":1290,""16"":-2011,""17"":2714,""18"":-3220,""19"":3406,""20"":-3221,""21"":2716,""22"":-2021,""23"":1306,""24"":-716,""25"":322,""26"":-113,""27"":28,""28"":-4,""34"":-1,""35"":-1,""36"":-1,""37"":-3,""38"":-3,""39"":-2,""40"":-3,""41"":-3,""42"":-1,""43"":-1,""44"":-1}",7aaae2bbadb605437aa6c86c015aa886cbfe01d32496652815a1ed523411cfa0,7aaae2bbadb605437aa6c86c015aa886cbfe01d32496652815a1ed523411cfa0,True,success
LBBDL,exhaustive,5,2,1,2,"{""0"":1,""1"":-2,""2"":11,""3"":-18,""4"":53,""5"":-72,""6"":148,""7"":-168,""8"":266,""9"":-252,""10"":318,""11"":-220,""12"":121,""13"":295,""14"":-1003,""15"":2272,""16"":-3990,""17"":6025,""18"":-7947,""19"":9341,""20"":-9847,""21"":9343,""22"":-7958,""23"":6043,""24"":-4043,""25"":2344,""26"":-1151,""27"":463,""28"":-145,""29"":32,""30"":-4,""35"":1,""36"":1,""37"":1,""38"":3,""39"":3,""40"":2,""41"":3,""42"":3,""43"":1,""44"":1,""45"":1}","{""0"":1,""1"":-2,""2"":11,""3"":-18,""4"":53,""5"":-72,""6"":148,""7"":-168,""8"":266,""9"":-252,""10"":318,""11"":-220,""12"":121,""13"":295,""14"":-1003,""15"":2272,""16"":-3990,""17"":6025,""18"":-7947,""19"":9341,""20"":-9847,""21"":9343,""22"":-7958,""23"":6043,""24"":-4043,""25"":2344,""26"":-1151,""27"":463,""28"":-145,""29"":32,""30"":-4,""35"":1,""36"":1,""37"":1,""38"":3,""39"":3,""40"":2,""41"":3,""42"":3,""43"":1,""44"":1,""45"":1}",8003efc23861c0cd4ece2f771c34741e724a69578ebf5752c822b9ff63c98ae4,8003efc23861c0cd4ece2f771c34741e724a69578ebf5752c822b9ff63c98ae4,True,success
LBBLB,exhaustive,5,2,0,3,"{""0"":1,""1"":-3,""2"":14,""3"":-31,""4"":82,""5"":-143,""6"":273,""7"":-388,""8"":582,""9"":-686,""10"":832,""11"":-758,""12"":518,""13"":389,""14"":-2211,""15"":5564,""16"":-10479,""17"":16702,""18"":-23183,""19"":28634,""20"":-31741,""21"":31752,""22"":-28664,""23"":23265,""24"":-16845,""25"":10752,""26"":-5952,""27"":2793,""28"":-1075,""29"":322,""30"":-68,""31"":8,""33"":-1,""34"":-1,""35"":-1,""36"":-4,""37"":-4,""38"":-3,""39"":-6,""40"":-6,""41"":-3,""42"":-4,""43"":-4,""44"":-1,""45"":-1,""46"":-1}","{""0"":1,""1"":-3,""2"":14,""3"":-31,""4"":82,""5"":-143,""6"":273,""7"":-388,""8"":582,""9"":-686,""10"":832,""11"":-758,""12"":518,""13"":389,""14"":-2211,""15"":5564,""16"":-10479,""17"":16702,""18"":-23183,""19"":28634,""20"":-31741,""21"":31752,""22"":-28664,""23"":23265,""24"":-16845,""25"":10752,""26"":-5952,""27"":2793,""28"":-1075,""29"":322,""30"":-68,""31"":8,""33"":-1,""34"":-1,""35"":-1,""36"":-4,""37"":-4,""38"":-3,""39"":-6,""40"":-6,""41"":-3,""42"":-4,""43"":-4,""44"":-1,""45"":-1,""46"":-1}",6c1ff1c72591a85d109dcdeeaff5e480840351c06a4bebd378c49e386f0b84a7,6c1ff1c72591a85d109dcdeeaff5e480840351c06a4bebd378c49e386f0b84a7,True,success
LBBLD,exhaustive,5,2,1,2,"{""0"":1,""1"":-2,""2"":11,""3"":-18,""4"":53,""5"":-72,""6"":148,""7"":-168,""8"":266,""9"":-252,""10"":318,""11"":-220,""12"":121,""13"":295,""14"":-1003,""15"":2272,""16"":-3990,""17"":6025,""18"":-7947,""19"":9341,""20"":-9847,""21"":9343,""22"":-7958,""23"":6043,""24"":-4043,""25"":2344,""26"":-1151,""27"":463,""28"":-145,""29"":32,""30"":-4,""35"":1,""36"":1,""37"":1,""38"":3,""39"":3,""40"":2,""41"":3,""42"":3,""43"":1,""44"":1,""45"":1}","{""0"":1,""1"":-2,""2"":11,""3"":-18,""4"":53,""5"":-72,""6"":148,""7"":-168,""8"":266,""9"":-252,""10"":318,""11"":-220,""12"":121,""13"":295,""14"":-1003,""15"":2272,""16"":-3990,""17"":6025,""18"":-7947,""19"":9341,""20"":-9847,""21"":9343,""22"":-7958,""23"":6043,""24"":-4043,""25"":2344,""26"":-1151,""27"":463,""28"":-145,""29"":32,""30"":-4,""35"":1,""36"":1,""37"":1,""38"":3,""39"":3,""40"":2,""41"":3,""42"":3,""43"":1,""44"":1,""45"":1}",8003efc23861c0cd4ece2f771c34741e724a69578ebf5752c822b9ff63c98ae4,8003efc23861c0cd4ece2f771c34741e724a69578ebf5752c822b9ff63c98ae4,True,success
LBBLL,exhaustive,5,3,0,2,"{""0"":1,""1"":-2,""2"":12,""3"":-20,""4"":64,""5"":-90,""6"":201,""7"":-240,""8"":414,""9"":-420,""10"":584,""11"":-468,""12"":407,""13"":220,""14"":-1345,""15"":3718,""16"":-7337,""17"":12340,""18"":-17980,""19"":23324,""20"":-27137,""21"":28532,""22"":-27148,""23"":23344,""24"":-18044,""25"":12430,""26"":-7538,""27"":3958,""28"":-1759,""29"":640,""30"":-181,""31"":36,""32"":-4,""36"":-1,""37"":-1,""38"":-1,""39"":-3,""40"":-3,""41"":-2,""42"":-3,""43"":-3,""44"":-1,""45"":-1,""46"":-1}","{""0"":1,""1"":-2,""2"":12,""3"":-20,""4"":64,""5"":-90,""6"":201,""7"":-240,""8"":414,""9"":-420,""10"":584,""11"":-468,""12"":407,""13"":220,""14"":-1345,""15"":3718,""16"":-7337,""17"":12340,""18"":-17980,""19"":23324,""20"":-27137,""21"":28532,""22"":-27148,""23"":23344,""24"":-18044,""25"":12430,""26"":-7538,""27"":3958,""28"":-1759,""29"":640,""30"":-181,""31"":36,""32"":-4,""36"":-1,""37"":-1,""38"":-1,""39"":-3,""40"":-3,""41"":-2,""42"":-3,""43"":-3,""44"":-1,""45"":-1,""46"":-1}",2c4916a0fa79a88fedf407ca7cdb3c08c35b9e82c0587cd8dfd891959694ba85,2c4916a0fa79a88fedf407ca7cdb3c08c35b9e82c0587cd8dfd891959694ba85,True,success
LBDBB,exhaustive,5,1,1,3,"{""0"":1,""1"":-3,""2"":13,""3"":-28,""4"":69,""5"":-115,""6"":204,""7"":-273,""8"":378,""9"":-413,""10"":454,""11"":-353,""12"":124,""13"":488,""14"":-1574,""15"":3298,""16"":-5492,""17"":7843,""18"":-9820,""19"":10958,""20"":-10960,""21"":9833,""22"":-7871,""23"":5561,""24"":-3413,""25"":1778,""26"":-761,""27"":254,""28"":-60,""29"":8,""32"":1,""33"":1,""34"":1,""35"":4,""36"":4,""37"":3,""38"":6,""39"":6,""40"":3,""41"":4,""42"":4,""43"":1,""44"":1,""45"":1}","{""0"":1,""1"":-3,""2"":13,""3"":-28,""4"":69,""5"":-115,""6"":204,""7"":-273,""8"":378,""9"":-413,""10"":454,""11"":-353,""12"":124,""13"":488,""14"":-1574,""15"":3298,""16"":-5492,""17"":7843,""18"":-9820,""19"":10958,""20"":-10960,""21"":9833,""22"":-7871,""23"":5561,""24"":-3413,""25"":1778,""26"":-761,""27"":254,""28"":-60,""29"":8,""32"":1,""33"":1,""34"":1,""35"":4,""36"":4,""37"":3,""38"":6,""39"":6,""40"":3,""41"":4,""42"":4,""43"":1,""44"":1,""45"":1}",e3c771a79e8953f971ae7d12611944abd728a435f411362147b1066795cf03ac,e3c771a79e8953f971ae7d12611944abd728a435f411362147b1066795cf03ac,True,success
LBDBD,exhaustive,5,1,2,2,"{""0"":1,""1"":-2,""2"":10,""3"":-16,""4"":43,""5"":-56,""6"":105,""7"":-112,""8"":161,""9"":-140,""10"":157,""11"":-84,""12"":-8,""13"":266,""14"":-673,""15"":1290,""16"":-2011,""17"":2714,""18"":-3220,""19"":3406,""20"":-3221,""21"":2716,""22"":-2021,""23"":1306,""24"":-716,""25"":322,""26"":-113,""27"":28,""28"":-4,""34"":-1,""35"":-1,""36"":-1,""37"":-3,""38"":-3,""39"":-2,""40"":-3,""41"":-3,""42"":-1,""43"":-1,""44"":-1}","{""0"":1,""1"":-2,""2"":10,""3"":-16,""4"":43,""5"":-56,""6"":105,""7"":-112,""8"":161,""9"":-140,""10"":157,""11"":-84,""12"":-8,""13"":266,""14"":-673,""15"":1290,""16"":-2011,""17"":2714,""18"":-3220,""19"":3406,""20"":-3221,""21"":2716,""22"":-2021,""23"":1306,""24"":-716,""25"":322,""26"":-113,""27"":28,""28"":-4,""34"":-1,""35"":-1,""36"":-1,""37"":-3,""38"":-3,""39"":-2,""40"":-3,""41"":-3,""42"":-1,""43"":-1,""44"":-1}",7aaae2bbadb605437aa6c86c015aa886cbfe01d32496652815a1ed523411cfa0,7aaae2bbadb605437aa6c86c015aa886cbfe01d32496652815a1ed523411cfa0,True,success
LBDBL,exhaustive,5,2,1,2,"{""0"":1,""1"":-2,""2"":11,""3"":-18,""4"":53,""5"":-72,""6"":148,""7"":-168,""8"":266,""9"":-252,""10"":318,""11"":-220,""12"":121,""13"":295,""14"":-1003,""15"":2272,""16"":-3990,""17"":6025,""18"":-7947,""19"":9341,""20"":-9847,""21"":9343,""22"":-7958,""23"":6043,""24"":-4043,""25"":2344,""26"":-1151,""27"":463,""28"":-145,""29"":32,""30"":-4,""35"":1,""36"":1,""37"":1,""38"":3,""39"":3,""40"":2,""41"":3,""42"":3,""43"":1,""44"":1,""45"":1}","{""0"":1,""1"":-2,""2"":11,""3"":-18,""4"":53,""5"":-72,""6"":148,""7"":-168,""8"":266,""9"":-252,""10"":318,""11"":-220,""12"":121,""13"":295,""14"":-1003,""15"":2272,""16"":-3990,""17"":6025,""18"":-7947,""19"":9341,""20"":-9847,""21"":9343,""22"":-7958,""23"":6043,""24"":-4043,""25"":2344,""26"":-1151,""27"":463,""28"":-145,""29"":32,""30"":-4,""35"":1,""36"":1,""37"":1,""38"":3,""39"":3,""40"":2,""41"":3,""42"":3,""43"":1,""44"":1,""45"":1}",8003efc23861c0cd4ece2f771c34741e724a69578ebf5752c822b9ff63c98ae4,8003efc23861c0cd4ece2f771c34741e724a69578ebf5752c822b9ff63c98ae4,True,success
LBDDB,exhaustive,5,1,2,2,"{""0"":1,""1"":-2,""2"":10,""3"":-16,""4"":43,""5"":-56,""6"":105,""7"":-112,""8"":161,""9"":-140,""10"":157,""11"":-84,""12"":-8,""13"":266,""14"":-673,""15"":1290,""16"":-2011,""17"":2714,""18"":-3220,""19"":3406,""20"":-3221,""21"":2716,""22"":-2021,""23"":1306,""24"":-716,""25"":322,""26"":-113,""27"":28,""28"":-4,""34"":-1,""35"":-1,""36"":-1,""37"":-3,""38"":-3,""39"":-2,""40"":-3,""41"":-3,""42"":-1,""43"":-1,""44"":-1}","{""0"":1,""1"":-2,""2"":10,""3"":-16,""4"":43,""5"":-56,""6"":105,""7"":-112,""8"":161,""9"":-140,""10"":157,""11"":-84,""12"":-8,""13"":266,""14"":-673,""15"":1290,""16"":-2011,""17"":2714,""18"":-3220,""19"":3406,""20"":-3221,""21"":2716,""22"":-2021,""23"":1306,""24"":-716,""25"":322,""26"":-113,""27"":28,""28"":-4,""34"":-1,""35"":-1,""36"":-1,""37"":-3,""38"":-3,""39"":-2,""40"":-3,""41"":-3,""42"":-1,""43"":-1,""44"":-1}",7aaae2bbadb605437aa6c86c015aa886cbfe01d32496652815a1ed523411cfa0,7aaae2bbadb605437aa6c86c015aa886cbfe01d32496652815a1ed523411cfa0,True,success
LBDDD,exhaustive,5,1,3,1,"{""0"":1,""1"":-1,""2"":8,""3"":-7,""4"":28,""5"":-21,""6"":56,""7"":-35,""8"":70,""9"":-35,""10"":54,""11"":-8,""12"":-22,""13"":128,""14"":-277,""15"":491,""16"":-720,""17"":917,""18"":-1030,""19"":1030,""20"":-917,""21"":721,""22"":-492,""23"":285,""24"":-135,""25"":50,""26"":-13,""27"":2,""36"":1,""37"":1,""38"":1,""39"":2,""40"":2,""41"":1,""42"":1,""43"":1}","{""0"":1,""1"":-1,""2"":8,""3"":-7,""4"":28,""5"":-21,""6"":56,""7"":-35,""8"":70,""9"":-35,""10"":54,""11"":-8,""12"":-22,""13"":128,""14"":-277,""15"":491,""16"":-720,""17"":917,""18"":-1030,""19"":1030,""20"":-917,""21"":721,""22"":-492,""23"":285,""24"":-135,""25"":50,""26"":-13,""27"":2,""36"":1,""37"":1,""38"":1,""39"":2,""40"":2,""41"":1,""42"":1,""43"":1}",e42bf361ead4d8ada0e612878362a095ce5a888bc0249114e634f2124aca92e1,e42bf361ead4d8ada0e612878362a095ce5a888bc0249114e634f2124aca92e1,True,success
LBDDL,exhaustive,5,2,2,1,"{""0"":1,""1"":-1,""2"":9,""3"":-8,""4"":36,""5"":-28,""6"":84,""7"":-56,""8"":126,""9"":-70,""10"":124,""11"":-41,""12"":19,""13"":170,""14"":-434,""15"":904,""16"":-1489,""17"":2129,""18"":-2667,""19"":2977,""20"":-2977,""21"":2668,""22"":-2130,""23"":1498,""24"":-912,""25"":470,""26"":-198,""27"":65,""28"":-15,""29"":2,""37"":-1,""38"":-1,""39"":-1,""40"":-2,""41"":-2,""42"":-1,""43"":-1,""44"":-1}","{""0"":1,""1"":-1,""2"":9,""3"":-8,""4"":36,""5"":-28,""6"":84,""7"":-56,""8"":126,""9"":-70,""10"":124,""11"":-41,""12"":19,""13"":170,""14"":-434,""15"":904,""16"":-1489,""17"":2129,""18"":-2667,""19"":2977,""20"":-2977,""21"":2668,""22"":-2130,""23"":1498,""24"":-912,""25"":470,""26"":-198,""27"":65,""28"":-15,""29"":2,""37"":-1,""38"":-1,""39"":-1,""40"":-2,""41"":-2,""42"":-1,""43"":-1,""44"":-1}",ca45ad9da96dc2852d31f5697e0e9da499bd1d6f7d4d36873ce99b3389c9ed23,ca45ad9da96dc2852d31f5697e0e9da499bd1d6f7d4d36873ce99b3389c9ed23,True,success
LBDLB,exhaustive,5,2,1,2,"{""0"":1,""1"":-2,""2"":11,""3"":-18,""4"":53,""5"":-72,""6"":148,""7"":-168,""8"":266,""9"":-252,""10"":318,""11"":-220,""12"":121,""13"":295,""14"":-1003,""15"":2272,""16"":-3990,""17"":6025,""18"":-7947,""19"":9341,""20"":-9847,""21"":9343,""22"":-7958,""23"":6043,""24"":-4043,""25"":2344,""26"":-1151,""27"":463,""28"":-145,""29"":32,""30"":-4,""35"":1,""36"":1,""37"":1,""38"":3,""39"":3,""40"":2,""41"":3,""42"":3,""43"":1,""44"":1,""45"":1}","{""0"":1,""1"":-2,""2"":11,""3"":-18,""4"":53,""5"":-72,""6"":148,""7"":-168,""8"":266,""9"":-252,""10"":318,""11"":-220,""12"":121,""13"":295,""14"":-1003,""15"":2272,""16"":-3990,""17"":6025,""18"":-7947,""19"":9341,""20"":-9847,""21"":9343,""22"":-7958,""23"":6043,""24"":-4043,""25"":2344,""26"":-1151,""27"":463,""28"":-145,""29"":32,""30"":-4,""35"":1,""36"":1,""37"":1,""38"":3,""39"":3,""40"":2,""41"":3,""42"":3,""43"":1,""44"":1,""45"":1}",8003efc23861c0cd4ece2f771c34741e724a69578ebf5752c822b9ff63c98ae4,8003efc23861c0cd4ece2f771c34741e724a69578ebf5752c822b9ff63c98ae4,True,success
LBDLD,exhaustive,5,2,2,1,"{""0"":1,""1"":-1,""2"":9,""3"":-8,""4"":36,""5"":-28,""6"":84,""7"":-56,""8"":126,""9"":-70,""10"":124,""11"":-41,""12"":19,""13"":170,""14"":-434,""15"":904,""16"":-1489,""17"":2129,""18"":-2667,""19"":2977,""20"":-2977,""21"":2668,""22"":-2130,""23"":1498,""24"":-912,""25"":470,""26"":-198,""27"":65,""28"":-15,""29"":2,""37"":-1,""38"":-1,""39"":-1,""40"":-2,""41"":-2,""42"":-1,""43"":-1,""44"":-1}","{""0"":1,""1"":-1,""2"":9,""3"":-8,""4"":36,""5"":-28,""6"":84,""7"":-56,""8"":126,""9"":-70,""10"":124,""11"":-41,""12"":19,""13"":170,""14"":-434,""15"":904,""16"":-1489,""17"":2129,""18"":-2667,""19"":2977,""20"":-2977,""21"":2668,""22"":-2130,""23"":1498,""24"":-912,""25"":470,""26"":-198,""27"":65,""28"":-15,""29"":2,""37"":-1,""38"":-1,""39"":-1,""40"":-2,""41"":-2,""42"":-1,""43"":-1,""44"":-1}",ca45ad9da96dc2852d31f5697e0e9da499bd1d6f7d4d36873ce99b3389c9ed23,ca45ad9da96dc2852d31f5697e0e9da499bd1d6f7d4d36873ce99b3389c9ed23,True,success
LBDLL,exhaustive,5,3,1,1,"{""0"":1,""1"":-1,""2"":10,""3"":-9,""4"":45,""5"":-36,""6"":120,""7"":-84,""8"":210,""9"":-126,""10"":250,""11"":-109,""12"":128,""13"":194,""14"":-613,""15"":1544,""16"":-2835,""17"":4531,""18"":-6286,""19"":7774,""20"":-8621,""21"":8622,""22"":-7775,""23"":6296,""24"":-4540,""25"":2880,""26"":-1580,""27"":733,""28"":-278,""29"":82,""30"":-17,""31"":2,""38"":1,""39"":1,""40"":1,""41"":2,""42"":2,""43"":1,""44"":1,""45"":1}","{""0"":1,""1"":-1,""2"":10,""3"":-9,""4"":45,""5"":-36,""6"":120,""7"":-84,""8"":210,""9"":-126,""10"":250,""11"":-109,""12"":128,""13"":194,""14"":-613,""15"":1544,""16"":-2835,""17"":4531,""18"":-6286,""19"":7774,""20"":-8621,""21"":8622,""22"":-7775,""23"":6296,""24"":-4540,""25"":2880,""26"":-1580,""27"":733,""28"":-278,""29"":82,""30"":-17,""31"":2,""38"":1,""39"":1,""40"":1,""41"":2,""42"":2,""43"":1,""44"":1,""45"":1}",19681d5d09a777c5e4e4c559ebed44ddb53c37a758c74c6189662ddcfed4c81d,19681d5d09a777c5e4e4c559ebed44ddb53c37a758c74c6189662ddcfed4c81d,True,success
LBLBB,exhaustive,5,2,0,3,"{""0"":1,""1"":-3,""2"":14,""3"":-31,""4"":82,""5"":-143,""6"":273,""7"":-388,""8"":582,""9"":-686,""10"":832,""11"":-758,""12"":518,""13"":389,""14"":-2211,""15"":5564,""16"":-10479,""17"":16702,""18"":-23183,""19"":28634,""20"":-31741,""21"":31752,""22"":-28664,""23"":23265,""24"":-16845,""25"":10752,""26"":-5952,""27"":2793,""28"":-1075,""29"":322,""30"":-68,""31"":8,""33"":-1,""34"":-1,""35"":-1,""36"":-4,""37"":-4,""38"":-3,""39"":-6,""40"":-6,""41"":-3,""42"":-4,""43"":-4,""44"":-1,""45"":-1,""46"":-1}","{""0"":1,""1"":-3,""2"":14,""3"":-31,""4"":82,""5"":-143,""6"":273,""7"":-388,""8"":582,""9"":-686,""10"":832,""11"":-758,""12"":518,""13"":389,""14"":-2211,""15"":5564,""16"":-10479,""17"":16702,""18"":-23183,""19"":28634,""20"":-31741,""21"":31752,""22"":-28664,""23"":23265,""24"":-16845,""25"":10752,""26"":-5952,""27"":2793,""28"":-1075,""29"":322,""30"":-68,""31"":8,""33"":-1,""34"":-1,""35"":-1,""36"":-4,""37"":-4,""38"":-3,""39"":-6,""40"":-6,""41"":-3,""42"":-4,""43"":-4,""44"":-1,""45"":-1,""46"":-1}",6c1ff1c72591a85d109dcdeeaff5e480840351c06a4bebd378c49e386f0b84a7,6c1ff1c72591a85d109dcdeeaff5e480840351c06a4bebd378c49e386f0b84a7,True,success
LBLBD,exhaustive,5,2,1,2,"{""0"":1,""1"":-2,""2"":11,""3"":-18,""4"":53,""5"":-72,""6"":148,""7"":-168,""8"":266,""9"":-252,""10"":318,""11"":-220,""12"":121,""13"":295,""14"":-1003,""15"":2272,""16"":-3990,""17"":6025,""18"":-7947,""19"":9341,""20"":-9847,""21"":9343,""22"":-7958,""23"":6043,""24"":-4043,""25"":2344,""26"":-1151,""27"":463,""28"":-145,""29"":32,""30"":-4,""35"":1,""36"":1,""37"":1,""38"":3,""39"":3,""40"":2,""41"":3,""42"":3,""43"":1,""44"":1,""45"":1}","{""0"":1,""1"":-2,""2"":11,""3"":-18,""4"":53,""5"":-72,""6"":148,""7"":-168,""8"":266,""9"":-252,""10"":318,""11"":-220,""12"":121,""13"":295,""14"":-1003,""15"":2272,""16"":-3990,""17"":6025,""18"":-7947,""19"":9341,""20"":-9847,""21"":9343,""22"":-7958,""23"":6043,""24"":-4043,""25"":2344,""26"":-1151,""27"":463,""28"":-145,""29"":32,""30"":-4,""35"":1,""36"":1,""37"":1,""38"":3,""39"":3,""40"":2,""41"":3,""42"":3,""43"":1,""44"":1,""45"":1}",8003efc23861c0cd4ece2f771c34741e724a69578ebf5752c822b9ff63c98ae4,8003efc23861c0cd4ece2f771c34741e724a69578ebf5752c822b9ff63c98ae4,True,success
LBLBL,exhaustive,5,3,0,2,"{""0"":1,""1"":-2,""2"":12,""3"":-20,""4"":64,""5"":-90,""6"":201,""7"":-240,""8"":414,""9"":-420,""10"":584,""11"":-468,""12"":407,""13"":220,""14"":-1345,""15"":3718,""16"":-7337,""17"":12340,""18"":-17980,""19"":23324,""20"":-27137,""21"":28532,""22"":-27148,""23"":23344,""24"":-18044,""25"":12430,""26"":-7538,""27"":3958,""28"":-1759,""29"":640,""30"":-181,""31"":36,""32"":-4,""36"":-1,""37"":-1,""38"":-1,""39"":-3,""40"":-3,""41"":-2,""42"":-3,""43"":-3,""44"":-1,""45"":-1,""46"":-1}","{""0"":1,""1"":-2,""2"":12,""3"":-20,""4"":64,""5"":-90,""6"":201,""7"":-240,""8"":414,""9"":-420,""10"":584,""11"":-468,""12"":407,""13"":220,""14"":-1345,""15"":3718,""16"":-7337,""17"":12340,""18"":-17980,""19"":23324,""20"":-27137,""21"":28532,""22"":-27148,""23"":23344,""24"":-18044,""25"":12430,""26"":-7538,""27"":3958,""28"":-1759,""29"":640,""30"":-181,""31"":36,""32"":-4,""36"":-1,""37"":-1,""38"":-1,""39"":-3,""40"":-3,""41"":-2,""42"":-3,""43"":-3,""44"":-1,""45"":-1,""46"":-1}",2c4916a0fa79a88fedf407ca7cdb3c08c35b9e82c0587cd8dfd891959694ba85,2c4916a0fa79a88fedf407ca7cdb3c08c35b9e82c0587cd8dfd891959694ba85,True,success
LBLDB,exhaustive,5,2,1,2,"{""0"":1,""1"":-2,""2"":11,""3"":-18,""4"":53,""5"":-72,""6"":148,""7"":-168,""8"":266,""9"":-252,""10"":318,""11"":-220,""12"":121,""13"":295,""14"":-1003,""15"":2272,""16"":-3990,""17"":6025,""18"":-7947,""19"":9341,""20"":-9847,""21"":9343,""22"":-7958,""23"":6043,""24"":-4043,""25"":2344,""26"":-1151,""27"":463,""28"":-145,""29"":32,""30"":-4,""35"":1,""36"":1,""37"":1,""38"":3,""39"":3,""40"":2,""41"":3,""42"":3,""43"":1,""44"":1,""45"":1}","{""0"":1,""1"":-2,""2"":11,""3"":-18,""4"":53,""5"":-72,""6"":148,""7"":-168,""8"":266,""9"":-252,""10"":318,""11"":-220,""12"":121,""13"":295,""14"":-1003,""15"":2272,""16"":-3990,""17"":6025,""18"":-7947,""19"":9341,""20"":-9847,""21"":9343,""22"":-7958,""23"":6043,""24"":-4043,""25"":2344,""26"":-1151,""27"":463,""28"":-145,""29"":32,""30"":-4,""35"":1,""36"":1,""37"":1,""38"":3,""39"":3,""40"":2,""41"":3,""42"":3,""43"":1,""44"":1,""45"":1}",8003efc23861c0cd4ece2f771c34741e724a69578ebf5752c822b9ff63c98ae4,8003efc23861c0cd4ece2f771c34741e724a69578ebf5752c822b9ff63c98ae4,True,success
LBLDD,exhaustive,5,2,2,1,"{""0"":1,""1"":-1,""2"":9,""3"":-8,""4"":36,""5"":-28,""6"":84,""7"":-56,""8"":126,""9"":-70,""10"":124,""11"":-41,""12"":19,""13"":170,""14"":-434,""15"":904,""16"":-1489,""17"":2129,""18"":-2667,""19"":2977,""20"":-2977,""21"":2668,""22"":-2130,""23"":1498,""24"":-912,""25"":470,""26"":-198,""27"":65,""28"":-15,""29"":2,""37"":-1,""38"":-1,""39"":-1,""40"":-2,""41"":-2,""42"":-1,""43"":-1,""44"":-1}","{""0"":1,""1"":-1,""2"":9,""3"":-8,""4"":36,""5"":-28,""6"":84,""7"":-56,""8"":126,""9"":-70,""10"":124,""11"":-41,""12"":19,""13"":170,""14"":-434,""15"":904,""16"":-1489,""17"":2129,""18"":-2667,""19"":2977,""20"":-2977,""21"":2668,""22"":-2130,""23"":1498,""24"":-912,""25"":470,""26"":-198,""27"":65,""28"":-15,""29"":2,""37"":-1,""38"":-1,""39"":-1,""40"":-2,""41"":-2,""42"":-1,""43"":-1,""44"":-1}",ca45ad9da96dc2852d31f5697e0e9da499bd1d6f7d4d36873ce99b3389c9ed23,ca45ad9da96dc2852d31f5697e0e9da499bd1d6f7d4d36873ce99b3389c9ed23,True,success
LBLDL,exhaustive,5,3,1,1,"{""0"":1,""1"":-1,""2"":10,""3"":-9,""4"":45,""5"":-36,""6"":120,""7"":-84,""8"":210,""9"":-126,""10"":250,""11"":-109,""12"":128,""13"":194,""14"":-613,""15"":1544,""16"":-2835,""17"":4531,""18"":-6286,""19"":7774,""20"":-8621,""21"":8622,""22"":-7775,""23"":6296,""24"":-4540,""25"":2880,""26"":-1580,""27"":733,""28"":-278,""29"":82,""30"":-17,""31"":2,""38"":1,""39"":1,""40"":1,""41"":2,""42"":2,""43"":1,""44"":1,""45"":1}","{""0"":1,""1"":-1,""2"":10,""3"":-9,""4"":45,""5"":-36,""6"":120,""7"":-84,""8"":210,""9"":-126,""10"":250,""11"":-109,""12"":128,""13"":194,""14"":-613,""15"":1544,""16"":-2835,""17"":4531,""18"":-6286,""19"":7774,""20"":-8621,""21"":8622,""22"":-7775,""23"":6296,""24"":-4540,""25"":2880,""26"":-1580,""27"":733,""28"":-278,""29"":82,""30"":-17,""31"":2,""38"":1,""39"":1,""40"":1,""41"":2,""42"":2,""43"":1,""44"":1,""45"":1}",19681d5d09a777c5e4e4c559ebed44ddb53c37a758c74c6189662ddcfed4c81d,19681d5d09a777c5e4e4c559ebed44ddb53c37a758c74c6189662ddcfed4c81d,True,success
LBLLB,exhaustive,5,3,0,2,"{""0"":1,""1"":-2,""2"":12,""3"":-20,""4"":64,""5"":-90,""6"":201,""7"":-240,""8"":414,""9"":-420,""10"":584,""11"":-468,""12"":407,""13"":220,""14"":-1345,""15"":3718,""16"":-7337,""17"":12340,""18"":-17980,""19"":23324,""20"":-27137,""21"":28532,""22"":-27148,""23"":23344,""24"":-18044,""25"":12430,""26"":-7538,""27"":3958,""28"":-1759,""29"":640,""30"":-181,""31"":36,""32"":-4,""36"":-1,""37"":-1,""38"":-1,""39"":-3,""40"":-3,""41"":-2,""42"":-3,""43"":-3,""44"":-1,""45"":-1,""46"":-1}","{""0"":1,""1"":-2,""2"":12,""3"":-20,""4"":64,""5"":-90,""6"":201,""7"":-240,""8"":414,""9"":-420,""10"":584,""11"":-468,""12"":407,""13"":220,""14"":-1345,""15"":3718,""16"":-7337,""17"":12340,""18"":-17980,""19"":23324,""20"":-27137,""21"":28532,""22"":-27148,""23"":23344,""24"":-18044,""25"":12430,""26"":-7538,""27"":3958,""28"":-1759,""29"":640,""30"":-181,""31"":36,""32"":-4,""36"":-1,""37"":-1,""38"":-1,""39"":-3,""40"":-3,""41"":-2,""42"":-3,""43"":-3,""44"":-1,""45"":-1,""46"":-1}",2c4916a0fa79a88fedf407ca7cdb3c08c35b9e82c0587cd8dfd891959694ba85,2c4916a0fa79a88fedf407ca7cdb3c08c35b9e82c0587cd8dfd891959694ba85,True,success
LBLLD,exhaustive,5,3,1,1,"{""0"":1,""1"":-1,""2"":10,""3"":-9,""4"":45,""5"":-36,""6"":120,""7"":-84,""8"":210,""9"":-126,""10"":250,""11"":-109,""12"":128,""13"":194,""14"":-613,""15"":1544,""16"":-2835,""17"":4531,""18"":-6286,""19"":7774,""20"":-8621,""21"":8622,""22"":-7775,""23"":6296,""24"":-4540,""25"":2880,""26"":-1580,""27"":733,""28"":-278,""29"":82,""30"":-17,""31"":2,""38"":1,""39"":1,""40"":1,""41"":2,""42"":2,""43"":1,""44"":1,""45"":1}","{""0"":1,""1"":-1,""2"":10,""3"":-9,""4"":45,""5"":-36,""6"":120,""7"":-84,""8"":210,""9"":-126,""10"":250,""11"":-109,""12"":128,""13"":194,""14"":-613,""15"":1544,""16"":-2835,""17"":4531,""18"":-6286,""19"":7774,""20"":-8621,""21"":8622,""22"":-7775,""23"":6296,""24"":-4540,""25"":2880,""26"":-1580,""27"":733,""28"":-278,""29"":82,""30"":-17,""31"":2,""38"":1,""39"":1,""40"":1,""41"":2,""42"":2,""43"":1,""44"":1,""45"":1}",19681d5d09a777c5e4e4c559ebed44ddb53c37a758c74c6189662ddcfed4c81d,19681d5d09a777c5e4e4c559ebed44ddb53c37a758c74c6189662ddcfed4c81d,True,success
LBLLL,exhaustive,5,4,0,1,"{""0"":1,""1"":-1,""2"":11,""3"":-10,""4"":55,""5"":-45,""6"":165,""7"":-120,""8"":330,""9"":-210,""10"":460,""11"":-233,""12"":361,""13"":167,""14"":-763,""15"":2471,""16"":-5028,""17"":8955,""18"":-13661,""19"":18601,""20"":-22682,""21"":25018,""22"":-25018,""23"":22693,""24"":-18611,""25"":13716,""26"":-9000,""27"":5193,""28"":-2591,""29"":1093,""30"":-377,""31"":101,""32"":-19,""33"":2,""39"":-1,""40"":-1,""41"":-1,""42"":-2,""43"":-2,""44"":-1,""45"":-1,""46"":-1}","{""0"":1,""1"":-1,""2"":11,""3"":-10,""4"":55,""5"":-45,""6"":165,""7"":-120,""8"":330,""9"":-210,""10"":460,""11"":-233,""12"":361,""13"":167,""14"":-763,""15"":2471,""16"":-5028,""17"":8955,""18"":-13661,""19"":18601,""20"":-22682,""21"":25018,""22"":-25018,""23"":22693,""24"":-18611,""25"":13716,""26"":-9000,""27"":5193,""28"":-2591,""29"":1093,""30"":-377,""31"":101,""32"":-19,""33"":2,""39"":-1,""40"":-1,""41"":-1,""42"":-2,""43"":-2,""44"":-1,""45"":-1,""46"":-1}",c995e65460447028b5b5f194a0791fc108e8c3fdb158fa624bd4a89a9b8a58c7,c995e65460447028b5b5f194a0791fc108e8c3fdb158fa624bd4a89a9b8a58c7,True,success
LDBBB,exhaustive,5,1,1,3,"{""0"":1,""1"":-3,""2"":13,""3"":-28,""4"":69,""5"":-115,""6"":204,""7"":-273,""8"":378,""9"":-413,""10"":454,""11"":-353,""12"":124,""13"":488,""14"":-1574,""15"":3298,""16"":-5492,""17"":7843,""18"":-9820,""19"":10958,""20"":-10960,""21"":9833,""22"":-7871,""23"":5561,""24"":-3413,""25"":1778,""26"":-761,""27"":254,""28"":-60,""29"":8,""32"":1,""33"":1,""34"":1,""35"":4,""36"":4,""37"":3,""38"":6,""39"":6,""40"":3,""41"":4,""42"":4,""43"":1,""44"":1,""45"":1}","{""0"":1,""1"":-3,""2"":13,""3"":-28,""4"":69,""5"":-115,""6"":204,""7"":-273,""8"":378,""9"":-413,""10"":454,""11"":-353,""12"":124,""13"":488,""14"":-1574,""15"":3298,""16"":-5492,""17"":7843,""18"":-9820,""19"":10958,""20"":-10960,""21"":9833,""22"":-7871,""23"":5561,""24"":-3413,""25"":1778,""26"":-761,""27"":254,""28"":-60,""29"":8,""32"":1,""33"":1,""34"":1,""35"":4,""36"":4,""37"":3,""38"":6,""39"":6,""40"":3,""41"":4,""42"":4,""43"":1,""44"":1,""45"":1}",e3c771a79e8953f971ae7d12611944abd728a435f411362147b1066795cf03ac,e3c771a79e8953f971ae7d12611944abd728a435f411362147b1066795cf03ac,True,success
LDBBD,exhaustive,5,1,2,2,"{""0"":1,""1"":-2,""2"":10,""3"":-16,""4"":43,""5"":-56,""6"":105,""7"":-112,""8"":161,""9"":-140,""10"":157,""11"":-84,""12"":-8,""13"":266,""14"":-673,""15"":1290,""16"":-2011,""17"":2714,""18"":-3220,""19"":3406,""20"":-3221,""21"":2716,""22"":-2021,""23"":1306,""24"":-716,""25"":322,""26"":-113,""27"":28,""28"":-4,""34"":-1,""35"":-1,""36"":-1,""37"":-3,""38"":-3,""39"":-2,""40"":-3,""41"":-3,""42"":-1,""43"":-1,""44"":-1}","{""0"":1,""1"":-2,""2"":10,""3"":-16,""4"":43,""5"":-56,""6"":105,""7"":-112,""8"":161,""9"":-140,""10"":157,""11"":-84,""12"":-8,""13"":266,""14"":-673,""15"":1290,""16"":-2011,""17"":2714,""18"":-3220,""19"":3406,""20"":-3221,""21"":2716,""22"":-2021,""23"":1306,""24"":-716,""25"":322,""26"":-113,""27"":28,""28"":-4,""34"":-1,""35"":-1,""36"":-1,""37"":-3,""38"":-3,""39"":-2,""40"":-3,""41"":-3,""42"":-1,""43"":-1,""44"":-1}",7aaae2bbadb605437aa6c86c015aa886cbfe01d32496652815a1ed523411cfa0,7aaae2bbadb605437aa6c86c015aa886cbfe01d32496652815a1ed523411cfa0,True,success
LDBBL,exhaustive,5,2,1,2,"{""0"":1,""1"":-2,""2"":11,""3"":-18,""4"":53,""5"":-72,""6"":148,""7"":-168,""8"":266,""9"":-252,""10"":318,""11"":-220,""12"":121,""13"":295,""14"":-1003,""15"":2272,""16"":-3990,""17"":6025,""18"":-7947,""19"":9341,""20"":-9847,""21"":9343,""22"":-7958,""23"":6043,""24"":-4043,""25"":2344,""26"":-1151,""27"":463,""28"":-145,""29"":32,""30"":-4,""35"":1,""36"":1,""37"":1,""38"":3,""39"":3,""40"":2,""41"":3,""42"":3,""43"":1,""44"":1,""45"":1}","{""0"":1,""1"":-2,""2"":11,""3"":-18,""4"":53,""5"":-72,""6"":148,""7"":-168,""8"":266,""9"":-252,""10"":318,""11"":-220,""12"":121,""13"":295,""14"":-1003,""15"":2272,""16"":-3990,""17"":6025,""18"":-7947,""19"":9341,""20"":-9847,""21"":9343,""22"":-7958,""23"":6043,""24"":-4043,""25"":2344,""26"":-1151,""27"":463,""28"":-145,""29"":32,""30"":-4,""35"":1,""36"":1,""37"":1,""38"":3,""39"":3,""40"":2,""41"":3,""42"":3,""43"":1,""44"":1,""45"":1}",8003efc23861c0cd4ece2f771c34741e724a69578ebf5752c822b9ff63c98ae4,8003efc23861c0cd4ece2f771c34741e724a69578ebf5752c822b9ff63c98ae4,True,success
LDBDB,exhaustive,5,1,2,2,"{""0"":1,""1"":-2,""2"":10,""3"":-16,""4"":43,""5"":-56,""6"":105,""7"":-112,""8"":161,""9"":-140,""10"":157,""11"":-84,""12"":-8,""13"":266,""14"":-673,""15"":1290,""16"":-2011,""17"":2714,""18"":-3220,""19"":3406,""20"":-3221,""21"":2716,""22"":-2021,""23"":1306,""24"":-716,""25"":322,""26"":-113,""27"":28,""28"":-4,""34"":-1,""35"":-1,""36"":-1,""37"":-3,""38"":-3,""39"":-2,""40"":-3,""41"":-3,""42"":-1,""43"":-1,""44"":-1}","{""0"":1,""1"":-2,""2"":10,""3"":-16,""4"":43,""5"":-56,""6"":105,""7"":-112,""8"":161,""9"":-140,""10"":157,""11"":-84,""12"":-8,""13"":266,""14"":-673,""15"":1290,""16"":-2011,""17"":2714,""18"":-3220,""19"":3406,""20"":-3221,""21"":2716,""22"":-2021,""23"":1306,""24"":-716,""25"":322,""26"":-113,""27"":28,""28"":-4,""34"":-1,""35"":-1,""36"":-1,""37"":-3,""38"":-3,""39"":-2,""40"":-3,""41"":-3,""42"":-1,""43"":-1,""44"":-1}",7aaae2bbadb605437aa6c86c015aa886cbfe01d32496652815a1ed523411cfa0,7aaae2bbadb605437aa6c86c015aa886cbfe01d32496652815a1ed523411cfa0,True,success
LDBDD,exhaustive,5,1,3,1,"{""0"":1,""1"":-1,""2"":8,""3"":-7,""4"":28,""5"":-21,""6"":56,""7"":-35,""8"":70,""9"":-35,""10"":54,""11"":-8,""12"":-22,""13"":128,""14"":-277,""15"":491,""16"":-720,""17"":917,""18"":-1030,""19"":1030,""20"":-917,""21"":721,""22"":-492,""23"":285,""24"":-135,""25"":50,""26"":-13,""27"":2,""36"":1,""37"":1,""38"":1,""39"":2,""40"":2,""41"":1,""42"":1,""43"":1}","{""0"":1,""1"":-1,""2"":8,""3"":-7,""4"":28,""5"":-21,""6"":56,""7"":-35,""8"":70,""9"":-35,""10"":54,""11"":-8,""12"":-22,""13"":128,""14"":-277,""15"":491,""16"":-720,""17"":917,""18"":-1030,""19"":1030,""20"":-917,""21"":721,""22"":-492,""23"":285,""24"":-135,""25"":50,""26"":-13,""27"":2,""36"":1,""37"":1,""38"":1,""39"":2,""40"":2,""41"":1,""42"":1,""43"":1}",e42bf361ead4d8ada0e612878362a095ce5a888bc0249114e634f2124aca92e1,e42bf361ead4d8ada0e612878362a095ce5a888bc0249114e634f2124aca92e1,True,success
LDBDL,exhaustive,5,2,2,1,"{""0"":1,""1"":-1,""2"":9,""3"":-8,""4"":36,""5"":-28,""6"":84,""7"":-56,""8"":126,""9"":-70,""10"":124,""11"":-41,""12"":19,""13"":170,""14"":-434,""15"":904,""16"":-1489,""17"":2129,""18"":-2667,""19"":2977,""20"":-2977,""21"":2668,""22"":-2130,""23"":1498,""24"":-912,""25"":470,""26"":-198,""27"":65,""28"":-15,""29"":2,""37"":-1,""38"":-1,""39"":-1,""40"":-2,""41"":-2,""42"":-1,""43"":-1,""44"":-1}","{""0"":1,""1"":-1,""2"":9,""3"":-8,""4"":36,""5"":-28,""6"":84,""7"":-56,""8"":126,""9"":-70,""10"":124,""11"":-41,""12"":19,""13"":170,""14"":-434,""15"":904,""16"":-1489,""17"":2129,""18"":-2667,""19"":2977,""20"":-2977,""21"":2668,""22"":-2130,""23"":1498,""24"":-912,""25"":470,""26"":-198,""27"":65,""28"":-15,""29"":2,""37"":-1,""38"":-1,""39"":-1,""40"":-2,""41"":-2,""42"":-1,""43"":-1,""44"":-1}",ca45ad9da96dc2852d31f5697e0e9da499bd1d6f7d4d36873ce99b3389c9ed23,ca45ad9da96dc2852d31f5697e0e9da499bd1d6f7d4d36873ce99b3389c9ed23,True,success
LDBLB,exhaustive,5,2,1,2,"{""0"":1,""1"":-2,""2"":11,""3"":-18,""4"":53,""5"":-72,""6"":148,""7"":-168,""8"":266,""9"":-252,""10"":318,""11"":-220,""12"":121,""13"":295,""14"":-1003,""15"":2272,""16"":-3990,""17"":6025,""18"":-7947,""19"":9341,""20"":-9847,""21"":9343,""22"":-7958,""23"":6043,""24"":-4043,""25"":2344,""26"":-1151,""27"":463,""28"":-145,""29"":32,""30"":-4,""35"":1,""36"":1,""37"":1,""38"":3,""39"":3,""40"":2,""41"":3,""42"":3,""43"":1,""44"":1,""45"":1}","{""0"":1,""1"":-2,""2"":11,""3"":-18,""4"":53,""5"":-72,""6"":148,""7"":-168,""8"":266,""9"":-252,""10"":318,""11"":-220,""12"":121,""13"":295,""14"":-1003,""15"":2272,""16"":-3990,""17"":6025,""18"":-7947,""19"":9341,""20"":-9847,""21"":9343,""22"":-7958,""23"":6043,""24"":-4043,""25"":2344,""26"":-1151,""27"":463,""28"":-145,""29"":32,""30"":-4,""35"":1,""36"":1,""37"":1,""38"":3,""39"":3,""40"":2,""41"":3,""42"":3,""43"":1,""44"":1,""45"":1}",8003efc23861c0cd4ece2f771c34741e724a69578ebf5752c822b9ff63c98ae4,8003efc23861c0cd4ece2f771c34741e724a69578ebf5752c822b9ff63c98ae4,True,success
LDBLD,exhaustive,5,2,2,1,"{""0"":1,""1"":-1,""2"":9,""3"":-8,""4"":36,""5"":-28,""6"":84,""7"":-56,""8"":126,""9"":-70,""10"":124,""11"":-41,""12"":19,""13"":170,""14"":-434,""15"":904,""16"":-1489,""17"":2129,""18"":-2667,""19"":2977,""20"":-2977,""21"":2668,""22"":-2130,""23"":1498,""24"":-912,""25"":470,""26"":-198,""27"":65,""28"":-15,""29"":2,""37"":-1,""38"":-1,""39"":-1,""40"":-2,""41"":-2,""42"":-1,""43"":-1,""44"":-1}","{""0"":1,""1"":-1,""2"":9,""3"":-8,""4"":36,""5"":-28,""6"":84,""7"":-56,""8"":126,""9"":-70,""10"":124,""11"":-41,""12"":19,""13"":170,""14"":-434,""15"":904,""16"":-1489,""17"":2129,""18"":-2667,""19"":2977,""20"":-2977,""21"":2668,""22"":-2130,""23"":1498,""24"":-912,""25"":470,""26"":-198,""27"":65,""28"":-15,""29"":2,""37"":-1,""38"":-1,""39"":-1,""40"":-2,""41"":-2,""42"":-1,""43"":-1,""44"":-1}",ca45ad9da96dc2852d31f5697e0e9da499bd1d6f7d4d36873ce99b3389c9ed23,ca45ad9da96dc2852d31f5697e0e9da499bd1d6f7d4d36873ce99b3389c9ed23,True,success
LDBLL,exhaustive,5,3,1,1,"{""0"":1,""1"":-1,""2"":10,""3"":-9,""4"":45,""5"":-36,""6"":120,""7"":-84,""8"":210,""9"":-126,""10"":250,""11"":-109,""12"":128,""13"":194,""14"":-613,""15"":1544,""16"":-2835,""17"":4531,""18"":-6286,""19"":7774,""20"":-8621,""21"":8622,""22"":-7775,""23"":6296,""24"":-4540,""25"":2880,""26"":-1580,""27"":733,""28"":-278,""29"":82,""30"":-17,""31"":2,""38"":1,""39"":1,""40"":1,""41"":2,""42"":2,""43"":1,""44"":1,""45"":1}","{""0"":1,""1"":-1,""2"":10,""3"":-9,""4"":45,""5"":-36,""6"":120,""7"":-84,""8"":210,""9"":-126,""10"":250,""11"":-109,""12"":128,""13"":194,""14"":-613,""15"":1544,""16"":-2835,""17"":4531,""18"":-6286,""19"":7774,""20"":-8621,""21"":8622,""22"":-7775,""23"":6296,""24"":-4540,""25"":2880,""26"":-1580,""27"":733,""28"":-278,""29"":82,""30"":-17,""31"":2,""38"":1,""39"":1,""40"":1,""41"":2,""42"":2,""43"":1,""44"":1,""45"":1}",19681d5d09a777c5e4e4c559ebed44ddb53c37a758c74c6189662ddcfed4c81d,19681d5d09a777c5e4e4c559ebed44ddb53c37a758c74c6189662ddcfed4c81d,True,success
LDDBB,exhaustive,5,1,2,2,"{""0"":1,""1"":-2,""2"":10,""3"":-16,""4"":43,""5"":-56,""6"":105,""7"":-112,""8"":161,""9"":-140,""10"":157,""11"":-84,""12"":-8,""13"":266,""14"":-673,""15"":1290,""16"":-2011,""17"":2714,""18"":-3220,""19"":3406,""20"":-3221,""21"":2716,""22"":-2021,""23"":1306,""24"":-716,""25"":322,""26"":-113,""27"":28,""28"":-4,""34"":-1,""35"":-1,""36"":-1,""37"":-3,""38"":-3,""39"":-2,""40"":-3,""41"":-3,""42"":-1,""43"":-1,""44"":-1}","{""0"":1,""1"":-2,""2"":10,""3"":-16,""4"":43,""5"":-56,""6"":105,""7"":-112,""8"":161,""9"":-140,""10"":157,""11"":-84,""12"":-8,""13"":266,""14"":-673,""15"":1290,""16"":-2011,""17"":2714,""18"":-3220,""19"":3406,""20"":-3221,""21"":2716,""22"":-2021,""23"":1306,""24"":-716,""25"":322,""26"":-113,""27"":28,""28"":-4,""34"":-1,""35"":-1,""36"":-1,""37"":-3,""38"":-3,""39"":-2,""40"":-3,""41"":-3,""42"":-1,""43"":-1,""44"":-1}",7aaae2bbadb605437aa6c86c015aa886cbfe01d32496652815a1ed523411cfa0,7aaae2bbadb605437aa6c86c015aa886cbfe01d32496652815a1ed523411cfa0,True,success
LDDBD,exhaustive,5,1,3,1,"{""0"":1,""1"":-1,""2"":8,""3"":-7,""4"":28,""5"":-21,""6"":56,""7"":-35,""8"":70,""9"":-35,""10"":54,""11"":-8,""12"":-22,""13"":128,""14"":-277,""15"":491,""16"":-720,""17"":917,""18"":-1030,""19"":1030,""20"":-917,""21"":721,""22"":-492,""23"":285,""24"":-135,""25"":50,""26"":-13,""27"":2,""36"":1,""37"":1,""38"":1,""39"":2,""40"":2,""41"":1,""42"":1,""43"":1}","{""0"":1,""1"":-1,""2"":8,""3"":-7,""4"":28,""5"":-21,""6"":56,""7"":-35,""8"":70,""9"":-35,""10"":54,""11"":-8,""12"":-22,""13"":128,""14"":-277,""15"":491,""16"":-720,""17"":917,""18"":-1030,""19"":1030,""20"":-917,""21"":721,""22"":-492,""23"":285,""24"":-135,""25"":50,""26"":-13,""27"":2,""36"":1,""37"":1,""38"":1,""39"":2,""40"":2,""41"":1,""42"":1,""43"":1}",e42bf361ead4d8ada0e612878362a095ce5a888bc0249114e634f2124aca92e1,e42bf361ead4d8ada0e612878362a095ce5a888bc0249114e634f2124aca92e1,True,success
LDDBL,exhaustive,5,2,2,1,"{""0"":1,""1"":-1,""2"":9,""3"":-8,""4"":36,""5"":-28,""6"":84,""7"":-56,""8"":126,""9"":-70,""10"":124,""11"":-41,""12"":19,""13"":170,""14"":-434,""15"":904,""16"":-1489,""17"":2129,""18"":-2667,""19"":2977,""20"":-2977,""21"":2668,""22"":-2130,""23"":1498,""24"":-912,""25"":470,""26"":-198,""27"":65,""28"":-15,""29"":2,""37"":-1,""38"":-1,""39"":-1,""40"":-2,""41"":-2,""42"":-1,""43"":-1,""44"":-1}","{""0"":1,""1"":-1,""2"":9,""3"":-8,""4"":36,""5"":-28,""6"":84,""7"":-56,""8"":126,""9"":-70,""10"":124,""11"":-41,""12"":19,""13"":170,""14"":-434,""15"":904,""16"":-1489,""17"":2129,""18"":-2667,""19"":2977,""20"":-2977,""21"":2668,""22"":-2130,""23"":1498,""24"":-912,""25"":470,""26"":-198,""27"":65,""28"":-15,""29"":2,""37"":-1,""38"":-1,""39"":-1,""40"":-2,""41"":-2,""42"":-1,""43"":-1,""44"":-1}",ca45ad9da96dc2852d31f5697e0e9da499bd1d6f7d4d36873ce99b3389c9ed23,ca45ad9da96dc2852d31f5697e0e9da499bd1d6f7d4d36873ce99b3389c9ed23,True,success
LDDDB,exhaustive,5,1,3,1,"{""0"":1,""1"":-1,""2"":8,""3"":-7,""4"":28,""5"":-21,""6"":56,""7"":-35,""8"":70,""9"":-35,""10"":54,""11"":-8,""12"":-22,""13"":128,""14"":-277,""15"":491,""16"":-720,""17"":917,""18"":-1030,""19"":1030,""20"":-917,""21"":721,""22"":-492,""23"":285,""24"":-135,""25"":50,""26"":-13,""27"":2,""36"":1,""37"":1,""38"":1,""39"":2,""40"":2,""41"":1,""42"":1,""43"":1}","{""0"":1,""1"":-1,""2"":8,""3"":-7,""4"":28,""5"":-21,""6"":56,""7"":-35,""8"":70,""9"":-35,""10"":54,""11"":-8,""12"":-22,""13"":128,""14"":-277,""15"":491,""16"":-720,""17"":917,""18"":-1030,""19"":1030,""20"":-917,""21"":721,""22"":-492,""23"":285,""24"":-135,""25"":50,""26"":-13,""27"":2,""36"":1,""37"":1,""38"":1,""39"":2,""40"":2,""41"":1,""42"":1,""43"":1}",e42bf361ead4d8ada0e612878362a095ce5a888bc0249114e634f2124aca92e1,e42bf361ead4d8ada0e612878362a095ce5a888bc0249114e634f2124aca92e1,True,success
LDDDD,exhaustive,5,1,4,0,"{""0"":1,""2"":7,""4"":21,""6"":35,""8"":35,""10"":20,""11"":6,""12"":-15,""13"":56,""14"":-111,""15"":182,""16"":-252,""17"":302,""18"":-321,""19"":302,""20"":-252,""21"":182,""22"":-112,""23"":56,""24"":-22,""25"":6,""26"":-1,""38"":-1,""39"":-1,""40"":-1,""41"":-1,""42"":-1}","{""0"":1,""2"":7,""4"":21,""6"":35,""8"":35,""10"":20,""11"":6,""12"":-15,""13"":56,""14"":-111,""15"":182,""16"":-252,""17"":302,""18"":-321,""19"":302,""20"":-252,""21"":182,""22"":-112,""23"":56,""24"":-22,""25"":6,""26"":-1,""38"":-1,""39"":-1,""40"":-1,""41"":-1,""42"":-1}",f75bd785249d8c4545ea85bcbb8cb5ab48e7d25ccec7dc3d199a4029936dbc05,f75bd785249d8c4545ea85bcbb8cb5ab48e7d25ccec7dc3d199a4029936dbc05,True,success
LDDDL,exhaustive,5,2,3,0,"{""0"":1,""2"":8,""4"":28,""6"":56,""8"":70,""10"":55,""11"":7,""12"":-1,""13"":84,""14"":-182,""15"":350,""16"":-545,""17"":736,""18"":-875,""19"":925,""20"":-875,""21"":736,""22"":-546,""23"":350,""24"":-190,""25"":84,""26"":-29,""27"":7,""28"":-1,""39"":1,""40"":1,""41"":1,""42"":1,""43"":1}","{""0"":1,""2"":8,""4"":28,""6"":56,""8"":70,""10"":55,""11"":7,""12"":-1,""13"":84,""14"":-182,""15"":350,""16"":-545,""17"":736,""18"":-875,""19"":925,""20"":-875,""21"":736,""22"":-546,""23"":350,""24"":-190,""25"":84,""26"":-29,""27"":7,""28"":-1,""39"":1,""40"":1,""41"":1,""42"":1,""43"":1}",e0202d4c43b5d8470a2f1edad5611376ef248d7cf28b0069639bc898dc4d5513,e0202d4c43b5d8470a2f1edad5611376ef248d7cf28b0069639bc898dc4d5513,True,success
LDDLB,exhaustive,5,2,2,1,"{""0"":1,""1"":-1,""2"":9,""3"":-8,""4"":36,""5"":-28,""6"":84,""7"":-56,""8"":126,""9"":-70,""10"":124,""11"":-41,""12"":19,""13"":170,""14"":-434,""15"":904,""16"":-1489,""17"":2129,""18"":-2667,""19"":2977,""20"":-2977,""21"":2668,""22"":-2130,""23"":1498,""24"":-912,""25"":470,""26"":-198,""27"":65,""28"":-15,""29"":2,""37"":-1,""38"":-1,""39"":-1,""40"":-2,""41"":-2,""42"":-1,""43"":-1,""44"":-1}","{""0"":1,""1"":-1,""2"":9,""3"":-8,""4"":36,""5"":-28,""6"":84,""7"":-56,""8"":126,""9"":-70,""10"":124,""11"":-41,""12"":19,""13"":170,""14"":-434,""15"":904,""16"":-1489,""17"":2129,""18"":-2667,""19"":2977,""20"":-2977,""21"":2668,""22"":-2130,""23"":1498,""24"":-912,""25"":470,""26"":-198,""27"":65,""28"":-15,""29"":2,""37"":-1,""38"":-1,""39"":-1,""40"":-2,""41"":-2,""42"":-1,""43"":-1,""44"":-1}",ca45ad9da96dc2852d31f5697e0e9da499bd1d6f7d4d36873ce99b3389c9ed23,ca45ad9da96dc2852d31f5697e0e9da499bd1d6f7d4d36873ce99b3389c9ed23,True,success
LDDLD,exhaustive,5,2,3,0,"{""0"":1,""2"":8,""4"":28,""6"":56,""8"":70,""10"":55,""11"":7,""12"":-1,""13"":84,""14"":-182,""15"":350,""16"":-545,""17"":736,""18"":-875,""19"":925,""20"":-875,""21"":736,""22"":-546,""23"":350,""24"":-190,""25"":84,""26"":-29,""27"":7,""28"":-1,""39"":1,""40"":1,""41"":1,""42"":1,""43"":1}","{""0"":1,""2"":8,""4"":28,""6"":56,""8"":70,""10"":55,""11"":7,""12"":-1,""13"":84,""14"":-182,""15"":350,""16"":-545,""17"":736,""18"":-875,""19"":925,""20"":-875,""21"":736,""22"":-546,""23"":350,""24"":-190,""25"":84,""26"":-29,""27"":7,""28"":-1,""39"":1,""40"":1,""41"":1,""42"":1,""43"":1}",e0202d4c43b5d8470a2f1edad5611376ef248d7cf28b0069639bc898dc4d5513,e0202d4c43b5d8470a2f1edad5611376ef248d7cf28b0069639bc898dc4d5513,True,success
LDDLL,exhaustive,5,3,2,0,"{""0"":1,""2"":9,""4"":36,""6"":84,""8"":126,""10"":125,""11"":8,""12"":47,""13"":120,""14"":-267,""15"":624,""16"":-1077,""17"":1632,""18"":-2156,""19"":2536,""20"":-2675,""21"":2536,""22"":-2157,""23"":1632,""24"":-1086,""25"":624,""26"":-303,""27"":120,""28"":-37,""29"":8,""30"":-1,""40"":-1,""41"":-1,""42"":-1,""43"":-1,""44"":-1}","{""0"":1,""2"":9,""4"":36,""6"":84,""8"":126,""10"":125,""11"":8,""12"":47,""13"":120,""14"":-267,""15"":624,""16"":-1077,""17"":1632,""18"":-2156,""19"":2536,""20"":-2675,""21"":2536,""22"":-2157,""23"":1632,""24"":-1086,""25"":624,""26"":-303,""27"":120,""28"":-37,""29"":8,""30"":-1,""40"":-1,""41"":-1,""42"":-1,""43"":-1,""44"":-1}",c62f120d2761d2f6916ae1718d20ad3ffaf737a50ed3958f755c6b4638df6ceb,c62f120d2761d2f6916ae1718d20ad3ffaf737a50ed3958f755c6b4638df6ceb,True,success
LDLBB,exhaustive,5,2,1,2,"{""0"":1,""1"":-2,""2"":11,""3"":-18,""4"":53,""5"":-72,""6"":148,""7"":-168,""8"":266,""9"":-252,""10"":318,""11"":-220,""12"":121,""13"":295,""14"":-1003,""15"":2272,""16"":-3990,""17"":6025,""18"":-7947,""19"":9341,""20"":-9847,""21"":9343,""22"":-7958,""23"":6043,""24"":-4043,""25"":2344,""26"":-1151,""27"":463,""28"":-145,""29"":32,""30"":-4,""35"":1,""36"":1,""37"":1,""38"":3,""39"":3,""40"":2,""41"":3,""42"":3,""43"":1,""44"":1,""45"":1}","{""0"":1,""1"":-2,""2"":11,""3"":-18,""4"":53,""5"":-72,""6"":148,""7"":-168,""8"":266,""9"":-252,""10"":318,""11"":-220,""12"":121,""13"":295,""14"":-1003,""15"":2272,""16"":-3990,""17"":6025,""18"":-7947,""19"":9341,""20"":-9847,""21"":9343,""22"":-7958,""23"":6043,""24"":-4043,""25"":2344,""26"":-1151,""27"":463,""28"":-145,""29"":32,""30"":-4,""35"":1,""36"":1,""37"":1,""38"":3,""39"":3,""40"":2,""41"":3,""42"":3,""43"":1,""44"":1,""45"":1}",8003efc23861c0cd4ece2f771c34741e724a69578ebf5752c822b9ff63c98ae4,8003efc23861c0cd4ece2f771c34741e724a69578ebf5752c822b9ff63c98ae4,True,success
LDLBD,exhaustive,5,2,2,1,"{""0"":1,""1"":-1,""2"":9,""3"":-8,""4"":36,""5"":-28,""6"":84,""7"":-56,""8"":126,""9"":-70,""10"":124,""11"":-41,""12"":19,""13"":170,""14"":-434,""15"":904,""16"":-1489,""17"":2129,""18"":-2667,""19"":2977,""20"":-2977,""21"":2668,""22"":-2130,""23"":1498,""24"":-912,""25"":470,""26"":-198,""27"":65,""28"":-15,""29"":2,""37"":-1,""38"":-1,""39"":-1,""40"":-2,""41"":-2,""42"":-1,""43"":-1,""44"":-1}","{""0"":1,""1"":-1,""2"":9,""3"":-8,""4"":36,""5"":-28,""6"":84,""7"":-56,""8"":126,""9"":-70,""10"":124,""11"":-41,""12"":19,""13"":170,""14"":-434,""15"":904,""16"":-1489,""17"":2129,""18"":-2667,""19"":2977,""20"":-2977,""21"":2668,""22"":-2130,""23"":1498,""24"":-912,""25"":470,""26"":-198,""27"":65,""28"":-15,""29"":2,""37"":-1,""38"":-1,""39"":-1,""40"":-2,""41"":-2,""42"":-1,""43"":-1,""44"":-1}",ca45ad9da96dc2852d31f5697e0e9da499bd1d6f7d4d36873ce99b3389c9ed23,ca45ad9da96dc2852d31f5697e0e9da499bd1d6f7d4d36873ce99b3389c9ed23,True,success
LDLBL,exhaustive,5,3,1,1,"{""0"":1,""1"":-1,""2"":10,""3"":-9,""4"":45,""5"":-36,""6"":120,""7"":-84,""8"":210,""9"":-126,""10"":250,""11"":-109,""12"":128,""13"":194,""14"":-613,""15"":1544,""16"":-2835,""17"":4531,""18"":-6286,""19"":7774,""20"":-8621,""21"":8622,""22"":-7775,""23"":6296,""24"":-4540,""25"":2880,""26"":-1580,""27"":733,""28"":-278,""29"":82,""30"":-17,""31"":2,""38"":1,""39"":1,""40"":1,""41"":2,""42"":2,""43"":1,""44"":1,""45"":1}","{""0"":1,""1"":-1,""2"":10,""3"":-9,""4"":45,""5"":-36,""6"":120,""7"":-84,""8"":210,""9"":-126,""10"":250,""11"":-109,""12"":128,""13"":194,""14"":-613,""15"":1544,""16"":-2835,""17"":4531,""18"":-6286,""19"":7774,""20"":-8621,""21"":8622,""22"":-7775,""23"":6296,""24"":-4540,""25"":2880,""26"":-1580,""27"":733,""28"":-278,""29"":82,""30"":-17,""31"":2,""38"":1,""39"":1,""40"":1,""41"":2,""42"":2,""43"":1,""44"":1,""45"":1}",19681d5d09a777c5e4e4c559ebed44ddb53c37a758c74c6189662ddcfed4c81d,19681d5d09a777c5e4e4c559ebed44ddb53c37a758c74c6189662ddcfed4c81d,True,success
LDLDB,exhaustive,5,2,2,1,"{""0"":1,""1"":-1,""2"":9,""3"":-8,""4"":36,""5"":-28,""6"":84,""7"":-56,""8"":126,""9"":-70,""10"":124,""11"":-41,""12"":19,""13"":170,""14"":-434,""15"":904,""16"":-1489,""17"":2129,""18"":-2667,""19"":2977,""20"":-2977,""21"":2668,""22"":-2130,""23"":1498,""24"":-912,""25"":470,""26"":-198,""27"":65,""28"":-15,""29"":2,""37"":-1,""38"":-1,""39"":-1,""40"":-2,""41"":-2,""42"":-1,""43"":-1,""44"":-1}","{""0"":1,""1"":-1,""2"":9,""3"":-8,""4"":36,""5"":-28,""6"":84,""7"":-56,""8"":126,""9"":-70,""10"":124,""11"":-41,""12"":19,""13"":170,""14"":-434,""15"":904,""16"":-1489,""17"":2129,""18"":-2667,""19"":2977,""20"":-2977,""21"":2668,""22"":-2130,""23"":1498,""24"":-912,""25"":470,""26"":-198,""27"":65,""28"":-15,""29"":2,""37"":-1,""38"":-1,""39"":-1,""40"":-2,""41"":-2,""42"":-1,""43"":-1,""44"":-1}",ca45ad9da96dc2852d31f5697e0e9da499bd1d6f7d4d36873ce99b3389c9ed23,ca45ad9da96dc2852d31f5697e0e9da499bd1d6f7d4d36873ce99b3389c9ed23,True,success
LDLDD,exhaustive,5,2,3,0,"{""0"":1,""2"":8,""4"":28,""6"":56,""8"":70,""10"":55,""11"":7,""12"":-1,""13"":84,""14"":-182,""15"":350,""16"":-545,""17"":736,""18"":-875,""19"":925,""20"":-875,""21"":736,""22"":-546,""23"":350,""24"":-190,""25"":84,""26"":-29,""27"":7,""28"":-1,""39"":1,""40"":1,""41"":1,""42"":1,""43"":1}","{""0"":1,""2"":8,""4"":28,""6"":56,""8"":70,""10"":55,""11"":7,""12"":-1,""13"":84,""14"":-182,""15"":350,""16"":-545,""17"":736,""18"":-875,""19"":925,""20"":-875,""21"":736,""22"":-546,""23"":350,""24"":-190,""25"":84,""26"":-29,""27"":7,""28"":-1,""39"":1,""40"":1,""41"":1,""42"":1,""43"":1}",e0202d4c43b5d8470a2f1edad5611376ef248d7cf28b0069639bc898dc4d5513,e0202d4c43b5d8470a2f1edad5611376ef248d7cf28b0069639bc898dc4d5513,True,success
LDLDL,exhaustive,5,3,2,0,"{""0"":1,""2"":9,""4"":36,""6"":84,""8"":126,""10"":125,""11"":8,""12"":47,""13"":120,""14"":-267,""15"":624,""16"":-1077,""17"":1632,""18"":-2156,""19"":2536,""20"":-2675,""21"":2536,""22"":-2157,""23"":1632,""24"":-1086,""25"":624,""26"":-303,""27"":120,""28"":-37,""29"":8,""30"":-1,""40"":-1,""41"":-1,""42"":-1,""43"":-1,""44"":-1}","{""0"":1,""2"":9,""4"":36,""6"":84,""8"":126,""10"":125,""11"":8,""12"":47,""13"":120,""14"":-267,""15"":624,""16"":-1077,""17"":1632,""18"":-2156,""19"":2536,""20"":-2675,""21"":2536,""22"":-2157,""23"":1632,""24"":-1086,""25"":624,""26"":-303,""27"":120,""28"":-37,""29"":8,""30"":-1,""40"":-1,""41"":-1,""42"":-1,""43"":-1,""44"":-1}",c62f120d2761d2f6916ae1718d20ad3ffaf737a50ed3958f755c6b4638df6ceb,c62f120d2761d2f6916ae1718d20ad3ffaf737a50ed3958f755c6b4638df6ceb,True,success
LDLLB,exhaustive,5,3,1,1,"{""0"":1,""1"":-1,""2"":10,""3"":-9,""4"":45,""5"":-36,""6"":120,""7"":-84,""8"":210,""9"":-126,""10"":250,""11"":-109,""12"":128,""13"":194,""14"":-613,""15"":1544,""16"":-2835,""17"":4531,""18"":-6286,""19"":7774,""20"":-8621,""21"":8622,""22"":-7775,""23"":6296,""24"":-4540,""25"":2880,""26"":-1580,""27"":733,""28"":-278,""29"":82,""30"":-17,""31"":2,""38"":1,""39"":1,""40"":1,""41"":2,""42"":2,""43"":1,""44"":1,""45"":1}","{""0"":1,""1"":-1,""2"":10,""3"":-9,""4"":45,""5"":-36,""6"":120,""7"":-84,""8"":210,""9"":-126,""10"":250,""11"":-109,""12"":128,""13"":194,""14"":-613,""15"":1544,""16"":-2835,""17"":4531,""18"":-6286,""19"":7774,""20"":-8621,""21"":8622,""22"":-7775,""23"":6296,""24"":-4540,""25"":2880,""26"":-1580,""27"":733,""28"":-278,""29"":82,""30"":-17,""31"":2,""38"":1,""39"":1,""40"":1,""41"":2,""42"":2,""43"":1,""44"":1,""45"":1}",19681d5d09a777c5e4e4c559ebed44ddb53c37a758c74c6189662ddcfed4c81d,19681d5d09a777c5e4e4c559ebed44ddb53c37a758c74c6189662ddcfed4c81d,True,success
LDLLD,exhaustive,5,3,2,0,"{""0"":1,""2"":9,""4"":36,""6"":84,""8"":126,""10"":125,""11"":8,""12"":47,""13"":120,""14"":-267,""15"":624,""16"":-1077,""17"":1632,""18"":-2156,""19"":2536,""20"":-2675,""21"":2536,""22"":-2157,""23"":1632,""24"":-1086,""25"":624,""26"":-303,""27"":120,""28"":-37,""29"":8,""30"":-1,""40"":-1,""41"":-1,""42"":-1,""43"":-1,""44"":-1}","{""0"":1,""2"":9,""4"":36,""6"":84,""8"":126,""10"":125,""11"":8,""12"":47,""13"":120,""14"":-267,""15"":624,""16"":-1077,""17"":1632,""18"":-2156,""19"":2536,""20"":-2675,""21"":2536,""22"":-2157,""23"":1632,""24"":-1086,""25"":624,""26"":-303,""27"":120,""28"":-37,""29"":8,""30"":-1,""40"":-1,""41"":-1,""42"":-1,""43"":-1,""44"":-1}",c62f120d2761d2f6916ae1718d20ad3ffaf737a50ed3958f755c6b4638df6ceb,c62f120d2761d2f6916ae1718d20ad3ffaf737a50ed3958f755c6b4638df6ceb,True,success
LDLLL,exhaustive,5,4,1,0,"{""0"":1,""2"":10,""4"":45,""6"":120,""8"":210,""10"":251,""11"":9,""12"":164,""13"":165,""14"":-340,""15"":1047,""16"":-1968,""17"":3342,""18"":-4865,""19"":6325,""20"":-7367,""21"":7747,""22"":-7368,""23"":6325,""24"":-4875,""25"":3342,""26"":-2013,""27"":1047,""28"":-460,""29"":165,""30"":-46,""31"":9,""32"":-1,""41"":1,""42"":1,""43"":1,""44"":1,""45"":1}","{""0"":1,""2"":10,""4"":45,""6"":120,""8"":210,""10"":251,""11"":9,""12"":164,""13"":165,""14"":-340,""15"":1047,""16"":-1968,""17"":3342,""18"":-4865,""19"":6325,""20"":-7367,""21"":7747,""22"":-7368,""23"":6325,""24"":-4875,""25"":3342,""26"":-2013,""27"":1047,""28"":-460,""29"":165,""30"":-46,""31"":9,""32"":-1,""41"":1,""42"":1,""43"":1,""44"":1,""45"":1}",3d3be4b3f9ff61364b248af6cffb46a1de147a01f3fa01b031062bfb56b42c8c,3d3be4b3f9ff61364b248af6cffb46a1de147a01f3fa01b031062bfb56b42c8c,True,success
LLBBB,exhaustive,5,2,0,3,"{""0"":1,""1"":-3,""2"":14,""3"":-31,""4"":82,""5"":-143,""6"":273,""7"":-388,""8"":582,""9"":-686,""10"":832,""11"":-758,""12"":518,""13"":389,""14"":-2211,""15"":5564,""16"":-10479,""17"":16702,""18"":-23183,""19"":28634,""20"":-31741,""21"":31752,""22"":-28664,""23"":23265,""24"":-16845,""25"":10752,""26"":-5952,""27"":2793,""28"":-1075,""29"":322,""30"":-68,""31"":8,""33"":-1,""34"":-1,""35"":-1,""36"":-4,""37"":-4,""38"":-3,""39"":-6,""40"":-6,""41"":-3,""42"":-4,""43"":-4,""44"":-1,""45"":-1,""46"":-1}","{""0"":1,""1"":-3,""2"":14,""3"":-31,""4"":82,""5"":-143,""6"":273,""7"":-388,""8"":582,""9"":-686,""10"":832,""11"":-758,""12"":518,""13"":389,""14"":-2211,""15"":5564,""16"":-10479,""17"":16702,""18"":-23183,""19"":28634,""20"":-31741,""21"":31752,""22"":-28664,""23"":23265,""24"":-16845,""25"":10752,""26"":-5952,""27"":2793,""28"":-1075,""29"":322,""30"":-68,""31"":8,""33"":-1,""34"":-1,""35"":-1,""36"":-4,""37"":-4,""38"":-3,""39"":-6,""40"":-6,""41"":-3,""42"":-4,""43"":-4,""44"":-1,""45"":-1,""46"":-1}",6c1ff1c72591a85d109dcdeeaff5e480840351c06a4bebd378c49e386f0b84a7,6c1ff1c72591a85d109dcdeeaff5e480840351c06a4bebd378c49e386f0b84a7,True,success
LLBBD,exhaustive,5,2,1,2,"{""0"":1,""1"":-2,""2"":11,""3"":-18,""4"":53,""5"":-72,""6"":148,""7"":-168,""8"":266,""9"":-252,""10"":318,""11"":-220,""12"":121,""13"":295,""14"":-1003,""15"":2272,""16"":-3990,""17"":6025,""18"":-7947,""19"":9341,""20"":-9847,""21"":9343,""22"":-7958,""23"":6043,""24"":-4043,""25"":2344,""26"":-1151,""27"":463,""28"":-145,""29"":32,""30"":-4,""35"":1,""36"":1,""37"":1,""38"":3,""39"":3,""40"":2,""41"":3,""42"":3,""43"":1,""44"":1,""45"":1}","{""0"":1,""1"":-2,""2"":11,""3"":-18,""4"":53,""5"":-72,""6"":148,""7"":-168,""8"":266,""9"":-252,""10"":318,""11"":-220,""12"":121,""13"":295,""14"":-1003,""15"":2272,""16"":-3990,""17"":6025,""18"":-7947,""19"":9341,""20"":-9847,""21"":9343,""22"":-7958,""23"":6043,""24"":-4043,""25"":2344,""26"":-1151,""27"":463,""28"":-145,""29"":32,""30"":-4,""35"":1,""36"":1,""37"":1,""38"":3,""39"":3,""40"":2,""41"":3,""42"":3,""43"":1,""44"":1,""45"":1}",8003efc23861c0cd4ece2f771c34741e724a69578ebf5752c822b9ff63c98ae4,8003efc23861c0cd4ece2f771c34741e724a69578ebf5752c822b9ff63c98ae4,True,success
LLBBL,exhaustive,5,3,0,2,"{""0"":1,""1"":-2,""2"":12,""3"":-20,""4"":64,""5"":-90,""6"":201,""7"":-240,""8"":414,""9"":-420,""10"":584,""11"":-468,""12"":407,""13"":220,""14"":-1345,""15"":3718,""16"":-7337,""17"":12340,""18"":-17980,""19"":23324,""20"":-27137,""21"":28532,""22"":-27148,""23"":23344,""24"":-18044,""25"":12430,""26"":-7538,""27"":3958,""28"":-1759,""29"":640,""30"":-181,""31"":36,""32"":-4,""36"":-1,""37"":-1,""38"":-1,""39"":-3,""40"":-3,""41"":-2,""42"":-3,""43"":-3,""44"":-1,""45"":-1,""46"":-1}","{""0"":1,""1"":-2,""2"":12,""3"":-20,""4"":64,""5"":-90,""6"":201,""7"":-240,""8"":414,""9"":-420,""10"":584,""11"":-468,""12"":407,""13"":220,""14"":-1345,""15"":3718,""16"":-7337,""17"":12340,""18"":-17980,""19"":23324,""20"":-27137,""21"":28532,""22"":-27148,""23"":23344,""24"":-18044,""25"":12430,""26"":-7538,""27"":3958,""28"":-1759,""29"":640,""30"":-181,""31"":36,""32"":-4,""36"":-1,""37"":-1,""38"":-1,""39"":-3,""40"":-3,""41"":-2,""42"":-3,""43"":-3,""44"":-1,""45"":-1,""46"":-1}",2c4916a0fa79a88fedf407ca7cdb3c08c35b9e82c0587cd8dfd891959694ba85,2c4916a0fa79a88fedf407ca7cdb3c08c35b9e82c0587cd8dfd891959694ba85,True,success
LLBDB,exhaustive,5,2,1,2,"{""0"":1,""1"":-2,""2"":11,""3"":-18,""4"":53,""5"":-72,""6"":148,""7"":-168,""8"":266,""9"":-252,""10"":318,""11"":-220,""12"":121,""13"":295,""14"":-1003,""15"":2272,""16"":-3990,""17"":6025,""18"":-7947,""19"":9341,""20"":-9847,""21"":9343,""22"":-7958,""23"":6043,""24"":-4043,""25"":2344,""26"":-1151,""27"":463,""28"":-145,""29"":32,""30"":-4,""35"":1,""36"":1,""37"":1,""38"":3,""39"":3,""40"":2,""41"":3,""42"":3,""43"":1,""44"":1,""45"":1}","{""0"":1,""1"":-2,""2"":11,""3"":-18,""4"":53,""5"":-72,""6"":148,""7"":-168,""8"":266,""9"":-252,""10"":318,""11"":-220,""12"":121,""13"":295,""14"":-1003,""15"":2272,""16"":-3990,""17"":6025,""18"":-7947,""19"":9341,""20"":-9847,""21"":9343,""22"":-7958,""23"":6043,""24"":-4043,""25"":2344,""26"":-1151,""27"":463,""28"":-145,""29"":32,""30"":-4,""35"":1,""36"":1,""37"":1,""38"":3,""39"":3,""40"":2,""41"":3,""42"":3,""43"":1,""44"":1,""45"":1}",8003efc23861c0cd4ece2f771c34741e724a69578ebf5752c822b9ff63c98ae4,8003efc23861c0cd4ece2f771c34741e724a69578ebf5752c822b9ff63c98ae4,True,success
LLBDD,exhaustive,5,2,2,1,"{""0"":1,""1"":-1,""2"":9,""3"":-8,""4"":36,""5"":-28,""6"":84,""7"":-56,""8"":126,""9"":-70,""10"":124,""11"":-41,""12"":19,""13"":170,""14"":-434,""15"":904,""16"":-1489,""17"":2129,""18"":-2667,""19"":2977,""20"":-2977,""21"":2668,""22"":-2130,""23"":1498,""24"":-912,""25"":470,""26"":-198,""27"":65,""28"":-15,""29"":2,""37"":-1,""38"":-1,""39"":-1,""40"":-2,""41"":-2,""42"":-1,""43"":-1,""44"":-1}","{""0"":1,""1"":-1,""2"":9,""3"":-8,""4"":36,""5"":-28,""6"":84,""7"":-56,""8"":126,""9"":-70,""10"":124,""11"":-41,""12"":19,""13"":170,""14"":-434,""15"":904,""16"":-1489,""17"":2129,""18"":-2667,""19"":2977,""20"":-2977,""21"":2668,""22"":-2130,""23"":1498,""24"":-912,""25"":470,""26"":-198,""27"":65,""28"":-15,""29"":2,""37"":-1,""38"":-1,""39"":-1,""40"":-2,""41"":-2,""42"":-1,""43"":-1,""44"":-1}",ca45ad9da96dc2852d31f5697e0e9da499bd1d6f7d4d36873ce99b3389c9ed23,ca45ad9da96dc2852d31f5697e0e9da499bd1d6f7d4d36873ce99b3389c9ed23,True,success
LLBDL,exhaustive,5,3,1,1,"{""0"":1,""1"":-1,""2"":10,""3"":-9,""4"":45,""5"":-36,""6"":120,""7"":-84,""8"":210,""9"":-126,""10"":250,""11"":-109,""12"":128,""13"":194,""14"":-613,""15"":1544,""16"":-2835,""17"":4531,""18"":-6286,""19"":7774,""20"":-8621,""21"":8622,""22"":-7775,""23"":6296,""24"":-4540,""25"":2880,""26"":-1580,""27"":733,""28"":-278,""29"":82,""30"":-17,""31"":2,""38"":1,""39"":1,""40"":1,""41"":2,""42"":2,""43"":1,""44"":1,""45"":1}","{""0"":1,""1"":-1,""2"":10,""3"":-9,""4"":45,""5"":-36,""6"":120,""7"":-84,""8"":210,""9"":-126,""10"":250,""11"":-109,""12"":128,""13"":194,""14"":-613,""15"":1544,""16"":-2835,""17"":4531,""18"":-6286,""19"":7774,""20"":-8621,""21"":8622,""22"":-7775,""23"":6296,""24"":-4540,""25"":2880,""26"":-1580,""27"":733,""28"":-278,""29"":82,""30"":-17,""31"":2,""38"":1,""39"":1,""40"":1,""41"":2,""42"":2,""43"":1,""44"":1,""45"":1}",19681d5d09a777c5e4e4c559ebed44ddb53c37a758c74c6189662ddcfed4c81d,19681d5d09a777c5e4e4c559ebed44ddb53c37a758c74c6189662ddcfed4c81d,True,success
LLBLB,exhaustive,5,3,0,2,"{""0"":1,""1"":-2,""2"":12,""3"":-20,""4"":64,""5"":-90,""6"":201,""7"":-240,""8"":414,""9"":-420,""10"":584,""11"":-468,""12"":407,""13"":220,""14"":-1345,""15"":3718,""16"":-7337,""17"":12340,""18"":-17980,""19"":23324,""20"":-27137,""21"":28532,""22"":-27148,""23"":23344,""24"":-18044,""25"":12430,""26"":-7538,""27"":3958,""28"":-1759,""29"":640,""30"":-181,""31"":36,""32"":-4,""36"":-1,""37"":-1,""38"":-1,""39"":-3,""40"":-3,""41"":-2,""42"":-3,""43"":-3,""44"":-1,""45"":-1,""46"":-1}","{""0"":1,""1"":-2,""2"":12,""3"":-20,""4"":64,""5"":-90,""6"":201,""7"":-240,""8"":414,""9"":-420,""10"":584,""11"":-468,""12"":407,""13"":220,""14"":-1345,""15"":3718,""16"":-7337,""17"":12340,""18"":-17980,""19"":23324,""20"":-27137,""21"":28532,""22"":-27148,""23"":23344,""24"":-18044,""25"":12430,""26"":-7538,""27"":3958,""28"":-1759,""29"":640,""30"":-181,""31"":36,""32"":-4,""36"":-1,""37"":-1,""38"":-1,""39"":-3,""40"":-3,""41"":-2,""42"":-3,""43"":-3,""44"":-1,""45"":-1,""46"":-1}",2c4916a0fa79a88fedf407ca7cdb3c08c35b9e82c0587cd8dfd891959694ba85,2c4916a0fa79a88fedf407ca7cdb3c08c35b9e82c0587cd8dfd891959694ba85,True,success
LLBLD,exhaustive,5,3,1,1,"{""0"":1,""1"":-1,""2"":10,""3"":-9,""4"":45,""5"":-36,""6"":120,""7"":-84,""8"":210,""9"":-126,""10"":250,""11"":-109,""12"":128,""13"":194,""14"":-613,""15"":1544,""16"":-2835,""17"":4531,""18"":-6286,""19"":7774,""20"":-8621,""21"":8622,""22"":-7775,""23"":6296,""24"":-4540,""25"":2880,""26"":-1580,""27"":733,""28"":-278,""29"":82,""30"":-17,""31"":2,""38"":1,""39"":1,""40"":1,""41"":2,""42"":2,""43"":1,""44"":1,""45"":1}","{""0"":1,""1"":-1,""2"":10,""3"":-9,""4"":45,""5"":-36,""6"":120,""7"":-84,""8"":210,""9"":-126,""10"":250,""11"":-109,""12"":128,""13"":194,""14"":-613,""15"":1544,""16"":-2835,""17"":4531,""18"":-6286,""19"":7774,""20"":-8621,""21"":8622,""22"":-7775,""23"":6296,""24"":-4540,""25"":2880,""26"":-1580,""27"":733,""28"":-278,""29"":82,""30"":-17,""31"":2,""38"":1,""39"":1,""40"":1,""41"":2,""42"":2,""43"":1,""44"":1,""45"":1}",19681d5d09a777c5e4e4c559ebed44ddb53c37a758c74c6189662ddcfed4c81d,19681d5d09a777c5e4e4c559ebed44ddb53c37a758c74c6189662ddcfed4c81d,True,success
LLBLL,exhaustive,5,4,0,1,"{""0"":1,""1"":-1,""2"":11,""3"":-10,""4"":55,""5"":-45,""6"":165,""7"":-120,""8"":330,""9"":-210,""10"":460,""11"":-233,""12"":361,""13"":167,""14"":-763,""15"":2471,""16"":-5028,""17"":8955,""18"":-13661,""19"":18601,""20"":-22682,""21"":25018,""22"":-25018,""23"":22693,""24"":-18611,""25"":13716,""26"":-9000,""27"":5193,""28"":-2591,""29"":1093,""30"":-377,""31"":101,""32"":-19,""33"":2,""39"":-1,""40"":-1,""41"":-1,""42"":-2,""43"":-2,""44"":-1,""45"":-1,""46"":-1}","{""0"":1,""1"":-1,""2"":11,""3"":-10,""4"":55,""5"":-45,""6"":165,""7"":-120,""8"":330,""9"":-210,""10"":460,""11"":-233,""12"":361,""13"":167,""14"":-763,""15"":2471,""16"":-5028,""17"":8955,""18"":-13661,""19"":18601,""20"":-22682,""21"":25018,""22"":-25018,""23"":22693,""24"":-18611,""25"":13716,""26"":-9000,""27"":5193,""28"":-2591,""29"":1093,""30"":-377,""31"":101,""32"":-19,""33"":2,""39"":-1,""40"":-1,""41"":-1,""42"":-2,""43"":-2,""44"":-1,""45"":-1,""46"":-1}",c995e65460447028b5b5f194a0791fc108e8c3fdb158fa624bd4a89a9b8a58c7,c995e65460447028b5b5f194a0791fc108e8c3fdb158fa624bd4a89a9b8a58c7,True,success
LLDBB,exhaustive,5,2,1,2,"{""0"":1,""1"":-2,""2"":11,""3"":-18,""4"":53,""5"":-72,""6"":148,""7"":-168,""8"":266,""9"":-252,""10"":318,""11"":-220,""12"":121,""13"":295,""14"":-1003,""15"":2272,""16"":-3990,""17"":6025,""18"":-7947,""19"":9341,""20"":-9847,""21"":9343,""22"":-7958,""23"":6043,""24"":-4043,""25"":2344,""26"":-1151,""27"":463,""28"":-145,""29"":32,""30"":-4,""35"":1,""36"":1,""37"":1,""38"":3,""39"":3,""40"":2,""41"":3,""42"":3,""43"":1,""44"":1,""45"":1}","{""0"":1,""1"":-2,""2"":11,""3"":-18,""4"":53,""5"":-72,""6"":148,""7"":-168,""8"":266,""9"":-252,""10"":318,""11"":-220,""12"":121,""13"":295,""14"":-1003,""15"":2272,""16"":-3990,""17"":6025,""18"":-7947,""19"":9341,""20"":-9847,""21"":9343,""22"":-7958,""23"":6043,""24"":-4043,""25"":2344,""26"":-1151,""27"":463,""28"":-145,""29"":32,""30"":-4,""35"":1,""36"":1,""37"":1,""38"":3,""39"":3,""40"":2,""41"":3,""42"":3,""43"":1,""44"":1,""45"":1}",8003efc23861c0cd4ece2f771c34741e724a69578ebf5752c822b9ff63c98ae4,8003efc23861c0cd4ece2f771c34741e724a69578ebf5752c822b9ff63c98ae4,True,success
LLDBD,exhaustive,5,2,2,1,"{""0"":1,""1"":-1,""2"":9,""3"":-8,""4"":36,""5"":-28,""6"":84,""7"":-56,""8"":126,""9"":-70,""10"":124,""11"":-41,""12"":19,""13"":170,""14"":-434,""15"":904,""16"":-1489,""17"":2129,""18"":-2667,""19"":2977,""20"":-2977,""21"":2668,""22"":-2130,""23"":1498,""24"":-912,""25"":470,""26"":-198,""27"":65,""28"":-15,""29"":2,""37"":-1,""38"":-1,""39"":-1,""40"":-2,""41"":-2,""42"":-1,""43"":-1,""44"":-1}","{""0"":1,""1"":-1,""2"":9,""3"":-8,""4"":36,""5"":-28,""6"":84,""7"":-56,""8"":126,""9"":-70,""10"":124,""11"":-41,""12"":19,""13"":170,""14"":-434,""15"":904,""16"":-1489,""17"":2129,""18"":-2667,""19"":2977,""20"":-2977,""21"":2668,""22"":-2130,""23"":1498,""24"":-912,""25"":470,""26"":-198,""27"":65,""28"":-15,""29"":2,""37"":-1,""38"":-1,""39"":-1,""40"":-2,""41"":-2,""42"":-1,""43"":-1,""44"":-1}",ca45ad9da96dc2852d31f5697e0e9da499bd1d6f7d4d36873ce99b3389c9ed23,ca45ad9da96dc2852d31f5697e0e9da499bd1d6f7d4d36873ce99b3389c9ed23,True,success
LLDBL,exhaustive,5,3,1,1,"{""0"":1,""1"":-1,""2"":10,""3"":-9,""4"":45,""5"":-36,""6"":120,""7"":-84,""8"":210,""9"":-126,""10"":250,""11"":-109,""12"":128,""13"":194,""14"":-613,""15"":1544,""16"":-2835,""17"":4531,""18"":-6286,""19"":7774,""20"":-8621,""21"":8622,""22"":-7775,""23"":6296,""24"":-4540,""25"":2880,""26"":-1580,""27"":733,""28"":-278,""29"":82,""30"":-17,""31"":2,""38"":1,""39"":1,""40"":1,""41"":2,""42"":2,""43"":1,""44"":1,""45"":1}","{""0"":1,""1"":-1,""2"":10,""3"":-9,""4"":45,""5"":-36,""6"":120,""7"":-84,""8"":210,""9"":-126,""10"":250,""11"":-109,""12"":128,""13"":194,""14"":-613,""15"":1544,""16"":-2835,""17"":4531,""18"":-6286,""19"":7774,""20"":-8621,""21"":8622,""22"":-7775,""23"":6296,""24"":-4540,""25"":2880,""26"":-1580,""27"":733,""28"":-278,""29"":82,""30"":-17,""31"":2,""38"":1,""39"":1,""40"":1,""41"":2,""42"":2,""43"":1,""44"":1,""45"":1}",19681d5d09a777c5e4e4c559ebed44ddb53c37a758c74c6189662ddcfed4c81d,19681d5d09a777c5e4e4c559ebed44ddb53c37a758c74c6189662ddcfed4c81d,True,success
LLDDB,exhaustive,5,2,2,1,"{""0"":1,""1"":-1,""2"":9,""3"":-8,""4"":36,""5"":-28,""6"":84,""7"":-56,""8"":126,""9"":-70,""10"":124,""11"":-41,""12"":19,""13"":170,""14"":-434,""15"":904,""16"":-1489,""17"":2129,""18"":-2667,""19"":2977,""20"":-2977,""21"":2668,""22"":-2130,""23"":1498,""24"":-912,""25"":470,""26"":-198,""27"":65,""28"":-15,""29"":2,""37"":-1,""38"":-1,""39"":-1,""40"":-2,""41"":-2,""42"":-1,""43"":-1,""44"":-1}","{""0"":1,""1"":-1,""2"":9,""3"":-8,""4"":36,""5"":-28,""6"":84,""7"":-56,""8"":126,""9"":-70,""10"":124,""11"":-41,""12"":19,""13"":170,""14"":-434,""15"":904,""16"":-1489,""17"":2129,""18"":-2667,""19"":2977,""20"":-2977,""21"":2668,""22"":-2130,""23"":1498,""24"":-912,""25"":470,""26"":-198,""27"":65,""28"":-15,""29"":2,""37"":-1,""38"":-1,""39"":-1,""40"":-2,""41"":-2,""42"":-1,""43"":-1,""44"":-1}",ca45ad9da96dc2852d31f5697e0e9da499bd1d6f7d4d36873ce99b3389c9ed23,ca45ad9da96dc2852d31f5697e0e9da499bd1d6f7d4d36873ce99b3389c9ed23,True,success
LLDDD,exhaustive,5,2,3,0,"{""0"":1,""2"":8,""4"":28,""6"":56,""8"":70,""10"":55,""11"":7,""12"":-1,""13"":84,""14"":-182,""15"":350,""16"":-545,""17"":736,""18"":-875,""19"":925,""20"":-875,""21"":736,""22"":-546,""23"":350,""24"":-190,""25"":84,""26"":-29,""27"":7,""28"":-1,""39"":1,""40"":1,""41"":1,""42"":1,""43"":1}","{""0"":1,""2"":8,""4"":28,""6"":56,""8"":70,""10"":55,""11"":7,""12"":-1,""13"":84,""14"":-182,""15"":350,""16"":-545,""17"":736,""18"":-875,""19"":925,""20"":-875,""21"":736,""22"":-546,""23"":350,""24"":-190,""25"":84,""26"":-29,""27"":7,""28"":-1,""39"":1,""40"":1,""41"":1,""42"":1,""43"":1}",e0202d4c43b5d8470a2f1edad5611376ef248d7cf28b0069639bc898dc4d5513,e0202d4c43b5d8470a2f1edad5611376ef248d7cf28b0069639bc898dc4d5513,True,success
LLDDL,exhaustive,5,3,2,0,"{""0"":1,""2"":9,""4"":36,""6"":84,""8"":126,""10"":125,""11"":8,""12"":47,""13"":120,""14"":-267,""15"":624,""16"":-1077,""17"":1632,""18"":-2156,""19"":2536,""20"":-2675,""21"":2536,""22"":-2157,""23"":1632,""24"":-1086,""25"":624,""26"":-303,""27"":120,""28"":-37,""29"":8,""30"":-1,""40"":-1,""41"":-1,""42"":-1,""43"":-1,""44"":-1}","{""0"":1,""2"":9,""4"":36,""6"":84,""8"":126,""10"":125,""11"":8,""12"":47,""13"":120,""14"":-267,""15"":624,""16"":-1077,""17"":1632,""18"":-2156,""19"":2536,""20"":-2675,""21"":2536,""22"":-2157,""23"":1632,""24"":-1086,""25"":624,""26"":-303,""27"":120,""28"":-37,""29"":8,""30"":-1,""40"":-1,""41"":-1,""42"":-1,""43"":-1,""44"":-1}",c62f120d2761d2f6916ae1718d20ad3ffaf737a50ed3958f755c6b4638df6ceb,c62f120d2761d2f6916ae1718d20ad3ffaf737a50ed3958f755c6b4638df6ceb,True,success
LLDLB,exhaustive,5,3,1,1,"{""0"":1,""1"":-1,""2"":10,""3"":-9,""4"":45,""5"":-36,""6"":120,""7"":-84,""8"":210,""9"":-126,""10"":250,""11"":-109,""12"":128,""13"":194,""14"":-613,""15"":1544,""16"":-2835,""17"":4531,""18"":-6286,""19"":7774,""20"":-8621,""21"":8622,""22"":-7775,""23"":6296,""24"":-4540,""25"":2880,""26"":-1580,""27"":733,""28"":-278,""29"":82,""30"":-17,""31"":2,""38"":1,""39"":1,""40"":1,""41"":2,""42"":2,""43"":1,""44"":1,""45"":1}","{""0"":1,""1"":-1,""2"":10,""3"":-9,""4"":45,""5"":-36,""6"":120,""7"":-84,""8"":210,""9"":-126,""10"":250,""11"":-109,""12"":128,""13"":194,""14"":-613,""15"":1544,""16"":-2835,""17"":4531,""18"":-6286,""19"":7774,""20"":-8621,""21"":8622,""22"":-7775,""23"":6296,""24"":-4540,""25"":2880,""26"":-1580,""27"":733,""28"":-278,""29"":82,""30"":-17,""31"":2,""38"":1,""39"":1,""40"":1,""41"":2,""42"":2,""43"":1,""44"":1,""45"":1}",19681d5d09a777c5e4e4c559ebed44ddb53c37a758c74c6189662ddcfed4c81d,19681d5d09a777c5e4e4c559ebed44ddb53c37a758c74c6189662ddcfed4c81d,True,success
LLDLD,exhaustive,5,3,2,0,"{""0"":1,""2"":9,""4"":36,""6"":84,""8"":126,""10"":125,""11"":8,""12"":47,""13"":120,""14"":-267,""15"":624,""16"":-1077,""17"":1632,""18"":-2156,""19"":2536,""20"":-2675,""21"":2536,""22"":-2157,""23"":1632,""24"":-1086,""25"":624,""26"":-303,""27"":120,""28"":-37,""29"":8,""30"":-1,""40"":-1,""41"":-1,""42"":-1,""43"":-1,""44"":-1}","{""0"":1,""2"":9,""4"":36,""6"":84,""8"":126,""10"":125,""11"":8,""12"":47,""13"":120,""14"":-267,""15"":624,""16"":-1077,""17"":1632,""18"":-2156,""19"":2536,""20"":-2675,""21"":2536,""22"":-2157,""23"":1632,""24"":-1086,""25"":624,""26"":-303,""27"":120,""28"":-37,""29"":8,""30"":-1,""40"":-1,""41"":-1,""42"":-1,""43"":-1,""44"":-1}",c62f120d2761d2f6916ae1718d20ad3ffaf737a50ed3958f755c6b4638df6ceb,c62f120d2761d2f6916ae1718d20ad3ffaf737a50ed3958f755c6b4638df6ceb,True,success
LLDLL,exhaustive,5,4,1,0,"{""0"":1,""2"":10,""4"":45,""6"":120,""8"":210,""10"":251,""11"":9,""12"":164,""13"":165,""14"":-340,""15"":1047,""16"":-1968,""17"":3342,""18"":-4865,""19"":6325,""20"":-7367,""21"":7747,""22"":-7368,""23"":6325,""24"":-4875,""25"":3342,""26"":-2013,""27"":1047,""28"":-460,""29"":165,""30"":-46,""31"":9,""32"":-1,""41"":1,""42"":1,""43"":1,""44"":1,""45"":1}","{""0"":1,""2"":10,""4"":45,""6"":120,""8"":210,""10"":251,""11"":9,""12"":164,""13"":165,""14"":-340,""15"":1047,""16"":-1968,""17"":3342,""18"":-4865,""19"":6325,""20"":-7367,""21"":7747,""22"":-7368,""23"":6325,""24"":-4875,""25"":3342,""26"":-2013,""27"":1047,""28"":-460,""29"":165,""30"":-46,""31"":9,""32"":-1,""41"":1,""42"":1,""43"":1,""44"":1,""45"":1}",3d3be4b3f9ff61364b248af6cffb46a1de147a01f3fa01b031062bfb56b42c8c,3d3be4b3f9ff61364b248af6cffb46a1de147a01f3fa01b031062bfb56b42c8c,True,success
LLLBB,exhaustive,5,3,0,2,"{""0"":1,""1"":-2,""2"":12,""3"":-20,""4"":64,""5"":-90,""6"":201,""7"":-240,""8"":414,""9"":-420,""10"":584,""11"":-468,""12"":407,""13"":220,""14"":-1345,""15"":3718,""16"":-7337,""17"":12340,""18"":-17980,""19"":23324,""20"":-27137,""21"":28532,""22"":-27148,""23"":23344,""24"":-18044,""25"":12430,""26"":-7538,""27"":3958,""28"":-1759,""29"":640,""30"":-181,""31"":36,""32"":-4,""36"":-1,""37"":-1,""38"":-1,""39"":-3,""40"":-3,""41"":-2,""42"":-3,""43"":-3,""44"":-1,""45"":-1,""46"":-1}","{""0"":1,""1"":-2,""2"":12,""3"":-20,""4"":64,""5"":-90,""6"":201,""7"":-240,""8"":414,""9"":-420,""10"":584,""11"":-468,""12"":407,""13"":220,""14"":-1345,""15"":3718,""16"":-7337,""17"":12340,""18"":-17980,""19"":23324,""20"":-27137,""21"":28532,""22"":-27148,""23"":23344,""24"":-18044,""25"":12430,""26"":-7538,""27"":3958,""28"":-1759,""29"":640,""30"":-181,""31"":36,""32"":-4,""36"":-1,""37"":-1,""38"":-1,""39"":-3,""40"":-3,""41"":-2,""42"":-3,""43"":-3,""44"":-1,""45"":-1,""46"":-1}",2c4916a0fa79a88fedf407ca7cdb3c08c35b9e82c0587cd8dfd891959694ba85,2c4916a0fa79a88fedf407ca7cdb3c08c35b9e82c0587cd8dfd891959694ba85,True,success
LLLBD,exhaustive,5,3,1,1,"{""0"":1,""1"":-1,""2"":10,""3"":-9,""4"":45,""5"":-36,""6"":120,""7"":-84,""8"":210,""9"":-126,""10"":250,""11"":-109,""12"":128,""13"":194,""14"":-613,""15"":1544,""16"":-2835,""17"":4531,""18"":-6286,""19"":7774,""20"":-8621,""21"":8622,""22"":-7775,""23"":6296,""24"":-4540,""25"":2880,""26"":-1580,""27"":733,""28"":-278,""29"":82,""30"":-17,""31"":2,""38"":1,""39"":1,""40"":1,""41"":2,""42"":2,""43"":1,""44"":1,""45"":1}","{""0"":1,""1"":-1,""2"":10,""3"":-9,""4"":45,""5"":-36,""6"":120,""7"":-84,""8"":210,""9"":-126,""10"":250,""11"":-109,""12"":128,""13"":194,""14"":-613,""15"":1544,""16"":-2835,""17"":4531,""18"":-6286,""19"":7774,""20"":-8621,""21"":8622,""22"":-7775,""23"":6296,""24"":-4540,""25"":2880,""26"":-1580,""27"":733,""28"":-278,""29"":82,""30"":-17,""31"":2,""38"":1,""39"":1,""40"":1,""41"":2,""42"":2,""43"":1,""44"":1,""45"":1}",19681d5d09a777c5e4e4c559ebed44ddb53c37a758c74c6189662ddcfed4c81d,19681d5d09a777c5e4e4c559ebed44ddb53c37a758c74c6189662ddcfed4c81d,True,success
LLLBL,exhaustive,5,4,0,1,"{""0"":1,""1"":-1,""2"":11,""3"":-10,""4"":55,""5"":-45,""6"":165,""7"":-120,""8"":330,""9"":-210,""10"":460,""11"":-233,""12"":361,""13"":167,""14"":-763,""15"":2471,""16"":-5028,""17"":8955,""18"":-13661,""19"":18601,""20"":-22682,""21"":25018,""22"":-25018,""23"":22693,""24"":-18611,""25"":13716,""26"":-9000,""27"":5193,""28"":-2591,""29"":1093,""30"":-377,""31"":101,""32"":-19,""33"":2,""39"":-1,""40"":-1,""41"":-1,""42"":-2,""43"":-2,""44"":-1,""45"":-1,""46"":-1}","{""0"":1,""1"":-1,""2"":11,""3"":-10,""4"":55,""5"":-45,""6"":165,""7"":-120,""8"":330,""9"":-210,""10"":460,""11"":-233,""12"":361,""13"":167,""14"":-763,""15"":2471,""16"":-5028,""17"":8955,""18"":-13661,""19"":18601,""20"":-22682,""21"":25018,""22"":-25018,""23"":22693,""24"":-18611,""25"":13716,""26"":-9000,""27"":5193,""28"":-2591,""29"":1093,""30"":-377,""31"":101,""32"":-19,""33"":2,""39"":-1,""40"":-1,""41"":-1,""42"":-2,""43"":-2,""44"":-1,""45"":-1,""46"":-1}",c995e65460447028b5b5f194a0791fc108e8c3fdb158fa624bd4a89a9b8a58c7,c995e65460447028b5b5f194a0791fc108e8c3fdb158fa624bd4a89a9b8a58c7,True,success
LLLDB,exhaustive,5,3,1,1,"{""0"":1,""1"":-1,""2"":10,""3"":-9,""4"":45,""5"":-36,""6"":120,""7"":-84,""8"":210,""9"":-126,""10"":250,""11"":-109,""12"":128,""13"":194,""14"":-613,""15"":1544,""16"":-2835,""17"":4531,""18"":-6286,""19"":7774,""20"":-8621,""21"":8622,""22"":-7775,""23"":6296,""24"":-4540,""25"":2880,""26"":-1580,""27"":733,""28"":-278,""29"":82,""30"":-17,""31"":2,""38"":1,""39"":1,""40"":1,""41"":2,""42"":2,""43"":1,""44"":1,""45"":1}","{""0"":1,""1"":-1,""2"":10,""3"":-9,""4"":45,""5"":-36,""6"":120,""7"":-84,""8"":210,""9"":-126,""10"":250,""11"":-109,""12"":128,""13"":194,""14"":-613,""15"":1544,""16"":-2835,""17"":4531,""18"":-6286,""19"":7774,""20"":-8621,""21"":8622,""22"":-7775,""23"":6296,""24"":-4540,""25"":2880,""26"":-1580,""27"":733,""28"":-278,""29"":82,""30"":-17,""31"":2,""38"":1,""39"":1,""40"":1,""41"":2,""42"":2,""43"":1,""44"":1,""45"":1}",19681d5d09a777c5e4e4c559ebed44ddb53c37a758c74c6189662ddcfed4c81d,19681d5d09a777c5e4e4c559ebed44ddb53c37a758c74c6189662ddcfed4c81d,True,success
LLLDD,exhaustive,5,3,2,0,"{""0"":1,""2"":9,""4"":36,""6"":84,""8"":126,""10"":125,""11"":8,""12"":47,""13"":120,""14"":-267,""15"":624,""16"":-1077,""17"":1632,""18"":-2156,""19"":2536,""20"":-2675,""21"":2536,""22"":-2157,""23"":1632,""24"":-1086,""25"":624,""26"":-303,""27"":120,""28"":-37,""29"":8,""30"":-1,""40"":-1,""41"":-1,""42"":-1,""43"":-1,""44"":-1}","{""0"":1,""2"":9,""4"":36,""6"":84,""8"":126,""10"":125,""11"":8,""12"":47,""13"":120,""14"":-267,""15"":624,""16"":-1077,""17"":1632,""18"":-2156,""19"":2536,""20"":-2675,""21"":2536,""22"":-2157,""23"":1632,""24"":-1086,""25"":624,""26"":-303,""27"":120,""28"":-37,""29"":8,""30"":-1,""40"":-1,""41"":-1,""42"":-1,""43"":-1,""44"":-1}",c62f120d2761d2f6916ae1718d20ad3ffaf737a50ed3958f755c6b4638df6ceb,c62f120d2761d2f6916ae1718d20ad3ffaf737a50ed3958f755c6b4638df6ceb,True,success
LLLDL,exhaustive,5,4,1,0,"{""0"":1,""2"":10,""4"":45,""6"":120,""8"":210,""10"":251,""11"":9,""12"":164,""13"":165,""14"":-340,""15"":1047,""16"":-1968,""17"":3342,""18"":-4865,""19"":6325,""20"":-7367,""21"":7747,""22"":-7368,""23"":6325,""24"":-4875,""25"":3342,""26"":-2013,""27"":1047,""28"":-460,""29"":165,""30"":-46,""31"":9,""32"":-1,""41"":1,""42"":1,""43"":1,""44"":1,""45"":1}","{""0"":1,""2"":10,""4"":45,""6"":120,""8"":210,""10"":251,""11"":9,""12"":164,""13"":165,""14"":-340,""15"":1047,""16"":-1968,""17"":3342,""18"":-4865,""19"":6325,""20"":-7367,""21"":7747,""22"":-7368,""23"":6325,""24"":-4875,""25"":3342,""26"":-2013,""27"":1047,""28"":-460,""29"":165,""30"":-46,""31"":9,""32"":-1,""41"":1,""42"":1,""43"":1,""44"":1,""45"":1}",3d3be4b3f9ff61364b248af6cffb46a1de147a01f3fa01b031062bfb56b42c8c,3d3be4b3f9ff61364b248af6cffb46a1de147a01f3fa01b031062bfb56b42c8c,True,success
LLLLB,exhaustive,5,4,0,1,"{""0"":1,""1"":-1,""2"":11,""3"":-10,""4"":55,""5"":-45,""6"":165,""7"":-120,""8"":330,""9"":-210,""10"":460,""11"":-233,""12"":361,""13"":167,""14"":-763,""15"":2471,""16"":-5028,""17"":8955,""18"":-13661,""19"":18601,""20"":-22682,""21"":25018,""22"":-25018,""23"":22693,""24"":-18611,""25"":13716,""26"":-9000,""27"":5193,""28"":-2591,""29"":1093,""30"":-377,""31"":101,""32"":-19,""33"":2,""39"":-1,""40"":-1,""41"":-1,""42"":-2,""43"":-2,""44"":-1,""45"":-1,""46"":-1}","{""0"":1,""1"":-1,""2"":11,""3"":-10,""4"":55,""5"":-45,""6"":165,""7"":-120,""8"":330,""9"":-210,""10"":460,""11"":-233,""12"":361,""13"":167,""14"":-763,""15"":2471,""16"":-5028,""17"":8955,""18"":-13661,""19"":18601,""20"":-22682,""21"":25018,""22"":-25018,""23"":22693,""24"":-18611,""25"":13716,""26"":-9000,""27"":5193,""28"":-2591,""29"":1093,""30"":-377,""31"":101,""32"":-19,""33"":2,""39"":-1,""40"":-1,""41"":-1,""42"":-2,""43"":-2,""44"":-1,""45"":-1,""46"":-1}",c995e65460447028b5b5f194a0791fc108e8c3fdb158fa624bd4a89a9b8a58c7,c995e65460447028b5b5f194a0791fc108e8c3fdb158fa624bd4a89a9b8a58c7,True,success
LLLLD,exhaustive,5,4,1,0,"{""0"":1,""2"":10,""4"":45,""6"":120,""8"":210,""10"":251,""11"":9,""12"":164,""13"":165,""14"":-340,""15"":1047,""16"":-1968,""17"":3342,""18"":-4865,""19"":6325,""20"":-7367,""21"":7747,""22"":-7368,""23"":6325,""24"":-4875,""25"":3342,""26"":-2013,""27"":1047,""28"":-460,""29"":165,""30"":-46,""31"":9,""32"":-1,""41"":1,""42"":1,""43"":1,""44"":1,""45"":1}","{""0"":1,""2"":10,""4"":45,""6"":120,""8"":210,""10"":251,""11"":9,""12"":164,""13"":165,""14"":-340,""15"":1047,""16"":-1968,""17"":3342,""18"":-4865,""19"":6325,""20"":-7367,""21"":7747,""22"":-7368,""23"":6325,""24"":-4875,""25"":3342,""26"":-2013,""27"":1047,""28"":-460,""29"":165,""30"":-46,""31"":9,""32"":-1,""41"":1,""42"":1,""43"":1,""44"":1,""45"":1}",3d3be4b3f9ff61364b248af6cffb46a1de147a01f3fa01b031062bfb56b42c8c,3d3be4b3f9ff61364b248af6cffb46a1de147a01f3fa01b031062bfb56b42c8c,True,success
LLLLL,exhaustive,5,5,0,0,"{""0"":1,""2"":11,""4"":55,""6"":165,""8"":330,""10"":461,""11"":10,""12"":406,""13"":220,""14"":-341,""15"":1672,""16"":-3355,""17"":6402,""18"":-10175,""19"":14542,""20"":-18557,""21"":21440,""22"":-22482,""23"":21440,""24"":-18568,""25"":14542,""26"":-10230,""27"":6402,""28"":-3520,""29"":1672,""30"":-671,""31"":220,""32"":-56,""33"":10,""34"":-1,""42"":-1,""43"":-1,""44"":-1,""45"":-1,""46"":-1}","{""0"":1,""2"":11,""4"":55,""6"":165,""8"":330,""10"":461,""11"":10,""12"":406,""13"":220,""14"":-341,""15"":1672,""16"":-3355,""17"":6402,""18"":-10175,""19"":14542,""20"":-18557,""21"":21440,""22"":-22482,""23"":21440,""24"":-18568,""25"":14542,""26"":-10230,""27"":6402,""28"":-3520,""29"":1672,""30"":-671,""31"":220,""32"":-56,""33"":10,""34"":-1,""42"":-1,""43"":-1,""44"":-1,""45"":-1,""46"":-1}",d8d166842d3b6d52eb3e9ccfbeed60cdc1b1d8df63c5f5918a36a62615f7c2ee,d8d166842d3b6d52eb3e9ccfbeed60cdc1b1d8df63c5f5918a36a62615f7c2ee,True,success
BBBBDL,stress,6,1,1,4,"{""0"":1,""1"":-4,""2"":18,""3"":-48,""4"":127,""5"":-256,""6"":498,""7"":-804,""8"":1243,""9"":-1656,""10"":2108,""11"":-2352,""12"":2490,""13"":-2208,""14"":1396,""15"":824,""16"":-5478,""17"":14147,""18"":-27719,""19"":45964,""20"":-66661,""21"":86108,""22"":-100028,""23"":105094,""24"":-100045,""25"":86156,""26"":-66788,""27"":46220,""28"":-28217,""29"":14951,""30"":-6721,""31"":2480,""32"":-712,""33"":144,""34"":-16,""37"":1,""38"":1,""39"":1,""40"":5,""41"":5,""42"":4,""43"":10,""44"":10,""45"":6,""46"":10,""47"":10,""48"":4,""49"":5,""50"":5,""51"":1,""52"":1,""53"":1}","{""0"":1,""1"":-4,""2"":18,""3"":-48,""4"":127,""5"":-256,""6"":498,""7"":-804,""8"":1243,""9"":-1656,""10"":2108,""11"":-2352,""12"":2490,""13"":-2208,""14"":1396,""15"":824,""16"":-5478,""17"":14147,""18"":-27719,""19"":45964,""20"":-66661,""21"":86108,""22"":-100028,""23"":105094,""24"":-100045,""25"":86156,""26"":-66788,""27"":46220,""28"":-28217,""29"":14951,""30"":-6721,""31"":2480,""32"":-712,""33"":144,""34"":-16,""37"":1,""38"":1,""39"":1,""40"":5,""41"":5,""42"":4,""43"":10,""44"":10,""45"":6,""46"":10,""47"":10,""48"":4,""49"":5,""50"":5,""51"":1,""52"":1,""53"":1}",960bcb6718681a45f158476d67c26b8d37fa09c653d11d9d18184d1cf59fe64d,960bcb6718681a45f158476d67c26b8d37fa09c653d11d9d18184d1cf59fe64d,True,success
BBBDDL,stress,6,1,2,3,"{""0"":1,""1"":-3,""2"":14,""3"":-31,""4"":82,""5"":-143,""6"":273,""7"":-388,""8"":582,""9"":-686,""10"":840,""11"":-826,""12"":832,""13"":-618,""14"":260,""15"":687,""16"":-2520,""17"":5809,""18"":-10670,""19"":16814,""20"":-23251,""21"":28662,""22"":-31754,""23"":31755,""24"":-28665,""25"":23265,""26"":-16845,""27"":10752,""28"":-5952,""29"":2793,""30"":-1075,""31"":322,""32"":-68,""33"":8,""39"":-1,""40"":-1,""41"":-1,""42"":-4,""43"":-4,""44"":-3,""45"":-6,""46"":-6,""47"":-3,""48"":-4,""49"":-4,""50"":-1,""51"":-1,""52"":-1}","{""0"":1,""1"":-3,""2"":14,""3"":-31,""4"":82,""5"":-143,""6"":273,""7"":-388,""8"":582,""9"":-686,""10"":840,""11"":-826,""12"":832,""13"":-618,""14"":260,""15"":687,""16"":-2520,""17"":5809,""18"":-10670,""19"":16814,""20"":-23251,""21"":28662,""22"":-31754,""23"":31755,""24"":-28665,""25"":23265,""26"":-16845,""27"":10752,""28"":-5952,""29"":2793,""30"":-1075,""31"":322,""32"":-68,""33"":8,""39"":-1,""40"":-1,""41"":-1,""42"":-4,""43"":-4,""44"":-3,""45"":-6,""46"":-6,""47"":-3,""48"":-4,""49"":-4,""50"":-1,""51"":-1,""52"":-1}",49e024bec627f82fbbf69b70453029669d8d43d52ccc1a3056c42be819fcd2c6,49e024bec627f82fbbf69b70453029669d8d43d52ccc1a3056c42be819fcd2c6,True,success
BBBDLD,stress,6,1,2,3,"{""0"":1,""1"":-3,""2"":14,""3"":-31,""4"":82,""5"":-143,""6"":273,""7"":-388,""8"":582,""9"":-686,""10"":840,""11"":-826,""12"":832,""13"":-618,""14"":260,""15"":687,""16"":-2520,""17"":5809,""18"":-10670,""19"":16814,""20"":-23251,""21"":28662,""22"":-31754,""23"":31755,""24"":-28665,""25"":23265,""26"":-16845,""27"":10752,""28"":-5952,""29"":2793,""30"":-1075,""31"":322,""32"":-68,""33"":8,""39"":-1,""40"":-1,""41"":-1,""42"":-4,""43"":-4,""44"":-3,""45"":-6,""46"":-6,""47"":-3,""48"":-4,""49"":-4,""50"":-1,""51"":-1,""52"":-1}","{""0"":1,""1"":-3,""2"":14,""3"":-31,""4"":82,""5"":-143,""6"":273,""7"":-388,""8"":582,""9"":-686,""10"":840,""11"":-826,""12"":832,""13"":-618,""14"":260,""15"":687,""16"":-2520,""17"":5809,""18"":-10670,""19"":16814,""20"":-23251,""21"":28662,""22"":-31754,""23"":31755,""24"":-28665,""25"":23265,""26"":-16845,""27"":10752,""28"":-5952,""29"":2793,""30"":-1075,""31"":322,""32"":-68,""33"":8,""39"":-1,""40"":-1,""41"":-1,""42"":-4,""43"":-4,""44"":-3,""45"":-6,""46"":-6,""47"":-3,""48"":-4,""49"":-4,""50"":-1,""51"":-1,""52"":-1}",49e024bec627f82fbbf69b70453029669d8d43d52ccc1a3056c42be819fcd2c6,49e024bec627f82fbbf69b70453029669d8d43d52ccc1a3056c42be819fcd2c6,True,success
BBBDLL,stress,6,2,1,3,"{""0"":1,""1"":-3,""2"":15,""3"":-34,""4"":96,""5"":-174,""6"":355,""7"":-531,""8"":855,""9"":-1074,""10"":1422,""11"":-1512,""12"":1672,""13"":-1436,""14"":1024,""15"":391,""16"":-3335,""17"":9289,""18"":-19142,""19"":33375,""20"":-50766,""21"":68741,""22"":-83670,""23"":92172,""24"":-92174,""25"":83685,""26"":-68775,""27"":50862,""28"":-33549,""29"":19497,""30"":-9820,""31"":4190,""32"":-1465,""33"":398,""34"":-76,""35"":8,""40"":1,""41"":1,""42"":1,""43"":4,""44"":4,""45"":3,""46"":6,""47"":6,""48"":3,""49"":4,""50"":4,""51"":1,""52"":1,""53"":1}","{""0"":1,""1"":-3,""2"":15,""3"":-34,""4"":96,""5"":-174,""6"":355,""7"":-531,""8"":855,""9"":-1074,""10"":1422,""11"":-1512,""12"":1672,""13"":-1436,""14"":1024,""15"":391,""16"":-3335,""17"":9289,""18"":-19142,""19"":33375,""20"":-50766,""21"":68741,""22"":-83670,""23"":92172,""24"":-92174,""25"":83685,""26"":-68775,""27"":50862,""28"":-33549,""29"":19497,""30"":-9820,""31"":4190,""32"":-1465,""33"":398,""34"":-76,""35"":8,""40"":1,""41"":1,""42"":1,""43"":4,""44"":4,""45"":3,""46"":6,""47"":6,""48"":3,""49"":4,""50"":4,""51"":1,""52"":1,""53"":1}",3e8573827139739f66d6dbbfe0e3b02267fccd39626e2adc1770490bf24af9ec,3e8573827139739f66d6dbbfe0e3b02267fccd39626e2adc1770490bf24af9ec,True,success
BBDDDL,stress,6,1,3,2,"{""0"":1,""1"":-2,""2"":11,""3"":-18,""4"":53,""5"":-72,""6"":148,""7"":-168,""8"":266,""9"":-252,""10"":322,""11"":-252,""12"":262,""13"":-136,""14"":3,""15"":391,""16"":-1098,""17"":2326,""18"":-4032,""19"":6041,""20"":-7957,""21"":9343,""22"":-9848,""23"":9343,""24"":-7958,""25"":6043,""26"":-4043,""27"":2344,""28"":-1151,""29"":463,""30"":-145,""31"":32,""32"":-4,""41"":1,""42"":1,""43"":1,""44"":3,""45"":3,""46"":2,""47"":3,""48"":3,""49"":1,""50"":1,""51"":1}","{""0"":1,""1"":-2,""2"":11,""3"":-18,""4"":53,""5"":-72,""6"":148,""7"":-168,""8"":266,""9"":-252,""10"":322,""11"":-252,""12"":262,""13"":-136,""14"":3,""15"":391,""16"":-1098,""17"":2326,""18"":-4032,""19"":6041,""20"":-7957,""21"":9343,""22"":-9848,""23"":9343,""24"":-7958,""25"":6043,""26"":-4043,""27"":2344,""28"":-1151,""29"":463,""30"":-145,""31"":32,""32"":-4,""41"":1,""42"":1,""43"":1,""44"":3,""45"":3,""46"":2,""47"":3,""48"":3,""49"":1,""50"":1,""51"":1}",7324916c906a628e3098f319d2152083bf77f0cdf2a342d2369a3985ac336d40,7324916c906a628e3098f319d2152083bf77f0cdf2a342d2369a3985ac336d40,True,success
BBDDLL,stress,6,2,2,2,"{""0"":1,""1"":-2,""2"":12,""3"":-20,""4"":64,""5"":-90,""6"":201,""7"":-240,""8"":414,""9"":-420,""10"":588,""11"":-504,""12"":584,""13"":-384,""14"":233,""15"":400,""16"":-1558,""17"":3868,""18"":-7474,""19"":12410,""20"":-18032,""21"":23342,""22"":-27148,""23"":28534,""24"":-27149,""25"":23344,""26"":-18044,""27"":12430,""28"":-7538,""29"":3958,""30"":-1759,""31"":640,""32"":-181,""33"":36,""34"":-4,""42"":-1,""43"":-1,""44"":-1,""45"":-3,""46"":-3,""47"":-2,""48"":-3,""49"":-3,""50"":-1,""51"":-1,""52"":-1}","{""0"":1,""1"":-2,""2"":12,""3"":-20,""4"":64,""5"":-90,""6"":201,""7"":-240,""8"":414,""9"":-420,""10"":588,""11"":-504,""12"":584,""13"":-384,""14"":233,""15"":400,""16"":-1558,""17"":3868,""18"":-7474,""19"":12410,""20"":-18032,""21"":23342,""22"":-27148,""23"":28534,""24"":-27149,""25"":23344,""26"":-18044,""27"":12430,""28"":-7538,""29"":3958,""30"":-1759,""31"":640,""32"":-181,""33"":36,""34"":-4,""42"":-1,""43"":-1,""44"":-1,""45"":-3,""46"":-3,""47"":-2,""48"":-3,""49"":-3,""50"":-1,""51"":-1,""52"":-1}",7f0c97f1b8e57acb2ea188f485043a40bfba9c01f07a0223e699ed98a9565047,7f0c97f1b8e57acb2ea188f485043a40bfba9c01f07a0223e699ed98a9565047,True,success
BBDLLL,stress,6,3,1,2,"{""0"":1,""1"":-2,""2"":13,""3"":-22,""4"":76,""5"":-110,""6"":265,""7"":-330,""8"":615,""9"":-660,""10"":1002,""11"":-924,""12"":1172,""13"":-884,""14"":781,""15"":197,""16"":-1965,""17"":6027,""18"":-12990,""19"":23816,""20"":-37936,""21"":53796,""22"":-68524,""23"":79025,""24"":-82831,""25"":79027,""26"":-68537,""27"":53818,""28"":-38012,""29"":23926,""30"":-13255,""31"":6357,""32"":-2580,""33"":857,""34"":-221,""35"":40,""36"":-4,""43"":1,""44"":1,""45"":1,""46"":3,""47"":3,""48"":2,""49"":3,""50"":3,""51"":1,""52"":1,""53"":1}","{""0"":1,""1"":-2,""2"":13,""3"":-22,""4"":76,""5"":-110,""6"":265,""7"":-330,""8"":615,""9"":-660,""10"":1002,""11"":-924,""12"":1172,""13"":-884,""14"":781,""15"":197,""16"":-1965,""17"":6027,""18"":-12990,""19"":23816,""20"":-37936,""21"":53796,""22"":-68524,""23"":79025,""24"":-82831,""25"":79027,""26"":-68537,""27"":53818,""28"":-38012,""29"":23926,""30"":-13255,""31"":6357,""32"":-2580,""33"":857,""34"":-221,""35"":40,""36"":-4,""43"":1,""44"":1,""45"":1,""46"":3,""47"":3,""48"":2,""49"":3,""50"":3,""51"":1,""52"":1,""53"":1}",1c75d8292226df8b2e3c7c36d080164ee5cdbb6b81b4b08da118510b2af25220,1c75d8292226df8b2e3c7c36d080164ee5cdbb6b81b4b08da118510b2af25220,True,success
BBLDDD,stress,6,1,3,2,"{""0"":1,""1"":-2,""2"":11,""3"":-18,""4"":53,""5"":-72,""6"":148,""7"":-168,""8"":266,""9"":-252,""10"":322,""11"":-252,""12"":262,""13"":-136,""14"":3,""15"":391,""16"":-1098,""17"":2326,""18"":-4032,""19"":6041,""20"":-7957,""21"":9343,""22"":-9848,""23"":9343,""24"":-7958,""25"":6043,""26"":-4043,""27"":2344,""28"":-1151,""29"":463,""30"":-145,""31"":32,""32"":-4,""41"":1,""42"":1,""43"":1,""44"":3,""45"":3,""46"":2,""47"":3,""48"":3,""49"":1,""50"":1,""51"":1}","{""0"":1,""1"":-2,""2"":11,""3"":-18,""4"":53,""5"":-72,""6"":148,""7"":-168,""8"":266,""9"":-252,""10"":322,""11"":-252,""12"":262,""13"":-136,""14"":3,""15"":391,""16"":-1098,""17"":2326,""18"":-4032,""19"":6041,""20"":-7957,""21"":9343,""22"":-9848,""23"":9343,""24"":-7958,""25"":6043,""26"":-4043,""27"":2344,""28"":-1151,""29"":463,""30"":-145,""31"":32,""32"":-4,""41"":1,""42"":1,""43"":1,""44"":3,""45"":3,""46"":2,""47"":3,""48"":3,""49"":1,""50"":1,""51"":1}",7324916c906a628e3098f319d2152083bf77f0cdf2a342d2369a3985ac336d40,7324916c906a628e3098f319d2152083bf77f0cdf2a342d2369a3985ac336d40,True,success
BBLLLD,stress,6,3,1,2,"{""0"":1,""1"":-2,""2"":13,""3"":-22,""4"":76,""5"":-110,""6"":265,""7"":-330,""8"":615,""9"":-660,""10"":1002,""11"":-924,""12"":1172,""13"":-884,""14"":781,""15"":197,""16"":-1965,""17"":6027,""18"":-12990,""19"":23816,""20"":-37936,""21"":53796,""22"":-68524,""23"":79025,""24"":-82831,""25"":79027,""26"":-68537,""27"":53818,""28"":-38012,""29"":23926,""30"":-13255,""31"":6357,""32"":-2580,""33"":857,""34"":-221,""35"":40,""36"":-4,""43"":1,""44"":1,""45"":1,""46"":3,""47"":3,""48"":2,""49"":3,""50"":3,""51"":1,""52"":1,""53"":1}","{""0"":1,""1"":-2,""2"":13,""3"":-22,""4"":76,""5"":-110,""6"":265,""7"":-330,""8"":615,""9"":-660,""10"":1002,""11"":-924,""12"":1172,""13"":-884,""14"":781,""15"":197,""16"":-1965,""17"":6027,""18"":-12990,""19"":23816,""20"":-37936,""21"":53796,""22"":-68524,""23"":79025,""24"":-82831,""25"":79027,""26"":-68537,""27"":53818,""28"":-38012,""29"":23926,""30"":-13255,""31"":6357,""32"":-2580,""33"":857,""34"":-221,""35"":40,""36"":-4,""43"":1,""44"":1,""45"":1,""46"":3,""47"":3,""48"":2,""49"":3,""50"":3,""51"":1,""52"":1,""53"":1}",1c75d8292226df8b2e3c7c36d080164ee5cdbb6b81b4b08da118510b2af25220,1c75d8292226df8b2e3c7c36d080164ee5cdbb6b81b4b08da118510b2af25220,True,success
BDBBLL,stress,6,2,1,3,"{""0"":1,""1"":-3,""2"":15,""3"":-34,""4"":96,""5"":-174,""6"":355,""7"":-531,""8"":855,""9"":-1074,""10"":1422,""11"":-1512,""12"":1672,""13"":-1436,""14"":1024,""15"":391,""16"":-3335,""17"":9289,""18"":-19142,""19"":33375,""20"":-50766,""21"":68741,""22"":-83670,""23"":92172,""24"":-92174,""25"":83685,""26"":-68775,""27"":50862,""28"":-33549,""29"":19497,""30"":-9820,""31"":4190,""32"":-1465,""33"":398,""34"":-76,""35"":8,""40"":1,""41"":1,""42"":1,""43"":4,""44"":4,""45"":3,""46"":6,""47"":6,""48"":3,""49"":4,""50"":4,""51"":1,""52"":1,""53"":1}","{""0"":1,""1"":-3,""2"":15,""3"":-34,""4"":96,""5"":-174,""6"":355,""7"":-531,""8"":855,""9"":-1074,""10"":1422,""11"":-1512,""12"":1672,""13"":-1436,""14"":1024,""15"":391,""16"":-3335,""17"":9289,""18"":-19142,""19"":33375,""20"":-50766,""21"":68741,""22"":-83670,""23"":92172,""24"":-92174,""25"":83685,""26"":-68775,""27"":50862,""28"":-33549,""29"":19497,""30"":-9820,""31"":4190,""32"":-1465,""33"":398,""34"":-76,""35"":8,""40"":1,""41"":1,""42"":1,""43"":4,""44"":4,""45"":3,""46"":6,""47"":6,""48"":3,""49"":4,""50"":4,""51"":1,""52"":1,""53"":1}",3e8573827139739f66d6dbbfe0e3b02267fccd39626e2adc1770490bf24af9ec,3e8573827139739f66d6dbbfe0e3b02267fccd39626e2adc1770490bf24af9ec,True,success
BDBLBB,stress,6,1,1,4,"{""0"":1,""1"":-4,""2"":18,""3"":-48,""4"":127,""5"":-256,""6"":498,""7"":-804,""8"":1243,""9"":-1656,""10"":2108,""11"":-2352,""12"":2490,""13"":-2208,""14"":1396,""15"":824,""16"":-5478,""17"":14147,""18"":-27719,""19"":45964,""20"":-66661,""21"":86108,""22"":-100028,""23"":105094,""24"":-100045,""25"":86156,""26"":-66788,""27"":46220,""28"":-28217,""29"":14951,""30"":-6721,""31"":2480,""32"":-712,""33"":144,""34"":-16,""37"":1,""38"":1,""39"":1,""40"":5,""41"":5,""42"":4,""43"":10,""44"":10,""45"":6,""46"":10,""47"":10,""48"":4,""49"":5,""50"":5,""51"":1,""52"":1,""53"":1}","{""0"":1,""1"":-4,""2"":18,""3"":-48,""4"":127,""5"":-256,""6"":498,""7"":-804,""8"":1243,""9"":-1656,""10"":2108,""11"":-2352,""12"":2490,""13"":-2208,""14"":1396,""15"":824,""16"":-5478,""17"":14147,""18"":-27719,""19"":45964,""20"":-66661,""21"":86108,""22"":-100028,""23"":105094,""24"":-100045,""25"":86156,""26"":-66788,""27"":46220,""28"":-28217,""29"":14951,""30"":-6721,""31"":2480,""32"":-712,""33"":144,""34"":-16,""37"":1,""38"":1,""39"":1,""40"":5,""41"":5,""42"":4,""43"":10,""44"":10,""45"":6,""46"":10,""47"":10,""48"":4,""49"":5,""50"":5,""51"":1,""52"":1,""53"":1}",960bcb6718681a45f158476d67c26b8d37fa09c653d11d9d18184d1cf59fe64d,960bcb6718681a45f158476d67c26b8d37fa09c653d11d9d18184d1cf59fe64d,True,success
BDBLBD,stress,6,1,2,3,"{""0"":1,""1"":-3,""2"":14,""3"":-31,""4"":82,""5"":-143,""6"":273,""7"":-388,""8"":582,""9"":-686,""10"":840,""11"":-826,""12"":832,""13"":-618,""14"":260,""15"":687,""16"":-2520,""17"":5809,""18"":-10670,""19"":16814,""20"":-23251,""21"":28662,""22"":-31754,""23"":31755,""24"":-28665,""25"":23265,""26"":-16845,""27"":10752,""28"":-5952,""29"":2793,""30"":-1075,""31"":322,""32"":-68,""33"":8,""39"":-1,""40"":-1,""41"":-1,""42"":-4,""43"":-4,""44"":-3,""45"":-6,""46"":-6,""47"":-3,""48"":-4,""49"":-4,""50"":-1,""51"":-1,""52"":-1}","{""0"":1,""1"":-3,""2"":14,""3"":-31,""4"":82,""5"":-143,""6"":273,""7"":-388,""8"":582,""9"":-686,""10"":840,""11"":-826,""12"":832,""13"":-618,""14"":260,""15"":687,""16"":-2520,""17"":5809,""18"":-10670,""19"":16814,""20"":-23251,""21"":28662,""22"":-31754,""23"":31755,""24"":-28665,""25"":23265,""26"":-16845,""27"":10752,""28"":-5952,""29"":2793,""30"":-1075,""31"":322,""32"":-68,""33"":8,""39"":-1,""40"":-1,""41"":-1,""42"":-4,""43"":-4,""44"":-3,""45"":-6,""46"":-6,""47"":-3,""48"":-4,""49"":-4,""50"":-1,""51"":-1,""52"":-1}",49e024bec627f82fbbf69b70453029669d8d43d52ccc1a3056c42be819fcd2c6,49e024bec627f82fbbf69b70453029669d8d43d52ccc1a3056c42be819fcd2c6,True,success
BDBLLL,stress,6,3,1,2,"{""0"":1,""1"":-2,""2"":13,""3"":-22,""4"":76,""5"":-110,""6"":265,""7"":-330,""8"":615,""9"":-660,""10"":1002,""11"":-924,""12"":1172,""13"":-884,""14"":781,""15"":197,""16"":-1965,""17"":6027,""18"":-12990,""19"":23816,""20"":-37936,""21"":53796,""22"":-68524,""23"":79025,""24"":-82831,""25"":79027,""26"":-68537,""27"":53818,""28"":-38012,""29"":23926,""30"":-13255,""31"":6357,""32"":-2580,""33"":857,""34"":-221,""35"":40,""36"":-4,""43"":1,""44"":1,""45"":1,""46"":3,""47"":3,""48"":2,""49"":3,""50"":3,""51"":1,""52"":1,""53"":1}","{""0"":1,""1"":-2,""2"":13,""3"":-22,""4"":76,""5"":-110,""6"":265,""7"":-330,""8"":615,""9"":-660,""10"":1002,""11"":-924,""12"":1172,""13"":-884,""14"":781,""15"":197,""16"":-1965,""17"":6027,""18"":-12990,""19"":23816,""20"":-37936,""21"":53796,""22"":-68524,""23"":79025,""24"":-82831,""25"":79027,""26"":-68537,""27"":53818,""28"":-38012,""29"":23926,""30"":-13255,""31"":6357,""32"":-2580,""33"":857,""34"":-221,""35"":40,""36"":-4,""43"":1,""44"":1,""45"":1,""46"":3,""47"":3,""48"":2,""49"":3,""50"":3,""51"":1,""52"":1,""53"":1}",1c75d8292226df8b2e3c7c36d080164ee5cdbb6b81b4b08da118510b2af25220,1c75d8292226df8b2e3c7c36d080164ee5cdbb6b81b4b08da118510b2af25220,True,success
BDDDLL,stress,6,2,3,1,"{""0"":1,""1"":-1,""2"":10,""3"":-9,""4"":45,""5"":-36,""6"":120,""7"":-84,""8"":210,""9"":-126,""10"":252,""11"":-126,""12"":208,""13"":-67,""14"":38,""15"":242,""16"":-688,""17"":1571,""18"":-2870,""19"":4539,""20"":-6295,""21"":7775,""22"":-8622,""23"":8622,""24"":-7775,""25"":6296,""26"":-4540,""27"":2880,""28"":-1580,""29"":733,""30"":-278,""31"":82,""32"":-17,""33"":2,""44"":1,""45"":1,""46"":1,""47"":2,""48"":2,""49"":1,""50"":1,""51"":1}","{""0"":1,""1"":-1,""2"":10,""3"":-9,""4"":45,""5"":-36,""6"":120,""7"":-84,""8"":210,""9"":-126,""10"":252,""11"":-126,""12"":208,""13"":-67,""14"":38,""15"":242,""16"":-688,""17"":1571,""18"":-2870,""19"":4539,""20"":-6295,""21"":7775,""22"":-8622,""23"":8622,""24"":-7775,""25"":6296,""26"":-4540,""27"":2880,""28"":-1580,""29"":733,""30"":-278,""31"":82,""32"":-17,""33"":2,""44"":1,""45"":1,""46"":1,""47"":2,""48"":2,""49"":1,""50"":1,""51"":1}",da7855c7676e3bfea9299a4741a32a2de0172566dd3c25c6b35589e73d2d765b,da7855c7676e3bfea9299a4741a32a2de0172566dd3c25c6b35589e73d2d765b,True,success
BDDLLL,stress,6,3,2,1,"{""0"":1,""1"":-1,""2"":11,""3"":-10,""4"":55,""5"":-45,""6"":165,""7"":-120,""8"":330,""9"":-210,""10"":462,""11"":-252,""12"":460,""13"":-191,""14"":229,""15"":257,""16"":-928,""17"":2546,""18"":-5138,""19"":8990,""20"":-13705,""21"":18610,""22"":-22692,""23"":25019,""24"":-25019,""25"":22693,""26"":-18611,""27"":13716,""28"":-9000,""29"":5193,""30"":-2591,""31"":1093,""32"":-377,""33"":101,""34"":-19,""35"":2,""45"":-1,""46"":-1,""47"":-1,""48"":-2,""49"":-2,""50"":-1,""51"":-1,""52"":-1}","{""0"":1,""1"":-1,""2"":11,""3"":-10,""4"":55,""5"":-45,""6"":165,""7"":-120,""8"":330,""9"":-210,""10"":462,""11"":-252,""12"":460,""13"":-191,""14"":229,""15"":257,""16"":-928,""17"":2546,""18"":-5138,""19"":8990,""20"":-13705,""21"":18610,""22"":-22692,""23"":25019,""24"":-25019,""25"":22693,""26"":-18611,""27"":13716,""28"":-9000,""29"":5193,""30"":-2591,""31"":1093,""32"":-377,""33"":101,""34"":-19,""35"":2,""45"":-1,""46"":-1,""47"":-1,""48"":-2,""49"":-2,""50"":-1,""51"":-1,""52"":-1}",3611546d3fdaa2347a5f0c69ab1227072029f37d1c50f99d8c9b0189cd2220b4,3611546d3fdaa2347a5f0c69ab1227072029f37d1c50f99d8c9b0189cd2220b4,True,success
BDLDDL,stress,6,2,3,1,"{""0"":1,""1"":-1,""2"":10,""3"":-9,""4"":45,""5"":-36,""6"":120,""7"":-84,""8"":210,""9"":-126,""10"":252,""11"":-126,""12"":208,""13"":-67,""14"":38,""15"":242,""16"":-688,""17"":1571,""18"":-2870,""19"":4539,""20"":-6295,""21"":7775,""22"":-8622,""23"":8622,""24"":-7775,""25"":6296,""26"":-4540,""27"":2880,""28"":-1580,""29"":733,""30"":-278,""31"":82,""32"":-17,""33"":2,""44"":1,""45"":1,""46"":1,""47"":2,""48"":2,""49"":1,""50"":1,""51"":1}","{""0"":1,""1"":-1,""2"":10,""3"":-9,""4"":45,""5"":-36,""6"":120,""7"":-84,""8"":210,""9"":-126,""10"":252,""11"":-126,""12"":208,""13"":-67,""14"":38,""15"":242,""16"":-688,""17"":1571,""18"":-2870,""19"":4539,""20"":-6295,""21"":7775,""22"":-8622,""23"":8622,""24"":-7775,""25"":6296,""26"":-4540,""27"":2880,""28"":-1580,""29"":733,""30"":-278,""31"":82,""32"":-17,""33"":2,""44"":1,""45"":1,""46"":1,""47"":2,""48"":2,""49"":1,""50"":1,""51"":1}",da7855c7676e3bfea9299a4741a32a2de0172566dd3c25c6b35589e73d2d765b,da7855c7676e3bfea9299a4741a32a2de0172566dd3c25c6b35589e73d2d765b,True,success
BDLLBB,stress,6,2,1,3,"{""0"":1,""1"":-3,""2"":15,""3"":-34,""4"":96,""5"":-174,""6"":355,""7"":-531,""8"":855,""9"":-1074,""10"":1422,""11"":-1512,""12"":1672,""13"":-1436,""14"":1024,""15"":391,""16"":-3335,""17"":9289,""18"":-19142,""19"":33375,""20"":-50766,""21"":68741,""22"":-83670,""23"":92172,""24"":-92174,""25"":83685,""26"":-68775,""27"":50862,""28"":-33549,""29"":19497,""30"":-9820,""31"":4190,""32"":-1465,""33"":398,""34"":-76,""35"":8,""40"":1,""41"":1,""42"":1,""43"":4,""44"":4,""45"":3,""46"":6,""47"":6,""48"":3,""49"":4,""50"":4,""51"":1,""52"":1,""53"":1}","{""0"":1,""1"":-3,""2"":15,""3"":-34,""4"":96,""5"":-174,""6"":355,""7"":-531,""8"":855,""9"":-1074,""10"":1422,""11"":-1512,""12"":1672,""13"":-1436,""14"":1024,""15"":391,""16"":-3335,""17"":9289,""18"":-19142,""19"":33375,""20"":-50766,""21"":68741,""22"":-83670,""23"":92172,""24"":-92174,""25"":83685,""26"":-68775,""27"":50862,""28"":-33549,""29"":19497,""30"":-9820,""31"":4190,""32"":-1465,""33"":398,""34"":-76,""35"":8,""40"":1,""41"":1,""42"":1,""43"":4,""44"":4,""45"":3,""46"":6,""47"":6,""48"":3,""49"":4,""50"":4,""51"":1,""52"":1,""53"":1}",3e8573827139739f66d6dbbfe0e3b02267fccd39626e2adc1770490bf24af9ec,3e8573827139739f66d6dbbfe0e3b02267fccd39626e2adc1770490bf24af9ec,True,success
BLBDBB,stress,6,1,1,4,"{""0"":1,""1"":-4,""2"":18,""3"":-48,""4"":127,""5"":-256,""6"":498,""7"":-804,""8"":1243,""9"":-1656,""10"":2108,""11"":-2352,""12"":2490,""13"":-2208,""14"":1396,""15"":824,""16"":-5478,""17"":14147,""18"":-27719,""19"":45964,""20"":-66661,""21"":86108,""22"":-100028,""23"":105094,""24"":-100045,""25"":86156,""26"":-66788,""27"":46220,""28"":-28217,""29"":14951,""30"":-6721,""31"":2480,""32"":-712,""33"":144,""34"":-16,""37"":1,""38"":1,""39"":1,""40"":5,""41"":5,""42"":4,""43"":10,""44"":10,""45"":6,""46"":10,""47"":10,""48"":4,""49"":5,""50"":5,""51"":1,""52"":1,""53"":1}","{""0"":1,""1"":-4,""2"":18,""3"":-48,""4"":127,""5"":-256,""6"":498,""7"":-804,""8"":1243,""9"":-1656,""10"":2108,""11"":-2352,""12"":2490,""13"":-2208,""14"":1396,""15"":824,""16"":-5478,""17"":14147,""18"":-27719,""19"":45964,""20"":-66661,""21"":86108,""22"":-100028,""23"":105094,""24"":-100045,""25"":86156,""26"":-66788,""27"":46220,""28"":-28217,""29"":14951,""30"":-6721,""31"":2480,""32"":-712,""33"":144,""34"":-16,""37"":1,""38"":1,""39"":1,""40"":5,""41"":5,""42"":4,""43"":10,""44"":10,""45"":6,""46"":10,""47"":10,""48"":4,""49"":5,""50"":5,""51"":1,""52"":1,""53"":1}",960bcb6718681a45f158476d67c26b8d37fa09c653d11d9d18184d1cf59fe64d,960bcb6718681a45f158476d67c26b8d37fa09c653d11d9d18184d1cf59fe64d,True,success
BLBLDD,stress,6,2,2,2,"{""0"":1,""1"":-2,""2"":12,""3"":-20,""4"":64,""5"":-90,""6"":201,""7"":-240,""8"":414,""9"":-420,""10"":588,""11"":-504,""12"":584,""13"":-384,""14"":233,""15"":400,""16"":-1558,""17"":3868,""18"":-7474,""19"":12410,""20"":-18032,""21"":23342,""22"":-27148,""23"":28534,""24"":-27149,""25"":23344,""26"":-18044,""27"":12430,""28"":-7538,""29"":3958,""30"":-1759,""31"":640,""32"":-181,""33"":36,""34"":-4,""42"":-1,""43"":-1,""44"":-1,""45"":-3,""46"":-3,""47"":-2,""48"":-3,""49"":-3,""50"":-1,""51"":-1,""52"":-1}","{""0"":1,""1"":-2,""2"":12,""3"":-20,""4"":64,""5"":-90,""6"":201,""7"":-240,""8"":414,""9"":-420,""10"":588,""11"":-504,""12"":584,""13"":-384,""14"":233,""15"":400,""16"":-1558,""17"":3868,""18"":-7474,""19"":12410,""20"":-18032,""21"":23342,""22"":-27148,""23"":28534,""24"":-27149,""25"":23344,""26"":-18044,""27"":12430,""28"":-7538,""29"":3958,""30"":-1759,""31"":640,""32"":-181,""33"":36,""34"":-4,""42"":-1,""43"":-1,""44"":-1,""45"":-3,""46"":-3,""47"":-2,""48"":-3,""49"":-3,""50"":-1,""51"":-1,""52"":-1}",7f0c97f1b8e57acb2ea188f485043a40bfba9c01f07a0223e699ed98a9565047,7f0c97f1b8e57acb2ea188f485043a40bfba9c01f07a0223e699ed98a9565047,True,success
BLDBBD,stress,6,1,2,3,"{""0"":1,""1"":-3,""2"":14,""3"":-31,""4"":82,""5"":-143,""6"":273,""7"":-388,""8"":582,""9"":-686,""10"":840,""11"":-826,""12"":832,""13"":-618,""14"":260,""15"":687,""16"":-2520,""17"":5809,""18"":-10670,""19"":16814,""20"":-23251,""21"":28662,""22"":-31754,""23"":31755,""24"":-28665,""25"":23265,""26"":-16845,""27"":10752,""28"":-5952,""29"":2793,""30"":-1075,""31"":322,""32"":-68,""33"":8,""39"":-1,""40"":-1,""41"":-1,""42"":-4,""43"":-4,""44"":-3,""45"":-6,""46"":-6,""47"":-3,""48"":-4,""49"":-4,""50"":-1,""51"":-1,""52"":-1}","{""0"":1,""1"":-3,""2"":14,""3"":-31,""4"":82,""5"":-143,""6"":273,""7"":-388,""8"":582,""9"":-686,""10"":840,""11"":-826,""12"":832,""13"":-618,""14"":260,""15"":687,""16"":-2520,""17"":5809,""18"":-10670,""19"":16814,""20"":-23251,""21"":28662,""22"":-31754,""23"":31755,""24"":-28665,""25"":23265,""26"":-16845,""27"":10752,""28"":-5952,""29"":2793,""30"":-1075,""31"":322,""32"":-68,""33"":8,""39"":-1,""40"":-1,""41"":-1,""42"":-4,""43"":-4,""44"":-3,""45"":-6,""46"":-6,""47"":-3,""48"":-4,""49"":-4,""50"":-1,""51"":-1,""52"":-1}",49e024bec627f82fbbf69b70453029669d8d43d52ccc1a3056c42be819fcd2c6,49e024bec627f82fbbf69b70453029669d8d43d52ccc1a3056c42be819fcd2c6,True,success
BLLBLD,stress,6,3,1,2,"{""0"":1,""1"":-2,""2"":13,""3"":-22,""4"":76,""5"":-110,""6"":265,""7"":-330,""8"":615,""9"":-660,""10"":1002,""11"":-924,""12"":1172,""13"":-884,""14"":781,""15"":197,""16"":-1965,""17"":6027,""18"":-12990,""19"":23816,""20"":-37936,""21"":53796,""22"":-68524,""23"":79025,""24"":-82831,""25"":79027,""26"":-68537,""27"":53818,""28"":-38012,""29"":23926,""30"":-13255,""31"":6357,""32"":-2580,""33"":857,""34"":-221,""35"":40,""36"":-4,""43"":1,""44"":1,""45"":1,""46"":3,""47"":3,""48"":2,""49"":3,""50"":3,""51"":1,""52"":1,""53"":1}","{""0"":1,""1"":-2,""2"":13,""3"":-22,""4"":76,""5"":-110,""6"":265,""7"":-330,""8"":615,""9"":-660,""10"":1002,""11"":-924,""12"":1172,""13"":-884,""14"":781,""15"":197,""16"":-1965,""17"":6027,""18"":-12990,""19"":23816,""20"":-37936,""21"":53796,""22"":-68524,""23"":79025,""24"":-82831,""25"":79027,""26"":-68537,""27"":53818,""28"":-38012,""29"":23926,""30"":-13255,""31"":6357,""32"":-2580,""33"":857,""34"":-221,""35"":40,""36"":-4,""43"":1,""44"":1,""45"":1,""46"":3,""47"":3,""48"":2,""49"":3,""50"":3,""51"":1,""52"":1,""53"":1}",1c75d8292226df8b2e3c7c36d080164ee5cdbb6b81b4b08da118510b2af25220,1c75d8292226df8b2e3c7c36d080164ee5cdbb6b81b4b08da118510b2af25220,True,success
DBBDLB,stress,6,1,2,3,"{""0"":1,""1"":-3,""2"":14,""3"":-31,""4"":82,""5"":-143,""6"":273,""7"":-388,""8"":582,""9"":-686,""10"":840,""11"":-826,""12"":832,""13"":-618,""14"":260,""15"":687,""16"":-2520,""17"":5809,""18"":-10670,""19"":16814,""20"":-23251,""21"":28662,""22"":-31754,""23"":31755,""24"":-28665,""25"":23265,""26"":-16845,""27"":10752,""28"":-5952,""29"":2793,""30"":-1075,""31"":322,""32"":-68,""33"":8,""39"":-1,""40"":-1,""41"":-1,""42"":-4,""43"":-4,""44"":-3,""45"":-6,""46"":-6,""47"":-3,""48"":-4,""49"":-4,""50"":-1,""51"":-1,""52"":-1}","{""0"":1,""1"":-3,""2"":14,""3"":-31,""4"":82,""5"":-143,""6"":273,""7"":-388,""8"":582,""9"":-686,""10"":840,""11"":-826,""12"":832,""13"":-618,""14"":260,""15"":687,""16"":-2520,""17"":5809,""18"":-10670,""19"":16814,""20"":-23251,""21"":28662,""22"":-31754,""23"":31755,""24"":-28665,""25"":23265,""26"":-16845,""27"":10752,""28"":-5952,""29"":2793,""30"":-1075,""31"":322,""32"":-68,""33"":8,""39"":-1,""40"":-1,""41"":-1,""42"":-4,""43"":-4,""44"":-3,""45"":-6,""46"":-6,""47"":-3,""48"":-4,""49"":-4,""50"":-1,""51"":-1,""52"":-1}",49e024bec627f82fbbf69b70453029669d8d43d52ccc1a3056c42be819fcd2c6,49e024bec627f82fbbf69b70453029669d8d43d52ccc1a3056c42be819fcd2c6,True,success
DBDDBL,stress,6,1,3,2,"{""0"":1,""1"":-2,""2"":11,""3"":-18,""4"":53,""5"":-72,""6"":148,""7"":-168,""8"":266,""9"":-252,""10"":322,""11"":-252,""12"":262,""13"":-136,""14"":3,""15"":391,""16"":-1098,""17"":2326,""18"":-4032,""19"":6041,""20"":-7957,""21"":9343,""22"":-9848,""23"":9343,""24"":-7958,""25"":6043,""26"":-4043,""27"":2344,""28"":-1151,""29"":463,""30"":-145,""31"":32,""32"":-4,""41"":1,""42"":1,""43"":1,""44"":3,""45"":3,""46"":2,""47"":3,""48"":3,""49"":1,""50"":1,""51"":1}","{""0"":1,""1"":-2,""2"":11,""3"":-18,""4"":53,""5"":-72,""6"":148,""7"":-168,""8"":266,""9"":-252,""10"":322,""11"":-252,""12"":262,""13"":-136,""14"":3,""15"":391,""16"":-1098,""17"":2326,""18"":-4032,""19"":6041,""20"":-7957,""21"":9343,""22"":-9848,""23"":9343,""24"":-7958,""25"":6043,""26"":-4043,""27"":2344,""28"":-1151,""29"":463,""30"":-145,""31"":32,""32"":-4,""41"":1,""42"":1,""43"":1,""44"":3,""45"":3,""46"":2,""47"":3,""48"":3,""49"":1,""50"":1,""51"":1}",7324916c906a628e3098f319d2152083bf77f0cdf2a342d2369a3985ac336d40,7324916c906a628e3098f319d2152083bf77f0cdf2a342d2369a3985ac336d40,True,success
DBDDLB,stress,6,1,3,2,"{""0"":1,""1"":-2,""2"":11,""3"":-18,""4"":53,""5"":-72,""6"":148,""7"":-168,""8"":266,""9"":-252,""10"":322,""11"":-252,""12"":262,""13"":-136,""14"":3,""15"":391,""16"":-1098,""17"":2326,""18"":-4032,""19"":6041,""20"":-7957,""21"":9343,""22"":-9848,""23"":9343,""24"":-7958,""25"":6043,""26"":-4043,""27"":2344,""28"":-1151,""29"":463,""30"":-145,""31"":32,""32"":-4,""41"":1,""42"":1,""43"":1,""44"":3,""45"":3,""46"":2,""47"":3,""48"":3,""49"":1,""50"":1,""51"":1}","{""0"":1,""1"":-2,""2"":11,""3"":-18,""4"":53,""5"":-72,""6"":148,""7"":-168,""8"":266,""9"":-252,""10"":322,""11"":-252,""12"":262,""13"":-136,""14"":3,""15"":391,""16"":-1098,""17"":2326,""18"":-4032,""19"":6041,""20"":-7957,""21"":9343,""22"":-9848,""23"":9343,""24"":-7958,""25"":6043,""26"":-4043,""27"":2344,""28"":-1151,""29"":463,""30"":-145,""31"":32,""32"":-4,""41"":1,""42"":1,""43"":1,""44"":3,""45"":3,""46"":2,""47"":3,""48"":3,""49"":1,""50"":1,""51"":1}",7324916c906a628e3098f319d2152083bf77f0cdf2a342d2369a3985ac336d40,7324916c906a628e3098f319d2152083bf77f0cdf2a342d2369a3985ac336d40,True,success
DBDLLD,stress,6,2,3,1,"{""0"":1,""1"":-1,""2"":10,""3"":-9,""4"":45,""5"":-36,""6"":120,""7"":-84,""8"":210,""9"":-126,""10"":252,""11"":-126,""12"":208,""13"":-67,""14"":38,""15"":242,""16"":-688,""17"":1571,""18"":-2870,""19"":4539,""20"":-6295,""21"":7775,""22"":-8622,""23"":8622,""24"":-7775,""25"":6296,""26"":-4540,""27"":2880,""28"":-1580,""29"":733,""30"":-278,""31"":82,""32"":-17,""33"":2,""44"":1,""45"":1,""46"":1,""47"":2,""48"":2,""49"":1,""50"":1,""51"":1}","{""0"":1,""1"":-1,""2"":10,""3"":-9,""4"":45,""5"":-36,""6"":120,""7"":-84,""8"":210,""9"":-126,""10"":252,""11"":-126,""12"":208,""13"":-67,""14"":38,""15"":242,""16"":-688,""17"":1571,""18"":-2870,""19"":4539,""20"":-6295,""21"":7775,""22"":-8622,""23"":8622,""24"":-7775,""25"":6296,""26"":-4540,""27"":2880,""28"":-1580,""29"":733,""30"":-278,""31"":82,""32"":-17,""33"":2,""44"":1,""45"":1,""46"":1,""47"":2,""48"":2,""49"":1,""50"":1,""51"":1}",da7855c7676e3bfea9299a4741a32a2de0172566dd3c25c6b35589e73d2d765b,da7855c7676e3bfea9299a4741a32a2de0172566dd3c25c6b35589e73d2d765b,True,success
DBLBLB,stress,6,2,1,3,"{""0"":1,""1"":-3,""2"":15,""3"":-34,""4"":96,""5"":-174,""6"":355,""7"":-531,""8"":855,""9"":-1074,""10"":1422,""11"":-1512,""12"":1672,""13"":-1436,""14"":1024,""15"":391,""16"":-3335,""17"":9289,""18"":-19142,""19"":33375,""20"":-50766,""21"":68741,""22"":-83670,""23"":92172,""24"":-92174,""25"":83685,""26"":-68775,""27"":50862,""28"":-33549,""29"":19497,""30"":-9820,""31"":4190,""32"":-1465,""33"":398,""34"":-76,""35"":8,""40"":1,""41"":1,""42"":1,""43"":4,""44"":4,""45"":3,""46"":6,""47"":6,""48"":3,""49"":4,""50"":4,""51"":1,""52"":1,""53"":1}","{""0"":1,""1"":-3,""2"":15,""3"":-34,""4"":96,""5"":-174,""6"":355,""7"":-531,""8"":855,""9"":-1074,""10"":1422,""11"":-1512,""12"":1672,""13"":-1436,""14"":1024,""15"":391,""16"":-3335,""17"":9289,""18"":-19142,""19"":33375,""20"":-50766,""21"":68741,""22"":-83670,""23"":92172,""24"":-92174,""25"":83685,""26"":-68775,""27"":50862,""28"":-33549,""29"":19497,""30"":-9820,""31"":4190,""32"":-1465,""33"":398,""34"":-76,""35"":8,""40"":1,""41"":1,""42"":1,""43"":4,""44"":4,""45"":3,""46"":6,""47"":6,""48"":3,""49"":4,""50"":4,""51"":1,""52"":1,""53"":1}",3e8573827139739f66d6dbbfe0e3b02267fccd39626e2adc1770490bf24af9ec,3e8573827139739f66d6dbbfe0e3b02267fccd39626e2adc1770490bf24af9ec,True,success
DBLLLD,stress,6,3,2,1,"{""0"":1,""1"":-1,""2"":11,""3"":-10,""4"":55,""5"":-45,""6"":165,""7"":-120,""8"":330,""9"":-210,""10"":462,""11"":-252,""12"":460,""13"":-191,""14"":229,""15"":257,""16"":-928,""17"":2546,""18"":-5138,""19"":8990,""20"":-13705,""21"":18610,""22"":-22692,""23"":25019,""24"":-25019,""25"":22693,""26"":-18611,""27"":13716,""28"":-9000,""29"":5193,""30"":-2591,""31"":1093,""32"":-377,""33"":101,""34"":-19,""35"":2,""45"":-1,""46"":-1,""47"":-1,""48"":-2,""49"":-2,""50"":-1,""51"":-1,""52"":-1}","{""0"":1,""1"":-1,""2"":11,""3"":-10,""4"":55,""5"":-45,""6"":165,""7"":-120,""8"":330,""9"":-210,""10"":462,""11"":-252,""12"":460,""13"":-191,""14"":229,""15"":257,""16"":-928,""17"":2546,""18"":-5138,""19"":8990,""20"":-13705,""21"":18610,""22"":-22692,""23"":25019,""24"":-25019,""25"":22693,""26"":-18611,""27"":13716,""28"":-9000,""29"":5193,""30"":-2591,""31"":1093,""32"":-377,""33"":101,""34"":-19,""35"":2,""45"":-1,""46"":-1,""47"":-1,""48"":-2,""49"":-2,""50"":-1,""51"":-1,""52"":-1}",3611546d3fdaa2347a5f0c69ab1227072029f37d1c50f99d8c9b0189cd2220b4,3611546d3fdaa2347a5f0c69ab1227072029f37d1c50f99d8c9b0189cd2220b4,True,success
DDBDLL,stress,6,2,3,1,"{""0"":1,""1"":-1,""2"":10,""3"":-9,""4"":45,""5"":-36,""6"":120,""7"":-84,""8"":210,""9"":-126,""10"":252,""11"":-126,""12"":208,""13"":-67,""14"":38,""15"":242,""16"":-688,""17"":1571,""18"":-2870,""19"":4539,""20"":-6295,""21"":7775,""22"":-8622,""23"":8622,""24"":-7775,""25"":6296,""26"":-4540,""27"":2880,""28"":-1580,""29"":733,""30"":-278,""31"":82,""32"":-17,""33"":2,""44"":1,""45"":1,""46"":1,""47"":2,""48"":2,""49"":1,""50"":1,""51"":1}","{""0"":1,""1"":-1,""2"":10,""3"":-9,""4"":45,""5"":-36,""6"":120,""7"":-84,""8"":210,""9"":-126,""10"":252,""11"":-126,""12"":208,""13"":-67,""14"":38,""15"":242,""16"":-688,""17"":1571,""18"":-2870,""19"":4539,""20"":-6295,""21"":7775,""22"":-8622,""23"":8622,""24"":-7775,""25"":6296,""26"":-4540,""27"":2880,""28"":-1580,""29"":733,""30"":-278,""31"":82,""32"":-17,""33"":2,""44"":1,""45"":1,""46"":1,""47"":2,""48"":2,""49"":1,""50"":1,""51"":1}",da7855c7676e3bfea9299a4741a32a2de0172566dd3c25c6b35589e73d2d765b,da7855c7676e3bfea9299a4741a32a2de0172566dd3c25c6b35589e73d2d765b,True,success
DDLDBB,stress,6,1,3,2,"{""0"":1,""1"":-2,""2"":11,""3"":-18,""4"":53,""5"":-72,""6"":148,""7"":-168,""8"":266,""9"":-252,""10"":322,""11"":-252,""12"":262,""13"":-136,""14"":3,""15"":391,""16"":-1098,""17"":2326,""18"":-4032,""19"":6041,""20"":-7957,""21"":9343,""22"":-9848,""23"":9343,""24"":-7958,""25"":6043,""26"":-4043,""27"":2344,""28"":-1151,""29"":463,""30"":-145,""31"":32,""32"":-4,""41"":1,""42"":1,""43"":1,""44"":3,""45"":3,""46"":2,""47"":3,""48"":3,""49"":1,""50"":1,""51"":1}","{""0"":1,""1"":-2,""2"":11,""3"":-18,""4"":53,""5"":-72,""6"":148,""7"":-168,""8"":266,""9"":-252,""10"":322,""11"":-252,""12"":262,""13"":-136,""14"":3,""15"":391,""16"":-1098,""17"":2326,""18"":-4032,""19"":6041,""20"":-7957,""21"":9343,""22"":-9848,""23"":9343,""24"":-7958,""25"":6043,""26"":-4043,""27"":2344,""28"":-1151,""29"":463,""30"":-145,""31"":32,""32"":-4,""41"":1,""42"":1,""43"":1,""44"":3,""45"":3,""46"":2,""47"":3,""48"":3,""49"":1,""50"":1,""51"":1}",7324916c906a628e3098f319d2152083bf77f0cdf2a342d2369a3985ac336d40,7324916c906a628e3098f319d2152083bf77f0cdf2a342d2369a3985ac336d40,True,success
DLBBBB,stress,6,1,1,4,"{""0"":1,""1"":-4,""2"":18,""3"":-48,""4"":127,""5"":-256,""6"":498,""7"":-804,""8"":1243,""9"":-1656,""10"":2108,""11"":-2352,""12"":2490,""13"":-2208,""14"":1396,""15"":824,""16"":-5478,""17"":14147,""18"":-27719,""19"":45964,""20"":-66661,""21"":86108,""22"":-100028,""23"":105094,""24"":-100045,""25"":86156,""26"":-66788,""27"":46220,""28"":-28217,""29"":14951,""30"":-6721,""31"":2480,""32"":-712,""33"":144,""34"":-16,""37"":1,""38"":1,""39"":1,""40"":5,""41"":5,""42"":4,""43"":10,""44"":10,""45"":6,""46"":10,""47"":10,""48"":4,""49"":5,""50"":5,""51"":1,""52"":1,""53"":1}","{""0"":1,""1"":-4,""2"":18,""3"":-48,""4"":127,""5"":-256,""6"":498,""7"":-804,""8"":1243,""9"":-1656,""10"":2108,""11"":-2352,""12"":2490,""13"":-2208,""14"":1396,""15"":824,""16"":-5478,""17"":14147,""18"":-27719,""19"":45964,""20"":-66661,""21"":86108,""22"":-100028,""23"":105094,""24"":-100045,""25"":86156,""26"":-66788,""27"":46220,""28"":-28217,""29"":14951,""30"":-6721,""31"":2480,""32"":-712,""33"":144,""34"":-16,""37"":1,""38"":1,""39"":1,""40"":5,""41"":5,""42"":4,""43"":10,""44"":10,""45"":6,""46"":10,""47"":10,""48"":4,""49"":5,""50"":5,""51"":1,""52"":1,""53"":1}",960bcb6718681a45f158476d67c26b8d37fa09c653d11d9d18184d1cf59fe64d,960bcb6718681a45f158476d67c26b8d37fa09c653d11d9d18184d1cf59fe64d,True,success
LBBBBD,stress,6,1,1,4,"{""0"":1,""1"":-4,""2"":18,""3"":-48,""4"":127,""5"":-256,""6"":498,""7"":-804,""8"":1243,""9"":-1656,""10"":2108,""11"":-2352,""12"":2490,""13"":-2208,""14"":1396,""15"":824,""16"":-5478,""17"":14147,""18"":-27719,""19"":45964,""20"":-66661,""21"":86108,""22"":-100028,""23"":105094,""24"":-100045,""25"":86156,""26"":-66788,""27"":46220,""28"":-28217,""29"":14951,""30"":-6721,""31"":2480,""32"":-712,""33"":144,""34"":-16,""37"":1,""38"":1,""39"":1,""40"":5,""41"":5,""42"":4,""43"":10,""44"":10,""45"":6,""46"":10,""47"":10,""48"":4,""49"":5,""50"":5,""51"":1,""52"":1,""53"":1}","{""0"":1,""1"":-4,""2"":18,""3"":-48,""4"":127,""5"":-256,""6"":498,""7"":-804,""8"":1243,""9"":-1656,""10"":2108,""11"":-2352,""12"":2490,""13"":-2208,""14"":1396,""15"":824,""16"":-5478,""17"":14147,""18"":-27719,""19"":45964,""20"":-66661,""21"":86108,""22"":-100028,""23"":105094,""24"":-100045,""25"":86156,""26"":-66788,""27"":46220,""28"":-28217,""29"":14951,""30"":-6721,""31"":2480,""32"":-712,""33"":144,""34"":-16,""37"":1,""38"":1,""39"":1,""40"":5,""41"":5,""42"":4,""43"":10,""44"":10,""45"":6,""46"":10,""47"":10,""48"":4,""49"":5,""50"":5,""51"":1,""52"":1,""53"":1}",960bcb6718681a45f158476d67c26b8d37fa09c653d11d9d18184d1cf59fe64d,960bcb6718681a45f158476d67c26b8d37fa09c653d11d9d18184d1cf59fe64d,True,success
LBBBLD,stress,6,2,1,3,"{""0"":1,""1"":-3,""2"":15,""3"":-34,""4"":96,""5"":-174,""6"":355,""7"":-531,""8"":855,""9"":-1074,""10"":1422,""11"":-1512,""12"":1672,""13"":-1436,""14"":1024,""15"":391,""16"":-3335,""17"":9289,""18"":-19142,""19"":33375,""20"":-50766,""21"":68741,""22"":-83670,""23"":92172,""24"":-92174,""25"":83685,""26"":-68775,""27"":50862,""28"":-33549,""29"":19497,""30"":-9820,""31"":4190,""32"":-1465,""33"":398,""34"":-76,""35"":8,""40"":1,""41"":1,""42"":1,""43"":4,""44"":4,""45"":3,""46"":6,""47"":6,""48"":3,""49"":4,""50"":4,""51"":1,""52"":1,""53"":1}","{""0"":1,""1"":-3,""2"":15,""3"":-34,""4"":96,""5"":-174,""6"":355,""7"":-531,""8"":855,""9"":-1074,""10"":1422,""11"":-1512,""12"":1672,""13"":-1436,""14"":1024,""15"":391,""16"":-3335,""17"":9289,""18"":-19142,""19"":33375,""20"":-50766,""21"":68741,""22"":-83670,""23"":92172,""24"":-92174,""25"":83685,""26"":-68775,""27"":50862,""28"":-33549,""29"":19497,""30"":-9820,""31"":4190,""32"":-1465,""33"":398,""34"":-76,""35"":8,""40"":1,""41"":1,""42"":1,""43"":4,""44"":4,""45"":3,""46"":6,""47"":6,""48"":3,""49"":4,""50"":4,""51"":1,""52"":1,""53"":1}",3e8573827139739f66d6dbbfe0e3b02267fccd39626e2adc1770490bf24af9ec,3e8573827139739f66d6dbbfe0e3b02267fccd39626e2adc1770490bf24af9ec,True,success
LBDDLL,stress,6,3,2,1,"{""0"":1,""1"":-1,""2"":11,""3"":-10,""4"":55,""5"":-45,""6"":165,""7"":-120,""8"":330,""9"":-210,""10"":462,""11"":-252,""12"":460,""13"":-191,""14"":229,""15"":257,""16"":-928,""17"":2546,""18"":-5138,""19"":8990,""20"":-13705,""21"":18610,""22"":-22692,""23"":25019,""24"":-25019,""25"":22693,""26"":-18611,""27"":13716,""28"":-9000,""29"":5193,""30"":-2591,""31"":1093,""32"":-377,""33"":101,""34"":-19,""35"":2,""45"":-1,""46"":-1,""47"":-1,""48"":-2,""49"":-2,""50"":-1,""51"":-1,""52"":-1}","{""0"":1,""1"":-1,""2"":11,""3"":-10,""4"":55,""5"":-45,""6"":165,""7"":-120,""8"":330,""9"":-210,""10"":462,""11"":-252,""12"":460,""13"":-191,""14"":229,""15"":257,""16"":-928,""17"":2546,""18"":-5138,""19"":8990,""20"":-13705,""21"":18610,""22"":-22692,""23"":25019,""24"":-25019,""25"":22693,""26"":-18611,""27"":13716,""28"":-9000,""29"":5193,""30"":-2591,""31"":1093,""32"":-377,""33"":101,""34"":-19,""35"":2,""45"":-1,""46"":-1,""47"":-1,""48"":-2,""49"":-2,""50"":-1,""51"":-1,""52"":-1}",3611546d3fdaa2347a5f0c69ab1227072029f37d1c50f99d8c9b0189cd2220b4,3611546d3fdaa2347a5f0c69ab1227072029f37d1c50f99d8c9b0189cd2220b4,True,success
LBDLDB,stress,6,2,2,2,"{""0"":1,""1"":-2,""2"":12,""3"":-20,""4"":64,""5"":-90,""6"":201,""7"":-240,""8"":414,""9"":-420,""10"":588,""11"":-504,""12"":584,""13"":-384,""14"":233,""15"":400,""16"":-1558,""17"":3868,""18"":-7474,""19"":12410,""20"":-18032,""21"":23342,""22"":-27148,""23"":28534,""24"":-27149,""25"":23344,""26"":-18044,""27"":12430,""28"":-7538,""29"":3958,""30"":-1759,""31"":640,""32"":-181,""33"":36,""34"":-4,""42"":-1,""43"":-1,""44"":-1,""45"":-3,""46"":-3,""47"":-2,""48"":-3,""49"":-3,""50"":-1,""51"":-1,""52"":-1}","{""0"":1,""1"":-2,""2"":12,""3"":-20,""4"":64,""5"":-90,""6"":201,""7"":-240,""8"":414,""9"":-420,""10"":588,""11"":-504,""12"":584,""13"":-384,""14"":233,""15"":400,""16"":-1558,""17"":3868,""18"":-7474,""19"":12410,""20"":-18032,""21"":23342,""22"":-27148,""23"":28534,""24"":-27149,""25"":23344,""26"":-18044,""27"":12430,""28"":-7538,""29"":3958,""30"":-1759,""31"":640,""32"":-181,""33"":36,""34"":-4,""42"":-1,""43"":-1,""44"":-1,""45"":-3,""46"":-3,""47"":-2,""48"":-3,""49"":-3,""50"":-1,""51"":-1,""52"":-1}",7f0c97f1b8e57acb2ea188f485043a40bfba9c01f07a0223e699ed98a9565047,7f0c97f1b8e57acb2ea188f485043a40bfba9c01f07a0223e699ed98a9565047,True,success
LBLBLD,stress,6,3,1,2,"{""0"":1,""1"":-2,""2"":13,""3"":-22,""4"":76,""5"":-110,""6"":265,""7"":-330,""8"":615,""9"":-660,""10"":1002,""11"":-924,""12"":1172,""13"":-884,""14"":781,""15"":197,""16"":-1965,""17"":6027,""18"":-12990,""19"":23816,""20"":-37936,""21"":53796,""22"":-68524,""23"":79025,""24"":-82831,""25"":79027,""26"":-68537,""27"":53818,""28"":-38012,""29"":23926,""30"":-13255,""31"":6357,""32"":-2580,""33"":857,""34"":-221,""35"":40,""36"":-4,""43"":1,""44"":1,""45"":1,""46"":3,""47"":3,""48"":2,""49"":3,""50"":3,""51"":1,""52"":1,""53"":1}","{""0"":1,""1"":-2,""2"":13,""3"":-22,""4"":76,""5"":-110,""6"":265,""7"":-330,""8"":615,""9"":-660,""10"":1002,""11"":-924,""12"":1172,""13"":-884,""14"":781,""15"":197,""16"":-1965,""17"":6027,""18"":-12990,""19"":23816,""20"":-37936,""21"":53796,""22"":-68524,""23"":79025,""24"":-82831,""25"":79027,""26"":-68537,""27"":53818,""28"":-38012,""29"":23926,""30"":-13255,""31"":6357,""32"":-2580,""33"":857,""34"":-221,""35"":40,""36"":-4,""43"":1,""44"":1,""45"":1,""46"":3,""47"":3,""48"":2,""49"":3,""50"":3,""51"":1,""52"":1,""53"":1}",1c75d8292226df8b2e3c7c36d080164ee5cdbb6b81b4b08da118510b2af25220,1c75d8292226df8b2e3c7c36d080164ee5cdbb6b81b4b08da118510b2af25220,True,success
LBLDDD,stress,6,2,3,1,"{""0"":1,""1"":-1,""2"":10,""3"":-9,""4"":45,""5"":-36,""6"":120,""7"":-84,""8"":210,""9"":-126,""10"":252,""11"":-126,""12"":208,""13"":-67,""14"":38,""15"":242,""16"":-688,""17"":1571,""18"":-2870,""19"":4539,""20"":-6295,""21"":7775,""22"":-8622,""23"":8622,""24"":-7775,""25"":6296,""26"":-4540,""27"":2880,""28"":-1580,""29"":733,""30"":-278,""31"":82,""32"":-17,""33"":2,""44"":1,""45"":1,""46"":1,""47"":2,""48"":2,""49"":1,""50"":1,""51"":1}","{""0"":1,""1"":-1,""2"":10,""3"":-9,""4"":45,""5"":-36,""6"":120,""7"":-84,""8"":210,""9"":-126,""10"":252,""11"":-126,""12"":208,""13"":-67,""14"":38,""15"":242,""16"":-688,""17"":1571,""18"":-2870,""19"":4539,""20"":-6295,""21"":7775,""22"":-8622,""23"":8622,""24"":-7775,""25"":6296,""26"":-4540,""27"":2880,""28"":-1580,""29"":733,""30"":-278,""31"":82,""32"":-17,""33"":2,""44"":1,""45"":1,""46"":1,""47"":2,""48"":2,""49"":1,""50"":1,""51"":1}",da7855c7676e3bfea9299a4741a32a2de0172566dd3c25c6b35589e73d2d765b,da7855c7676e3bfea9299a4741a32a2de0172566dd3c25c6b35589e73d2d765b,True,success
LDBBBB,stress,6,1,1,4,"{""0"":1,""1"":-4,""2"":18,""3"":-48,""4"":127,""5"":-256,""6"":498,""7"":-804,""8"":1243,""9"":-1656,""10"":2108,""11"":-2352,""12"":2490,""13"":-2208,""14"":1396,""15"":824,""16"":-5478,""17"":14147,""18"":-27719,""19"":45964,""20"":-66661,""21"":86108,""22"":-100028,""23"":105094,""24"":-100045,""25"":86156,""26"":-66788,""27"":46220,""28"":-28217,""29"":14951,""30"":-6721,""31"":2480,""32"":-712,""33"":144,""34"":-16,""37"":1,""38"":1,""39"":1,""40"":5,""41"":5,""42"":4,""43"":10,""44"":10,""45"":6,""46"":10,""47"":10,""48"":4,""49"":5,""50"":5,""51"":1,""52"":1,""53"":1}","{""0"":1,""1"":-4,""2"":18,""3"":-48,""4"":127,""5"":-256,""6"":498,""7"":-804,""8"":1243,""9"":-1656,""10"":2108,""11"":-2352,""12"":2490,""13"":-2208,""14"":1396,""15"":824,""16"":-5478,""17"":14147,""18"":-27719,""19"":45964,""20"":-66661,""21"":86108,""22"":-100028,""23"":105094,""24"":-100045,""25"":86156,""26"":-66788,""27"":46220,""28"":-28217,""29"":14951,""30"":-6721,""31"":2480,""32"":-712,""33"":144,""34"":-16,""37"":1,""38"":1,""39"":1,""40"":5,""41"":5,""42"":4,""43"":10,""44"":10,""45"":6,""46"":10,""47"":10,""48"":4,""49"":5,""50"":5,""51"":1,""52"":1,""53"":1}",960bcb6718681a45f158476d67c26b8d37fa09c653d11d9d18184d1cf59fe64d,960bcb6718681a45f158476d67c26b8d37fa09c653d11d9d18184d1cf59fe64d,True,success
LDBBLD,stress,6,2,2,2,"{""0"":1,""1"":-2,""2"":12,""3"":-20,""4"":64,""5"":-90,""6"":201,""7"":-240,""8"":414,""9"":-420,""10"":588,""11"":-504,""12"":584,""13"":-384,""14"":233,""15"":400,""16"":-1558,""17"":3868,""18"":-7474,""19"":12410,""20"":-18032,""21"":23342,""22"":-27148,""23"":28534,""24"":-27149,""25"":23344,""26"":-18044,""27"":12430,""28"":-7538,""29"":3958,""30"":-1759,""31"":640,""32"":-181,""33"":36,""34"":-4,""42"":-1,""43"":-1,""44"":-1,""45"":-3,""46"":-3,""47"":-2,""48"":-3,""49"":-3,""50"":-1,""51"":-1,""52"":-1}","{""0"":1,""1"":-2,""2"":12,""3"":-20,""4"":64,""5"":-90,""6"":201,""7"":-240,""8"":414,""9"":-420,""10"":588,""11"":-504,""12"":584,""13"":-384,""14"":233,""15"":400,""16"":-1558,""17"":3868,""18"":-7474,""19"":12410,""20"":-18032,""21"":23342,""22"":-27148,""23"":28534,""24"":-27149,""25"":23344,""26"":-18044,""27"":12430,""28"":-7538,""29"":3958,""30"":-1759,""31"":640,""32"":-181,""33"":36,""34"":-4,""42"":-1,""43"":-1,""44"":-1,""45"":-3,""46"":-3,""47"":-2,""48"":-3,""49"":-3,""50"":-1,""51"":-1,""52"":-1}",7f0c97f1b8e57acb2ea188f485043a40bfba9c01f07a0223e699ed98a9565047,7f0c97f1b8e57acb2ea188f485043a40bfba9c01f07a0223e699ed98a9565047,True,success
LDDBBB,stress,6,1,2,3,"{""0"":1,""1"":-3,""2"":14,""3"":-31,""4"":82,""5"":-143,""6"":273,""7"":-388,""8"":582,""9"":-686,""10"":840,""11"":-826,""12"":832,""13"":-618,""14"":260,""15"":687,""16"":-2520,""17"":5809,""18"":-10670,""19"":16814,""20"":-23251,""21"":28662,""22"":-31754,""23"":31755,""24"":-28665,""25"":23265,""26"":-16845,""27"":10752,""28"":-5952,""29"":2793,""30"":-1075,""31"":322,""32"":-68,""33"":8,""39"":-1,""40"":-1,""41"":-1,""42"":-4,""43"":-4,""44"":-3,""45"":-6,""46"":-6,""47"":-3,""48"":-4,""49"":-4,""50"":-1,""51"":-1,""52"":-1}","{""0"":1,""1"":-3,""2"":14,""3"":-31,""4"":82,""5"":-143,""6"":273,""7"":-388,""8"":582,""9"":-686,""10"":840,""11"":-826,""12"":832,""13"":-618,""14"":260,""15"":687,""16"":-2520,""17"":5809,""18"":-10670,""19"":16814,""20"":-23251,""21"":28662,""22"":-31754,""23"":31755,""24"":-28665,""25"":23265,""26"":-16845,""27"":10752,""28"":-5952,""29"":2793,""30"":-1075,""31"":322,""32"":-68,""33"":8,""39"":-1,""40"":-1,""41"":-1,""42"":-4,""43"":-4,""44"":-3,""45"":-6,""46"":-6,""47"":-3,""48"":-4,""49"":-4,""50"":-1,""51"":-1,""52"":-1}",49e024bec627f82fbbf69b70453029669d8d43d52ccc1a3056c42be819fcd2c6,49e024bec627f82fbbf69b70453029669d8d43d52ccc1a3056c42be819fcd2c6,True,success
LDDDBB,stress,6,1,3,2,"{""0"":1,""1"":-2,""2"":11,""3"":-18,""4"":53,""5"":-72,""6"":148,""7"":-168,""8"":266,""9"":-252,""10"":322,""11"":-252,""12"":262,""13"":-136,""14"":3,""15"":391,""16"":-1098,""17"":2326,""18"":-4032,""19"":6041,""20"":-7957,""21"":9343,""22"":-9848,""23"":9343,""24"":-7958,""25"":6043,""26"":-4043,""27"":2344,""28"":-1151,""29"":463,""30"":-145,""31"":32,""32"":-4,""41"":1,""42"":1,""43"":1,""44"":3,""45"":3,""46"":2,""47"":3,""48"":3,""49"":1,""50"":1,""51"":1}","{""0"":1,""1"":-2,""2"":11,""3"":-18,""4"":53,""5"":-72,""6"":148,""7"":-168,""8"":266,""9"":-252,""10"":322,""11"":-252,""12"":262,""13"":-136,""14"":3,""15"":391,""16"":-1098,""17"":2326,""18"":-4032,""19"":6041,""20"":-7957,""21"":9343,""22"":-9848,""23"":9343,""24"":-7958,""25"":6043,""26"":-4043,""27"":2344,""28"":-1151,""29"":463,""30"":-145,""31"":32,""32"":-4,""41"":1,""42"":1,""43"":1,""44"":3,""45"":3,""46"":2,""47"":3,""48"":3,""49"":1,""50"":1,""51"":1}",7324916c906a628e3098f319d2152083bf77f0cdf2a342d2369a3985ac336d40,7324916c906a628e3098f319d2152083bf77f0cdf2a342d2369a3985ac336d40,True,success
LDDLBB,stress,6,2,2,2,"{""0"":1,""1"":-2,""2"":12,""3"":-20,""4"":64,""5"":-90,""6"":201,""7"":-240,""8"":414,""9"":-420,""10"":588,""11"":-504,""12"":584,""13"":-384,""14"":233,""15"":400,""16"":-1558,""17"":3868,""18"":-7474,""19"":12410,""20"":-18032,""21"":23342,""22"":-27148,""23"":28534,""24"":-27149,""25"":23344,""26"":-18044,""27"":12430,""28"":-7538,""29"":3958,""30"":-1759,""31"":640,""32"":-181,""33"":36,""34"":-4,""42"":-1,""43"":-1,""44"":-1,""45"":-3,""46"":-3,""47"":-2,""48"":-3,""49"":-3,""50"":-1,""51"":-1,""52"":-1}","{""0"":1,""1"":-2,""2"":12,""3"":-20,""4"":64,""5"":-90,""6"":201,""7"":-240,""8"":414,""9"":-420,""10"":588,""11"":-504,""12"":584,""13"":-384,""14"":233,""15"":400,""16"":-1558,""17"":3868,""18"":-7474,""19"":12410,""20"":-18032,""21"":23342,""22"":-27148,""23"":28534,""24"":-27149,""25"":23344,""26"":-18044,""27"":12430,""28"":-7538,""29"":3958,""30"":-1759,""31"":640,""32"":-181,""33"":36,""34"":-4,""42"":-1,""43"":-1,""44"":-1,""45"":-3,""46"":-3,""47"":-2,""48"":-3,""49"":-3,""50"":-1,""51"":-1,""52"":-1}",7f0c97f1b8e57acb2ea188f485043a40bfba9c01f07a0223e699ed98a9565047,7f0c97f1b8e57acb2ea188f485043a40bfba9c01f07a0223e699ed98a9565047,True,success
LDLDLB,stress,6,3,2,1,"{""0"":1,""1"":-1,""2"":11,""3"":-10,""4"":55,""5"":-45,""6"":165,""7"":-120,""8"":330,""9"":-210,""10"":462,""11"":-252,""12"":460,""13"":-191,""14"":229,""15"":257,""16"":-928,""17"":2546,""18"":-5138,""19"":8990,""20"":-13705,""21"":18610,""22"":-22692,""23"":25019,""24"":-25019,""25"":22693,""26"":-18611,""27"":13716,""28"":-9000,""29"":5193,""30"":-2591,""31"":1093,""32"":-377,""33"":101,""34"":-19,""35"":2,""45"":-1,""46"":-1,""47"":-1,""48"":-2,""49"":-2,""50"":-1,""51"":-1,""52"":-1}","{""0"":1,""1"":-1,""2"":11,""3"":-10,""4"":55,""5"":-45,""6"":165,""7"":-120,""8"":330,""9"":-210,""10"":462,""11"":-252,""12"":460,""13"":-191,""14"":229,""15"":257,""16"":-928,""17"":2546,""18"":-5138,""19"":8990,""20"":-13705,""21"":18610,""22"":-22692,""23"":25019,""24"":-25019,""25"":22693,""26"":-18611,""27"":13716,""28"":-9000,""29"":5193,""30"":-2591,""31"":1093,""32"":-377,""33"":101,""34"":-19,""35"":2,""45"":-1,""46"":-1,""47"":-1,""48"":-2,""49"":-2,""50"":-1,""51"":-1,""52"":-1}",3611546d3fdaa2347a5f0c69ab1227072029f37d1c50f99d8c9b0189cd2220b4,3611546d3fdaa2347a5f0c69ab1227072029f37d1c50f99d8c9b0189cd2220b4,True,success
LLDBBB,stress,6,2,1,3,"{""0"":1,""1"":-3,""2"":15,""3"":-34,""4"":96,""5"":-174,""6"":355,""7"":-531,""8"":855,""9"":-1074,""10"":1422,""11"":-1512,""12"":1672,""13"":-1436,""14"":1024,""15"":391,""16"":-3335,""17"":9289,""18"":-19142,""19"":33375,""20"":-50766,""21"":68741,""22"":-83670,""23"":92172,""24"":-92174,""25"":83685,""26"":-68775,""27"":50862,""28"":-33549,""29"":19497,""30"":-9820,""31"":4190,""32"":-1465,""33"":398,""34"":-76,""35"":8,""40"":1,""41"":1,""42"":1,""43"":4,""44"":4,""45"":3,""46"":6,""47"":6,""48"":3,""49"":4,""50"":4,""51"":1,""52"":1,""53"":1}","{""0"":1,""1"":-3,""2"":15,""3"":-34,""4"":96,""5"":-174,""6"":355,""7"":-531,""8"":855,""9"":-1074,""10"":1422,""11"":-1512,""12"":1672,""13"":-1436,""14"":1024,""15"":391,""16"":-3335,""17"":9289,""18"":-19142,""19"":33375,""20"":-50766,""21"":68741,""22"":-83670,""23"":92172,""24"":-92174,""25"":83685,""26"":-68775,""27"":50862,""28"":-33549,""29"":19497,""30"":-9820,""31"":4190,""32"":-1465,""33"":398,""34"":-76,""35"":8,""40"":1,""41"":1,""42"":1,""43"":4,""44"":4,""45"":3,""46"":6,""47"":6,""48"":3,""49"":4,""50"":4,""51"":1,""52"":1,""53"":1}",3e8573827139739f66d6dbbfe0e3b02267fccd39626e2adc1770490bf24af9ec,3e8573827139739f66d6dbbfe0e3b02267fccd39626e2adc1770490bf24af9ec,True,success
LLDDBB,stress,6,2,2,2,"{""0"":1,""1"":-2,""2"":12,""3"":-20,""4"":64,""5"":-90,""6"":201,""7"":-240,""8"":414,""9"":-420,""10"":588,""11"":-504,""12"":584,""13"":-384,""14"":233,""15"":400,""16"":-1558,""17"":3868,""18"":-7474,""19"":12410,""20"":-18032,""21"":23342,""22"":-27148,""23"":28534,""24"":-27149,""25"":23344,""26"":-18044,""27"":12430,""28"":-7538,""29"":3958,""30"":-1759,""31"":640,""32"":-181,""33"":36,""34"":-4,""42"":-1,""43"":-1,""44"":-1,""45"":-3,""46"":-3,""47"":-2,""48"":-3,""49"":-3,""50"":-1,""51"":-1,""52"":-1}","{""0"":1,""1"":-2,""2"":12,""3"":-20,""4"":64,""5"":-90,""6"":201,""7"":-240,""8"":414,""9"":-420,""10"":588,""11"":-504,""12"":584,""13"":-384,""14"":233,""15"":400,""16"":-1558,""17"":3868,""18"":-7474,""19"":12410,""20"":-18032,""21"":23342,""22"":-27148,""23"":28534,""24"":-27149,""25"":23344,""26"":-18044,""27"":12430,""28"":-7538,""29"":3958,""30"":-1759,""31"":640,""32"":-181,""33"":36,""34"":-4,""42"":-1,""43"":-1,""44"":-1,""45"":-3,""46"":-3,""47"":-2,""48"":-3,""49"":-3,""50"":-1,""51"":-1,""52"":-1}",7f0c97f1b8e57acb2ea188f485043a40bfba9c01f07a0223e699ed98a9565047,7f0c97f1b8e57acb2ea188f485043a40bfba9c01f07a0223e699ed98a9565047,True,success
LLDDDB,stress,6,2,3,1,"{""0"":1,""1"":-1,""2"":10,""3"":-9,""4"":45,""5"":-36,""6"":120,""7"":-84,""8"":210,""9"":-126,""10"":252,""11"":-126,""12"":208,""13"":-67,""14"":38,""15"":242,""16"":-688,""17"":1571,""18"":-2870,""19"":4539,""20"":-6295,""21"":7775,""22"":-8622,""23"":8622,""24"":-7775,""25"":6296,""26"":-4540,""27"":2880,""28"":-1580,""29"":733,""30"":-278,""31"":82,""32"":-17,""33"":2,""44"":1,""45"":1,""46"":1,""47"":2,""48"":2,""49"":1,""50"":1,""51"":1}","{""0"":1,""1"":-1,""2"":10,""3"":-9,""4"":45,""5"":-36,""6"":120,""7"":-84,""8"":210,""9"":-126,""10"":252,""11"":-126,""12"":208,""13"":-67,""14"":38,""15"":242,""16"":-688,""17"":1571,""18"":-2870,""19"":4539,""20"":-6295,""21"":7775,""22"":-8622,""23"":8622,""24"":-7775,""25"":6296,""26"":-4540,""27"":2880,""28"":-1580,""29"":733,""30"":-278,""31"":82,""32"":-17,""33"":2,""44"":1,""45"":1,""46"":1,""47"":2,""48"":2,""49"":1,""50"":1,""51"":1}",da7855c7676e3bfea9299a4741a32a2de0172566dd3c25c6b35589e73d2d765b,da7855c7676e3bfea9299a4741a32a2de0172566dd3c25c6b35589e73d2d765b,True,success
LLDLDB,stress,6,3,2,1,"{""0"":1,""1"":-1,""2"":11,""3"":-10,""4"":55,""5"":-45,""6"":165,""7"":-120,""8"":330,""9"":-210,""10"":462,""11"":-252,""12"":460,""13"":-191,""14"":229,""15"":257,""16"":-928,""17"":2546,""18"":-5138,""19"":8990,""20"":-13705,""21"":18610,""22"":-22692,""23"":25019,""24"":-25019,""25"":22693,""26"":-18611,""27"":13716,""28"":-9000,""29"":5193,""30"":-2591,""31"":1093,""32"":-377,""33"":101,""34"":-19,""35"":2,""45"":-1,""46"":-1,""47"":-1,""48"":-2,""49"":-2,""50"":-1,""51"":-1,""52"":-1}","{""0"":1,""1"":-1,""2"":11,""3"":-10,""4"":55,""5"":-45,""6"":165,""7"":-120,""8"":330,""9"":-210,""10"":462,""11"":-252,""12"":460,""13"":-191,""14"":229,""15"":257,""16"":-928,""17"":2546,""18"":-5138,""19"":8990,""20"":-13705,""21"":18610,""22"":-22692,""23"":25019,""24"":-25019,""25"":22693,""26"":-18611,""27"":13716,""28"":-9000,""29"":5193,""30"":-2591,""31"":1093,""32"":-377,""33"":101,""34"":-19,""35"":2,""45"":-1,""46"":-1,""47"":-1,""48"":-2,""49"":-2,""50"":-1,""51"":-1,""52"":-1}",3611546d3fdaa2347a5f0c69ab1227072029f37d1c50f99d8c9b0189cd2220b4,3611546d3fdaa2347a5f0c69ab1227072029f37d1c50f99d8c9b0189cd2220b4,True,success
LLLDBB,stress,6,3,1,2,"{""0"":1,""1"":-2,""2"":13,""3"":-22,""4"":76,""5"":-110,""6"":265,""7"":-330,""8"":615,""9"":-660,""10"":1002,""11"":-924,""12"":1172,""13"":-884,""14"":781,""15"":197,""16"":-1965,""17"":6027,""18"":-12990,""19"":23816,""20"":-37936,""21"":53796,""22"":-68524,""23"":79025,""24"":-82831,""25"":79027,""26"":-68537,""27"":53818,""28"":-38012,""29"":23926,""30"":-13255,""31"":6357,""32"":-2580,""33"":857,""34"":-221,""35"":40,""36"":-4,""43"":1,""44"":1,""45"":1,""46"":3,""47"":3,""48"":2,""49"":3,""50"":3,""51"":1,""52"":1,""53"":1}","{""0"":1,""1"":-2,""2"":13,""3"":-22,""4"":76,""5"":-110,""6"":265,""7"":-330,""8"":615,""9"":-660,""10"":1002,""11"":-924,""12"":1172,""13"":-884,""14"":781,""15"":197,""16"":-1965,""17"":6027,""18"":-12990,""19"":23816,""20"":-37936,""21"":53796,""22"":-68524,""23"":79025,""24"":-82831,""25"":79027,""26"":-68537,""27"":53818,""28"":-38012,""29"":23926,""30"":-13255,""31"":6357,""32"":-2580,""33"":857,""34"":-221,""35"":40,""36"":-4,""43"":1,""44"":1,""45"":1,""46"":3,""47"":3,""48"":2,""49"":3,""50"":3,""51"":1,""52"":1,""53"":1}",1c75d8292226df8b2e3c7c36d080164ee5cdbb6b81b4b08da118510b2af25220,1c75d8292226df8b2e3c7c36d080164ee5cdbb6b81b4b08da118510b2af25220,True,success
LLLDDB,stress,6,3,2,1,"{""0"":1,""1"":-1,""2"":11,""3"":-10,""4"":55,""5"":-45,""6"":165,""7"":-120,""8"":330,""9"":-210,""10"":462,""11"":-252,""12"":460,""13"":-191,""14"":229,""15"":257,""16"":-928,""17"":2546,""18"":-5138,""19"":8990,""20"":-13705,""21"":18610,""22"":-22692,""23"":25019,""24"":-25019,""25"":22693,""26"":-18611,""27"":13716,""28"":-9000,""29"":5193,""30"":-2591,""31"":1093,""32"":-377,""33"":101,""34"":-19,""35"":2,""45"":-1,""46"":-1,""47"":-1,""48"":-2,""49"":-2,""50"":-1,""51"":-1,""52"":-1}","{""0"":1,""1"":-1,""2"":11,""3"":-10,""4"":55,""5"":-45,""6"":165,""7"":-120,""8"":330,""9"":-210,""10"":462,""11"":-252,""12"":460,""13"":-191,""14"":229,""15"":257,""16"":-928,""17"":2546,""18"":-5138,""19"":8990,""20"":-13705,""21"":18610,""22"":-22692,""23"":25019,""24"":-25019,""25"":22693,""26"":-18611,""27"":13716,""28"":-9000,""29"":5193,""30"":-2591,""31"":1093,""32"":-377,""33"":101,""34"":-19,""35"":2,""45"":-1,""46"":-1,""47"":-1,""48"":-2,""49"":-2,""50"":-1,""51"":-1,""52"":-1}",3611546d3fdaa2347a5f0c69ab1227072029f37d1c50f99d8c9b0189cd2220b4,3611546d3fdaa2347a5f0c69ab1227072029f37d1c50f99d8c9b0189cd2220b4,True,success
BBBBDDL,stress,7,1,2,4,"{""0"":1,""1"":-4,""2"":19,""3"":-52,""4"":145,""5"":-304,""6"":625,""7"":-1060,""8"":1741,""9"":-2460,""10"":3351,""11"":-4008,""12"":4614,""13"":-4704,""14"":4598,""15"":-3848,""16"":2479,""17"":876,""18"":-8172,""19"":23092,""20"":-49264,""21"":89084,""22"":-141080,""23"":199112,""24"":-252971,""25"":291296,""26"":-305189,""27"":291300,""28"":-252990,""29"":199164,""30"":-141225,""31"":89388,""32"":-49889,""33"":24152,""34"":-9913,""35"":3336,""36"":-872,""37"":160,""38"":-16,""44"":-1,""45"":-1,""46"":-1,""47"":-5,""48"":-5,""49"":-4,""50"":-10,""51"":-10,""52"":-6,""53"":-10,""54"":-10,""55"":-4,""56"":-5,""57"":-5,""58"":-1,""59"":-1,""60"":-1}","{""0"":1,""1"":-4,""2"":19,""3"":-52,""4"":145,""5"":-304,""6"":625,""7"":-1060,""8"":1741,""9"":-2460,""10"":3351,""11"":-4008,""12"":4614,""13"":-4704,""14"":4598,""15"":-3848,""16"":2479,""17"":876,""18"":-8172,""19"":23092,""20"":-49264,""21"":89084,""22"":-141080,""23"":199112,""24"":-252971,""25"":291296,""26"":-305189,""27"":291300,""28"":-252990,""29"":199164,""30"":-141225,""31"":89388,""32"":-49889,""33"":24152,""34"":-9913,""35"":3336,""36"":-872,""37"":160,""38"":-16,""44"":-1,""45"":-1,""46"":-1,""47"":-5,""48"":-5,""49"":-4,""50"":-10,""51"":-10,""52"":-6,""53"":-10,""54"":-10,""55"":-4,""56"":-5,""57"":-5,""58"":-1,""59"":-1,""60"":-1}",9498027d02f50b7e1074209e11837cb462f94f7a363c1691c4fe7ca10cb7f99c,9498027d02f50b7e1074209e11837cb462f94f7a363c1691c4fe7ca10cb7f99c,True,success
BBBDDDL,stress,7,1,3,3,"{""0"":1,""1"":-3,""2"":15,""3"":-34,""4"":96,""5"":-174,""6"":355,""7"":-531,""8"":855,""9"":-1074,""10"":1422,""11"":-1512,""12"":1680,""13"":-1512,""14"":1414,""15"":-998,""16"":457,""17"":934,""18"":-3835,""19"":9646,""20"":-19401,""21"":33515,""22"":-50847,""23"":68772,""24"":-83684,""25"":92175,""26"":-92175,""27"":83685,""28"":-68775,""29"":50862,""30"":-33549,""31"":19497,""32"":-9820,""33"":4190,""34"":-1465,""35"":398,""36"":-76,""37"":8,""46"":1,""47"":1,""48"":1,""49"":4,""50"":4,""51"":3,""52"":6,""53"":6,""54"":3,""55"":4,""56"":4,""57"":1,""58"":1,""59"":1}","{""0"":1,""1"":-3,""2"":15,""3"":-34,""4"":96,""5"":-174,""6"":355,""7"":-531,""8"":855,""9"":-1074,""10"":1422,""11"":-1512,""12"":1680,""13"":-1512,""14"":1414,""15"":-998,""16"":457,""17"":934,""18"":-3835,""19"":9646,""20"":-19401,""21"":33515,""22"":-50847,""23"":68772,""24"":-83684,""25"":92175,""26"":-92175,""27"":83685,""28"":-68775,""29"":50862,""30"":-33549,""31"":19497,""32"":-9820,""33"":4190,""34"":-1465,""35"":398,""36"":-76,""37"":8,""46"":1,""47"":1,""48"":1,""49"":4,""50"":4,""51"":3,""52"":6,""53"":6,""54"":3,""55"":4,""56"":4,""57"":1,""58"":1,""59"":1}",add3ad58443a52799f8b1a6aba5fdecba133d60b42c420da322223f7a4dd5314,add3ad58443a52799f8b1a6aba5fdecba133d60b42c420da322223f7a4dd5314,True,success
BBBDDLL,stress,7,2,2,3,"{""0"":1,""1"":-3,""2"":16,""3"":-37,""4"":111,""5"":-208,""6"":451,""7"":-705,""8"":1210,""9"":-1605,""10"":2277,""11"":-2586,""12"":3102,""13"":-3024,""14"":3094,""15"":-2502,""16"":1795,""17"":334,""18"":-4843,""19"":14770,""20"":-33056,""21"":62658,""22"":-103797,""23"":153149,""24"":-203306,""25"":244632,""26"":-268034,""27"":268035,""28"":-244635,""29"":203322,""30"":-153186,""31"":103908,""32"":-62866,""33"":33507,""34"":-15475,""35"":6053,""36"":-1939,""37"":482,""38"":-84,""39"":8,""47"":-1,""48"":-1,""49"":-1,""50"":-4,""51"":-4,""52"":-3,""53"":-6,""54"":-6,""55"":-3,""56"":-4,""57"":-4,""58"":-1,""59"":-1,""60"":-1}","{""0"":1,""1"":-3,""2"":16,""3"":-37,""4"":111,""5"":-208,""6"":451,""7"":-705,""8"":1210,""9"":-1605,""10"":2277,""11"":-2586,""12"":3102,""13"":-3024,""14"":3094,""15"":-2502,""16"":1795,""17"":334,""18"":-4843,""19"":14770,""20"":-33056,""21"":62658,""22"":-103797,""23"":153149,""24"":-203306,""25"":244632,""26"":-268034,""27"":268035,""28"":-244635,""29"":203322,""30"":-153186,""31"":103908,""32"":-62866,""33"":33507,""34"":-15475,""35"":6053,""36"":-1939,""37"":482,""38"":-84,""39"":8,""47"":-1,""48"":-1,""49"":-1,""50"":-4,""51"":-4,""52"":-3,""53"":-6,""54"":-6,""55"":-3,""56"":-4,""57"":-4,""58"":-1,""59"":-1,""60"":-1}",ba25ece04a9347ac69c65aa7e847bfe8f633a02eca51bde33ddd1e399831b255,ba25ece04a9347ac69c65aa7e847bfe8f633a02eca51bde33ddd1e399831b255,True,success
BBBDLLL,stress,7,3,1,3,"{""0"":1,""1"":-3,""2"":17,""3"":-40,""4"":127,""5"":-245,""6"":562,""7"":-913,""8"":1661,""9"":-2310,""10"":3487,""11"":-4191,""12"":5379,""13"":-5610,""14"":6196,""15"":-5518,""16"":4805,""17"":-1686,""18"":-4987,""19"":21157,""20"":-53374,""21"":110935,""22"":-199719,""23"":319715,""24"":-460289,""25"":601103,""26"":-715975,""27"":780702,""28"":-780704,""29"":715992,""30"":-601143,""31"":460416,""32"":-319960,""33"":200281,""34"":-111848,""35"":55035,""36"":-23467,""37"":8474,""38"":-2505,""39"":574,""40"":-92,""41"":8,""48"":1,""49"":1,""50"":1,""51"":4,""52"":4,""53"":3,""54"":6,""55"":6,""56"":3,""57"":4,""58"":4,""59"":1,""60"":1,""61"":1}","{""0"":1,""1"":-3,""2"":17,""3"":-40,""4"":127,""5"":-245,""6"":562,""7"":-913,""8"":1661,""9"":-2310,""10"":3487,""11"":-4191,""12"":5379,""13"":-5610,""14"":6196,""15"":-5518,""16"":4805,""17"":-1686,""18"":-4987,""19"":21157,""20"":-53374,""21"":110935,""22"":-199719,""23"":319715,""24"":-460289,""25"":601103,""26"":-715975,""27"":780702,""28"":-780704,""29"":715992,""30"":-601143,""31"":460416,""32"":-319960,""33"":200281,""34"":-111848,""35"":55035,""36"":-23467,""37"":8474,""38"":-2505,""39"":574,""40"":-92,""41"":8,""48"":1,""49"":1,""50"":1,""51"":4,""52"":4,""53"":3,""54"":6,""55"":6,""56"":3,""57"":4,""58"":4,""59"":1,""60"":1,""61"":1}",96f6e009cc1fa78ed07bf17e83c9c49721310ffe86fba12e76e7fc536676887d,96f6e009cc1fa78ed07bf17e83c9c49721310ffe86fba12e76e7fc536676887d,True,success
BBDDDDL,stress,7,1,4,2,"{""0"":1,""1"":-2,""2"":12,""3"":-20,""4"":64,""5"":-90,""6"":201,""7"":-240,""8"":414,""9"":-420,""10"":588,""11"":-504,""12"":588,""13"":-420,""14"":410,""15"":-204,""16"":20,""17"":550,""18"":-1695,""19"":3938,""20"":-7526,""21"":12428,""22"":-18043,""23"":23344,""24"":-27149,""25"":28534,""26"":-27149,""27"":23344,""28"":-18044,""29"":12430,""30"":-7538,""31"":3958,""32"":-1759,""33"":640,""34"":-181,""35"":36,""36"":-4,""48"":-1,""49"":-1,""50"":-1,""51"":-3,""52"":-3,""53"":-2,""54"":-3,""55"":-3,""56"":-1,""57"":-1,""58"":-1}","{""0"":1,""1"":-2,""2"":12,""3"":-20,""4"":64,""5"":-90,""6"":201,""7"":-240,""8"":414,""9"":-420,""10"":588,""11"":-504,""12"":588,""13"":-420,""14"":410,""15"":-204,""16"":20,""17"":550,""18"":-1695,""19"":3938,""20"":-7526,""21"":12428,""22"":-18043,""23"":23344,""24"":-27149,""25"":28534,""26"":-27149,""27"":23344,""28"":-18044,""29"":12430,""30"":-7538,""31"":3958,""32"":-1759,""33"":640,""34"":-181,""35"":36,""36"":-4,""48"":-1,""49"":-1,""50"":-1,""51"":-3,""52"":-3,""53"":-2,""54"":-3,""55"":-3,""56"":-1,""57"":-1,""58"":-1}",9f8f65e698aed9df30b9fcb05c3e009d180ba0953961755b20668a41d6ba24bb,9f8f65e698aed9df30b9fcb05c3e009d180ba0953961755b20668a41d6ba24bb,True,success
BBDDDLL,stress,7,2,3,2,"{""0"":1,""1"":-2,""2"":13,""3"":-22,""4"":76,""5"":-110,""6"":265,""7"":-330,""8"":615,""9"":-660,""10"":1002,""11"":-924,""12"":1176,""13"":-924,""14"":998,""15"":-620,""16"":394,""17"":527,""18"":-2315,""19"":6247,""20"":-13179,""21"":23904,""22"":-37999,""23"":53816,""24"":-68536,""25"":79027,""26"":-82832,""27"":79027,""28"":-68537,""29"":53818,""30"":-38012,""31"":23926,""32"":-13255,""33"":6357,""34"":-2580,""35"":857,""36"":-221,""37"":40,""38"":-4,""49"":1,""50"":1,""51"":1,""52"":3,""53"":3,""54"":2,""55"":3,""56"":3,""57"":1,""58"":1,""59"":1}","{""0"":1,""1"":-2,""2"":13,""3"":-22,""4"":76,""5"":-110,""6"":265,""7"":-330,""8"":615,""9"":-660,""10"":1002,""11"":-924,""12"":1176,""13"":-924,""14"":998,""15"":-620,""16"":394,""17"":527,""18"":-2315,""19"":6247,""20"":-13179,""21"":23904,""22"":-37999,""23"":53816,""24"":-68536,""25"":79027,""26"":-82832,""27"":79027,""28"":-68537,""29"":53818,""30"":-38012,""31"":23926,""32"":-13255,""33"":6357,""34"":-2580,""35"":857,""36"":-221,""37"":40,""38"":-4,""49"":1,""50"":1,""51"":1,""52"":3,""53"":3,""54"":2,""55"":3,""56"":3,""57"":1,""58"":1,""59"":1}",6e315839fe29aba3c64697b8637aa64dfccc40fbbdb0c9f203956b5577128862,6e315839fe29aba3c64697b8637aa64dfccc40fbbdb0c9f203956b5577128862,True,success
BBDDLLL,stress,7,3,2,2,"{""0"":1,""1"":-2,""2"":14,""3"":-24,""4"":89,""5"":-132,""6"":341,""7"":-440,""8"":880,""9"":-990,""10"":1617,""11"":-1584,""12"":2178,""13"":-1848,""14"":2174,""15"":-1540,""16"":1352,""17"":128,""18"":-2778,""19"":9354,""20"":-21851,""21"":43406,""22"":-75104,""23"":115732,""24"":-160353,""25"":201380,""26"":-230395,""27"":240886,""28"":-230396,""29"":201382,""30"":-160367,""31"":115756,""32"":-75193,""33"":43538,""34"":-22192,""35"":9794,""36"":-3658,""37"":1118,""38"":-265,""39"":44,""40"":-4,""50"":-1,""51"":-1,""52"":-1,""53"":-3,""54"":-3,""55"":-2,""56"":-3,""57"":-3,""58"":-1,""59"":-1,""60"":-1}","{""0"":1,""1"":-2,""2"":14,""3"":-24,""4"":89,""5"":-132,""6"":341,""7"":-440,""8"":880,""9"":-990,""10"":1617,""11"":-1584,""12"":2178,""13"":-1848,""14"":2174,""15"":-1540,""16"":1352,""17"":128,""18"":-2778,""19"":9354,""20"":-21851,""21"":43406,""22"":-75104,""23"":115732,""24"":-160353,""25"":201380,""26"":-230395,""27"":240886,""28"":-230396,""29"":201382,""30"":-160367,""31"":115756,""32"":-75193,""33"":43538,""34"":-22192,""35"":9794,""36"":-3658,""37"":1118,""38"":-265,""39"":44,""40"":-4,""50"":-1,""51"":-1,""52"":-1,""53"":-3,""54"":-3,""55"":-2,""56"":-3,""57"":-3,""58"":-1,""59"":-1,""60"":-1}",b8c1ea8254001eeb069e621f970d1dc3cbacc66afd557bf66cb80f5644b77b58,b8c1ea8254001eeb069e621f970d1dc3cbacc66afd557bf66cb80f5644b77b58,True,success
BBDLLLD,stress,7,3,2,2,"{""0"":1,""1"":-2,""2"":14,""3"":-24,""4"":89,""5"":-132,""6"":341,""7"":-440,""8"":880,""9"":-990,""10"":1617,""11"":-1584,""12"":2178,""13"":-1848,""14"":2174,""15"":-1540,""16"":1352,""17"":128,""18"":-2778,""19"":9354,""20"":-21851,""21"":43406,""22"":-75104,""23"":115732,""24"":-160353,""25"":201380,""26"":-230395,""27"":240886,""28"":-230396,""29"":201382,""30"":-160367,""31"":115756,""32"":-75193,""33"":43538,""34"":-22192,""35"":9794,""36"":-3658,""37"":1118,""38"":-265,""39"":44,""40"":-4,""50"":-1,""51"":-1,""52"":-1,""53"":-3,""54"":-3,""55"":-2,""56"":-3,""57"":-3,""58"":-1,""59"":-1,""60"":-1}","{""0"":1,""1"":-2,""2"":14,""3"":-24,""4"":89,""5"":-132,""6"":341,""7"":-440,""8"":880,""9"":-990,""10"":1617,""11"":-1584,""12"":2178,""13"":-1848,""14"":2174,""15"":-1540,""16"":1352,""17"":128,""18"":-2778,""19"":9354,""20"":-21851,""21"":43406,""22"":-75104,""23"":115732,""24"":-160353,""25"":201380,""26"":-230395,""27"":240886,""28"":-230396,""29"":201382,""30"":-160367,""31"":115756,""32"":-75193,""33"":43538,""34"":-22192,""35"":9794,""36"":-3658,""37"":1118,""38"":-265,""39"":44,""40"":-4,""50"":-1,""51"":-1,""52"":-1,""53"":-3,""54"":-3,""55"":-2,""56"":-3,""57"":-3,""58"":-1,""59"":-1,""60"":-1}",b8c1ea8254001eeb069e621f970d1dc3cbacc66afd557bf66cb80f5644b77b58,b8c1ea8254001eeb069e621f970d1dc3cbacc66afd557bf66cb80f5644b77b58,True,success
BBLBDBD,stress,7,1,2,4,"{""0"":1,""1"":-4,""2"":19,""3"":-52,""4"":145,""5"":-304,""6"":625,""7"":-1060,""8"":1741,""9"":-2460,""10"":3351,""11"":-4008,""12"":4614,""13"":-4704,""14"":4598,""15"":-3848,""16"":2479,""17"":876,""18"":-8172,""19"":23092,""20"":-49264,""21"":89084,""22"":-141080,""23"":199112,""24"":-252971,""25"":291296,""26"":-305189,""27"":291300,""28"":-252990,""29"":199164,""30"":-141225,""31"":89388,""32"":-49889,""33"":24152,""34"":-9913,""35"":3336,""36"":-872,""37"":160,""38"":-16,""44"":-1,""45"":-1,""46"":-1,""47"":-5,""48"":-5,""49"":-4,""50"":-10,""51"":-10,""52"":-6,""53"":-10,""54"":-10,""55"":-4,""56"":-5,""57"":-5,""58"":-1,""59"":-1,""60"":-1}","{""0"":1,""1"":-4,""2"":19,""3"":-52,""4"":145,""5"":-304,""6"":625,""7"":-1060,""8"":1741,""9"":-2460,""10"":3351,""11"":-4008,""12"":4614,""13"":-4704,""14"":4598,""15"":-3848,""16"":2479,""17"":876,""18"":-8172,""19"":23092,""20"":-49264,""21"":89084,""22"":-141080,""23"":199112,""24"":-252971,""25"":291296,""26"":-305189,""27"":291300,""28"":-252990,""29"":199164,""30"":-141225,""31"":89388,""32"":-49889,""33"":24152,""34"":-9913,""35"":3336,""36"":-872,""37"":160,""38"":-16,""44"":-1,""45"":-1,""46"":-1,""47"":-5,""48"":-5,""49"":-4,""50"":-10,""51"":-10,""52"":-6,""53"":-10,""54"":-10,""55"":-4,""56"":-5,""57"":-5,""58"":-1,""59"":-1,""60"":-1}",9498027d02f50b7e1074209e11837cb462f94f7a363c1691c4fe7ca10cb7f99c,9498027d02f50b7e1074209e11837cb462f94f7a363c1691c4fe7ca10cb7f99c,True,success
BDBDLLD,stress,7,2,3,2,"{""0"":1,""1"":-2,""2"":13,""3"":-22,""4"":76,""5"":-110,""6"":265,""7"":-330,""8"":615,""9"":-660,""10"":1002,""11"":-924,""12"":1176,""13"":-924,""14"":998,""15"":-620,""16"":394,""17"":527,""18"":-2315,""19"":6247,""20"":-13179,""21"":23904,""22"":-37999,""23"":53816,""24"":-68536,""25"":79027,""26"":-82832,""27"":79027,""28"":-68537,""29"":53818,""30"":-38012,""31"":23926,""32"":-13255,""33"":6357,""34"":-2580,""35"":857,""36"":-221,""37"":40,""38"":-4,""49"":1,""50"":1,""51"":1,""52"":3,""53"":3,""54"":2,""55"":3,""56"":3,""57"":1,""58"":1,""59"":1}","{""0"":1,""1"":-2,""2"":13,""3"":-22,""4"":76,""5"":-110,""6"":265,""7"":-330,""8"":615,""9"":-660,""10"":1002,""11"":-924,""12"":1176,""13"":-924,""14"":998,""15"":-620,""16"":394,""17"":527,""18"":-2315,""19"":6247,""20"":-13179,""21"":23904,""22"":-37999,""23"":53816,""24"":-68536,""25"":79027,""26"":-82832,""27"":79027,""28"":-68537,""29"":53818,""30"":-38012,""31"":23926,""32"":-13255,""33"":6357,""34"":-2580,""35"":857,""36"":-221,""37"":40,""38"":-4,""49"":1,""50"":1,""51"":1,""52"":3,""53"":3,""54"":2,""55"":3,""56"":3,""57"":1,""58"":1,""59"":1}",6e315839fe29aba3c64697b8637aa64dfccc40fbbdb0c9f203956b5577128862,6e315839fe29aba3c64697b8637aa64dfccc40fbbdb0c9f203956b5577128862,True,success
BDDBBLD,stress,7,1,3,3,"{""0"":1,""1"":-3,""2"":15,""3"":-34,""4"":96,""5"":-174,""6"":355,""7"":-531,""8"":855,""9"":-1074,""10"":1422,""11"":-1512,""12"":1680,""13"":-1512,""14"":1414,""15"":-998,""16"":457,""17"":934,""18"":-3835,""19"":9646,""20"":-19401,""21"":33515,""22"":-50847,""23"":68772,""24"":-83684,""25"":92175,""26"":-92175,""27"":83685,""28"":-68775,""29"":50862,""30"":-33549,""31"":19497,""32"":-9820,""33"":4190,""34"":-1465,""35"":398,""36"":-76,""37"":8,""46"":1,""47"":1,""48"":1,""49"":4,""50"":4,""51"":3,""52"":6,""53"":6,""54"":3,""55"":4,""56"":4,""57"":1,""58"":1,""59"":1}","{""0"":1,""1"":-3,""2"":15,""3"":-34,""4"":96,""5"":-174,""6"":355,""7"":-531,""8"":855,""9"":-1074,""10"":1422,""11"":-1512,""12"":1680,""13"":-1512,""14"":1414,""15"":-998,""16"":457,""17"":934,""18"":-3835,""19"":9646,""20"":-19401,""21"":33515,""22"":-50847,""23"":68772,""24"":-83684,""25"":92175,""26"":-92175,""27"":83685,""28"":-68775,""29"":50862,""30"":-33549,""31"":19497,""32"":-9820,""33"":4190,""34"":-1465,""35"":398,""36"":-76,""37"":8,""46"":1,""47"":1,""48"":1,""49"":4,""50"":4,""51"":3,""52"":6,""53"":6,""54"":3,""55"":4,""56"":4,""57"":1,""58"":1,""59"":1}",add3ad58443a52799f8b1a6aba5fdecba133d60b42c420da322223f7a4dd5314,add3ad58443a52799f8b1a6aba5fdecba133d60b42c420da322223f7a4dd5314,True,success
BDDDLLL,stress,7,3,3,1,"{""0"":1,""1"":-1,""2"":12,""3"":-11,""4"":66,""5"":-55,""6"":220,""7"":-165,""8"":495,""9"":-330,""10"":792,""11"":-462,""12"":924,""13"":-462,""14"":790,""15"":-309,""16"":373,""17"":332,""18"":-1351,""19"":4006,""20"":-8811,""21"":16773,""22"":-27897,""23"":41326,""24"":-55019,""25"":66323,""26"":-72731,""27"":72731,""28"":-66323,""29"":55020,""30"":-41327,""31"":27909,""32"":-16784,""33"":8877,""34"":-4061,""35"":1571,""36"":-497,""37"":122,""38"":-21,""39"":2,""52"":1,""53"":1,""54"":1,""55"":2,""56"":2,""57"":1,""58"":1,""59"":1}","{""0"":1,""1"":-1,""2"":12,""3"":-11,""4"":66,""5"":-55,""6"":220,""7"":-165,""8"":495,""9"":-330,""10"":792,""11"":-462,""12"":924,""13"":-462,""14"":790,""15"":-309,""16"":373,""17"":332,""18"":-1351,""19"":4006,""20"":-8811,""21"":16773,""22"":-27897,""23"":41326,""24"":-55019,""25"":66323,""26"":-72731,""27"":72731,""28"":-66323,""29"":55020,""30"":-41327,""31"":27909,""32"":-16784,""33"":8877,""34"":-4061,""35"":1571,""36"":-497,""37"":122,""38"":-21,""39"":2,""52"":1,""53"":1,""54"":1,""55"":2,""56"":2,""57"":1,""58"":1,""59"":1}",701f133b4c2b5d3eaf9c322b25df16102d47dfd6299beaf03ed1bdcdd46a6e8d,701f133b4c2b5d3eaf9c322b25df16102d47dfd6299beaf03ed1bdcdd46a6e8d,True,success
BDDLDBD,stress,7,1,4,2,"{""0"":1,""1"":-2,""2"":12,""3"":-20,""4"":64,""5"":-90,""6"":201,""7"":-240,""8"":414,""9"":-420,""10"":588,""11"":-504,""12"":588,""13"":-420,""14"":410,""15"":-204,""16"":20,""17"":550,""18"":-1695,""19"":3938,""20"":-7526,""21"":12428,""22"":-18043,""23"":23344,""24"":-27149,""25"":28534,""26"":-27149,""27"":23344,""28"":-18044,""29"":12430,""30"":-7538,""31"":3958,""32"":-1759,""33"":640,""34"":-181,""35"":36,""36"":-4,""48"":-1,""49"":-1,""50"":-1,""51"":-3,""52"":-3,""53"":-2,""54"":-3,""55"":-3,""56"":-1,""57"":-1,""58"":-1}","{""0"":1,""1"":-2,""2"":12,""3"":-20,""4"":64,""5"":-90,""6"":201,""7"":-240,""8"":414,""9"":-420,""10"":588,""11"":-504,""12"":588,""13"":-420,""14"":410,""15"":-204,""16"":20,""17"":550,""18"":-1695,""19"":3938,""20"":-7526,""21"":12428,""22"":-18043,""23"":23344,""24"":-27149,""25"":28534,""26"":-27149,""27"":23344,""28"":-18044,""29"":12430,""30"":-7538,""31"":3958,""32"":-1759,""33"":640,""34"":-181,""35"":36,""36"":-4,""48"":-1,""49"":-1,""50"":-1,""51"":-3,""52"":-3,""53"":-2,""54"":-3,""55"":-3,""56"":-1,""57"":-1,""58"":-1}",9f8f65e698aed9df30b9fcb05c3e009d180ba0953961755b20668a41d6ba24bb,9f8f65e698aed9df30b9fcb05c3e009d180ba0953961755b20668a41d6ba24bb,True,success
BDLBLBL,stress,7,3,1,3,"{""0"":1,""1"":-3,""2"":17,""3"":-40,""4"":127,""5"":-245,""6"":562,""7"":-913,""8"":1661,""9"":-2310,""10"":3487,""11"":-4191,""12"":5379,""13"":-5610,""14"":6196,""15"":-5518,""16"":4805,""17"":-1686,""18"":-4987,""19"":21157,""20"":-53374,""21"":110935,""22"":-199719,""23"":319715,""24"":-460289,""25"":601103,""26"":-715975,""27"":780702,""28"":-780704,""29"":715992,""30"":-601143,""31"":460416,""32"":-319960,""33"":200281,""34"":-111848,""35"":55035,""36"":-23467,""37"":8474,""38"":-2505,""39"":574,""40"":-92,""41"":8,""48"":1,""49"":1,""50"":1,""51"":4,""52"":4,""53"":3,""54"":6,""55"":6,""56"":3,""57"":4,""58"":4,""59"":1,""60"":1,""61"":1}","{""0"":1,""1"":-3,""2"":17,""3"":-40,""4"":127,""5"":-245,""6"":562,""7"":-913,""8"":1661,""9"":-2310,""10"":3487,""11"":-4191,""12"":5379,""13"":-5610,""14"":6196,""15"":-5518,""16"":4805,""17"":-1686,""18"":-4987,""19"":21157,""20"":-53374,""21"":110935,""22"":-199719,""23"":319715,""24"":-460289,""25"":601103,""26"":-715975,""27"":780702,""28"":-780704,""29"":715992,""30"":-601143,""31"":460416,""32"":-319960,""33"":200281,""34"":-111848,""35"":55035,""36"":-23467,""37"":8474,""38"":-2505,""39"":574,""40"":-92,""41"":8,""48"":1,""49"":1,""50"":1,""51"":4,""52"":4,""53"":3,""54"":6,""55"":6,""56"":3,""57"":4,""58"":4,""59"":1,""60"":1,""61"":1}",96f6e009cc1fa78ed07bf17e83c9c49721310ffe86fba12e76e7fc536676887d,96f6e009cc1fa78ed07bf17e83c9c49721310ffe86fba12e76e7fc536676887d,True,success
BDLDBBD,stress,7,1,3,3,"{""0"":1,""1"":-3,""2"":15,""3"":-34,""4"":96,""5"":-174,""6"":355,""7"":-531,""8"":855,""9"":-1074,""10"":1422,""11"":-1512,""12"":1680,""13"":-1512,""14"":1414,""15"":-998,""16"":457,""17"":934,""18"":-3835,""19"":9646,""20"":-19401,""21"":33515,""22"":-50847,""23"":68772,""24"":-83684,""25"":92175,""26"":-92175,""27"":83685,""28"":-68775,""29"":50862,""30"":-33549,""31"":19497,""32"":-9820,""33"":4190,""34"":-1465,""35"":398,""36"":-76,""37"":8,""46"":1,""47"":1,""48"":1,""49"":4,""50"":4,""51"":3,""52"":6,""53"":6,""54"":3,""55"":4,""56"":4,""57"":1,""58"":1,""59"":1}","{""0"":1,""1"":-3,""2"":15,""3"":-34,""4"":96,""5"":-174,""6"":355,""7"":-531,""8"":855,""9"":-1074,""10"":1422,""11"":-1512,""12"":1680,""13"":-1512,""14"":1414,""15"":-998,""16"":457,""17"":934,""18"":-3835,""19"":9646,""20"":-19401,""21"":33515,""22"":-50847,""23"":68772,""24"":-83684,""25"":92175,""26"":-92175,""27"":83685,""28"":-68775,""29"":50862,""30"":-33549,""31"":19497,""32"":-9820,""33"":4190,""34"":-1465,""35"":398,""36"":-76,""37"":8,""46"":1,""47"":1,""48"":1,""49"":4,""50"":4,""51"":3,""52"":6,""53"":6,""54"":3,""55"":4,""56"":4,""57"":1,""58"":1,""59"":1}",add3ad58443a52799f8b1a6aba5fdecba133d60b42c420da322223f7a4dd5314,add3ad58443a52799f8b1a6aba5fdecba133d60b42c420da322223f7a4dd5314,True,success
BLBDDBB,stress,7,1,2,4,"{""0"":1,""1"":-4,""2"":19,""3"":-52,""4"":145,""5"":-304,""6"":625,""7"":-1060,""8"":1741,""9"":-2460,""10"":3351,""11"":-4008,""12"":4614,""13"":-4704,""14"":4598,""15"":-3848,""16"":2479,""17"":876,""18"":-8172,""19"":23092,""20"":-49264,""21"":89084,""22"":-141080,""23"":199112,""24"":-252971,""25"":291296,""26"":-305189,""27"":291300,""28"":-252990,""29"":199164,""30"":-141225,""31"":89388,""32"":-49889,""33"":24152,""34"":-9913,""35"":3336,""36"":-872,""37"":160,""38"":-16,""44"":-1,""45"":-1,""46"":-1,""47"":-5,""48"":-5,""49"":-4,""50"":-10,""51"":-10,""52"":-6,""53"":-10,""54"":-10,""55"":-4,""56"":-5,""57"":-5,""58"":-1,""59"":-1,""60"":-1}","{""0"":1,""1"":-4,""2"":19,""3"":-52,""4"":145,""5"":-304,""6"":625,""7"":-1060,""8"":1741,""9"":-2460,""10"":3351,""11"":-4008,""12"":4614,""13"":-4704,""14"":4598,""15"":-3848,""16"":2479,""17"":876,""18"":-8172,""19"":23092,""20"":-49264,""21"":89084,""22"":-141080,""23"":199112,""24"":-252971,""25"":291296,""26"":-305189,""27"":291300,""28"":-252990,""29"":199164,""30"":-141225,""31"":89388,""32"":-49889,""33"":24152,""34"":-9913,""35"":3336,""36"":-872,""37"":160,""38"":-16,""44"":-1,""45"":-1,""46"":-1,""47"":-5,""48"":-5,""49"":-4,""50"":-10,""51"":-10,""52"":-6,""53"":-10,""54"":-10,""55"":-4,""56"":-5,""57"":-5,""58"":-1,""59"":-1,""60"":-1}",9498027d02f50b7e1074209e11837cb462f94f7a363c1691c4fe7ca10cb7f99c,9498027d02f50b7e1074209e11837cb462f94f7a363c1691c4fe7ca10cb7f99c,True,success
BLDLBLD,stress,7,3,2,2,"{""0"":1,""1"":-2,""2"":14,""3"":-24,""4"":89,""5"":-132,""6"":341,""7"":-440,""8"":880,""9"":-990,""10"":1617,""11"":-1584,""12"":2178,""13"":-1848,""14"":2174,""15"":-1540,""16"":1352,""17"":128,""18"":-2778,""19"":9354,""20"":-21851,""21"":43406,""22"":-75104,""23"":115732,""24"":-160353,""25"":201380,""26"":-230395,""27"":240886,""28"":-230396,""29"":201382,""30"":-160367,""31"":115756,""32"":-75193,""33"":43538,""34"":-22192,""35"":9794,""36"":-3658,""37"":1118,""38"":-265,""39"":44,""40"":-4,""50"":-1,""51"":-1,""52"":-1,""53"":-3,""54"":-3,""55"":-2,""56"":-3,""57"":-3,""58"":-1,""59"":-1,""60"":-1}","{""0"":1,""1"":-2,""2"":14,""3"":-24,""4"":89,""5"":-132,""6"":341,""7"":-440,""8"":880,""9"":-990,""10"":1617,""11"":-1584,""12"":2178,""13"":-1848,""14"":2174,""15"":-1540,""16"":1352,""17"":128,""18"":-2778,""19"":9354,""20"":-21851,""21"":43406,""22"":-75104,""23"":115732,""24"":-160353,""25"":201380,""26"":-230395,""27"":240886,""28"":-230396,""29"":201382,""30"":-160367,""31"":115756,""32"":-75193,""33"":43538,""34"":-22192,""35"":9794,""36"":-3658,""37"":1118,""38"":-265,""39"":44,""40"":-4,""50"":-1,""51"":-1,""52"":-1,""53"":-3,""54"":-3,""55"":-2,""56"":-3,""57"":-3,""58"":-1,""59"":-1,""60"":-1}",b8c1ea8254001eeb069e621f970d1dc3cbacc66afd557bf66cb80f5644b77b58,b8c1ea8254001eeb069e621f970d1dc3cbacc66afd557bf66cb80f5644b77b58,True,success
BLDLDLD,stress,7,3,3,1,"{""0"":1,""1"":-1,""2"":12,""3"":-11,""4"":66,""5"":-55,""6"":220,""7"":-165,""8"":495,""9"":-330,""10"":792,""11"":-462,""12"":924,""13"":-462,""14"":790,""15"":-309,""16"":373,""17"":332,""18"":-1351,""19"":4006,""20"":-8811,""21"":16773,""22"":-27897,""23"":41326,""24"":-55019,""25"":66323,""26"":-72731,""27"":72731,""28"":-66323,""29"":55020,""30"":-41327,""31"":27909,""32"":-16784,""33"":8877,""34"":-4061,""35"":1571,""36"":-497,""37"":122,""38"":-21,""39"":2,""52"":1,""53"":1,""54"":1,""55"":2,""56"":2,""57"":1,""58"":1,""59"":1}","{""0"":1,""1"":-1,""2"":12,""3"":-11,""4"":66,""5"":-55,""6"":220,""7"":-165,""8"":495,""9"":-330,""10"":792,""11"":-462,""12"":924,""13"":-462,""14"":790,""15"":-309,""16"":373,""17"":332,""18"":-1351,""19"":4006,""20"":-8811,""21"":16773,""22"":-27897,""23"":41326,""24"":-55019,""25"":66323,""26"":-72731,""27"":72731,""28"":-66323,""29"":55020,""30"":-41327,""31"":27909,""32"":-16784,""33"":8877,""34"":-4061,""35"":1571,""36"":-497,""37"":122,""38"":-21,""39"":2,""52"":1,""53"":1,""54"":1,""55"":2,""56"":2,""57"":1,""58"":1,""59"":1}",701f133b4c2b5d3eaf9c322b25df16102d47dfd6299beaf03ed1bdcdd46a6e8d,701f133b4c2b5d3eaf9c322b25df16102d47dfd6299beaf03ed1bdcdd46a6e8d,True,success
DBBBDBL,stress,7,1,2,4,"{""0"":1,""1"":-4,""2"":19,""3"":-52,""4"":145,""5"":-304,""6"":625,""7"":-1060,""8"":1741,""9"":-2460,""10"":3351,""11"":-4008,""12"":4614,""13"":-4704,""14"":4598,""15"":-3848,""16"":2479,""17"":876,""18"":-8172,""19"":23092,""20"":-49264,""21"":89084,""22"":-141080,""23"":199112,""24"":-252971,""25"":291296,""26"":-305189,""27"":291300,""28"":-252990,""29"":199164,""30"":-141225,""31"":89388,""32"":-49889,""33"":24152,""34"":-9913,""35"":3336,""36"":-872,""37"":160,""38"":-16,""44"":-1,""45"":-1,""46"":-1,""47"":-5,""48"":-5,""49"":-4,""50"":-10,""51"":-10,""52"":-6,""53"":-10,""54"":-10,""55"":-4,""56"":-5,""57"":-5,""58"":-1,""59"":-1,""60"":-1}","{""0"":1,""1"":-4,""2"":19,""3"":-52,""4"":145,""5"":-304,""6"":625,""7"":-1060,""8"":1741,""9"":-2460,""10"":3351,""11"":-4008,""12"":4614,""13"":-4704,""14"":4598,""15"":-3848,""16"":2479,""17"":876,""18"":-8172,""19"":23092,""20"":-49264,""21"":89084,""22"":-141080,""23"":199112,""24"":-252971,""25"":291296,""26"":-305189,""27"":291300,""28"":-252990,""29"":199164,""30"":-141225,""31"":89388,""32"":-49889,""33"":24152,""34"":-9913,""35"":3336,""36"":-872,""37"":160,""38"":-16,""44"":-1,""45"":-1,""46"":-1,""47"":-5,""48"":-5,""49"":-4,""50"":-10,""51"":-10,""52"":-6,""53"":-10,""54"":-10,""55"":-4,""56"":-5,""57"":-5,""58"":-1,""59"":-1,""60"":-1}",9498027d02f50b7e1074209e11837cb462f94f7a363c1691c4fe7ca10cb7f99c,9498027d02f50b7e1074209e11837cb462f94f7a363c1691c4fe7ca10cb7f99c,True,success
DBLBBDL,stress,7,2,2,3,"{""0"":1,""1"":-3,""2"":16,""3"":-37,""4"":111,""5"":-208,""6"":451,""7"":-705,""8"":1210,""9"":-1605,""10"":2277,""11"":-2586,""12"":3102,""13"":-3024,""14"":3094,""15"":-2502,""16"":1795,""17"":334,""18"":-4843,""19"":14770,""20"":-33056,""21"":62658,""22"":-103797,""23"":153149,""24"":-203306,""25"":244632,""26"":-268034,""27"":268035,""28"":-244635,""29"":203322,""30"":-153186,""31"":103908,""32"":-62866,""33"":33507,""34"":-15475,""35"":6053,""36"":-1939,""37"":482,""38"":-84,""39"":8,""47"":-1,""48"":-1,""49"":-1,""50"":-4,""51"":-4,""52"":-3,""53"":-6,""54"":-6,""55"":-3,""56"":-4,""57"":-4,""58"":-1,""59"":-1,""60"":-1}","{""0"":1,""1"":-3,""2"":16,""3"":-37,""4"":111,""5"":-208,""6"":451,""7"":-705,""8"":1210,""9"":-1605,""10"":2277,""11"":-2586,""12"":3102,""13"":-3024,""14"":3094,""15"":-2502,""16"":1795,""17"":334,""18"":-4843,""19"":14770,""20"":-33056,""21"":62658,""22"":-103797,""23"":153149,""24"":-203306,""25"":244632,""26"":-268034,""27"":268035,""28"":-244635,""29"":203322,""30"":-153186,""31"":103908,""32"":-62866,""33"":33507,""34"":-15475,""35"":6053,""36"":-1939,""37"":482,""38"":-84,""39"":8,""47"":-1,""48"":-1,""49"":-1,""50"":-4,""51"":-4,""52"":-3,""53"":-6,""54"":-6,""55"":-3,""56"":-4,""57"":-4,""58"":-1,""59"":-1,""60"":-1}",ba25ece04a9347ac69c65aa7e847bfe8f633a02eca51bde33ddd1e399831b255,ba25ece04a9347ac69c65aa7e847bfe8f633a02eca51bde33ddd1e399831b255,True,success
DBLBDBD,stress,7,1,3,3,"{""0"":1,""1"":-3,""2"":15,""3"":-34,""4"":96,""5"":-174,""6"":355,""7"":-531,""8"":855,""9"":-1074,""10"":1422,""11"":-1512,""12"":1680,""13"":-1512,""14"":1414,""15"":-998,""16"":457,""17"":934,""18"":-3835,""19"":9646,""20"":-19401,""21"":33515,""22"":-50847,""23"":68772,""24"":-83684,""25"":92175,""26"":-92175,""27"":83685,""28"":-68775,""29"":50862,""30"":-33549,""31"":19497,""32"":-9820,""33"":4190,""34"":-1465,""35"":398,""36"":-76,""37"":8,""46"":1,""47"":1,""48"":1,""49"":4,""50"":4,""51"":3,""52"":6,""53"":6,""54"":3,""55"":4,""56"":4,""57"":1,""58"":1,""59"":1}","{""0"":1,""1"":-3,""2"":15,""3"":-34,""4"":96,""5"":-174,""6"":355,""7"":-531,""8"":855,""9"":-1074,""10"":1422,""11"":-1512,""12"":1680,""13"":-1512,""14"":1414,""15"":-998,""16"":457,""17"":934,""18"":-3835,""19"":9646,""20"":-19401,""21"":33515,""22"":-50847,""23"":68772,""24"":-83684,""25"":92175,""26"":-92175,""27"":83685,""28"":-68775,""29"":50862,""30"":-33549,""31"":19497,""32"":-9820,""33"":4190,""34"":-1465,""35"":398,""36"":-76,""37"":8,""46"":1,""47"":1,""48"":1,""49"":4,""50"":4,""51"":3,""52"":6,""53"":6,""54"":3,""55"":4,""56"":4,""57"":1,""58"":1,""59"":1}",add3ad58443a52799f8b1a6aba5fdecba133d60b42c420da322223f7a4dd5314,add3ad58443a52799f8b1a6aba5fdecba133d60b42c420da322223f7a4dd5314,True,success
DBLBDDL,stress,7,2,3,2,"{""0"":1,""1"":-2,""2"":13,""3"":-22,""4"":76,""5"":-110,""6"":265,""7"":-330,""8"":615,""9"":-660,""10"":1002,""11"":-924,""12"":1176,""13"":-924,""14"":998,""15"":-620,""16"":394,""17"":527,""18"":-2315,""19"":6247,""20"":-13179,""21"":23904,""22"":-37999,""23"":53816,""24"":-68536,""25"":79027,""26"":-82832,""27"":79027,""28"":-68537,""29"":53818,""30"":-38012,""31"":23926,""32"":-13255,""33"":6357,""34"":-2580,""35"":857,""36"":-221,""37"":40,""38"":-4,""49"":1,""50"":1,""51"":1,""52"":3,""53"":3,""54"":2,""55"":3,""56"":3,""57"":1,""58"":1,""59"":1}","{""0"":1,""1"":-2,""2"":13,""3"":-22,""4"":76,""5"":-110,""6"":265,""7"":-330,""8"":615,""9"":-660,""10"":1002,""11"":-924,""12"":1176,""13"":-924,""14"":998,""15"":-620,""16"":394,""17"":527,""18"":-2315,""19"":6247,""20"":-13179,""21"":23904,""22"":-37999,""23"":53816,""24"":-68536,""25"":79027,""26"":-82832,""27"":79027,""28"":-68537,""29"":53818,""30"":-38012,""31"":23926,""32"":-13255,""33"":6357,""34"":-2580,""35"":857,""36"":-221,""37"":40,""38"":-4,""49"":1,""50"":1,""51"":1,""52"":3,""53"":3,""54"":2,""55"":3,""56"":3,""57"":1,""58"":1,""59"":1}",6e315839fe29aba3c64697b8637aa64dfccc40fbbdb0c9f203956b5577128862,6e315839fe29aba3c64697b8637aa64dfccc40fbbdb0c9f203956b5577128862,True,success
DBLDLBL,stress,7,3,2,2,"{""0"":1,""1"":-2,""2"":14,""3"":-24,""4"":89,""5"":-132,""6"":341,""7"":-440,""8"":880,""9"":-990,""10"":1617,""11"":-1584,""12"":2178,""13"":-1848,""14"":2174,""15"":-1540,""16"":1352,""17"":128,""18"":-2778,""19"":9354,""20"":-21851,""21"":43406,""22"":-75104,""23"":115732,""24"":-160353,""25"":201380,""26"":-230395,""27"":240886,""28"":-230396,""29"":201382,""30"":-160367,""31"":115756,""32"":-75193,""33"":43538,""34"":-22192,""35"":9794,""36"":-3658,""37"":1118,""38"":-265,""39"":44,""40"":-4,""50"":-1,""51"":-1,""52"":-1,""53"":-3,""54"":-3,""55"":-2,""56"":-3,""57"":-3,""58"":-1,""59"":-1,""60"":-1}","{""0"":1,""1"":-2,""2"":14,""3"":-24,""4"":89,""5"":-132,""6"":341,""7"":-440,""8"":880,""9"":-990,""10"":1617,""11"":-1584,""12"":2178,""13"":-1848,""14"":2174,""15"":-1540,""16"":1352,""17"":128,""18"":-2778,""19"":9354,""20"":-21851,""21"":43406,""22"":-75104,""23"":115732,""24"":-160353,""25"":201380,""26"":-230395,""27"":240886,""28"":-230396,""29"":201382,""30"":-160367,""31"":115756,""32"":-75193,""33"":43538,""34"":-22192,""35"":9794,""36"":-3658,""37"":1118,""38"":-265,""39"":44,""40"":-4,""50"":-1,""51"":-1,""52"":-1,""53"":-3,""54"":-3,""55"":-2,""56"":-3,""57"":-3,""58"":-1,""59"":-1,""60"":-1}",b8c1ea8254001eeb069e621f970d1dc3cbacc66afd557bf66cb80f5644b77b58,b8c1ea8254001eeb069e621f970d1dc3cbacc66afd557bf66cb80f5644b77b58,True,success
DDBBDLD,stress,7,1,4,2,"{""0"":1,""1"":-2,""2"":12,""3"":-20,""4"":64,""5"":-90,""6"":201,""7"":-240,""8"":414,""9"":-420,""10"":588,""11"":-504,""12"":588,""13"":-420,""14"":410,""15"":-204,""16"":20,""17"":550,""18"":-1695,""19"":3938,""20"":-7526,""21"":12428,""22"":-18043,""23"":23344,""24"":-27149,""25"":28534,""26"":-27149,""27"":23344,""28"":-18044,""29"":12430,""30"":-7538,""31"":3958,""32"":-1759,""33"":640,""34"":-181,""35"":36,""36"":-4,""48"":-1,""49"":-1,""50"":-1,""51"":-3,""52"":-3,""53"":-2,""54"":-3,""55"":-3,""56"":-1,""57"":-1,""58"":-1}","{""0"":1,""1"":-2,""2"":12,""3"":-20,""4"":64,""5"":-90,""6"":201,""7"":-240,""8"":414,""9"":-420,""10"":588,""11"":-504,""12"":588,""13"":-420,""14"":410,""15"":-204,""16"":20,""17"":550,""18"":-1695,""19"":3938,""20"":-7526,""21"":12428,""22"":-18043,""23"":23344,""24"":-27149,""25"":28534,""26"":-27149,""27"":23344,""28"":-18044,""29"":12430,""30"":-7538,""31"":3958,""32"":-1759,""33"":640,""34"":-181,""35"":36,""36"":-4,""48"":-1,""49"":-1,""50"":-1,""51"":-3,""52"":-3,""53"":-2,""54"":-3,""55"":-3,""56"":-1,""57"":-1,""58"":-1}",9f8f65e698aed9df30b9fcb05c3e009d180ba0953961755b20668a41d6ba24bb,9f8f65e698aed9df30b9fcb05c3e009d180ba0953961755b20668a41d6ba24bb,True,success
DDBDBLD,stress,7,1,4,2,"{""0"":1,""1"":-2,""2"":12,""3"":-20,""4"":64,""5"":-90,""6"":201,""7"":-240,""8"":414,""9"":-420,""10"":588,""11"":-504,""12"":588,""13"":-420,""14"":410,""15"":-204,""16"":20,""17"":550,""18"":-1695,""19"":3938,""20"":-7526,""21"":12428,""22"":-18043,""23"":23344,""24"":-27149,""25"":28534,""26"":-27149,""27"":23344,""28"":-18044,""29"":12430,""30"":-7538,""31"":3958,""32"":-1759,""33"":640,""34"":-181,""35"":36,""36"":-4,""48"":-1,""49"":-1,""50"":-1,""51"":-3,""52"":-3,""53"":-2,""54"":-3,""55"":-3,""56"":-1,""57"":-1,""58"":-1}","{""0"":1,""1"":-2,""2"":12,""3"":-20,""4"":64,""5"":-90,""6"":201,""7"":-240,""8"":414,""9"":-420,""10"":588,""11"":-504,""12"":588,""13"":-420,""14"":410,""15"":-204,""16"":20,""17"":550,""18"":-1695,""19"":3938,""20"":-7526,""21"":12428,""22"":-18043,""23"":23344,""24"":-27149,""25"":28534,""26"":-27149,""27"":23344,""28"":-18044,""29"":12430,""30"":-7538,""31"":3958,""32"":-1759,""33"":640,""34"":-181,""35"":36,""36"":-4,""48"":-1,""49"":-1,""50"":-1,""51"":-3,""52"":-3,""53"":-2,""54"":-3,""55"":-3,""56"":-1,""57"":-1,""58"":-1}",9f8f65e698aed9df30b9fcb05c3e009d180ba0953961755b20668a41d6ba24bb,9f8f65e698aed9df30b9fcb05c3e009d180ba0953961755b20668a41d6ba24bb,True,success
DDBDLDB,stress,7,1,4,2,"{""0"":1,""1"":-2,""2"":12,""3"":-20,""4"":64,""5"":-90,""6"":201,""7"":-240,""8"":414,""9"":-420,""10"":588,""11"":-504,""12"":588,""13"":-420,""14"":410,""15"":-204,""16"":20,""17"":550,""18"":-1695,""19"":3938,""20"":-7526,""21"":12428,""22"":-18043,""23"":23344,""24"":-27149,""25"":28534,""26"":-27149,""27"":23344,""28"":-18044,""29"":12430,""30"":-7538,""31"":3958,""32"":-1759,""33"":640,""34"":-181,""35"":36,""36"":-4,""48"":-1,""49"":-1,""50"":-1,""51"":-3,""52"":-3,""53"":-2,""54"":-3,""55"":-3,""56"":-1,""57"":-1,""58"":-1}","{""0"":1,""1"":-2,""2"":12,""3"":-20,""4"":64,""5"":-90,""6"":201,""7"":-240,""8"":414,""9"":-420,""10"":588,""11"":-504,""12"":588,""13"":-420,""14"":410,""15"":-204,""16"":20,""17"":550,""18"":-1695,""19"":3938,""20"":-7526,""21"":12428,""22"":-18043,""23"":23344,""24"":-27149,""25"":28534,""26"":-27149,""27"":23344,""28"":-18044,""29"":12430,""30"":-7538,""31"":3958,""32"":-1759,""33"":640,""34"":-181,""35"":36,""36"":-4,""48"":-1,""49"":-1,""50"":-1,""51"":-3,""52"":-3,""53"":-2,""54"":-3,""55"":-3,""56"":-1,""57"":-1,""58"":-1}",9f8f65e698aed9df30b9fcb05c3e009d180ba0953961755b20668a41d6ba24bb,9f8f65e698aed9df30b9fcb05c3e009d180ba0953961755b20668a41d6ba24bb,True,success
DLBBDDB,stress,7,1,3,3,"{""0"":1,""1"":-3,""2"":15,""3"":-34,""4"":96,""5"":-174,""6"":355,""7"":-531,""8"":855,""9"":-1074,""10"":1422,""11"":-1512,""12"":1680,""13"":-1512,""14"":1414,""15"":-998,""16"":457,""17"":934,""18"":-3835,""19"":9646,""20"":-19401,""21"":33515,""22"":-50847,""23"":68772,""24"":-83684,""25"":92175,""26"":-92175,""27"":83685,""28"":-68775,""29"":50862,""30"":-33549,""31"":19497,""32"":-9820,""33"":4190,""34"":-1465,""35"":398,""36"":-76,""37"":8,""46"":1,""47"":1,""48"":1,""49"":4,""50"":4,""51"":3,""52"":6,""53"":6,""54"":3,""55"":4,""56"":4,""57"":1,""58"":1,""59"":1}","{""0"":1,""1"":-3,""2"":15,""3"":-34,""4"":96,""5"":-174,""6"":355,""7"":-531,""8"":855,""9"":-1074,""10"":1422,""11"":-1512,""12"":1680,""13"":-1512,""14"":1414,""15"":-998,""16"":457,""17"":934,""18"":-3835,""19"":9646,""20"":-19401,""21"":33515,""22"":-50847,""23"":68772,""24"":-83684,""25"":92175,""26"":-92175,""27"":83685,""28"":-68775,""29"":50862,""30"":-33549,""31"":19497,""32"":-9820,""33"":4190,""34"":-1465,""35"":398,""36"":-76,""37"":8,""46"":1,""47"":1,""48"":1,""49"":4,""50"":4,""51"":3,""52"":6,""53"":6,""54"":3,""55"":4,""56"":4,""57"":1,""58"":1,""59"":1}",add3ad58443a52799f8b1a6aba5fdecba133d60b42c420da322223f7a4dd5314,add3ad58443a52799f8b1a6aba5fdecba133d60b42c420da322223f7a4dd5314,True,success
DLBLBBD,stress,7,2,2,3,"{""0"":1,""1"":-3,""2"":16,""3"":-37,""4"":111,""5"":-208,""6"":451,""7"":-705,""8"":1210,""9"":-1605,""10"":2277,""11"":-2586,""12"":3102,""13"":-3024,""14"":3094,""15"":-2502,""16"":1795,""17"":334,""18"":-4843,""19"":14770,""20"":-33056,""21"":62658,""22"":-103797,""23"":153149,""24"":-203306,""25"":244632,""26"":-268034,""27"":268035,""28"":-244635,""29"":203322,""30"":-153186,""31"":103908,""32"":-62866,""33"":33507,""34"":-15475,""35"":6053,""36"":-1939,""37"":482,""38"":-84,""39"":8,""47"":-1,""48"":-1,""49"":-1,""50"":-4,""51"":-4,""52"":-3,""53"":-6,""54"":-6,""55"":-3,""56"":-4,""57"":-4,""58"":-1,""59"":-1,""60"":-1}","{""0"":1,""1"":-3,""2"":16,""3"":-37,""4"":111,""5"":-208,""6"":451,""7"":-705,""8"":1210,""9"":-1605,""10"":2277,""11"":-2586,""12"":3102,""13"":-3024,""14"":3094,""15"":-2502,""16"":1795,""17"":334,""18"":-4843,""19"":14770,""20"":-33056,""21"":62658,""22"":-103797,""23"":153149,""24"":-203306,""25"":244632,""26"":-268034,""27"":268035,""28"":-244635,""29"":203322,""30"":-153186,""31"":103908,""32"":-62866,""33"":33507,""34"":-15475,""35"":6053,""36"":-1939,""37"":482,""38"":-84,""39"":8,""47"":-1,""48"":-1,""49"":-1,""50"":-4,""51"":-4,""52"":-3,""53"":-6,""54"":-6,""55"":-3,""56"":-4,""57"":-4,""58"":-1,""59"":-1,""60"":-1}",ba25ece04a9347ac69c65aa7e847bfe8f633a02eca51bde33ddd1e399831b255,ba25ece04a9347ac69c65aa7e847bfe8f633a02eca51bde33ddd1e399831b255,True,success
DLDDLBL,stress,7,3,3,1,"{""0"":1,""1"":-1,""2"":12,""3"":-11,""4"":66,""5"":-55,""6"":220,""7"":-165,""8"":495,""9"":-330,""10"":792,""11"":-462,""12"":924,""13"":-462,""14"":790,""15"":-309,""16"":373,""17"":332,""18"":-1351,""19"":4006,""20"":-8811,""21"":16773,""22"":-27897,""23"":41326,""24"":-55019,""25"":66323,""26"":-72731,""27"":72731,""28"":-66323,""29"":55020,""30"":-41327,""31"":27909,""32"":-16784,""33"":8877,""34"":-4061,""35"":1571,""36"":-497,""37"":122,""38"":-21,""39"":2,""52"":1,""53"":1,""54"":1,""55"":2,""56"":2,""57"":1,""58"":1,""59"":1}","{""0"":1,""1"":-1,""2"":12,""3"":-11,""4"":66,""5"":-55,""6"":220,""7"":-165,""8"":495,""9"":-330,""10"":792,""11"":-462,""12"":924,""13"":-462,""14"":790,""15"":-309,""16"":373,""17"":332,""18"":-1351,""19"":4006,""20"":-8811,""21"":16773,""22"":-27897,""23"":41326,""24"":-55019,""25"":66323,""26"":-72731,""27"":72731,""28"":-66323,""29"":55020,""30"":-41327,""31"":27909,""32"":-16784,""33"":8877,""34"":-4061,""35"":1571,""36"":-497,""37"":122,""38"":-21,""39"":2,""52"":1,""53"":1,""54"":1,""55"":2,""56"":2,""57"":1,""58"":1,""59"":1}",701f133b4c2b5d3eaf9c322b25df16102d47dfd6299beaf03ed1bdcdd46a6e8d,701f133b4c2b5d3eaf9c322b25df16102d47dfd6299beaf03ed1bdcdd46a6e8d,True,success
DLLBLBD,stress,7,3,2,2,"{""0"":1,""1"":-2,""2"":14,""3"":-24,""4"":89,""5"":-132,""6"":341,""7"":-440,""8"":880,""9"":-990,""10"":1617,""11"":-1584,""12"":2178,""13"":-1848,""14"":2174,""15"":-1540,""16"":1352,""17"":128,""18"":-2778,""19"":9354,""20"":-21851,""21"":43406,""22"":-75104,""23"":115732,""24"":-160353,""25"":201380,""26"":-230395,""27"":240886,""28"":-230396,""29"":201382,""30"":-160367,""31"":115756,""32"":-75193,""33"":43538,""34"":-22192,""35"":9794,""36"":-3658,""37"":1118,""38"":-265,""39"":44,""40"":-4,""50"":-1,""51"":-1,""52"":-1,""53"":-3,""54"":-3,""55"":-2,""56"":-3,""57"":-3,""58"":-1,""59"":-1,""60"":-1}","{""0"":1,""1"":-2,""2"":14,""3"":-24,""4"":89,""5"":-132,""6"":341,""7"":-440,""8"":880,""9"":-990,""10"":1617,""11"":-1584,""12"":2178,""13"":-1848,""14"":2174,""15"":-1540,""16"":1352,""17"":128,""18"":-2778,""19"":9354,""20"":-21851,""21"":43406,""22"":-75104,""23"":115732,""24"":-160353,""25"":201380,""26"":-230395,""27"":240886,""28"":-230396,""29"":201382,""30"":-160367,""31"":115756,""32"":-75193,""33"":43538,""34"":-22192,""35"":9794,""36"":-3658,""37"":1118,""38"":-265,""39"":44,""40"":-4,""50"":-1,""51"":-1,""52"":-1,""53"":-3,""54"":-3,""55"":-2,""56"":-3,""57"":-3,""58"":-1,""59"":-1,""60"":-1}",b8c1ea8254001eeb069e621f970d1dc3cbacc66afd557bf66cb80f5644b77b58,b8c1ea8254001eeb069e621f970d1dc3cbacc66afd557bf66cb80f5644b77b58,True,success
LBBLDLB,stress,7,3,1,3,"{""0"":1,""1"":-3,""2"":17,""3"":-40,""4"":127,""5"":-245,""6"":562,""7"":-913,""8"":1661,""9"":-2310,""10"":3487,""11"":-4191,""12"":5379,""13"":-5610,""14"":6196,""15"":-5518,""16"":4805,""17"":-1686,""18"":-4987,""19"":21157,""20"":-53374,""21"":110935,""22"":-199719,""23"":319715,""24"":-460289,""25"":601103,""26"":-715975,""27"":780702,""28"":-780704,""29"":715992,""30"":-601143,""31"":460416,""32"":-319960,""33"":200281,""34"":-111848,""35"":55035,""36"":-23467,""37"":8474,""38"":-2505,""39"":574,""40"":-92,""41"":8,""48"":1,""49"":1,""50"":1,""51"":4,""52"":4,""53"":3,""54"":6,""55"":6,""56"":3,""57"":4,""58"":4,""59"":1,""60"":1,""61"":1}","{""0"":1,""1"":-3,""2"":17,""3"":-40,""4"":127,""5"":-245,""6"":562,""7"":-913,""8"":1661,""9"":-2310,""10"":3487,""11"":-4191,""12"":5379,""13"":-5610,""14"":6196,""15"":-5518,""16"":4805,""17"":-1686,""18"":-4987,""19"":21157,""20"":-53374,""21"":110935,""22"":-199719,""23"":319715,""24"":-460289,""25"":601103,""26"":-715975,""27"":780702,""28"":-780704,""29"":715992,""30"":-601143,""31"":460416,""32"":-319960,""33"":200281,""34"":-111848,""35"":55035,""36"":-23467,""37"":8474,""38"":-2505,""39"":574,""40"":-92,""41"":8,""48"":1,""49"":1,""50"":1,""51"":4,""52"":4,""53"":3,""54"":6,""55"":6,""56"":3,""57"":4,""58"":4,""59"":1,""60"":1,""61"":1}",96f6e009cc1fa78ed07bf17e83c9c49721310ffe86fba12e76e7fc536676887d,96f6e009cc1fa78ed07bf17e83c9c49721310ffe86fba12e76e7fc536676887d,True,success
LBDBLBD,stress,7,2,2,3,"{""0"":1,""1"":-3,""2"":16,""3"":-37,""4"":111,""5"":-208,""6"":451,""7"":-705,""8"":1210,""9"":-1605,""10"":2277,""11"":-2586,""12"":3102,""13"":-3024,""14"":3094,""15"":-2502,""16"":1795,""17"":334,""18"":-4843,""19"":14770,""20"":-33056,""21"":62658,""22"":-103797,""23"":153149,""24"":-203306,""25"":244632,""26"":-268034,""27"":268035,""28"":-244635,""29"":203322,""30"":-153186,""31"":103908,""32"":-62866,""33"":33507,""34"":-15475,""35"":6053,""36"":-1939,""37"":482,""38"":-84,""39"":8,""47"":-1,""48"":-1,""49"":-1,""50"":-4,""51"":-4,""52"":-3,""53"":-6,""54"":-6,""55"":-3,""56"":-4,""57"":-4,""58"":-1,""59"":-1,""60"":-1}","{""0"":1,""1"":-3,""2"":16,""3"":-37,""4"":111,""5"":-208,""6"":451,""7"":-705,""8"":1210,""9"":-1605,""10"":2277,""11"":-2586,""12"":3102,""13"":-3024,""14"":3094,""15"":-2502,""16"":1795,""17"":334,""18"":-4843,""19"":14770,""20"":-33056,""21"":62658,""22"":-103797,""23"":153149,""24"":-203306,""25"":244632,""26"":-268034,""27"":268035,""28"":-244635,""29"":203322,""30"":-153186,""31"":103908,""32"":-62866,""33"":33507,""34"":-15475,""35"":6053,""36"":-1939,""37"":482,""38"":-84,""39"":8,""47"":-1,""48"":-1,""49"":-1,""50"":-4,""51"":-4,""52"":-3,""53"":-6,""54"":-6,""55"":-3,""56"":-4,""57"":-4,""58"":-1,""59"":-1,""60"":-1}",ba25ece04a9347ac69c65aa7e847bfe8f633a02eca51bde33ddd1e399831b255,ba25ece04a9347ac69c65aa7e847bfe8f633a02eca51bde33ddd1e399831b255,True,success
LBDLBDD,stress,7,2,3,2,"{""0"":1,""1"":-2,""2"":13,""3"":-22,""4"":76,""5"":-110,""6"":265,""7"":-330,""8"":615,""9"":-660,""10"":1002,""11"":-924,""12"":1176,""13"":-924,""14"":998,""15"":-620,""16"":394,""17"":527,""18"":-2315,""19"":6247,""20"":-13179,""21"":23904,""22"":-37999,""23"":53816,""24"":-68536,""25"":79027,""26"":-82832,""27"":79027,""28"":-68537,""29"":53818,""30"":-38012,""31"":23926,""32"":-13255,""33"":6357,""34"":-2580,""35"":857,""36"":-221,""37"":40,""38"":-4,""49"":1,""50"":1,""51"":1,""52"":3,""53"":3,""54"":2,""55"":3,""56"":3,""57"":1,""58"":1,""59"":1}","{""0"":1,""1"":-2,""2"":13,""3"":-22,""4"":76,""5"":-110,""6"":265,""7"":-330,""8"":615,""9"":-660,""10"":1002,""11"":-924,""12"":1176,""13"":-924,""14"":998,""15"":-620,""16"":394,""17"":527,""18"":-2315,""19"":6247,""20"":-13179,""21"":23904,""22"":-37999,""23"":53816,""24"":-68536,""25"":79027,""26"":-82832,""27"":79027,""28"":-68537,""29"":53818,""30"":-38012,""31"":23926,""32"":-13255,""33"":6357,""34"":-2580,""35"":857,""36"":-221,""37"":40,""38"":-4,""49"":1,""50"":1,""51"":1,""52"":3,""53"":3,""54"":2,""55"":3,""56"":3,""57"":1,""58"":1,""59"":1}",6e315839fe29aba3c64697b8637aa64dfccc40fbbdb0c9f203956b5577128862,6e315839fe29aba3c64697b8637aa64dfccc40fbbdb0c9f203956b5577128862,True,success
LBLBBLD,stress,7,3,1,3,"{""0"":1,""1"":-3,""2"":17,""3"":-40,""4"":127,""5"":-245,""6"":562,""7"":-913,""8"":1661,""9"":-2310,""10"":3487,""11"":-4191,""12"":5379,""13"":-5610,""14"":6196,""15"":-5518,""16"":4805,""17"":-1686,""18"":-4987,""19"":21157,""20"":-53374,""21"":110935,""22"":-199719,""23"":319715,""24"":-460289,""25"":601103,""26"":-715975,""27"":780702,""28"":-780704,""29"":715992,""30"":-601143,""31"":460416,""32"":-319960,""33"":200281,""34"":-111848,""35"":55035,""36"":-23467,""37"":8474,""38"":-2505,""39"":574,""40"":-92,""41"":8,""48"":1,""49"":1,""50"":1,""51"":4,""52"":4,""53"":3,""54"":6,""55"":6,""56"":3,""57"":4,""58"":4,""59"":1,""60"":1,""61"":1}","{""0"":1,""1"":-3,""2"":17,""3"":-40,""4"":127,""5"":-245,""6"":562,""7"":-913,""8"":1661,""9"":-2310,""10"":3487,""11"":-4191,""12"":5379,""13"":-5610,""14"":6196,""15"":-5518,""16"":4805,""17"":-1686,""18"":-4987,""19"":21157,""20"":-53374,""21"":110935,""22"":-199719,""23"":319715,""24"":-460289,""25"":601103,""26"":-715975,""27"":780702,""28"":-780704,""29"":715992,""30"":-601143,""31"":460416,""32"":-319960,""33"":200281,""34"":-111848,""35"":55035,""36"":-23467,""37"":8474,""38"":-2505,""39"":574,""40"":-92,""41"":8,""48"":1,""49"":1,""50"":1,""51"":4,""52"":4,""53"":3,""54"":6,""55"":6,""56"":3,""57"":4,""58"":4,""59"":1,""60"":1,""61"":1}",96f6e009cc1fa78ed07bf17e83c9c49721310ffe86fba12e76e7fc536676887d,96f6e009cc1fa78ed07bf17e83c9c49721310ffe86fba12e76e7fc536676887d,True,success
LDBBDBB,stress,7,1,2,4,"{""0"":1,""1"":-4,""2"":19,""3"":-52,""4"":145,""5"":-304,""6"":625,""7"":-1060,""8"":1741,""9"":-2460,""10"":3351,""11"":-4008,""12"":4614,""13"":-4704,""14"":4598,""15"":-3848,""16"":2479,""17"":876,""18"":-8172,""19"":23092,""20"":-49264,""21"":89084,""22"":-141080,""23"":199112,""24"":-252971,""25"":291296,""26"":-305189,""27"":291300,""28"":-252990,""29"":199164,""30"":-141225,""31"":89388,""32"":-49889,""33"":24152,""34"":-9913,""35"":3336,""36"":-872,""37"":160,""38"":-16,""44"":-1,""45"":-1,""46"":-1,""47"":-5,""48"":-5,""49"":-4,""50"":-10,""51"":-10,""52"":-6,""53"":-10,""54"":-10,""55"":-4,""56"":-5,""57"":-5,""58"":-1,""59"":-1,""60"":-1}","{""0"":1,""1"":-4,""2"":19,""3"":-52,""4"":145,""5"":-304,""6"":625,""7"":-1060,""8"":1741,""9"":-2460,""10"":3351,""11"":-4008,""12"":4614,""13"":-4704,""14"":4598,""15"":-3848,""16"":2479,""17"":876,""18"":-8172,""19"":23092,""20"":-49264,""21"":89084,""22"":-141080,""23"":199112,""24"":-252971,""25"":291296,""26"":-305189,""27"":291300,""28"":-252990,""29"":199164,""30"":-141225,""31"":89388,""32"":-49889,""33"":24152,""34"":-9913,""35"":3336,""36"":-872,""37"":160,""38"":-16,""44"":-1,""45"":-1,""46"":-1,""47"":-5,""48"":-5,""49"":-4,""50"":-10,""51"":-10,""52"":-6,""53"":-10,""54"":-10,""55"":-4,""56"":-5,""57"":-5,""58"":-1,""59"":-1,""60"":-1}",9498027d02f50b7e1074209e11837cb462f94f7a363c1691c4fe7ca10cb7f99c,9498027d02f50b7e1074209e11837cb462f94f7a363c1691c4fe7ca10cb7f99c,True,success
LDDBBBB,stress,7,1,2,4,"{""0"":1,""1"":-4,""2"":19,""3"":-52,""4"":145,""5"":-304,""6"":625,""7"":-1060,""8"":1741,""9"":-2460,""10"":3351,""11"":-4008,""12"":4614,""13"":-4704,""14"":4598,""15"":-3848,""16"":2479,""17"":876,""18"":-8172,""19"":23092,""20"":-49264,""21"":89084,""22"":-141080,""23"":199112,""24"":-252971,""25"":291296,""26"":-305189,""27"":291300,""28"":-252990,""29"":199164,""30"":-141225,""31"":89388,""32"":-49889,""33"":24152,""34"":-9913,""35"":3336,""36"":-872,""37"":160,""38"":-16,""44"":-1,""45"":-1,""46"":-1,""47"":-5,""48"":-5,""49"":-4,""50"":-10,""51"":-10,""52"":-6,""53"":-10,""54"":-10,""55"":-4,""56"":-5,""57"":-5,""58"":-1,""59"":-1,""60"":-1}","{""0"":1,""1"":-4,""2"":19,""3"":-52,""4"":145,""5"":-304,""6"":625,""7"":-1060,""8"":1741,""9"":-2460,""10"":3351,""11"":-4008,""12"":4614,""13"":-4704,""14"":4598,""15"":-3848,""16"":2479,""17"":876,""18"":-8172,""19"":23092,""20"":-49264,""21"":89084,""22"":-141080,""23"":199112,""24"":-252971,""25"":291296,""26"":-305189,""27"":291300,""28"":-252990,""29"":199164,""30"":-141225,""31"":89388,""32"":-49889,""33"":24152,""34"":-9913,""35"":3336,""36"":-872,""37"":160,""38"":-16,""44"":-1,""45"":-1,""46"":-1,""47"":-5,""48"":-5,""49"":-4,""50"":-10,""51"":-10,""52"":-6,""53"":-10,""54"":-10,""55"":-4,""56"":-5,""57"":-5,""58"":-1,""59"":-1,""60"":-1}",9498027d02f50b7e1074209e11837cb462f94f7a363c1691c4fe7ca10cb7f99c,9498027d02f50b7e1074209e11837cb462f94f7a363c1691c4fe7ca10cb7f99c,True,success
LDDDBBB,stress,7,1,3,3,"{""0"":1,""1"":-3,""2"":15,""3"":-34,""4"":96,""5"":-174,""6"":355,""7"":-531,""8"":855,""9"":-1074,""10"":1422,""11"":-1512,""12"":1680,""13"":-1512,""14"":1414,""15"":-998,""16"":457,""17"":934,""18"":-3835,""19"":9646,""20"":-19401,""21"":33515,""22"":-50847,""23"":68772,""24"":-83684,""25"":92175,""26"":-92175,""27"":83685,""28"":-68775,""29"":50862,""30"":-33549,""31"":19497,""32"":-9820,""33"":4190,""34"":-1465,""35"":398,""36"":-76,""37"":8,""46"":1,""47"":1,""48"":1,""49"":4,""50"":4,""51"":3,""52"":6,""53"":6,""54"":3,""55"":4,""56"":4,""57"":1,""58"":1,""59"":1}","{""0"":1,""1"":-3,""2"":15,""3"":-34,""4"":96,""5"":-174,""6"":355,""7"":-531,""8"":855,""9"":-1074,""10"":1422,""11"":-1512,""12"":1680,""13"":-1512,""14"":1414,""15"":-998,""16"":457,""17"":934,""18"":-3835,""19"":9646,""20"":-19401,""21"":33515,""22"":-50847,""23"":68772,""24"":-83684,""25"":92175,""26"":-92175,""27"":83685,""28"":-68775,""29"":50862,""30"":-33549,""31"":19497,""32"":-9820,""33"":4190,""34"":-1465,""35"":398,""36"":-76,""37"":8,""46"":1,""47"":1,""48"":1,""49"":4,""50"":4,""51"":3,""52"":6,""53"":6,""54"":3,""55"":4,""56"":4,""57"":1,""58"":1,""59"":1}",add3ad58443a52799f8b1a6aba5fdecba133d60b42c420da322223f7a4dd5314,add3ad58443a52799f8b1a6aba5fdecba133d60b42c420da322223f7a4dd5314,True,success
LDDDDBB,stress,7,1,4,2,"{""0"":1,""1"":-2,""2"":12,""3"":-20,""4"":64,""5"":-90,""6"":201,""7"":-240,""8"":414,""9"":-420,""10"":588,""11"":-504,""12"":588,""13"":-420,""14"":410,""15"":-204,""16"":20,""17"":550,""18"":-1695,""19"":3938,""20"":-7526,""21"":12428,""22"":-18043,""23"":23344,""24"":-27149,""25"":28534,""26"":-27149,""27"":23344,""28"":-18044,""29"":12430,""30"":-7538,""31"":3958,""32"":-1759,""33"":640,""34"":-181,""35"":36,""36"":-4,""48"":-1,""49"":-1,""50"":-1,""51"":-3,""52"":-3,""53"":-2,""54"":-3,""55"":-3,""56"":-1,""57"":-1,""58"":-1}","{""0"":1,""1"":-2,""2"":12,""3"":-20,""4"":64,""5"":-90,""6"":201,""7"":-240,""8"":414,""9"":-420,""10"":588,""11"":-504,""12"":588,""13"":-420,""14"":410,""15"":-204,""16"":20,""17"":550,""18"":-1695,""19"":3938,""20"":-7526,""21"":12428,""22"":-18043,""23"":23344,""24"":-27149,""25"":28534,""26"":-27149,""27"":23344,""28"":-18044,""29"":12430,""30"":-7538,""31"":3958,""32"":-1759,""33"":640,""34"":-181,""35"":36,""36"":-4,""48"":-1,""49"":-1,""50"":-1,""51"":-3,""52"":-3,""53"":-2,""54"":-3,""55"":-3,""56"":-1,""57"":-1,""58"":-1}",9f8f65e698aed9df30b9fcb05c3e009d180ba0953961755b20668a41d6ba24bb,9f8f65e698aed9df30b9fcb05c3e009d180ba0953961755b20668a41d6ba24bb,True,success
LDLDDBB,stress,7,2,3,2,"{""0"":1,""1"":-2,""2"":13,""3"":-22,""4"":76,""5"":-110,""6"":265,""7"":-330,""8"":615,""9"":-660,""10"":1002,""11"":-924,""12"":1176,""13"":-924,""14"":998,""15"":-620,""16"":394,""17"":527,""18"":-2315,""19"":6247,""20"":-13179,""21"":23904,""22"":-37999,""23"":53816,""24"":-68536,""25"":79027,""26"":-82832,""27"":79027,""28"":-68537,""29"":53818,""30"":-38012,""31"":23926,""32"":-13255,""33"":6357,""34"":-2580,""35"":857,""36"":-221,""37"":40,""38"":-4,""49"":1,""50"":1,""51"":1,""52"":3,""53"":3,""54"":2,""55"":3,""56"":3,""57"":1,""58"":1,""59"":1}","{""0"":1,""1"":-2,""2"":13,""3"":-22,""4"":76,""5"":-110,""6"":265,""7"":-330,""8"":615,""9"":-660,""10"":1002,""11"":-924,""12"":1176,""13"":-924,""14"":998,""15"":-620,""16"":394,""17"":527,""18"":-2315,""19"":6247,""20"":-13179,""21"":23904,""22"":-37999,""23"":53816,""24"":-68536,""25"":79027,""26"":-82832,""27"":79027,""28"":-68537,""29"":53818,""30"":-38012,""31"":23926,""32"":-13255,""33"":6357,""34"":-2580,""35"":857,""36"":-221,""37"":40,""38"":-4,""49"":1,""50"":1,""51"":1,""52"":3,""53"":3,""54"":2,""55"":3,""56"":3,""57"":1,""58"":1,""59"":1}",6e315839fe29aba3c64697b8637aa64dfccc40fbbdb0c9f203956b5577128862,6e315839fe29aba3c64697b8637aa64dfccc40fbbdb0c9f203956b5577128862,True,success
LDLLBBB,stress,7,3,1,3,"{""0"":1,""1"":-3,""2"":17,""3"":-40,""4"":127,""5"":-245,""6"":562,""7"":-913,""8"":1661,""9"":-2310,""10"":3487,""11"":-4191,""12"":5379,""13"":-5610,""14"":6196,""15"":-5518,""16"":4805,""17"":-1686,""18"":-4987,""19"":21157,""20"":-53374,""21"":110935,""22"":-199719,""23"":319715,""24"":-460289,""25"":601103,""26"":-715975,""27"":780702,""28"":-780704,""29"":715992,""30"":-601143,""31"":460416,""32"":-319960,""33"":200281,""34"":-111848,""35"":55035,""36"":-23467,""37"":8474,""38"":-2505,""39"":574,""40"":-92,""41"":8,""48"":1,""49"":1,""50"":1,""51"":4,""52"":4,""53"":3,""54"":6,""55"":6,""56"":3,""57"":4,""58"":4,""59"":1,""60"":1,""61"":1}","{""0"":1,""1"":-3,""2"":17,""3"":-40,""4"":127,""5"":-245,""6"":562,""7"":-913,""8"":1661,""9"":-2310,""10"":3487,""11"":-4191,""12"":5379,""13"":-5610,""14"":6196,""15"":-5518,""16"":4805,""17"":-1686,""18"":-4987,""19"":21157,""20"":-53374,""21"":110935,""22"":-199719,""23"":319715,""24"":-460289,""25"":601103,""26"":-715975,""27"":780702,""28"":-780704,""29"":715992,""30"":-601143,""31"":460416,""32"":-319960,""33"":200281,""34"":-111848,""35"":55035,""36"":-23467,""37"":8474,""38"":-2505,""39"":574,""40"":-92,""41"":8,""48"":1,""49"":1,""50"":1,""51"":4,""52"":4,""53"":3,""54"":6,""55"":6,""56"":3,""57"":4,""58"":4,""59"":1,""60"":1,""61"":1}",96f6e009cc1fa78ed07bf17e83c9c49721310ffe86fba12e76e7fc536676887d,96f6e009cc1fa78ed07bf17e83c9c49721310ffe86fba12e76e7fc536676887d,True,success
LLDBBDB,stress,7,2,2,3,"{""0"":1,""1"":-3,""2"":16,""3"":-37,""4"":111,""5"":-208,""6"":451,""7"":-705,""8"":1210,""9"":-1605,""10"":2277,""11"":-2586,""12"":3102,""13"":-3024,""14"":3094,""15"":-2502,""16"":1795,""17"":334,""18"":-4843,""19"":14770,""20"":-33056,""21"":62658,""22"":-103797,""23"":153149,""24"":-203306,""25"":244632,""26"":-268034,""27"":268035,""28"":-244635,""29"":203322,""30"":-153186,""31"":103908,""32"":-62866,""33"":33507,""34"":-15475,""35"":6053,""36"":-1939,""37"":482,""38"":-84,""39"":8,""47"":-1,""48"":-1,""49"":-1,""50"":-4,""51"":-4,""52"":-3,""53"":-6,""54"":-6,""55"":-3,""56"":-4,""57"":-4,""58"":-1,""59"":-1,""60"":-1}","{""0"":1,""1"":-3,""2"":16,""3"":-37,""4"":111,""5"":-208,""6"":451,""7"":-705,""8"":1210,""9"":-1605,""10"":2277,""11"":-2586,""12"":3102,""13"":-3024,""14"":3094,""15"":-2502,""16"":1795,""17"":334,""18"":-4843,""19"":14770,""20"":-33056,""21"":62658,""22"":-103797,""23"":153149,""24"":-203306,""25"":244632,""26"":-268034,""27"":268035,""28"":-244635,""29"":203322,""30"":-153186,""31"":103908,""32"":-62866,""33"":33507,""34"":-15475,""35"":6053,""36"":-1939,""37"":482,""38"":-84,""39"":8,""47"":-1,""48"":-1,""49"":-1,""50"":-4,""51"":-4,""52"":-3,""53"":-6,""54"":-6,""55"":-3,""56"":-4,""57"":-4,""58"":-1,""59"":-1,""60"":-1}",ba25ece04a9347ac69c65aa7e847bfe8f633a02eca51bde33ddd1e399831b255,ba25ece04a9347ac69c65aa7e847bfe8f633a02eca51bde33ddd1e399831b255,True,success
LLDBDLD,stress,7,3,3,1,"{""0"":1,""1"":-1,""2"":12,""3"":-11,""4"":66,""5"":-55,""6"":220,""7"":-165,""8"":495,""9"":-330,""10"":792,""11"":-462,""12"":924,""13"":-462,""14"":790,""15"":-309,""16"":373,""17"":332,""18"":-1351,""19"":4006,""20"":-8811,""21"":16773,""22"":-27897,""23"":41326,""24"":-55019,""25"":66323,""26"":-72731,""27"":72731,""28"":-66323,""29"":55020,""30"":-41327,""31"":27909,""32"":-16784,""33"":8877,""34"":-4061,""35"":1571,""36"":-497,""37"":122,""38"":-21,""39"":2,""52"":1,""53"":1,""54"":1,""55"":2,""56"":2,""57"":1,""58"":1,""59"":1}","{""0"":1,""1"":-1,""2"":12,""3"":-11,""4"":66,""5"":-55,""6"":220,""7"":-165,""8"":495,""9"":-330,""10"":792,""11"":-462,""12"":924,""13"":-462,""14"":790,""15"":-309,""16"":373,""17"":332,""18"":-1351,""19"":4006,""20"":-8811,""21"":16773,""22"":-27897,""23"":41326,""24"":-55019,""25"":66323,""26"":-72731,""27"":72731,""28"":-66323,""29"":55020,""30"":-41327,""31"":27909,""32"":-16784,""33"":8877,""34"":-4061,""35"":1571,""36"":-497,""37"":122,""38"":-21,""39"":2,""52"":1,""53"":1,""54"":1,""55"":2,""56"":2,""57"":1,""58"":1,""59"":1}",701f133b4c2b5d3eaf9c322b25df16102d47dfd6299beaf03ed1bdcdd46a6e8d,701f133b4c2b5d3eaf9c322b25df16102d47dfd6299beaf03ed1bdcdd46a6e8d,True,success
LLDDBBB,stress,7,2,2,3,"{""0"":1,""1"":-3,""2"":16,""3"":-37,""4"":111,""5"":-208,""6"":451,""7"":-705,""8"":1210,""9"":-1605,""10"":2277,""11"":-2586,""12"":3102,""13"":-3024,""14"":3094,""15"":-2502,""16"":1795,""17"":334,""18"":-4843,""19"":14770,""20"":-33056,""21"":62658,""22"":-103797,""23"":153149,""24"":-203306,""25"":244632,""26"":-268034,""27"":268035,""28"":-244635,""29"":203322,""30"":-153186,""31"":103908,""32"":-62866,""33"":33507,""34"":-15475,""35"":6053,""36"":-1939,""37"":482,""38"":-84,""39"":8,""47"":-1,""48"":-1,""49"":-1,""50"":-4,""51"":-4,""52"":-3,""53"":-6,""54"":-6,""55"":-3,""56"":-4,""57"":-4,""58"":-1,""59"":-1,""60"":-1}","{""0"":1,""1"":-3,""2"":16,""3"":-37,""4"":111,""5"":-208,""6"":451,""7"":-705,""8"":1210,""9"":-1605,""10"":2277,""11"":-2586,""12"":3102,""13"":-3024,""14"":3094,""15"":-2502,""16"":1795,""17"":334,""18"":-4843,""19"":14770,""20"":-33056,""21"":62658,""22"":-103797,""23"":153149,""24"":-203306,""25"":244632,""26"":-268034,""27"":268035,""28"":-244635,""29"":203322,""30"":-153186,""31"":103908,""32"":-62866,""33"":33507,""34"":-15475,""35"":6053,""36"":-1939,""37"":482,""38"":-84,""39"":8,""47"":-1,""48"":-1,""49"":-1,""50"":-4,""51"":-4,""52"":-3,""53"":-6,""54"":-6,""55"":-3,""56"":-4,""57"":-4,""58"":-1,""59"":-1,""60"":-1}",ba25ece04a9347ac69c65aa7e847bfe8f633a02eca51bde33ddd1e399831b255,ba25ece04a9347ac69c65aa7e847bfe8f633a02eca51bde33ddd1e399831b255,True,success
LLDDDBB,stress,7,2,3,2,"{""0"":1,""1"":-2,""2"":13,""3"":-22,""4"":76,""5"":-110,""6"":265,""7"":-330,""8"":615,""9"":-660,""10"":1002,""11"":-924,""12"":1176,""13"":-924,""14"":998,""15"":-620,""16"":394,""17"":527,""18"":-2315,""19"":6247,""20"":-13179,""21"":23904,""22"":-37999,""23"":53816,""24"":-68536,""25"":79027,""26"":-82832,""27"":79027,""28"":-68537,""29"":53818,""30"":-38012,""31"":23926,""32"":-13255,""33"":6357,""34"":-2580,""35"":857,""36"":-221,""37"":40,""38"":-4,""49"":1,""50"":1,""51"":1,""52"":3,""53"":3,""54"":2,""55"":3,""56"":3,""57"":1,""58"":1,""59"":1}","{""0"":1,""1"":-2,""2"":13,""3"":-22,""4"":76,""5"":-110,""6"":265,""7"":-330,""8"":615,""9"":-660,""10"":1002,""11"":-924,""12"":1176,""13"":-924,""14"":998,""15"":-620,""16"":394,""17"":527,""18"":-2315,""19"":6247,""20"":-13179,""21"":23904,""22"":-37999,""23"":53816,""24"":-68536,""25"":79027,""26"":-82832,""27"":79027,""28"":-68537,""29"":53818,""30"":-38012,""31"":23926,""32"":-13255,""33"":6357,""34"":-2580,""35"":857,""36"":-221,""37"":40,""38"":-4,""49"":1,""50"":1,""51"":1,""52"":3,""53"":3,""54"":2,""55"":3,""56"":3,""57"":1,""58"":1,""59"":1}",6e315839fe29aba3c64697b8637aa64dfccc40fbbdb0c9f203956b5577128862,6e315839fe29aba3c64697b8637aa64dfccc40fbbdb0c9f203956b5577128862,True,success
LLDDDBL,stress,7,3,3,1,"{""0"":1,""1"":-1,""2"":12,""3"":-11,""4"":66,""5"":-55,""6"":220,""7"":-165,""8"":495,""9"":-330,""10"":792,""11"":-462,""12"":924,""13"":-462,""14"":790,""15"":-309,""16"":373,""17"":332,""18"":-1351,""19"":4006,""20"":-8811,""21"":16773,""22"":-27897,""23"":41326,""24"":-55019,""25"":66323,""26"":-72731,""27"":72731,""28"":-66323,""29"":55020,""30"":-41327,""31"":27909,""32"":-16784,""33"":8877,""34"":-4061,""35"":1571,""36"":-497,""37"":122,""38"":-21,""39"":2,""52"":1,""53"":1,""54"":1,""55"":2,""56"":2,""57"":1,""58"":1,""59"":1}","{""0"":1,""1"":-1,""2"":12,""3"":-11,""4"":66,""5"":-55,""6"":220,""7"":-165,""8"":495,""9"":-330,""10"":792,""11"":-462,""12"":924,""13"":-462,""14"":790,""15"":-309,""16"":373,""17"":332,""18"":-1351,""19"":4006,""20"":-8811,""21"":16773,""22"":-27897,""23"":41326,""24"":-55019,""25"":66323,""26"":-72731,""27"":72731,""28"":-66323,""29"":55020,""30"":-41327,""31"":27909,""32"":-16784,""33"":8877,""34"":-4061,""35"":1571,""36"":-497,""37"":122,""38"":-21,""39"":2,""52"":1,""53"":1,""54"":1,""55"":2,""56"":2,""57"":1,""58"":1,""59"":1}",701f133b4c2b5d3eaf9c322b25df16102d47dfd6299beaf03ed1bdcdd46a6e8d,701f133b4c2b5d3eaf9c322b25df16102d47dfd6299beaf03ed1bdcdd46a6e8d,True,success
LLLDBBB,stress,7,3,1,3,"{""0"":1,""1"":-3,""2"":17,""3"":-40,""4"":127,""5"":-245,""6"":562,""7"":-913,""8"":1661,""9"":-2310,""10"":3487,""11"":-4191,""12"":5379,""13"":-5610,""14"":6196,""15"":-5518,""16"":4805,""17"":-1686,""18"":-4987,""19"":21157,""20"":-53374,""21"":110935,""22"":-199719,""23"":319715,""24"":-460289,""25"":601103,""26"":-715975,""27"":780702,""28"":-780704,""29"":715992,""30"":-601143,""31"":460416,""32"":-319960,""33"":200281,""34"":-111848,""35"":55035,""36"":-23467,""37"":8474,""38"":-2505,""39"":574,""40"":-92,""41"":8,""48"":1,""49"":1,""50"":1,""51"":4,""52"":4,""53"":3,""54"":6,""55"":6,""56"":3,""57"":4,""58"":4,""59"":1,""60"":1,""61"":1}","{""0"":1,""1"":-3,""2"":17,""3"":-40,""4"":127,""5"":-245,""6"":562,""7"":-913,""8"":1661,""9"":-2310,""10"":3487,""11"":-4191,""12"":5379,""13"":-5610,""14"":6196,""15"":-5518,""16"":4805,""17"":-1686,""18"":-4987,""19"":21157,""20"":-53374,""21"":110935,""22"":-199719,""23"":319715,""24"":-460289,""25"":601103,""26"":-715975,""27"":780702,""28"":-780704,""29"":715992,""30"":-601143,""31"":460416,""32"":-319960,""33"":200281,""34"":-111848,""35"":55035,""36"":-23467,""37"":8474,""38"":-2505,""39"":574,""40"":-92,""41"":8,""48"":1,""49"":1,""50"":1,""51"":4,""52"":4,""53"":3,""54"":6,""55"":6,""56"":3,""57"":4,""58"":4,""59"":1,""60"":1,""61"":1}",96f6e009cc1fa78ed07bf17e83c9c49721310ffe86fba12e76e7fc536676887d,96f6e009cc1fa78ed07bf17e83c9c49721310ffe86fba12e76e7fc536676887d,True,success
LLLDDBB,stress,7,3,2,2,"{""0"":1,""1"":-2,""2"":14,""3"":-24,""4"":89,""5"":-132,""6"":341,""7"":-440,""8"":880,""9"":-990,""10"":1617,""11"":-1584,""12"":2178,""13"":-1848,""14"":2174,""15"":-1540,""16"":1352,""17"":128,""18"":-2778,""19"":9354,""20"":-21851,""21"":43406,""22"":-75104,""23"":115732,""24"":-160353,""25"":201380,""26"":-230395,""27"":240886,""28"":-230396,""29"":201382,""30"":-160367,""31"":115756,""32"":-75193,""33"":43538,""34"":-22192,""35"":9794,""36"":-3658,""37"":1118,""38"":-265,""39"":44,""40"":-4,""50"":-1,""51"":-1,""52"":-1,""53"":-3,""54"":-3,""55"":-2,""56"":-3,""57"":-3,""58"":-1,""59"":-1,""60"":-1}","{""0"":1,""1"":-2,""2"":14,""3"":-24,""4"":89,""5"":-132,""6"":341,""7"":-440,""8"":880,""9"":-990,""10"":1617,""11"":-1584,""12"":2178,""13"":-1848,""14"":2174,""15"":-1540,""16"":1352,""17"":128,""18"":-2778,""19"":9354,""20"":-21851,""21"":43406,""22"":-75104,""23"":115732,""24"":-160353,""25"":201380,""26"":-230395,""27"":240886,""28"":-230396,""29"":201382,""30"":-160367,""31"":115756,""32"":-75193,""33"":43538,""34"":-22192,""35"":9794,""36"":-3658,""37"":1118,""38"":-265,""39"":44,""40"":-4,""50"":-1,""51"":-1,""52"":-1,""53"":-3,""54"":-3,""55"":-2,""56"":-3,""57"":-3,""58"":-1,""59"":-1,""60"":-1}",b8c1ea8254001eeb069e621f970d1dc3cbacc66afd557bf66cb80f5644b77b58,b8c1ea8254001eeb069e621f970d1dc3cbacc66afd557bf66cb80f5644b77b58,True,success
LLLDDDB,stress,7,3,3,1,"{""0"":1,""1"":-1,""2"":12,""3"":-11,""4"":66,""5"":-55,""6"":220,""7"":-165,""8"":495,""9"":-330,""10"":792,""11"":-462,""12"":924,""13"":-462,""14"":790,""15"":-309,""16"":373,""17"":332,""18"":-1351,""19"":4006,""20"":-8811,""21"":16773,""22"":-27897,""23"":41326,""24"":-55019,""25"":66323,""26"":-72731,""27"":72731,""28"":-66323,""29"":55020,""30"":-41327,""31"":27909,""32"":-16784,""33"":8877,""34"":-4061,""35"":1571,""36"":-497,""37"":122,""38"":-21,""39"":2,""52"":1,""53"":1,""54"":1,""55"":2,""56"":2,""57"":1,""58"":1,""59"":1}","{""0"":1,""1"":-1,""2"":12,""3"":-11,""4"":66,""5"":-55,""6"":220,""7"":-165,""8"":495,""9"":-330,""10"":792,""11"":-462,""12"":924,""13"":-462,""14"":790,""15"":-309,""16"":373,""17"":332,""18"":-1351,""19"":4006,""20"":-8811,""21"":16773,""22"":-27897,""23"":41326,""24"":-55019,""25"":66323,""26"":-72731,""27"":72731,""28"":-66323,""29"":55020,""30"":-41327,""31"":27909,""32"":-16784,""33"":8877,""34"":-4061,""35"":1571,""36"":-497,""37"":122,""38"":-21,""39"":2,""52"":1,""53"":1,""54"":1,""55"":2,""56"":2,""57"":1,""58"":1,""59"":1}",701f133b4c2b5d3eaf9c322b25df16102d47dfd6299beaf03ed1bdcdd46a6e8d,701f133b4c2b5d3eaf9c322b25df16102d47dfd6299beaf03ed1bdcdd46a6e8d,True,success
