word,word_length,n_A,n_B,vertices,edges,selected_crossings,raw_coefficients_json,normalized_coefficients_json,raw_polynomial_sha256,normalized_polynomial_sha256,status
,0,0,0,8,12,0,"{""-5"":1,""-4"":1,""-3"":5,""-2"":4,""-1"":10,""0"":6,""1"":10,""2"":4,""3"":5,""4"":1,""5"":1}","{""0"":-1,""1"":-1,""2"":-5,""3"":-4,""4"":-10,""5"":-6,""6"":-10,""7"":-4,""8"":-5,""9"":-1,""10"":-1}",5fa3ca52d0fde8491c06a69e86bf352535032da7aa01758684b642f92aff49a7,cf3b561b2697182869e54c5bac32fdc030cd8436c6c9c4fc6c7c948c21bbdfc3,success
A,1,1,0,8,12,2,"{""-8"":1,""-7"":1,""-6"":3,""-5"":4,""-4"":3,""-3"":7,""-2"":1,""-1"":8,""0"":1,""1"":7,""2"":3,""3"":4,""4"":3,""5"":1,""6"":1}","{""0"":1,""1"":1,""2"":3,""3"":4,""4"":3,""5"":7,""6"":1,""7"":8,""8"":1,""9"":7,""10"":3,""11"":4,""12"":3,""13"":1,""14"":1}",dbb9aed5f1e90d9b815494a8ed21c24d5c5e5667bf347aea7d1366c9e0b7f5c0,8295e0fa31c2c7db9e28310f15167a04acd18c98a10f58dd2c7dfeaa0cc51bc4,success
B,1,0,1,8,12,2,"{""-8"":1,""-7"":-1,""-6"":3,""-5"":1,""-4"":3,""-3"":8,""-2"":1,""-1"":12,""1"":9,""2"":2,""3"":3,""4"":4,""6"":2}","{""0"":1,""1"":-1,""2"":3,""3"":1,""4"":3,""5"":8,""6"":1,""7"":12,""9"":9,""10"":2,""11"":3,""12"":4,""14"":2}",4abd598fb2bc75175d8b2297dc9928635b01962a9879aa6dc537358e46cc021a,88344674e4494db3d631bf0e84450cc9f05cd3a56dc8b22200ae7eae0766d34c,success
AA,2,2,0,8,12,4,"{""-12"":1,""-10"":4,""-9"":1,""-8"":5,""-7"":4,""-6"":1,""-5"":7,""-4"":-3,""-3"":7,""-2"":-3,""-1"":4,""1"":2,""2"":3,""3"":3,""4"":4,""5"":3,""6"":3,""7"":1,""8"":1}","{""0"":1,""2"":4,""3"":1,""4"":5,""5"":4,""6"":1,""7"":7,""8"":-3,""9"":7,""10"":-3,""11"":4,""13"":2,""14"":3,""15"":3,""16"":4,""17"":3,""18"":3,""19"":1,""20"":1}",fc737cbd094177862fec0cb40c504744d44cd63ed3e7744c0b56547dbdc804ae,8e7c67c4b0e8f82b5e7ae9c8c9362b2a9bfa632f925053529e6207b293802574,success
AB,2,1,1,8,12,4,"{""-11"":1,""-10"":-1,""-9"":1,""-8"":5,""-7"":-4,""-6"":9,""-5"":2,""-4"":-1,""-3"":13,""-2"":-7,""-1"":15,""0"":-3,""1"":6,""2"":7,""3"":-4,""4"":7,""7"":2}","{""0"":-1,""1"":1,""2"":-1,""3"":-5,""4"":4,""5"":-9,""6"":-2,""7"":1,""8"":-13,""9"":7,""10"":-15,""11"":3,""12"":-6,""13"":-7,""14"":4,""15"":-7,""18"":-2}",2ea960a8ca36a23311e883a0e6e7ec4a558ff9789dabfbdcbebadbf8ad174330,efc0853b20e364eb558e0e2682a4d4941c4cfd26068d1c778605a458af669190,success
BA,2,1,1,8,12,4,"{""-11"":1,""-10"":-1,""-9"":1,""-8"":5,""-7"":-4,""-6"":9,""-5"":2,""-4"":-1,""-3"":13,""-2"":-7,""-1"":15,""0"":-3,""1"":6,""2"":7,""3"":-4,""4"":7,""7"":2}","{""0"":-1,""1"":1,""2"":-1,""3"":-5,""4"":4,""5"":-9,""6"":-2,""7"":1,""8"":-13,""9"":7,""10"":-15,""11"":3,""12"":-6,""13"":-7,""14"":4,""15"":-7,""18"":-2}",2ea960a8ca36a23311e883a0e6e7ec4a558ff9789dabfbdcbebadbf8ad174330,efc0853b20e364eb558e0e2682a4d4941c4cfd26068d1c778605a458af669190,success
BB,2,0,2,8,12,4,"{""-12"":1,""-11"":-2,""-10"":5,""-9"":-5,""-8"":6,""-7"":1,""-5"":12,""-4"":-5,""-3"":14,""-2"":-5,""-1"":7,""1"":1,""2"":4,""3"":2,""4"":4,""5"":2,""6"":4,""8"":2}","{""0"":1,""1"":-2,""2"":5,""3"":-5,""4"":6,""5"":1,""7"":12,""8"":-5,""9"":14,""10"":-5,""11"":7,""13"":1,""14"":4,""15"":2,""16"":4,""17"":2,""18"":4,""20"":2}",2340e2a31a9a1a2c6102310c4b4dd90a1a483ea6ec9d3c66bd647b2fc9b3a75d,9ccbc6fd4cec818604c49c22dc32a20341dfe040c52fda4ac032e9f06d66c65c,success
AAA,3,3,0,8,12,6,"{""-16"":1,""-14"":4,""-12"":6,""-11"":1,""-10"":3,""-9"":4,""-8"":-2,""-7"":7,""-6"":-4,""-5"":7,""-4"":-3,""-3"":4,""-2"":-1,""-1"":1,""2"":1,""3"":1,""4"":3,""5"":3,""6"":4,""7"":3,""8"":3,""9"":1,""10"":1}","{""0"":1,""2"":4,""4"":6,""5"":1,""6"":3,""7"":4,""8"":-2,""9"":7,""10"":-4,""11"":7,""12"":-3,""13"":4,""14"":-1,""15"":1,""18"":1,""19"":1,""20"":3,""21"":3,""22"":4,""23"":3,""24"":3,""25"":1,""26"":1}",68bdc27d1bb48c7ca6fa867ea6fe100adbbd87745f0c76067415287d31da02b7,2413329b3c04370dc1cce27c65e3a26ef1f3f7572e40948426a73a3c44311df6,success
AAB,3,2,1,8,12,6,"{""-15"":1,""-14"":-2,""-13"":4,""-11"":-3,""-10"":15,""-9"":-12,""-8"":11,""-7"":6,""-6"":-10,""-5"":19,""-4"":-14,""-3"":15,""-2"":-5,""0"":10,""1"":-5,""2"":5,""3"":5,""4"":1,""6"":5,""9"":2}","{""0"":-1,""1"":2,""2"":-4,""4"":3,""5"":-15,""6"":12,""7"":-11,""8"":-6,""9"":10,""10"":-19,""11"":14,""12"":-15,""13"":5,""15"":-10,""16"":5,""17"":-5,""18"":-5,""19"":-1,""21"":-5,""24"":-2}",67dda6165a8709531050425eb0b649b9e363864e7617d83517d13c9704b9a8ef,d6a0147f9b97f812b67d261a928d50384e4efdad1b55b90f6c709deeea9a3ba4,success
ABA,3,2,1,8,12,6,"{""-14"":1,""-13"":1,""-12"":-1,""-11"":6,""-10"":3,""-9"":-7,""-8"":17,""-7"":-8,""-6"":1,""-5"":14,""-4"":-14,""-3"":20,""-2"":-13,""-1"":11,""0"":4,""1"":-9,""2"":15,""3"":-3,""5"":6,""6"":1,""8"":2,""9"":1}","{""0"":1,""1"":1,""2"":-1,""3"":6,""4"":3,""5"":-7,""6"":17,""7"":-8,""8"":1,""9"":14,""10"":-14,""11"":20,""12"":-13,""13"":11,""14"":4,""15"":-9,""16"":15,""17"":-3,""19"":6,""20"":1,""22"":2,""23"":1}",9b5a9ee630e243bdab3eb6b5e40e60b46cb3fc1fb137fdc1723d9deabda34b46,45ba0528006ae7de4cf3b6b6f09040ba4ed0d74d78c6afbc880e0c41e62daa7e,success
ABB,3,1,2,8,12,6,"{""-15"":1,""-14"":-2,""-13"":3,""-12"":1,""-11"":-7,""-10"":17,""-9"":-13,""-8"":9,""-7"":9,""-6"":-13,""-5"":21,""-4"":-15,""-3"":17,""-2"":-3,""-1"":1,""0"":11,""1"":-4,""2"":3,""3"":4,""4"":2,""5"":-2,""6"":6,""9"":2}","{""0"":-1,""1"":2,""2"":-3,""3"":-1,""4"":7,""5"":-17,""6"":13,""7"":-9,""8"":-9,""9"":13,""10"":-21,""11"":15,""12"":-17,""13"":3,""14"":-1,""15"":-11,""16"":4,""17"":-3,""18"":-4,""19"":-2,""20"":2,""21"":-6,""24"":-2}",4c61b4bb7b5b065e009fb692badb629e92d299c377dda0b71e4c670431033a0a,e46265724ae3fca397f587c2540fe58e590959f299f978539bc918c36aa2fd1d,success
BAA,3,2,1,8,12,6,"{""-15"":1,""-14"":-2,""-13"":4,""-11"":-3,""-10"":15,""-9"":-12,""-8"":11,""-7"":6,""-6"":-10,""-5"":19,""-4"":-14,""-3"":15,""-2"":-5,""0"":10,""1"":-5,""2"":5,""3"":5,""4"":1,""6"":5,""9"":2}","{""0"":-1,""1"":2,""2"":-4,""4"":3,""5"":-15,""6"":12,""7"":-11,""8"":-6,""9"":10,""10"":-19,""11"":14,""12"":-15,""13"":5,""15"":-10,""16"":5,""17"":-5,""18"":-5,""19"":-1,""21"":-5,""24"":-2}",67dda6165a8709531050425eb0b649b9e363864e7617d83517d13c9704b9a8ef,d6a0147f9b97f812b67d261a928d50384e4efdad1b55b90f6c709deeea9a3ba4,success
BAB,3,1,2,8,12,6,"{""-14"":1,""-13"":-1,""-11"":5,""-10"":-1,""-9"":-5,""-8"":20,""-7"":-13,""-6"":6,""-5"":14,""-4"":-16,""-3"":24,""-2"":-17,""-1"":18,""0"":-1,""1"":-8,""2"":19,""3"":-9,""4"":2,""5"":7,""7"":-1,""8"":3,""9"":1}","{""0"":1,""1"":-1,""3"":5,""4"":-1,""5"":-5,""6"":20,""7"":-13,""8"":6,""9"":14,""10"":-16,""11"":24,""12"":-17,""13"":18,""14"":-1,""15"":-8,""16"":19,""17"":-9,""18"":2,""19"":7,""21"":-1,""22"":3,""23"":1}",a643190df716ec62eefc209e45910feb487e43ada6e453c2a62e9dd9d6e472bf,7a6f14586dad25b8da9bb248dee709136fe9a2242e70e632da61c869b71e6dda,success
BBA,3,1,2,8,12,6,"{""-15"":1,""-14"":-2,""-13"":3,""-12"":1,""-11"":-7,""-10"":17,""-9"":-13,""-8"":9,""-7"":9,""-6"":-13,""-5"":21,""-4"":-15,""-3"":17,""-2"":-3,""-1"":1,""0"":11,""1"":-4,""2"":3,""3"":4,""4"":2,""5"":-2,""6"":6,""9"":2}","{""0"":-1,""1"":2,""2"":-3,""3"":-1,""4"":7,""5"":-17,""6"":13,""7"":-9,""8"":-9,""9"":13,""10"":-21,""11"":15,""12"":-17,""13"":3,""14"":-1,""15"":-11,""16"":4,""17"":-3,""18"":-4,""19"":-2,""20"":2,""21"":-6,""24"":-2}",4c61b4bb7b5b065e009fb692badb629e92d299c377dda0b71e4c670431033a0a,e46265724ae3fca397f587c2540fe58e590959f299f978539bc918c36aa2fd1d,success
BBB,3,0,3,8,12,6,"{""-16"":1,""-15"":-2,""-14"":5,""-13"":-6,""-12"":8,""-11"":-5,""-10"":3,""-9"":5,""-8"":-4,""-7"":14,""-6"":-6,""-5"":14,""-4"":-5,""-3"":7,""-2"":-2,""-1"":1,""2"":2,""4"":4,""5"":2,""6"":4,""7"":2,""8"":4,""10"":2}","{""0"":1,""1"":-2,""2"":5,""3"":-6,""4"":8,""5"":-5,""6"":3,""7"":5,""8"":-4,""9"":14,""10"":-6,""11"":14,""12"":-5,""13"":7,""14"":-2,""15"":1,""18"":2,""20"":4,""21"":2,""22"":4,""23"":2,""24"":4,""26"":2}",13f0529724b9843faa91ec71a63a705508d71dc623803011bb0c1499765a883f,a2a12ec8cd2c307a3a8b8ec0883f238a1d56e3b1e0934f2876daf4ef892782de,success
AAAA,4,4,0,8,12,8,"{""-20"":1,""-18"":4,""-16"":6,""-14"":4,""-13"":1,""-11"":4,""-10"":-3,""-9"":7,""-8"":-4,""-7"":7,""-6"":-3,""-5"":4,""-4"":-1,""-3"":1,""4"":1,""5"":1,""6"":3,""7"":3,""8"":4,""9"":3,""10"":3,""11"":1,""12"":1}","{""0"":1,""2"":4,""4"":6,""6"":4,""7"":1,""9"":4,""10"":-3,""11"":7,""12"":-4,""13"":7,""14"":-3,""15"":4,""16"":-1,""17"":1,""24"":1,""25"":1,""26"":3,""27"":3,""28"":4,""29"":3,""30"":3,""31"":1,""32"":1}",d115d36b7b5ad2a6aa4acc1da8a7c1cfc370a0c7a75c836c652ca7924c12080b,ced340e9f492a382e53a73ceb45eee97842db85711df64e14b90c2656d8ac123,success
AAAB,4,3,1,8,12,8,"{""-19"":1,""-18"":-2,""-17"":4,""-16"":-1,""-14"":10,""-13"":-11,""-12"":17,""-11"":-7,""-10"":1,""-9"":13,""-8"":-13,""-7"":17,""-6"":-12,""-5"":12,""-4"":-4,""-3"":-1,""-2"":6,""-1"":-3,""0"":1,""1"":1,""2"":4,""3"":-1,""4"":3,""5"":5,""6"":1,""8"":5,""11"":2}","{""0"":-1,""1"":2,""2"":-4,""3"":1,""5"":-10,""6"":11,""7"":-17,""8"":7,""9"":-1,""10"":-13,""11"":13,""12"":-17,""13"":12,""14"":-12,""15"":4,""16"":1,""17"":-6,""18"":3,""19"":-1,""20"":-1,""21"":-4,""22"":1,""23"":-3,""24"":-5,""25"":-1,""27"":-5,""30"":-2}",f57a3789ff3ce9b75b108b43f4b58efdfeeeb0beb8a905ec106b5ad23844bb40,cf2fd8a3cc2451a05eea54ada6331a8aa047ff683dba5e746c7b18eed8e286b3,success
AABA,4,3,1,8,12,8,"{""-18"":1,""-16"":1,""-15"":5,""-14"":-4,""-13"":6,""-12"":10,""-11"":-19,""-10"":26,""-9"":-7,""-8"":-8,""-7"":23,""-6"":-22,""-5"":22,""-4"":-17,""-3"":8,""-2"":9,""-1"":-16,""0"":14,""1"":2,""2"":-6,""3"":5,""4"":7,""5"":-3,""6"":2,""7"":5,""8"":1,""10"":2,""11"":1}","{""0"":1,""2"":1,""3"":5,""4"":-4,""5"":6,""6"":10,""7"":-19,""8"":26,""9"":-7,""10"":-8,""11"":23,""12"":-22,""13"":22,""14"":-17,""15"":8,""16"":9,""17"":-16,""18"":14,""19"":2,""20"":-6,""21"":5,""22"":7,""23"":-3,""24"":2,""25"":5,""26"":1,""28"":2,""29"":1}",c8db5ecefa28261e75fd895325a4926d12f750f51cd0572f30830839d056a3dd,9f2dabdac149e6afdc3423734db462697755d0ff1991217d8282f78fd223a2f0,success
AABB,4,2,2,8,12,8,"{""-19"":1,""-18"":-3,""-17"":7,""-16"":-8,""-15"":4,""-14"":12,""-13"":-25,""-12"":35,""-11"":-19,""-9"":22,""-8"":-25,""-7"":26,""-6"":-19,""-5"":17,""-4"":-2,""-3"":-4,""-2"":11,""-1"":3,""0"":-3,""1"":4,""2"":11,""3"":-12,""4"":7,""5"":4,""6"":-4,""7"":2,""8"":4,""11"":2}","{""0"":-1,""1"":3,""2"":-7,""3"":8,""4"":-4,""5"":-12,""6"":25,""7"":-35,""8"":19,""10"":-22,""11"":25,""12"":-26,""13"":19,""14"":-17,""15"":2,""16"":4,""17"":-11,""18"":-3,""19"":3,""20"":-4,""21"":-11,""22"":12,""23"":-7,""24"":-4,""25"":4,""26"":-2,""27"":-4,""30"":-2}",77a3fb5981490a9b836290eae72853932d540592fd013d6f80d9486d6dea0a03,41c72780f73a75a02a35631f48007aeed6fba848f13f482307931de74f75dc55,success
ABAA,4,3,1,8,12,8,"{""-18"":1,""-16"":1,""-15"":5,""-14"":-4,""-13"":6,""-12"":10,""-11"":-19,""-10"":26,""-9"":-7,""-8"":-8,""-7"":23,""-6"":-22,""-5"":22,""-4"":-17,""-3"":8,""-2"":9,""-1"":-16,""0"":14,""1"":2,""2"":-6,""3"":5,""4"":7,""5"":-3,""6"":2,""7"":5,""8"":1,""10"":2,""11"":1}","{""0"":1,""2"":1,""3"":5,""4"":-4,""5"":6,""6"":10,""7"":-19,""8"":26,""9"":-7,""10"":-8,""11"":23,""12"":-22,""13"":22,""14"":-17,""15"":8,""16"":9,""17"":-16,""18"":14,""19"":2,""20"":-6,""21"":5,""22"":7,""23"":-3,""24"":2,""25"":5,""26"":1,""28"":2,""29"":1}",c8db5ecefa28261e75fd895325a4926d12f750f51cd0572f30830839d056a3dd,9f2dabdac149e6afdc3423734db462697755d0ff1991217d8282f78fd223a2f0,success
ABAB,4,2,2,8,12,8,"{""-17"":1,""-16"":-1,""-15"":1,""-14"":4,""-13"":1,""-12"":-1,""-11"":3,""-10"":14,""-9"":-22,""-8"":19,""-7"":2,""-6"":-15,""-5"":26,""-4"":-22,""-3"":27,""-2"":-16,""-1"":7,""0"":16,""1"":-19,""2"":14,""3"":2,""4"":-3,""6"":6,""9"":2,""10"":1,""11"":1}","{""0"":-1,""1"":1,""2"":-1,""3"":-4,""4"":-1,""5"":1,""6"":-3,""7"":-14,""8"":22,""9"":-19,""10"":-2,""11"":15,""12"":-26,""13"":22,""14"":-27,""15"":16,""16"":-7,""17"":-16,""18"":19,""19"":-14,""20"":-2,""21"":3,""23"":-6,""26"":-2,""27"":-1,""28"":-1}",c0a5f833a5abe0dfcd86640a06274a9286593aa517fd399a8e9b654b75b61ef0,281aedd9f97bf7e31fd41e125397450011473f17c9bc658e13ba6a8888d710af,success
ABBA,4,2,2,8,12,8,"{""-18"":1,""-16"":-2,""-15"":10,""-14"":-9,""-13"":1,""-12"":24,""-11"":-36,""-10"":29,""-9"":-1,""-8"":-21,""-7"":32,""-6"":-25,""-5"":28,""-4"":-14,""-3"":5,""-2"":19,""-1"":-16,""0"":7,""1"":12,""2"":-8,""3"":-4,""4"":14,""5"":-7,""6"":-1,""7"":7,""10"":2,""11"":1}","{""0"":1,""2"":-2,""3"":10,""4"":-9,""5"":1,""6"":24,""7"":-36,""8"":29,""9"":-1,""10"":-21,""11"":32,""12"":-25,""13"":28,""14"":-14,""15"":5,""16"":19,""17"":-16,""18"":7,""19"":12,""20"":-8,""21"":-4,""22"":14,""23"":-7,""24"":-1,""25"":7,""28"":2,""29"":1}",b275401942dc8ca1e5a740a061a89f56d0a08d14245576b8e4a0884632cd79e7,acdc0efb6f5c5f76d813e7e8deea7e892d857c6f0f971de21eb4d8e09d2fc9fb,success
ABBB,4,1,3,8,12,8,"{""-19"":1,""-18"":-2,""-17"":3,""-15"":-5,""-14"":13,""-13"":-16,""-12"":17,""-11"":-4,""-10"":-3,""-9"":17,""-8"":-15,""-7"":19,""-6"":-13,""-5"":14,""-4"":-3,""-3"":1,""-2"":5,""0"":1,""2"":6,""3"":-2,""4"":2,""5"":4,""6"":2,""7"":-2,""8"":6,""11"":2}","{""0"":-1,""1"":2,""2"":-3,""4"":5,""5"":-13,""6"":16,""7"":-17,""8"":4,""9"":3,""10"":-17,""11"":15,""12"":-19,""13"":13,""14"":-14,""15"":3,""16"":-1,""17"":-5,""19"":-1,""21"":-6,""22"":2,""23"":-2,""24"":-4,""25"":-2,""26"":2,""27"":-6,""30"":-2}",9b224ae5e036c27e8258a1262e40490c473bebf1c0515e912f0432bd933e8399,e568319c79f1364cfbb4eccda4484e74b32834a47b91d521493a2635c49f437d,success
BAAA,4,3,1,8,12,8,"{""-19"":1,""-18"":-2,""-17"":4,""-16"":-1,""-14"":10,""-13"":-11,""-12"":17,""-11"":-7,""-10"":1,""-9"":13,""-8"":-13,""-7"":17,""-6"":-12,""-5"":12,""-4"":-4,""-3"":-1,""-2"":6,""-1"":-3,""0"":1,""1"":1,""2"":4,""3"":-1,""4"":3,""5"":5,""6"":1,""8"":5,""11"":2}","{""0"":-1,""1"":2,""2"":-4,""3"":1,""5"":-10,""6"":11,""7"":-17,""8"":7,""9"":-1,""10"":-13,""11"":13,""12"":-17,""13"":12,""14"":-12,""15"":4,""16"":1,""17"":-6,""18"":3,""19"":-1,""20"":-1,""21"":-4,""22"":1,""23"":-3,""24"":-5,""25"":-1,""27"":-5,""30"":-2}",f57a3789ff3ce9b75b108b43f4b58efdfeeeb0beb8a905ec106b5ad23844bb40,cf2fd8a3cc2451a05eea54ada6331a8aa047ff683dba5e746c7b18eed8e286b3,success
BAAB,4,2,2,8,12,8,"{""-18"":1,""-17"":-2,""-16"":1,""-15"":8,""-14"":-16,""-13"":16,""-12"":13,""-11"":-40,""-10"":51,""-9"":-17,""-8"":-16,""-7"":37,""-6"":-31,""-5"":30,""-4"":-25,""-3"":13,""-2"":18,""-1"":-28,""0"":21,""1"":14,""2"":-20,""3"":7,""4"":16,""5"":-15,""6"":2,""7"":9,""8"":-2,""9"":-1,""10"":3,""11"":1}","{""0"":1,""1"":-2,""2"":1,""3"":8,""4"":-16,""5"":16,""6"":13,""7"":-40,""8"":51,""9"":-17,""10"":-16,""11"":37,""12"":-31,""13"":30,""14"":-25,""15"":13,""16"":18,""17"":-28,""18"":21,""19"":14,""20"":-20,""21"":7,""22"":16,""23"":-15,""24"":2,""25"":9,""26"":-2,""27"":-1,""28"":3,""29"":1}",16666db0be8c3e3ea64aa8d4cd2858ab147e4e5e078452f41210f44389848565,d0085aa9f7620dfe5bfe8ab1a116c30f4b7b8943209476e8916c433d535266f7,success
BABA,4,2,2,8,12,8,"{""-17"":1,""-16"":-1,""-15"":1,""-14"":4,""-13"":1,""-12"":-1,""-11"":3,""-10"":14,""-9"":-22,""-8"":19,""-7"":2,""-6"":-15,""-5"":26,""-4"":-22,""-3"":27,""-2"":-16,""-1"":7,""0"":16,""1"":-19,""2"":14,""3"":2,""4"":-3,""6"":6,""9"":2,""10"":1,""11"":1}","{""0"":-1,""1"":1,""2"":-1,""3"":-4,""4"":-1,""5"":1,""6"":-3,""7"":-14,""8"":22,""9"":-19,""10"":-2,""11"":15,""12"":-26,""13"":22,""14"":-27,""15"":16,""16"":-7,""17"":-16,""18"":19,""19"":-14,""20"":-2,""21"":3,""23"":-6,""26"":-2,""27"":-1,""28"":-1}",c0a5f833a5abe0dfcd86640a06274a9286593aa517fd399a8e9b654b75b61ef0,281aedd9f97bf7e31fd41e125397450011473f17c9bc658e13ba6a8888d710af,success
BABB,4,1,3,8,12,8,"{""-18"":1,""-17"":-2,""-16"":3,""-15"":1,""-14"":-6,""-13"":10,""-12"":4,""-11"":-22,""-10"":38,""-9"":-18,""-8"":-6,""-7"":30,""-6"":-28,""-5"":31,""-4"":-24,""-3"":19,""-2"":6,""-1"":-22,""0"":23,""1"":-2,""2"":-11,""3"":10,""4"":8,""5"":-9,""6"":5,""7"":6,""9"":-1,""10"":3,""11"":1}","{""0"":1,""1"":-2,""2"":3,""3"":1,""4"":-6,""5"":10,""6"":4,""7"":-22,""8"":38,""9"":-18,""10"":-6,""11"":30,""12"":-28,""13"":31,""14"":-24,""15"":19,""16"":6,""17"":-22,""18"":23,""19"":-2,""20"":-11,""21"":10,""22"":8,""23"":-9,""24"":5,""25"":6,""27"":-1,""28"":3,""29"":1}",36f7eff20a691c2a478561d68188fb89764f821475ff5aa06d66f528607269ca,fcbc4a4661eb780a8d1de2aecb3f55b705ecaf48414884262fb9cb27b6d07c40,success
BBAA,4,2,2,8,12,8,"{""-19"":1,""-18"":-3,""-17"":7,""-16"":-8,""-15"":4,""-14"":12,""-13"":-25,""-12"":35,""-11"":-19,""-9"":22,""-8"":-25,""-7"":26,""-6"":-19,""-5"":17,""-4"":-2,""-3"":-4,""-2"":11,""-1"":3,""0"":-3,""1"":4,""2"":11,""3"":-12,""4"":7,""5"":4,""6"":-4,""7"":2,""8"":4,""11"":2}","{""0"":-1,""1"":3,""2"":-7,""3"":8,""4"":-4,""5"":-12,""6"":25,""7"":-35,""8"":19,""10"":-22,""11"":25,""12"":-26,""13"":19,""14"":-17,""15"":2,""16"":4,""17"":-11,""18"":-3,""19"":3,""20"":-4,""21"":-11,""22"":12,""23"":-7,""24"":-4,""25"":4,""26"":-2,""27"":-4,""30"":-2}",77a3fb5981490a9b836290eae72853932d540592fd013d6f80d9486d6dea0a03,41c72780f73a75a02a35631f48007aeed6fba848f13f482307931de74f75dc55,success
BBAB,4,1,3,8,12,8,"{""-18"":1,""-17"":-2,""-16"":3,""-15"":1,""-14"":-6,""-13"":10,""-12"":4,""-11"":-22,""-10"":38,""-9"":-18,""-8"":-6,""-7"":30,""-6"":-28,""-5"":31,""-4"":-24,""-3"":19,""-2"":6,""-1"":-22,""0"":23,""1"":-2,""2"":-11,""3"":10,""4"":8,""5"":-9,""6"":5,""7"":6,""9"":-1,""10"":3,""11"":1}","{""0"":1,""1"":-2,""2"":3,""3"":1,""4"":-6,""5"":10,""6"":4,""7"":-22,""8"":38,""9"":-18,""10"":-6,""11"":30,""12"":-28,""13"":31,""14"":-24,""15"":19,""16"":6,""17"":-22,""18"":23,""19"":-2,""20"":-11,""21"":10,""22"":8,""23"":-9,""24"":5,""25"":6,""27"":-1,""28"":3,""29"":1}",36f7eff20a691c2a478561d68188fb89764f821475ff5aa06d66f528607269ca,fcbc4a4661eb780a8d1de2aecb3f55b705ecaf48414884262fb9cb27b6d07c40,success
BBBA,4,1,3,8,12,8,"{""-19"":1,""-18"":-2,""-17"":3,""-15"":-5,""-14"":13,""-13"":-16,""-12"":17,""-11"":-4,""-10"":-3,""-9"":17,""-8"":-15,""-7"":19,""-6"":-13,""-5"":14,""-4"":-3,""-3"":1,""-2"":5,""0"":1,""2"":6,""3"":-2,""4"":2,""5"":4,""6"":2,""7"":-2,""8"":6,""11"":2}","{""0"":-1,""1"":2,""2"":-3,""4"":5,""5"":-13,""6"":16,""7"":-17,""8"":4,""9"":3,""10"":-17,""11"":15,""12"":-19,""13"":13,""14"":-14,""15"":3,""16"":-1,""17"":-5,""19"":-1,""21"":-6,""22"":2,""23"":-2,""24"":-4,""25"":-2,""26"":2,""27"":-6,""30"":-2}",9b224ae5e036c27e8258a1262e40490c473bebf1c0515e912f0432bd933e8399,e568319c79f1364cfbb4eccda4484e74b32834a47b91d521493a2635c49f437d,success
BBBB,4,0,4,8,12,8,"{""-20"":1,""-19"":-2,""-18"":5,""-17"":-6,""-16"":8,""-15"":-6,""-14"":5,""-13"":-1,""-12"":-1,""-11"":7,""-10"":-5,""-9"":14,""-8"":-6,""-7"":14,""-6"":-5,""-5"":7,""-4"":-2,""-3"":1,""4"":2,""6"":4,""7"":2,""8"":4,""9"":2,""10"":4,""12"":2}","{""0"":1,""1"":-2,""2"":5,""3"":-6,""4"":8,""5"":-6,""6"":5,""7"":-1,""8"":-1,""9"":7,""10"":-5,""11"":14,""12"":-6,""13"":14,""14"":-5,""15"":7,""16"":-2,""17"":1,""24"":2,""26"":4,""27"":2,""28"":4,""29"":2,""30"":4,""32"":2}",1f7975230c321653624493e57670de8f2ed5a60bdf41dc41639be6038396fcb5,d02c5166b8091c8f1782b8b8e9acb823217b71f844bd5037401a277b3dc83060,success
AAAAA,5,5,0,8,12,10,"{""-24"":1,""-22"":4,""-20"":6,""-18"":4,""-16"":1,""-15"":1,""-14"":-1,""-13"":4,""-12"":-3,""-11"":7,""-10"":-4,""-9"":7,""-8"":-3,""-7"":4,""-6"":-1,""-5"":1,""6"":1,""7"":1,""8"":3,""9"":3,""10"":4,""11"":3,""12"":3,""13"":1,""14"":1}","{""0"":1,""2"":4,""4"":6,""6"":4,""8"":1,""9"":1,""10"":-1,""11"":4,""12"":-3,""13"":7,""14"":-4,""15"":7,""16"":-3,""17"":4,""18"":-1,""19"":1,""30"":1,""31"":1,""32"":3,""33"":3,""34"":4,""35"":3,""36"":3,""37"":1,""38"":1}",dd68f04136cbf70934e5326a28fa645119154f5d9cc44188fda8020642351f0e,e313175944b4d09b8a71c9034c7b83edeeafb347f712ba3c85c831e7eb749c71,success
AAAAB,5,4,1,8,12,10,"{""-23"":1,""-22"":-2,""-21"":4,""-20"":-1,""-18"":9,""-17"":-8,""-16"":12,""-15"":-6,""-14"":7,""-12"":-2,""-11"":11,""-10"":-11,""-9"":15,""-8"":-12,""-7"":12,""-6"":-4,""-5"":-1,""-4"":6,""-3"":-4,""-2"":2,""1"":1,""2"":-1,""3"":1,""4"":4,""5"":-1,""6"":3,""7"":5,""8"":1,""10"":5,""13"":2}","{""0"":-1,""1"":2,""2"":-4,""3"":1,""5"":-9,""6"":8,""7"":-12,""8"":6,""9"":-7,""11"":2,""12"":-11,""13"":11,""14"":-15,""15"":12,""16"":-12,""17"":4,""18"":1,""19"":-6,""20"":4,""21"":-2,""24"":-1,""25"":1,""26"":-1,""27"":-4,""28"":1,""29"":-3,""30"":-5,""31"":-1,""33"":-5,""36"":-2}",94539a77892d8b9104aad82826752dd182b2a314ba80836ce37eea05250982f6,113d1cb6ba3917b8092ae9c1bd19b4856af3a2f88bb6eb9a617c8c9caaecd4d4,success
AAABA,5,4,1,8,12,10,"{""-22"":1,""-20"":1,""-19"":4,""-18"":-2,""-17"":5,""-16"":3,""-15"":-6,""-14"":19,""-13"":-19,""-12"":16,""-11"":5,""-10"":-17,""-9"":23,""-8"":-19,""-7"":19,""-6"":-14,""-5"":5,""-4"":10,""-3"":-14,""-2"":7,""-1"":3,""0"":-3,""1"":-2,""2"":6,""3"":2,""4"":-4,""5"":4,""6"":7,""7"":-3,""8"":2,""9"":5,""10"":1,""12"":2,""13"":1}","{""0"":1,""2"":1,""3"":4,""4"":-2,""5"":5,""6"":3,""7"":-6,""8"":19,""9"":-19,""10"":16,""11"":5,""12"":-17,""13"":23,""14"":-19,""15"":19,""16"":-14,""17"":5,""18"":10,""19"":-14,""20"":7,""21"":3,""22"":-3,""23"":-2,""24"":6,""25"":2,""26"":-4,""27"":4,""28"":7,""29"":-3,""30"":2,""31"":5,""32"":1,""34"":2,""35"":1}",5728569d36690bfb95aa5899d75e1dfc7ca41a497fcf5fcb07868065bddb574d,0064a2a4baeef9c46d384b8b5eade8dca5469a977cfebe5e0d18d4c0514230c2,success
AAABB,5,3,2,8,12,10,"{""-23"":1,""-22"":-3,""-21"":7,""-20"":-9,""-19"":8,""-18"":3,""-17"":-14,""-16"":30,""-15"":-30,""-14"":24,""-13"":-3,""-12"":-12,""-11"":23,""-10"":-20,""-9"":23,""-8"":-19,""-7"":18,""-6"":-4,""-5"":-2,""-4"":4,""-3"":3,""-1"":-5,""0"":13,""1"":-3,""2"":-1,""3"":6,""4"":5,""5"":-8,""6"":5,""7"":4,""8"":-4,""9"":2,""10"":4,""13"":2}","{""0"":-1,""1"":3,""2"":-7,""3"":9,""4"":-8,""5"":-3,""6"":14,""7"":-30,""8"":30,""9"":-24,""10"":3,""11"":12,""12"":-23,""13"":20,""14"":-23,""15"":19,""16"":-18,""17"":4,""18"":2,""19"":-4,""20"":-3,""22"":5,""23"":-13,""24"":3,""25"":1,""26"":-6,""27"":-5,""28"":8,""29"":-5,""30"":-4,""31"":4,""32"":-2,""33"":-4,""36"":-2}",936367e2dcdfdceaf343fbb36732266d1b0f7e65c1261dfcbfcfaa3ced5b83ab,a4e3a058e1844f9a05745e7196ccf05fac4638746fa0ae0031a7d5d00aae21ab,success
AABAA,5,4,1,8,12,10,"{""-22"":1,""-21"":-1,""-20"":4,""-18"":-2,""-17"":14,""-16"":-12,""-15"":5,""-14"":24,""-13"":-39,""-12"":37,""-11"":-3,""-10"":-25,""-9"":35,""-8"":-28,""-7"":25,""-6"":-18,""-5"":4,""-4"":20,""-3"":-25,""-2"":8,""-1"":14,""0"":-15,""1"":-2,""2"":17,""3"":-8,""4"":-4,""5"":11,""6"":2,""7"":-3,""8"":4,""9"":4,""10"":1,""12"":2,""13"":1}","{""0"":1,""1"":-1,""2"":4,""4"":-2,""5"":14,""6"":-12,""7"":5,""8"":24,""9"":-39,""10"":37,""11"":-3,""12"":-25,""13"":35,""14"":-28,""15"":25,""16"":-18,""17"":4,""18"":20,""19"":-25,""20"":8,""21"":14,""22"":-15,""23"":-2,""24"":17,""25"":-8,""26"":-4,""27"":11,""28"":2,""29"":-3,""30"":4,""31"":4,""32"":1,""34"":2,""35"":1}",e862dece6fcb2506ac3382f0f9cbbd270f32b42e8a1fe1ea60876feafb6acd75,eebbc918a813a58c38a8485d499ff2b7d407454f04c345d8b8368f272d52089f,success
AABAB,5,3,2,8,12,10,"{""-21"":1,""-20"":-2,""-19"":4,""-17"":-2,""-16"":9,""-15"":1,""-14"":-7,""-13"":6,""-12"":22,""-11"":-40,""-10"":32,""-9"":5,""-8"":-28,""-7"":35,""-6"":-32,""-5"":37,""-4"":-28,""-3"":6,""-2"":29,""-1"":-34,""0"":17,""1"":12,""2"":-11,""3"":-2,""4"":13,""5"":-3,""6"":-3,""7"":3,""8"":4,""11"":2,""12"":1,""13"":1}","{""0"":-1,""1"":2,""2"":-4,""4"":2,""5"":-9,""6"":-1,""7"":7,""8"":-6,""9"":-22,""10"":40,""11"":-32,""12"":-5,""13"":28,""14"":-35,""15"":32,""16"":-37,""17"":28,""18"":-6,""19"":-29,""20"":34,""21"":-17,""22"":-12,""23"":11,""24"":2,""25"":-13,""26"":3,""27"":3,""28"":-3,""29"":-4,""32"":-2,""33"":-1,""34"":-1}",6f990c97450ae7e0b32f61ff025994d735340a177df9e4560f43d9820dc8268b,6384d9af8ce228c1ea5d98995c3a79567238c0d553c4726396c0b4c26b80c935,success
AABBA,5,3,2,8,12,10,"{""-22"":1,""-21"":-1,""-20"":1,""-19"":6,""-18"":-13,""-17"":21,""-16"":-7,""-15"":-20,""-14"":54,""-13"":-56,""-12"":26,""-11"":21,""-10"":-40,""-9"":39,""-8"":-27,""-7"":28,""-6"":-17,""-5"":-3,""-4"":25,""-3"":-13,""-2"":-9,""-1"":23,""0"":1,""1"":-22,""2"":26,""4"":-14,""5"":9,""6"":6,""7"":-7,""8"":1,""9"":6,""12"":2,""13"":1}","{""0"":1,""1"":-1,""2"":1,""3"":6,""4"":-13,""5"":21,""6"":-7,""7"":-20,""8"":54,""9"":-56,""10"":26,""11"":21,""12"":-40,""13"":39,""14"":-27,""15"":28,""16"":-17,""17"":-3,""18"":25,""19"":-13,""20"":-9,""21"":23,""22"":1,""23"":-22,""24"":26,""26"":-14,""27"":9,""28"":6,""29"":-7,""30"":1,""31"":6,""34"":2,""35"":1}",0f8b41a25f93502348a91b73fb19766e1037c260e1a1e957410a70f577308f74,30ac945dd36242041935207a997b272eb59309d0f5f00bd2d4dd02e9d49c6620,success
AABBB,5,2,3,8,12,10,"{""-23"":1,""-22"":-3,""-21"":7,""-20"":-9,""-19"":7,""-18"":4,""-17"":-18,""-16"":32,""-15"":-30,""-14"":22,""-13"":1,""-12"":-13,""-11"":23,""-10"":-20,""-9"":22,""-8"":-20,""-7"":17,""-6"":-5,""-4"":3,""-3"":6,""-2"":3,""-1"":-4,""0"":13,""1"":-2,""2"":-3,""3"":4,""4"":6,""5"":-10,""6"":6,""7"":4,""8"":-4,""9"":2,""10"":4,""13"":2}","{""0"":-1,""1"":3,""2"":-7,""3"":9,""4"":-7,""5"":-4,""6"":18,""7"":-32,""8"":30,""9"":-22,""10"":-1,""11"":13,""12"":-23,""13"":20,""14"":-22,""15"":20,""16"":-17,""17"":5,""19"":-3,""20"":-6,""21"":-3,""22"":4,""23"":-13,""24"":2,""25"":3,""26"":-4,""27"":-6,""28"":10,""29"":-6,""30"":-4,""31"":4,""32"":-2,""33"":-4,""36"":-2}",0594e858b899dfcae65f62276069d0d1e4a8eed0abf3215c7cc61e9e521c4a67,a3943113c86f5df2f9cc9ec7bbd7e111ef663bca839ec985c183dee5db456298,success
ABAAA,5,4,1,8,12,10,"{""-22"":1,""-20"":1,""-19"":4,""-18"":-2,""-17"":5,""-16"":3,""-15"":-6,""-14"":19,""-13"":-19,""-12"":16,""-11"":5,""-10"":-17,""-9"":23,""-8"":-19,""-7"":19,""-6"":-14,""-5"":5,""-4"":10,""-3"":-14,""-2"":7,""-1"":3,""0"":-3,""1"":-2,""2"":6,""3"":2,""4"":-4,""5"":4,""6"":7,""7"":-3,""8"":2,""9"":5,""10"":1,""12"":2,""13"":1}","{""0"":1,""2"":1,""3"":4,""4"":-2,""5"":5,""6"":3,""7"":-6,""8"":19,""9"":-19,""10"":16,""11"":5,""12"":-17,""13"":23,""14"":-19,""15"":19,""16"":-14,""17"":5,""18"":10,""19"":-14,""20"":7,""21"":3,""22"":-3,""23"":-2,""24"":6,""25"":2,""26"":-4,""27"":4,""28"":7,""29"":-3,""30"":2,""31"":5,""32"":1,""34"":2,""35"":1}",5728569d36690bfb95aa5899d75e1dfc7ca41a497fcf5fcb07868065bddb574d,0064a2a4baeef9c46d384b8b5eade8dca5469a977cfebe5e0d18d4c0514230c2,success
ABAAB,5,3,2,8,12,10,"{""-21"":1,""-20"":-2,""-19"":2,""-18"":6,""-17"":-9,""-16"":4,""-15"":24,""-14"":-30,""-13"":3,""-12"":55,""-11"":-69,""-10"":31,""-9"":26,""-8"":-45,""-7"":38,""-6"":-35,""-5"":43,""-4"":-21,""-3"":-22,""-2"":59,""-1"":-35,""0"":-14,""1"":43,""2"":-15,""3"":-17,""4"":23,""6"":-8,""7"":2,""8"":7,""9"":-1,""11"":2,""12"":1,""13"":1}","{""0"":-1,""1"":2,""2"":-2,""3"":-6,""4"":9,""5"":-4,""6"":-24,""7"":30,""8"":-3,""9"":-55,""10"":69,""11"":-31,""12"":-26,""13"":45,""14"":-38,""15"":35,""16"":-43,""17"":21,""18"":22,""19"":-59,""20"":35,""21"":14,""22"":-43,""23"":15,""24"":17,""25"":-23,""27"":8,""28"":-2,""29"":-7,""30"":1,""32"":-2,""33"":-1,""34"":-1}",a4535bdd51613918e838b8328c88791bb182e79398af9e9661be9832de3a2dfa,087e0e4e83a0c7d7c7e0c88077aa7ffa61ae7234b41d8b60bcc93fb30a38282e,success
ABABA,5,3,2,8,12,10,"{""-20"":1,""-19"":1,""-18"":-1,""-17"":6,""-16"":2,""-15"":-3,""-14"":5,""-13"":3,""-12"":4,""-11"":-19,""-10"":29,""-9"":-13,""-8"":-8,""-7"":26,""-6"":-25,""-5"":29,""-4"":-26,""-3"":24,""-2"":-1,""-1"":-18,""0"":27,""1"":-11,""3"":3,""4"":6,""5"":-3,""6"":-1,""7"":5,""8"":1,""10"":2,""11"":1,""12"":1,""13"":1}","{""0"":1,""1"":1,""2"":-1,""3"":6,""4"":2,""5"":-3,""6"":5,""7"":3,""8"":4,""9"":-19,""10"":29,""11"":-13,""12"":-8,""13"":26,""14"":-25,""15"":29,""16"":-26,""17"":24,""18"":-1,""19"":-18,""20"":27,""21"":-11,""23"":3,""24"":6,""25"":-3,""26"":-1,""27"":5,""28"":1,""30"":2,""31"":1,""32"":1,""33"":1}",03ae0477c7105a2b50d8aeb9eb947d467a37b46644e059b521d7a3c909628f55,1161bac661db96d240748de8ecc2206ed987d23197d09689b66d0188b48e6696,success
ABABB,5,2,3,8,12,10,"{""-21"":1,""-20"":-2,""-19"":3,""-18"":1,""-17"":-5,""-16"":9,""-15"":4,""-14"":-11,""-13"":5,""-12"":30,""-11"":-48,""-10"":31,""-9"":12,""-8"":-34,""-7"":39,""-6"":-34,""-5"":41,""-4"":-28,""-3"":1,""-2"":37,""-1"":-35,""0"":11,""1"":19,""2"":-12,""3"":-7,""4"":16,""5"":-3,""6"":-4,""7"":2,""8"":5,""11"":2,""12"":1,""13"":1}","{""0"":-1,""1"":2,""2"":-3,""3"":-1,""4"":5,""5"":-9,""6"":-4,""7"":11,""8"":-5,""9"":-30,""10"":48,""11"":-31,""12"":-12,""13"":34,""14"":-39,""15"":34,""16"":-41,""17"":28,""18"":-1,""19"":-37,""20"":35,""21"":-11,""22"":-19,""23"":12,""24"":7,""25"":-16,""26"":3,""27"":4,""28"":-2,""29"":-5,""32"":-2,""33"":-1,""34"":-1}",53af15f001126f901f10c954ea8bbfebe7dc3c545fbc4a4ab7e225cf13c44422,10d867907a16bbaff66298f99d720adfe598acfaae34b8a3526c09ba2360423e,success
ABBAA,5,3,2,8,12,10,"{""-22"":1,""-21"":-1,""-20"":1,""-19"":6,""-18"":-13,""-17"":21,""-16"":-7,""-15"":-20,""-14"":54,""-13"":-56,""-12"":26,""-11"":21,""-10"":-40,""-9"":39,""-8"":-27,""-7"":28,""-6"":-17,""-5"":-3,""-4"":25,""-3"":-13,""-2"":-9,""-1"":23,""0"":1,""1"":-22,""2"":26,""4"":-14,""5"":9,""6"":6,""7"":-7,""8"":1,""9"":6,""12"":2,""13"":1}","{""0"":1,""1"":-1,""2"":1,""3"":6,""4"":-13,""5"":21,""6"":-7,""7"":-20,""8"":54,""9"":-56,""10"":26,""11"":21,""12"":-40,""13"":39,""14"":-27,""15"":28,""16"":-17,""17"":-3,""18"":25,""19"":-13,""20"":-9,""21"":23,""22"":1,""23"":-22,""24"":26,""26"":-14,""27"":9,""28"":6,""29"":-7,""30"":1,""31"":6,""34"":2,""35"":1}",0f8b41a25f93502348a91b73fb19766e1037c260e1a1e957410a70f577308f74,30ac945dd36242041935207a997b272eb59309d0f5f00bd2d4dd02e9d49c6620,success
ABBAB,5,2,3,8,12,10,"{""-21"":1,""-20"":-2,""-19"":2,""-18"":6,""-17"":-10,""-16"":6,""-15"":19,""-14"":-27,""-13"":2,""-12"":49,""-11"":-66,""-10"":30,""-9"":26,""-8"":-43,""-7"":42,""-6"":-35,""-5"":45,""-4"":-23,""-3"":-18,""-2"":56,""-1"":-36,""0"":-9,""1"":38,""2"":-15,""3"":-16,""4"":22,""5"":-1,""6"":-7,""7"":2,""8"":7,""9"":-1,""11"":2,""12"":1,""13"":1}","{""0"":-1,""1"":2,""2"":-2,""3"":-6,""4"":10,""5"":-6,""6"":-19,""7"":27,""8"":-2,""9"":-49,""10"":66,""11"":-30,""12"":-26,""13"":43,""14"":-42,""15"":35,""16"":-45,""17"":23,""18"":18,""19"":-56,""20"":36,""21"":9,""22"":-38,""23"":15,""24"":16,""25"":-22,""26"":1,""27"":7,""28"":-2,""29"":-7,""30"":1,""32"":-2,""33"":-1,""34"":-1}",3d3a9f66f955bc78b2c8f0b5dff6201da966e29b510e1dee675e296942f0daf0,cd65c02a1f0b50050c597fb26dee3f9f45388aac4f4d634d776600248005ee9b,success
ABBBA,5,2,3,8,12,10,"{""-22"":1,""-20"":-2,""-19"":9,""-18"":-10,""-17"":5,""-16"":13,""-15"":-29,""-14"":38,""-13"":-25,""-12"":1,""-11"":23,""-10"":-27,""-9"":26,""-8"":-18,""-7"":22,""-6"":-10,""-4"":13,""-3"":-2,""-2"":-3,""-1"":8,""0"":9,""1"":-12,""2"":6,""3"":9,""4"":-9,""5"":-3,""6"":13,""7"":-7,""8"":-1,""9"":7,""12"":2,""13"":1}","{""0"":1,""2"":-2,""3"":9,""4"":-10,""5"":5,""6"":13,""7"":-29,""8"":38,""9"":-25,""10"":1,""11"":23,""12"":-27,""13"":26,""14"":-18,""15"":22,""16"":-10,""18"":13,""19"":-2,""20"":-3,""21"":8,""22"":9,""23"":-12,""24"":6,""25"":9,""26"":-9,""27"":-3,""28"":13,""29"":-7,""30"":-1,""31"":7,""34"":2,""35"":1}",60c9268d94c11776061449491b5af7c6b3ab63f9bbfab72979a95236f7edeed9,71e255ab4283e2172ab36839e1524d6de63d1bc252c842cdbcfda8e0eb31567e,success
ABBBB,5,1,4,8,12,10,"{""-23"":1,""-22"":-2,""-21"":3,""-19"":-5,""-18"":12,""-17"":-14,""-16"":13,""-15"":-7,""-14"":5,""-13"":4,""-12"":-5,""-11"":15,""-10"":-13,""-9"":18,""-8"":-13,""-7"":14,""-6"":-3,""-5"":1,""-4"":5,""-3"":-2,""-2"":1,""1"":2,""4"":6,""5"":-2,""6"":2,""7"":4,""8"":2,""9"":-2,""10"":6,""13"":2}","{""0"":-1,""1"":2,""2"":-3,""4"":5,""5"":-12,""6"":14,""7"":-13,""8"":7,""9"":-5,""10"":-4,""11"":5,""12"":-15,""13"":13,""14"":-18,""15"":13,""16"":-14,""17"":3,""18"":-1,""19"":-5,""20"":2,""21"":-1,""24"":-2,""27"":-6,""28"":2,""29"":-2,""30"":-4,""31"":-2,""32"":2,""33"":-6,""36"":-2}",6cecebe4a78fac67f5eae22164d2f393e005a556e1ac36f3e4e2bb51e0ed6ad7,b36267ebdc0ba9aa7c3bd5a0417ab1506d71b2d982a9a42091be6061416a2ddc,success
BAAAA,5,4,1,8,12,10,"{""-23"":1,""-22"":-2,""-21"":4,""-20"":-1,""-18"":9,""-17"":-8,""-16"":12,""-15"":-6,""-14"":7,""-12"":-2,""-11"":11,""-10"":-11,""-9"":15,""-8"":-12,""-7"":12,""-6"":-4,""-5"":-1,""-4"":6,""-3"":-4,""-2"":2,""1"":1,""2"":-1,""3"":1,""4"":4,""5"":-1,""6"":3,""7"":5,""8"":1,""10"":5,""13"":2}","{""0"":-1,""1"":2,""2"":-4,""3"":1,""5"":-9,""6"":8,""7"":-12,""8"":6,""9"":-7,""11"":2,""12"":-11,""13"":11,""14"":-15,""15"":12,""16"":-12,""17"":4,""18"":1,""19"":-6,""20"":4,""21"":-2,""24"":-1,""25"":1,""26"":-1,""27"":-4,""28"":1,""29"":-3,""30"":-5,""31"":-1,""33"":-5,""36"":-2}",94539a77892d8b9104aad82826752dd182b2a314ba80836ce37eea05250982f6,113d1cb6ba3917b8092ae9c1bd19b4856af3a2f88bb6eb9a617c8c9caaecd4d4,success
BAAAB,5,3,2,8,12,10,"{""-22"":1,""-21"":-2,""-20"":1,""-19"":7,""-18"":-15,""-17"":19,""-16"":-1,""-15"":-22,""-14"":49,""-13"":-45,""-12"":20,""-11"":23,""-10"":-37,""-9"":33,""-8"":-19,""-7"":21,""-6"":-17,""-5"":-1,""-4"":22,""-3"":-16,""-2"":-4,""-1"":19,""1"":-16,""2"":19,""3"":9,""4"":-20,""5"":9,""6"":14,""7"":-15,""8"":2,""9"":9,""10"":-2,""11"":-1,""12"":3,""13"":1}","{""0"":1,""1"":-2,""2"":1,""3"":7,""4"":-15,""5"":19,""6"":-1,""7"":-22,""8"":49,""9"":-45,""10"":20,""11"":23,""12"":-37,""13"":33,""14"":-19,""15"":21,""16"":-17,""17"":-1,""18"":22,""19"":-16,""20"":-4,""21"":19,""23"":-16,""24"":19,""25"":9,""26"":-20,""27"":9,""28"":14,""29"":-15,""30"":2,""31"":9,""32"":-2,""33"":-1,""34"":3,""35"":1}",4e811223a60fa268b0ad8d0bbc5ccb761a57fa71904c2e28ef5b350bbbd3d58d,c3a2a478b01f7c6460298172daa54234ff223686de28590cbbd6f8d95df17e8d,success
BAABA,5,3,2,8,12,10,"{""-21"":1,""-20"":-2,""-19"":2,""-18"":6,""-17"":-9,""-16"":4,""-15"":24,""-14"":-30,""-13"":3,""-12"":55,""-11"":-69,""-10"":31,""-9"":26,""-8"":-45,""-7"":38,""-6"":-35,""-5"":43,""-4"":-21,""-3"":-22,""-2"":59,""-1"":-35,""0"":-14,""1"":43,""2"":-15,""3"":-17,""4"":23,""6"":-8,""7"":2,""8"":7,""9"":-1,""11"":2,""12"":1,""13"":1}","{""0"":-1,""1"":2,""2"":-2,""3"":-6,""4"":9,""5"":-4,""6"":-24,""7"":30,""8"":-3,""9"":-55,""10"":69,""11"":-31,""12"":-26,""13"":45,""14"":-38,""15"":35,""16"":-43,""17"":21,""18"":22,""19"":-59,""20"":35,""21"":14,""22"":-43,""23"":15,""24"":17,""25"":-23,""27"":8,""28"":-2,""29"":-7,""30"":1,""32"":-2,""33"":-1,""34"":-1}",a4535bdd51613918e838b8328c88791bb182e79398af9e9661be9832de3a2dfa,087e0e4e83a0c7d7c7e0c88077aa7ffa61ae7234b41d8b60bcc93fb30a38282e,success
BAABB,5,2,3,8,12,10,"{""-22"":1,""-21"":-3,""-20"":5,""-18"":-14,""-17"":33,""-16"":-30,""-15"":-4,""-14"":65,""-13"":-90,""-12"":60,""-11"":16,""-10"":-58,""-9"":55,""-8"":-31,""-7"":32,""-6"":-30,""-5"":3,""-4"":38,""-3"":-32,""-2"":-8,""-1"":47,""0"":-19,""1"":-28,""2"":49,""3"":-13,""4"":-23,""5"":23,""6"":5,""7"":-15,""8"":5,""9"":8,""10"":-2,""11"":-1,""12"":3,""13"":1}","{""0"":1,""1"":-3,""2"":5,""4"":-14,""5"":33,""6"":-30,""7"":-4,""8"":65,""9"":-90,""10"":60,""11"":16,""12"":-58,""13"":55,""14"":-31,""15"":32,""16"":-30,""17"":3,""18"":38,""19"":-32,""20"":-8,""21"":47,""22"":-19,""23"":-28,""24"":49,""25"":-13,""26"":-23,""27"":23,""28"":5,""29"":-15,""30"":5,""31"":8,""32"":-2,""33"":-1,""34"":3,""35"":1}",b8905361ef4f152d1056a72b5cd6fd3913cd0d7e71a066598f3875d6682f91cb,02ba98074c0e640476a2a3a306804d8bf96ee513182bcac72b76ff371de6bdc5,success
BABAA,5,3,2,8,12,10,"{""-21"":1,""-20"":-2,""-19"":4,""-17"":-2,""-16"":9,""-15"":1,""-14"":-7,""-13"":6,""-12"":22,""-11"":-40,""-10"":32,""-9"":5,""-8"":-28,""-7"":35,""-6"":-32,""-5"":37,""-4"":-28,""-3"":6,""-2"":29,""-1"":-34,""0"":17,""1"":12,""2"":-11,""3"":-2,""4"":13,""5"":-3,""6"":-3,""7"":3,""8"":4,""11"":2,""12"":1,""13"":1}","{""0"":-1,""1"":2,""2"":-4,""4"":2,""5"":-9,""6"":-1,""7"":7,""8"":-6,""9"":-22,""10"":40,""11"":-32,""12"":-5,""13"":28,""14"":-35,""15"":32,""16"":-37,""17"":28,""18"":-6,""19"":-29,""20"":34,""21"":-17,""22"":-12,""23"":11,""24"":2,""25"":-13,""26"":3,""27"":3,""28"":-3,""29"":-4,""32"":-2,""33"":-1,""34"":-1}",6f990c97450ae7e0b32f61ff025994d735340a177df9e4560f43d9820dc8268b,6384d9af8ce228c1ea5d98995c3a79567238c0d553c4726396c0b4c26b80c935,success
BABAB,5,2,3,8,12,10,"{""-20"":1,""-19"":-1,""-17"":5,""-16"":-2,""-15"":-1,""-14"":9,""-12"":3,""-11"":-13,""-10"":28,""-9"":-19,""-8"":-2,""-7"":24,""-6"":-26,""-5"":29,""-4"":-26,""-3"":30,""-2"":-11,""-1"":-8,""0"":27,""1"":-18,""2"":5,""3"":2,""4"":6,""5"":-5,""7"":6,""9"":-1,""10"":3,""11"":1,""12"":1,""13"":1}","{""0"":1,""1"":-1,""3"":5,""4"":-2,""5"":-1,""6"":9,""8"":3,""9"":-13,""10"":28,""11"":-19,""12"":-2,""13"":24,""14"":-26,""15"":29,""16"":-26,""17"":30,""18"":-11,""19"":-8,""20"":27,""21"":-18,""22"":5,""23"":2,""24"":6,""25"":-5,""27"":6,""29"":-1,""30"":3,""31"":1,""32"":1,""33"":1}",cec5b02537a8c67725a19c57fb50625876d925a2a538f3209ed8cf1da5a600ba,065bc84556976abb2b2216284f02acb6601375b76485f44856716ee034caafaf,success
BABBA,5,2,3,8,12,10,"{""-21"":1,""-20"":-2,""-19"":2,""-18"":6,""-17"":-10,""-16"":6,""-15"":19,""-14"":-27,""-13"":2,""-12"":49,""-11"":-66,""-10"":30,""-9"":26,""-8"":-43,""-7"":42,""-6"":-35,""-5"":45,""-4"":-23,""-3"":-18,""-2"":56,""-1"":-36,""0"":-9,""1"":38,""2"":-15,""3"":-16,""4"":22,""5"":-1,""6"":-7,""7"":2,""8"":7,""9"":-1,""11"":2,""12"":1,""13"":1}","{""0"":-1,""1"":2,""2"":-2,""3"":-6,""4"":10,""5"":-6,""6"":-19,""7"":27,""8"":-2,""9"":-49,""10"":66,""11"":-30,""12"":-26,""13"":43,""14"":-42,""15"":35,""16"":-45,""17"":23,""18"":18,""19"":-56,""20"":36,""21"":9,""22"":-38,""23"":15,""24"":16,""25"":-22,""26"":1,""27"":7,""28"":-2,""29"":-7,""30"":1,""32"":-2,""33"":-1,""34"":-1}",3d3a9f66f955bc78b2c8f0b5dff6201da966e29b510e1dee675e296942f0daf0,cd65c02a1f0b50050c597fb26dee3f9f45388aac4f4d634d776600248005ee9b,success
BABBB,5,1,4,8,12,10,"{""-22"":1,""-21"":-2,""-20"":3,""-18"":-3,""-17"":6,""-16"":-1,""-15"":-7,""-14"":23,""-13"":-29,""-12"":26,""-11"":4,""-10"":-24,""-9"":35,""-8"":-24,""-7"":26,""-6"":-20,""-5"":12,""-4"":12,""-3"":-20,""-2"":11,""-1"":6,""0"":-8,""1"":-3,""2"":12,""3"":-2,""4"":-8,""5"":9,""6"":8,""7"":-9,""8"":5,""9"":6,""11"":-1,""12"":3,""13"":1}","{""0"":1,""1"":-2,""2"":3,""4"":-3,""5"":6,""6"":-1,""7"":-7,""8"":23,""9"":-29,""10"":26,""11"":4,""12"":-24,""13"":35,""14"":-24,""15"":26,""16"":-20,""17"":12,""18"":12,""19"":-20,""20"":11,""21"":6,""22"":-8,""23"":-3,""24"":12,""25"":-2,""26"":-8,""27"":9,""28"":8,""29"":-9,""30"":5,""31"":6,""33"":-1,""34"":3,""35"":1}",e3d84eaf9934ced241ce921a251ae1e7279f153dcf5b35d98b041944ce2caf47,b550f40065016b15fcc4926a1a6d86000442c0cb9d371d67796c5b2f2f9c1011,success
BBAAA,5,3,2,8,12,10,"{""-23"":1,""-22"":-3,""-21"":7,""-20"":-9,""-19"":8,""-18"":3,""-17"":-14,""-16"":30,""-15"":-30,""-14"":24,""-13"":-3,""-12"":-12,""-11"":23,""-10"":-20,""-9"":23,""-8"":-19,""-7"":18,""-6"":-4,""-5"":-2,""-4"":4,""-3"":3,""-1"":-5,""0"":13,""1"":-3,""2"":-1,""3"":6,""4"":5,""5"":-8,""6"":5,""7"":4,""8"":-4,""9"":2,""10"":4,""13"":2}","{""0"":-1,""1"":3,""2"":-7,""3"":9,""4"":-8,""5"":-3,""6"":14,""7"":-30,""8"":30,""9"":-24,""10"":3,""11"":12,""12"":-23,""13"":20,""14"":-23,""15"":19,""16"":-18,""17"":4,""18"":2,""19"":-4,""20"":-3,""22"":5,""23"":-13,""24"":3,""25"":1,""26"":-6,""27"":-5,""28"":8,""29"":-5,""30"":-4,""31"":4,""32"":-2,""33"":-4,""36"":-2}",936367e2dcdfdceaf343fbb36732266d1b0f7e65c1261dfcbfcfaa3ced5b83ab,a4e3a058e1844f9a05745e7196ccf05fac4638746fa0ae0031a7d5d00aae21ab,success
BBAAB,5,2,3,8,12,10,"{""-22"":1,""-21"":-3,""-20"":5,""-18"":-14,""-17"":33,""-16"":-30,""-15"":-4,""-14"":65,""-13"":-90,""-12"":60,""-11"":16,""-10"":-58,""-9"":55,""-8"":-31,""-7"":32,""-6"":-30,""-5"":3,""-4"":38,""-3"":-32,""-2"":-8,""-1"":47,""0"":-19,""1"":-28,""2"":49,""3"":-13,""4"":-23,""5"":23,""6"":5,""7"":-15,""8"":5,""9"":8,""10"":-2,""11"":-1,""12"":3,""13"":1}","{""0"":1,""1"":-3,""2"":5,""4"":-14,""5"":33,""6"":-30,""7"":-4,""8"":65,""9"":-90,""10"":60,""11"":16,""12"":-58,""13"":55,""14"":-31,""15"":32,""16"":-30,""17"":3,""18"":38,""19"":-32,""20"":-8,""21"":47,""22"":-19,""23"":-28,""24"":49,""25"":-13,""26"":-23,""27"":23,""28"":5,""29"":-15,""30"":5,""31"":8,""32"":-2,""33"":-1,""34"":3,""35"":1}",b8905361ef4f152d1056a72b5cd6fd3913cd0d7e71a066598f3875d6682f91cb,02ba98074c0e640476a2a3a306804d8bf96ee513182bcac72b76ff371de6bdc5,success
BBABA,5,2,3,8,12,10,"{""-21"":1,""-20"":-2,""-19"":3,""-18"":1,""-17"":-5,""-16"":9,""-15"":4,""-14"":-11,""-13"":5,""-12"":30,""-11"":-48,""-10"":31,""-9"":12,""-8"":-34,""-7"":39,""-6"":-34,""-5"":41,""-4"":-28,""-3"":1,""-2"":37,""-1"":-35,""0"":11,""1"":19,""2"":-12,""3"":-7,""4"":16,""5"":-3,""6"":-4,""7"":2,""8"":5,""11"":2,""12"":1,""13"":1}","{""0"":-1,""1"":2,""2"":-3,""3"":-1,""4"":5,""5"":-9,""6"":-4,""7"":11,""8"":-5,""9"":-30,""10"":48,""11"":-31,""12"":-12,""13"":34,""14"":-39,""15"":34,""16"":-41,""17"":28,""18"":-1,""19"":-37,""20"":35,""21"":-11,""22"":-19,""23"":12,""24"":7,""25"":-16,""26"":3,""27"":4,""28"":-2,""29"":-5,""32"":-2,""33"":-1,""34"":-1}",53af15f001126f901f10c954ea8bbfebe7dc3c545fbc4a4ab7e225cf13c44422,10d867907a16bbaff66298f99d720adfe598acfaae34b8a3526c09ba2360423e,success
BBABB,5,1,4,8,12,10,"{""-22"":1,""-21"":-3,""-20"":7,""-19"":-7,""-17"":18,""-16"":-29,""-15"":18,""-14"":27,""-13"":-66,""-12"":69,""-11"":-12,""-10"":-39,""-9"":57,""-8"":-37,""-7"":34,""-6"":-29,""-5"":14,""-4"":29,""-3"":-43,""-2"":14,""-1"":30,""0"":-36,""1"":-1,""2"":35,""3"":-24,""4"":-6,""5"":21,""6"":-1,""7"":-9,""8"":8,""9"":5,""11"":-1,""12"":3,""13"":1}","{""0"":1,""1"":-3,""2"":7,""3"":-7,""5"":18,""6"":-29,""7"":18,""8"":27,""9"":-66,""10"":69,""11"":-12,""12"":-39,""13"":57,""14"":-37,""15"":34,""16"":-29,""17"":14,""18"":29,""19"":-43,""20"":14,""21"":30,""22"":-36,""23"":-1,""24"":35,""25"":-24,""26"":-6,""27"":21,""28"":-1,""29"":-9,""30"":8,""31"":5,""33"":-1,""34"":3,""35"":1}",6ab9edbd3a13764ad802524cf4b961054c258fbb94cd610c9efd384f6a948c6a,5b2a729ca8e39797e22146017beb33a2205e4dcb2b149512863cec3c5b2214d9,success
BBBAA,5,2,3,8,12,10,"{""-23"":1,""-22"":-3,""-21"":7,""-20"":-9,""-19"":7,""-18"":4,""-17"":-18,""-16"":32,""-15"":-30,""-14"":22,""-13"":1,""-12"":-13,""-11"":23,""-10"":-20,""-9"":22,""-8"":-20,""-7"":17,""-6"":-5,""-4"":3,""-3"":6,""-2"":3,""-1"":-4,""0"":13,""1"":-2,""2"":-3,""3"":4,""4"":6,""5"":-10,""6"":6,""7"":4,""8"":-4,""9"":2,""10"":4,""13"":2}","{""0"":-1,""1"":3,""2"":-7,""3"":9,""4"":-7,""5"":-4,""6"":18,""7"":-32,""8"":30,""9"":-22,""10"":-1,""11"":13,""12"":-23,""13"":20,""14"":-22,""15"":20,""16"":-17,""17"":5,""19"":-3,""20"":-6,""21"":-3,""22"":4,""23"":-13,""24"":2,""25"":3,""26"":-4,""27"":-6,""28"":10,""29"":-6,""30"":-4,""31"":4,""32"":-2,""33"":-4,""36"":-2}",0594e858b899dfcae65f62276069d0d1e4a8eed0abf3215c7cc61e9e521c4a67,a3943113c86f5df2f9cc9ec7bbd7e111ef663bca839ec985c183dee5db456298,success
BBBAB,5,1,4,8,12,10,"{""-22"":1,""-21"":-2,""-20"":3,""-18"":-3,""-17"":6,""-16"":-1,""-15"":-7,""-14"":23,""-13"":-29,""-12"":26,""-11"":4,""-10"":-24,""-9"":35,""-8"":-24,""-7"":26,""-6"":-20,""-5"":12,""-4"":12,""-3"":-20,""-2"":11,""-1"":6,""0"":-8,""1"":-3,""2"":12,""3"":-2,""4"":-8,""5"":9,""6"":8,""7"":-9,""8"":5,""9"":6,""11"":-1,""12"":3,""13"":1}","{""0"":1,""1"":-2,""2"":3,""4"":-3,""5"":6,""6"":-1,""7"":-7,""8"":23,""9"":-29,""10"":26,""11"":4,""12"":-24,""13"":35,""14"":-24,""15"":26,""16"":-20,""17"":12,""18"":12,""19"":-20,""20"":11,""21"":6,""22"":-8,""23"":-3,""24"":12,""25"":-2,""26"":-8,""27"":9,""28"":8,""29"":-9,""30"":5,""31"":6,""33"":-1,""34"":3,""35"":1}",e3d84eaf9934ced241ce921a251ae1e7279f153dcf5b35d98b041944ce2caf47,b550f40065016b15fcc4926a1a6d86000442c0cb9d371d67796c5b2f2f9c1011,success
BBBBA,5,1,4,8,12,10,"{""-23"":1,""-22"":-2,""-21"":3,""-19"":-5,""-18"":12,""-17"":-14,""-16"":13,""-15"":-7,""-14"":5,""-13"":4,""-12"":-5,""-11"":15,""-10"":-13,""-9"":18,""-8"":-13,""-7"":14,""-6"":-3,""-5"":1,""-4"":5,""-3"":-2,""-2"":1,""1"":2,""4"":6,""5"":-2,""6"":2,""7"":4,""8"":2,""9"":-2,""10"":6,""13"":2}","{""0"":-1,""1"":2,""2"":-3,""4"":5,""5"":-12,""6"":14,""7"":-13,""8"":7,""9"":-5,""10"":-4,""11"":5,""12"":-15,""13"":13,""14"":-18,""15"":13,""16"":-14,""17"":3,""18"":-1,""19"":-5,""20"":2,""21"":-1,""24"":-2,""27"":-6,""28"":2,""29"":-2,""30"":-4,""31"":-2,""32"":2,""33"":-6,""36"":-2}",6cecebe4a78fac67f5eae22164d2f393e005a556e1ac36f3e4e2bb51e0ed6ad7,b36267ebdc0ba9aa7c3bd5a0417ab1506d71b2d982a9a42091be6061416a2ddc,success
BBBBB,5,0,5,8,12,10,"{""-24"":1,""-23"":-2,""-22"":5,""-21"":-6,""-20"":8,""-19"":-6,""-18"":5,""-17"":-2,""-16"":1,""-15"":1,""-14"":-2,""-13"":7,""-12"":-5,""-11"":14,""-10"":-6,""-9"":14,""-8"":-5,""-7"":7,""-6"":-2,""-5"":1,""6"":2,""8"":4,""9"":2,""10"":4,""11"":2,""12"":4,""14"":2}","{""0"":1,""1"":-2,""2"":5,""3"":-6,""4"":8,""5"":-6,""6"":5,""7"":-2,""8"":1,""9"":1,""10"":-2,""11"":7,""12"":-5,""13"":14,""14"":-6,""15"":14,""16"":-5,""17"":7,""18"":-2,""19"":1,""30"":2,""32"":4,""33"":2,""34"":4,""35"":2,""36"":4,""38"":2}",ab67bb3c1fbcdce27bf6b2172073584d6874b8938d196fe5441741c7f10f03ac,3ba6a643f492505bff001633e3254ae99328f40c413ba15fff982d6c051c29e6,success
AAAAAA,6,6,0,8,12,12,"{""-28"":1,""-26"":4,""-24"":6,""-22"":4,""-20"":1,""-17"":1,""-16"":-1,""-15"":4,""-14"":-3,""-13"":7,""-12"":-4,""-11"":7,""-10"":-3,""-9"":4,""-8"":-1,""-7"":1,""8"":1,""9"":1,""10"":3,""11"":3,""12"":4,""13"":3,""14"":3,""15"":1,""16"":1}","{""0"":1,""2"":4,""4"":6,""6"":4,""8"":1,""11"":1,""12"":-1,""13"":4,""14"":-3,""15"":7,""16"":-4,""17"":7,""18"":-3,""19"":4,""20"":-1,""21"":1,""36"":1,""37"":1,""38"":3,""39"":3,""40"":4,""41"":3,""42"":3,""43"":1,""44"":1}",1b4d973438ec7d4e0618b8952e129e26d529c177ecdb365e467a9d1d0e5e228c,f7eac3531368e076d55813c0be1b4adad2e88979f34b87341da9e62d394ad469,success
AAAAAB,6,5,1,8,12,12,"{""-27"":1,""-26"":-2,""-25"":4,""-24"":-1,""-22"":9,""-21"":-8,""-20"":11,""-19"":-3,""-18"":2,""-17"":1,""-16"":4,""-15"":-2,""-13"":9,""-12"":-11,""-11"":15,""-10"":-12,""-9"":12,""-8"":-4,""-7"":-1,""-6"":6,""-5"":-4,""-4"":2,""3"":1,""4"":-1,""5"":1,""6"":4,""7"":-1,""8"":3,""9"":5,""10"":1,""12"":5,""15"":2}","{""0"":-1,""1"":2,""2"":-4,""3"":1,""5"":-9,""6"":8,""7"":-11,""8"":3,""9"":-2,""10"":-1,""11"":-4,""12"":2,""14"":-9,""15"":11,""16"":-15,""17"":12,""18"":-12,""19"":4,""20"":1,""21"":-6,""22"":4,""23"":-2,""30"":-1,""31"":1,""32"":-1,""33"":-4,""34"":1,""35"":-3,""36"":-5,""37"":-1,""39"":-5,""42"":-2}",a9838eeb14544904cc411a9b2b46166fdb21a139546571f84a4ba66bdd5114ae,a2188fcd8230db1d0d7a722dc572480d8c1766896c5928918d2ceda9b7849dcf,success
AAAABA,6,5,1,8,12,12,"{""-26"":1,""-24"":1,""-23"":4,""-22"":-2,""-21"":4,""-20"":5,""-19"":-7,""-18"":12,""-17"":-6,""-16"":9,""-15"":-7,""-14"":7,""-13"":5,""-12"":-14,""-11"":19,""-10"":-17,""-9"":19,""-8"":-14,""-7"":5,""-6"":10,""-5"":-13,""-4"":8,""-2"":-2,""0"":-1,""1"":3,""2"":-1,""3"":-3,""4"":6,""5"":2,""6"":-4,""7"":4,""8"":7,""9"":-3,""10"":2,""11"":5,""12"":1,""14"":2,""15"":1}","{""0"":1,""2"":1,""3"":4,""4"":-2,""5"":4,""6"":5,""7"":-7,""8"":12,""9"":-6,""10"":9,""11"":-7,""12"":7,""13"":5,""14"":-14,""15"":19,""16"":-17,""17"":19,""18"":-14,""19"":5,""20"":10,""21"":-13,""22"":8,""24"":-2,""26"":-1,""27"":3,""28"":-1,""29"":-3,""30"":6,""31"":2,""32"":-4,""33"":4,""34"":7,""35"":-3,""36"":2,""37"":5,""38"":1,""40"":2,""41"":1}",feb4f248748be26367f510f96846d80bd8a30adcbfe251cb7344ef68a25daae0,9c5af2c2aabe53258b2b24f44b9e91813cbc619ea347d9f65d8b52c28cb646f4,success
AAAABB,6,4,2,8,12,12,"{""-27"":1,""-26"":-3,""-25"":7,""-24"":-9,""-23"":8,""-22"":2,""-21"":-10,""-20"":21,""-19"":-19,""-18"":19,""-17"":-14,""-16"":12,""-15"":-2,""-14"":-7,""-13"":21,""-12"":-22,""-11"":27,""-10"":-21,""-9"":16,""-8"":-2,""-7"":-5,""-6"":6,""-3"":-1,""-2"":4,""-1"":-1,""0"":2,""1"":-3,""2"":7,""3"":1,""4"":-3,""5"":6,""6"":5,""7"":-8,""8"":5,""9"":4,""10"":-4,""11"":2,""12"":4,""15"":2}","{""0"":-1,""1"":3,""2"":-7,""3"":9,""4"":-8,""5"":-2,""6"":10,""7"":-21,""8"":19,""9"":-19,""10"":14,""11"":-12,""12"":2,""13"":7,""14"":-21,""15"":22,""16"":-27,""17"":21,""18"":-16,""19"":2,""20"":5,""21"":-6,""24"":1,""25"":-4,""26"":1,""27"":-2,""28"":3,""29"":-7,""30"":-1,""31"":3,""32"":-6,""33"":-5,""34"":8,""35"":-5,""36"":-4,""37"":4,""38"":-2,""39"":-4,""42"":-2}",e2f280f2f73818a68e46f7e4a28d6236d1efd0db82096cd3dce594c05ef26804,820ebccc3a72d207f34bb0eb21a228bb02739b205bc8b7b32f772f46c65b13bc,success
AAABAA,6,5,1,8,12,12,"{""-26"":1,""-25"":-1,""-24"":4,""-23"":-1,""-22"":1,""-21"":9,""-20"":-10,""-19"":13,""-18"":2,""-17"":-16,""-16"":36,""-15"":-35,""-14"":17,""-13"":15,""-12"":-32,""-11"":31,""-10"":-20,""-9"":21,""-8"":-16,""-6"":20,""-5"":-18,""-4"":-1,""-3"":14,""-2"":-3,""-1"":-13,""0"":12,""1"":5,""2"":-14,""3"":4,""4"":12,""5"":-8,""6"":-2,""7"":10,""8"":2,""9"":-3,""10"":4,""11"":4,""12"":1,""14"":2,""15"":1}","{""0"":1,""1"":-1,""2"":4,""3"":-1,""4"":1,""5"":9,""6"":-10,""7"":13,""8"":2,""9"":-16,""10"":36,""11"":-35,""12"":17,""13"":15,""14"":-32,""15"":31,""16"":-20,""17"":21,""18"":-16,""20"":20,""21"":-18,""22"":-1,""23"":14,""24"":-3,""25"":-13,""26"":12,""27"":5,""28"":-14,""29"":4,""30"":12,""31"":-8,""32"":-2,""33"":10,""34"":2,""35"":-3,""36"":4,""37"":4,""38"":1,""40"":2,""41"":1}",06f94c34a9a0dd737957e561f6d60173dfd5160515eb8de616436578279ec00b,69f8e70b62dffa7575d8f1028f95f47117c6b3e331311956878bf4c276da6f73,success
AAABAB,6,4,2,8,12,12,"{""-25"":1,""-24"":-2,""-23"":4,""-22"":-1,""-21"":1,""-20"":5,""-19"":-2,""-18"":3,""-17"":5,""-16"":-2,""-15"":-11,""-14"":40,""-13"":-45,""-12"":19,""-11"":26,""-10"":-43,""-9"":39,""-8"":-32,""-7"":37,""-6"":-23,""-5"":-9,""-4"":37,""-3"":-29,""-1"":19,""0"":-3,""1"":-15,""2"":16,""3"":7,""4"":-11,""5"":1,""6"":11,""7"":-3,""8"":-3,""9"":3,""10"":4,""13"":2,""14"":1,""15"":1}","{""0"":-1,""1"":2,""2"":-4,""3"":1,""4"":-1,""5"":-5,""6"":2,""7"":-3,""8"":-5,""9"":2,""10"":11,""11"":-40,""12"":45,""13"":-19,""14"":-26,""15"":43,""16"":-39,""17"":32,""18"":-37,""19"":23,""20"":9,""21"":-37,""22"":29,""24"":-19,""25"":3,""26"":15,""27"":-16,""28"":-7,""29"":11,""30"":-1,""31"":-11,""32"":3,""33"":3,""34"":-3,""35"":-4,""38"":-2,""39"":-1,""40"":-1}",9ec98aeaa4dbe6aca81b82d37f00388fc56abd2ab4cb6f62fb62fdd5dcdb2f18,9e4d028ac595f711b731f98cc3fa9cc0d16cc570b3f787894be0e853841e6b80,success
AAABBA,6,4,2,8,12,12,"{""-26"":1,""-25"":-1,""-24"":1,""-23"":5,""-22"":-10,""-21"":17,""-20"":-11,""-18"":23,""-17"":-41,""-16"":50,""-15"":-31,""-14"":2,""-13"":30,""-12"":-32,""-11"":29,""-10"":-25,""-9"":31,""-8"":-20,""-7"":-4,""-6"":18,""-5"":-6,""-4"":-11,""-3"":9,""-2"":15,""-1"":-20,""0"":7,""1"":15,""2"":-7,""3"":-9,""4"":18,""6"":-12,""7"":8,""8"":6,""9"":-7,""10"":1,""11"":6,""14"":2,""15"":1}","{""0"":1,""1"":-1,""2"":1,""3"":5,""4"":-10,""5"":17,""6"":-11,""8"":23,""9"":-41,""10"":50,""11"":-31,""12"":2,""13"":30,""14"":-32,""15"":29,""16"":-25,""17"":31,""18"":-20,""19"":-4,""20"":18,""21"":-6,""22"":-11,""23"":9,""24"":15,""25"":-20,""26"":7,""27"":15,""28"":-7,""29"":-9,""30"":18,""32"":-12,""33"":8,""34"":6,""35"":-7,""36"":1,""37"":6,""40"":2,""41"":1}",420dc7ba38f410a4a409ba796f31a1e61d02899fbca2366843c0ef7520ac295a,458dcf20a0df6058d8b9417bf648f9b6ca79ce272f1204946c2fe24e9ad3c7b2,success
AAABBB,6,3,3,8,12,12,"{""-27"":1,""-26"":-3,""-25"":7,""-24"":-10,""-23"":11,""-22"":-5,""-21"":-6,""-20"":23,""-19"":-31,""-18"":35,""-17"":-22,""-16"":11,""-15"":5,""-14"":-13,""-13"":21,""-12"":-23,""-11"":27,""-10"":-23,""-9"":17,""-8"":-4,""-7"":2,""-6"":-1,""-5"":5,""-4"":3,""-3"":-5,""-2"":7,""-1"":4,""0"":1,""1"":-4,""2"":15,""3"":-8,""4"":-1,""5"":6,""7"":-6,""8"":4,""9"":4,""10"":-4,""11"":2,""12"":4,""15"":2}","{""0"":-1,""1"":3,""2"":-7,""3"":10,""4"":-11,""5"":5,""6"":6,""7"":-23,""8"":31,""9"":-35,""10"":22,""11"":-11,""12"":-5,""13"":13,""14"":-21,""15"":23,""16"":-27,""17"":23,""18"":-17,""19"":4,""20"":-2,""21"":1,""22"":-5,""23"":-3,""24"":5,""25"":-7,""26"":-4,""27"":-1,""28"":4,""29"":-15,""30"":8,""31"":1,""32"":-6,""34"":6,""35"":-4,""36"":-4,""37"":4,""38"":-2,""39"":-4,""42"":-2}",ce301525b141a8d3f89345eb3a725d9cd8ed5c8b6ac07bd79951c80d5de0c693,39dd096263665635bebf7c0e65aa86fc01365c5d190c38353063c08a6f4db6bf,success
AABAAA,6,5,1,8,12,12,"{""-26"":1,""-25"":-1,""-24"":4,""-23"":-1,""-22"":1,""-21"":9,""-20"":-10,""-19"":13,""-18"":2,""-17"":-16,""-16"":36,""-15"":-35,""-14"":17,""-13"":15,""-12"":-32,""-11"":31,""-10"":-20,""-9"":21,""-8"":-16,""-6"":20,""-5"":-18,""-4"":-1,""-3"":14,""-2"":-3,""-1"":-13,""0"":12,""1"":5,""2"":-14,""3"":4,""4"":12,""5"":-8,""6"":-2,""7"":10,""8"":2,""9"":-3,""10"":4,""11"":4,""12"":1,""14"":2,""15"":1}","{""0"":1,""1"":-1,""2"":4,""3"":-1,""4"":1,""5"":9,""6"":-10,""7"":13,""8"":2,""9"":-16,""10"":36,""11"":-35,""12"":17,""13"":15,""14"":-32,""15"":31,""16"":-20,""17"":21,""18"":-16,""20"":20,""21"":-18,""22"":-1,""23"":14,""24"":-3,""25"":-13,""26"":12,""27"":5,""28"":-14,""29"":4,""30"":12,""31"":-8,""32"":-2,""33"":10,""34"":2,""35"":-3,""36"":4,""37"":4,""38"":1,""40"":2,""41"":1}",06f94c34a9a0dd737957e561f6d60173dfd5160515eb8de616436578279ec00b,69f8e70b62dffa7575d8f1028f95f47117c6b3e331311956878bf4c276da6f73,success
AABAAB,6,4,2,8,12,12,"{""-25"":1,""-24"":-3,""-23"":6,""-22"":-1,""-21"":-11,""-20"":31,""-19"":-21,""-18"":-20,""-17"":81,""-16"":-73,""-15"":-18,""-14"":132,""-13"":-139,""-12"":30,""-11"":78,""-10"":-88,""-9"":48,""-8"":-39,""-7"":60,""-6"":-16,""-5"":-74,""-4"":112,""-3"":-29,""-2"":-86,""-1"":103,""0"":-7,""1"":-75,""2"":60,""3"":15,""4"":-37,""5"":8,""6"":21,""7"":-8,""8"":-6,""9"":5,""10"":5,""11"":-1,""13"":2,""14"":1,""15"":1}","{""0"":-1,""1"":3,""2"":-6,""3"":1,""4"":11,""5"":-31,""6"":21,""7"":20,""8"":-81,""9"":73,""10"":18,""11"":-132,""12"":139,""13"":-30,""14"":-78,""15"":88,""16"":-48,""17"":39,""18"":-60,""19"":16,""20"":74,""21"":-112,""22"":29,""23"":86,""24"":-103,""25"":7,""26"":75,""27"":-60,""28"":-15,""29"":37,""30"":-8,""31"":-21,""32"":8,""33"":6,""34"":-5,""35"":-5,""36"":1,""38"":-2,""39"":-1,""40"":-1}",a7d74604e835c744b212a366150b28cdb5bb0c37ae419e8b68b24885fffbb990,3e34869f09635fd4a898d861c32b1f73e4474dba9cb638960c87caebc8842e0b,success
AABABA,6,4,2,8,12,12,"{""-24"":1,""-22"":1,""-21"":5,""-20"":-4,""-19"":6,""-18"":6,""-17"":-9,""-16"":4,""-15"":10,""-14"":1,""-13"":-30,""-12"":50,""-11"":-24,""-10"":-15,""-9"":39,""-8"":-35,""-7"":37,""-6"":-42,""-5"":34,""-4"":2,""-3"":-37,""-2"":43,""-1"":-10,""0"":-13,""1"":11,""2"":11,""3"":-11,""5"":8,""6"":1,""7"":-3,""8"":1,""9"":4,""10"":1,""12"":2,""13"":1,""14"":1,""15"":1}","{""0"":1,""2"":1,""3"":5,""4"":-4,""5"":6,""6"":6,""7"":-9,""8"":4,""9"":10,""10"":1,""11"":-30,""12"":50,""13"":-24,""14"":-15,""15"":39,""16"":-35,""17"":37,""18"":-42,""19"":34,""20"":2,""21"":-37,""22"":43,""23"":-10,""24"":-13,""25"":11,""26"":11,""27"":-11,""29"":8,""30"":1,""31"":-3,""32"":1,""33"":4,""34"":1,""36"":2,""37"":1,""38"":1,""39"":1}",eb0df34c9d53bb463aeb795d61b11896ab630853d60817538a1c284d7e60e6a0,4c7c7cbe53adf4a4321b2972acafbc8ea1ab45d20d5cf371dcb7b3d92ccbdfbc,success
AABABB,6,3,3,8,12,12,"{""-25"":1,""-24"":-3,""-23"":7,""-22"":-7,""-21"":1,""-20"":16,""-19"":-22,""-18"":11,""-17"":27,""-16"":-42,""-15"":8,""-14"":69,""-13"":-101,""-12"":52,""-11"":36,""-10"":-72,""-9"":57,""-8"":-47,""-7"":60,""-6"":-40,""-5"":-22,""-4"":82,""-3"":-56,""-2"":-16,""-1"":65,""0"":-26,""1"":-32,""2"":47,""3"":-6,""4"":-20,""5"":8,""6"":12,""7"":-7,""8"":-4,""9"":5,""10"":3,""13"":2,""14"":1,""15"":1}","{""0"":-1,""1"":3,""2"":-7,""3"":7,""4"":-1,""5"":-16,""6"":22,""7"":-11,""8"":-27,""9"":42,""10"":-8,""11"":-69,""12"":101,""13"":-52,""14"":-36,""15"":72,""16"":-57,""17"":47,""18"":-60,""19"":40,""20"":22,""21"":-82,""22"":56,""23"":16,""24"":-65,""25"":26,""26"":32,""27"":-47,""28"":6,""29"":20,""30"":-8,""31"":-12,""32"":7,""33"":4,""34"":-5,""35"":-3,""38"":-2,""39"":-1,""40"":-1}",f1d20539f98a2511ccbf8977fd65c3878f892a50c44069c45f03fa5422e0508c,070e6f2748c0e56c1ef5b1c2512c58f134da2fe266ea3a3988e18b3561f0fcf4,success
AABBAA,6,4,2,8,12,12,"{""-26"":1,""-25"":-2,""-24"":5,""-23"":-3,""-22"":-3,""-21"":22,""-20"":-35,""-19"":34,""-18"":6,""-17"":-60,""-16"":97,""-15"":-71,""-14"":6,""-13"":55,""-12"":-59,""-11"":36,""-10"":-22,""-9"":31,""-8"":-20,""-7"":-13,""-6"":32,""-5"":-1,""-4"":-36,""-3"":30,""-2"":25,""-1"":-54,""0"":29,""1"":24,""2"":-34,""3"":5,""4"":26,""5"":-14,""6"":-8,""7"":14,""8"":1,""9"":-7,""10"":3,""11"":5,""14"":2,""15"":1}","{""0"":1,""1"":-2,""2"":5,""3"":-3,""4"":-3,""5"":22,""6"":-35,""7"":34,""8"":6,""9"":-60,""10"":97,""11"":-71,""12"":6,""13"":55,""14"":-59,""15"":36,""16"":-22,""17"":31,""18"":-20,""19"":-13,""20"":32,""21"":-1,""22"":-36,""23"":30,""24"":25,""25"":-54,""26"":29,""27"":24,""28"":-34,""29"":5,""30"":26,""31"":-14,""32"":-8,""33"":14,""34"":1,""35"":-7,""36"":3,""37"":5,""40"":2,""41"":1}",6b966a86450d5a882a349ff0b8b20434e5a289ea4499b69b8159a007601cf23f,53e640dac55744042680d3f6cafdc053bf703670ba4605256b46571c585b99fc,success
AABBAB,6,3,3,8,12,12,"{""-25"":1,""-24"":-3,""-23"":6,""-22"":-2,""-21"":-7,""-20"":21,""-19"":-12,""-18"":-18,""-17"":56,""-16"":-41,""-15"":-35,""-14"":118,""-13"":-110,""-12"":17,""-11"":74,""-10"":-80,""-9"":48,""-8"":-44,""-7"":58,""-6"":-18,""-5"":-55,""-4"":89,""-3"":-19,""-2"":-62,""-1"":72,""0"":9,""1"":-66,""2"":45,""3"":17,""4"":-33,""5"":3,""6"":19,""7"":-6,""8"":-7,""9"":5,""10"":5,""11"":-1,""13"":2,""14"":1,""15"":1}","{""0"":-1,""1"":3,""2"":-6,""3"":2,""4"":7,""5"":-21,""6"":12,""7"":18,""8"":-56,""9"":41,""10"":35,""11"":-118,""12"":110,""13"":-17,""14"":-74,""15"":80,""16"":-48,""17"":44,""18"":-58,""19"":18,""20"":55,""21"":-89,""22"":19,""23"":62,""24"":-72,""25"":-9,""26"":66,""27"":-45,""28"":-17,""29"":33,""30"":-3,""31"":-19,""32"":6,""33"":7,""34"":-5,""35"":-5,""36"":1,""38"":-2,""39"":-1,""40"":-1}",cc92f74aa541236c13182909401e359c706538a04d9b6f82e7d2ec06037fea1c,47510edf2e4a6ace6cfa8025c3b13954d94523fe34efcece4bf0d558a6312880,success
AABBBA,6,3,3,8,12,12,"{""-26"":1,""-25"":-1,""-24"":1,""-23"":5,""-22"":-13,""-21"":22,""-20"":-15,""-19"":-6,""-18"":40,""-17"":-56,""-16"":50,""-15"":-17,""-14"":-16,""-13"":34,""-12"":-29,""-11"":22,""-10"":-23,""-9"":29,""-8"":-14,""-7"":-2,""-6"":13,""-5"":7,""-4"":-11,""-3"":1,""-2"":23,""-1"":-17,""0"":-4,""1"":23,""2"":-5,""3"":-19,""4"":25,""5"":-3,""6"":-15,""7"":10,""8"":5,""9"":-7,""10"":1,""11"":6,""14"":2,""15"":1}","{""0"":1,""1"":-1,""2"":1,""3"":5,""4"":-13,""5"":22,""6"":-15,""7"":-6,""8"":40,""9"":-56,""10"":50,""11"":-17,""12"":-16,""13"":34,""14"":-29,""15"":22,""16"":-23,""17"":29,""18"":-14,""19"":-2,""20"":13,""21"":7,""22"":-11,""23"":1,""24"":23,""25"":-17,""26"":-4,""27"":23,""28"":-5,""29"":-19,""30"":25,""31"":-3,""32"":-15,""33"":10,""34"":5,""35"":-7,""36"":1,""37"":6,""40"":2,""41"":1}",f8e2aa2ab4d3a5310cef0a415dfedf87dac239846f2413f707a0c2de843d1eaf,1abe892d2428bd3262ed91654bc46789b2301f173fe2a4b685671b810131c221,success
AABBBB,6,2,4,8,12,12,"{""-27"":1,""-26"":-3,""-25"":7,""-24"":-9,""-23"":7,""-22"":3,""-21"":-15,""-20"":24,""-19"":-23,""-18"":19,""-17"":-10,""-16"":9,""-15"":2,""-14"":-8,""-13"":21,""-12"":-23,""-11"":26,""-10"":-21,""-9"":15,""-8"":-3,""-7"":-3,""-6"":5,""-5"":2,""-4"":1,""-3"":2,""-2"":3,""-1"":2,""0"":3,""1"":-4,""2"":8,""4"":-4,""5"":4,""6"":6,""7"":-10,""8"":6,""9"":4,""10"":-4,""11"":2,""12"":4,""15"":2}","{""0"":-1,""1"":3,""2"":-7,""3"":9,""4"":-7,""5"":-3,""6"":15,""7"":-24,""8"":23,""9"":-19,""10"":10,""11"":-9,""12"":-2,""13"":8,""14"":-21,""15"":23,""16"":-26,""17"":21,""18"":-15,""19"":3,""20"":3,""21"":-5,""22"":-2,""23"":-1,""24"":-2,""25"":-3,""26"":-2,""27"":-3,""28"":4,""29"":-8,""31"":4,""32"":-4,""33"":-6,""34"":10,""35"":-6,""36"":-4,""37"":4,""38"":-2,""39"":-4,""42"":-2}",a426b7156bd419a0efcec12d6bb1eb49719fec66df510c831fb1fb6db380088c,270cc7fb8a83a12b5de21ff3cf4a5591214bfcb9809e5b61f1ae182831233e8f,success
ABAAAA,6,5,1,8,12,12,"{""-26"":1,""-24"":1,""-23"":4,""-22"":-2,""-21"":4,""-20"":5,""-19"":-7,""-18"":12,""-17"":-6,""-16"":9,""-15"":-7,""-14"":7,""-13"":5,""-12"":-14,""-11"":19,""-10"":-17,""-9"":19,""-8"":-14,""-7"":5,""-6"":10,""-5"":-13,""-4"":8,""-2"":-2,""0"":-1,""1"":3,""2"":-1,""3"":-3,""4"":6,""5"":2,""6"":-4,""7"":4,""8"":7,""9"":-3,""10"":2,""11"":5,""12"":1,""14"":2,""15"":1}","{""0"":1,""2"":1,""3"":4,""4"":-2,""5"":4,""6"":5,""7"":-7,""8"":12,""9"":-6,""10"":9,""11"":-7,""12"":7,""13"":5,""14"":-14,""15"":19,""16"":-17,""17"":19,""18"":-14,""19"":5,""20"":10,""21"":-13,""22"":8,""24"":-2,""26"":-1,""27"":3,""28"":-1,""29"":-3,""30"":6,""31"":2,""32"":-4,""33"":4,""34"":7,""35"":-3,""36"":2,""37"":5,""38"":1,""40"":2,""41"":1}",feb4f248748be26367f510f96846d80bd8a30adcbfe251cb7344ef68a25daae0,9c5af2c2aabe53258b2b24f44b9e91813cbc619ea347d9f65d8b52c28cb646f4,success
ABAAAB,6,4,2,8,12,12,"{""-25"":1,""-24"":-2,""-23"":2,""-22"":5,""-21"":-8,""-20"":6,""-19"":15,""-18"":-28,""-17"":27,""-16"":15,""-15"":-62,""-14"":85,""-13"":-38,""-12"":-33,""-11"":69,""-10"":-49,""-9"":26,""-8"":-28,""-7"":29,""-6"":11,""-5"":-52,""-4"":45,""-3"":11,""-2"":-44,""-1"":20,""0"":33,""1"":-37,""2"":-4,""3"":41,""4"":-20,""5"":-15,""6"":24,""7"":-1,""8"":-8,""9"":2,""10"":7,""11"":-1,""13"":2,""14"":1,""15"":1}","{""0"":-1,""1"":2,""2"":-2,""3"":-5,""4"":8,""5"":-6,""6"":-15,""7"":28,""8"":-27,""9"":-15,""10"":62,""11"":-85,""12"":38,""13"":33,""14"":-69,""15"":49,""16"":-26,""17"":28,""18"":-29,""19"":-11,""20"":52,""21"":-45,""22"":-11,""23"":44,""24"":-20,""25"":-33,""26"":37,""27"":4,""28"":-41,""29"":20,""30"":15,""31"":-24,""32"":1,""33"":8,""34"":-2,""35"":-7,""36"":1,""38"":-2,""39"":-1,""40"":-1}",7b2e4891691af61c95b5fbcc02ab218f1c5bd944b7ca83b8d58c1d72c466748a,ab43f5393a53ead9e6449083e678f899222bc453701b8d10294e956126549a7a,success
ABAABA,6,4,2,8,12,12,"{""-24"":1,""-22"":-2,""-21"":10,""-20"":-3,""-19"":-13,""-18"":35,""-17"":-9,""-16"":-43,""-15"":69,""-14"":-4,""-13"":-89,""-12"":106,""-11"":-27,""-10"":-50,""-9"":62,""-8"":-37,""-7"":51,""-6"":-67,""-5"":30,""-4"":61,""-3"":-108,""-2"":52,""-1"":49,""0"":-78,""1"":24,""2"":37,""3"":-29,""4"":-2,""5"":13,""6"":6,""7"":-9,""8"":1,""9"":6,""12"":2,""13"":1,""14"":1,""15"":1}","{""0"":1,""2"":-2,""3"":10,""4"":-3,""5"":-13,""6"":35,""7"":-9,""8"":-43,""9"":69,""10"":-4,""11"":-89,""12"":106,""13"":-27,""14"":-50,""15"":62,""16"":-37,""17"":51,""18"":-67,""19"":30,""20"":61,""21"":-108,""22"":52,""23"":49,""24"":-78,""25"":24,""26"":37,""27"":-29,""28"":-2,""29"":13,""30"":6,""31"":-9,""32"":1,""33"":6,""36"":2,""37"":1,""38"":1,""39"":1}",9280d4fdfd60d834eaf0a8d0d938ad5acbc60af26fb834961a67e3dfe33c5685,92880641acab83d5b5f538fa5ea6ee0b5b4ded6d858afb2cc93cd767c11c2a4a,success
ABAABB,6,3,3,8,12,12,"{""-25"":1,""-24"":-3,""-23"":5,""-21"":-11,""-20"":22,""-19"":-4,""-18"":-36,""-17"":72,""-16"":-33,""-15"":-66,""-14"":149,""-13"":-110,""-12"":-10,""-11"":96,""-10"":-81,""-9"":40,""-8"":-45,""-7"":59,""-6"":-5,""-5"":-75,""-4"":89,""-3"":7,""-2"":-88,""-1"":69,""0"":36,""1"":-84,""2"":38,""3"":35,""4"":-39,""5"":-3,""6"":24,""7"":-5,""8"":-9,""9"":4,""10"":6,""11"":-1,""13"":2,""14"":1,""15"":1}","{""0"":-1,""1"":3,""2"":-5,""4"":11,""5"":-22,""6"":4,""7"":36,""8"":-72,""9"":33,""10"":66,""11"":-149,""12"":110,""13"":10,""14"":-96,""15"":81,""16"":-40,""17"":45,""18"":-59,""19"":5,""20"":75,""21"":-89,""22"":-7,""23"":88,""24"":-69,""25"":-36,""26"":84,""27"":-38,""28"":-35,""29"":39,""30"":3,""31"":-24,""32"":5,""33"":9,""34"":-4,""35"":-6,""36"":1,""38"":-2,""39"":-1,""40"":-1}",87a322a2d17c16350063aae6d72e98186e8f2fbe39e5c3af650af33809803a75,953702be8870b765a0fe2c604181e3ae09268f339a6f56a9eca39f3b1330b1ce,success
ABABAA,6,4,2,8,12,12,"{""-24"":1,""-22"":1,""-21"":5,""-20"":-4,""-19"":6,""-18"":6,""-17"":-9,""-16"":4,""-15"":10,""-14"":1,""-13"":-30,""-12"":50,""-11"":-24,""-10"":-15,""-9"":39,""-8"":-35,""-7"":37,""-6"":-42,""-5"":34,""-4"":2,""-3"":-37,""-2"":43,""-1"":-10,""0"":-13,""1"":11,""2"":11,""3"":-11,""5"":8,""6"":1,""7"":-3,""8"":1,""9"":4,""10"":1,""12"":2,""13"":1,""14"":1,""15"":1}","{""0"":1,""2"":1,""3"":5,""4"":-4,""5"":6,""6"":6,""7"":-9,""8"":4,""9"":10,""10"":1,""11"":-30,""12"":50,""13"":-24,""14"":-15,""15"":39,""16"":-35,""17"":37,""18"":-42,""19"":34,""20"":2,""21"":-37,""22"":43,""23"":-10,""24"":-13,""25"":11,""26"":11,""27"":-11,""29"":8,""30"":1,""31"":-3,""32"":1,""33"":4,""34"":1,""36"":2,""37"":1,""38"":1,""39"":1}",eb0df34c9d53bb463aeb795d61b11896ab630853d60817538a1c284d7e60e6a0,4c7c7cbe53adf4a4321b2972acafbc8ea1ab45d20d5cf371dcb7b3d92ccbdfbc,success
ABABAB,6,3,3,8,12,12,"{""-23"":1,""-22"":-1,""-21"":1,""-20"":4,""-19"":1,""-18"":-2,""-17"":7,""-16"":5,""-15"":-9,""-14"":9,""-13"":-9,""-12"":19,""-11"":-23,""-10"":11,""-9"":13,""-8"":-24,""-7"":30,""-6"":-24,""-5"":30,""-4"":-24,""-3"":14,""-2"":10,""-1"":-18,""0"":16,""1"":-4,""2"":8,""3"":-10,""4"":6,""5"":5,""6"":-4,""7"":-1,""8"":5,""11"":2,""12"":1,""13"":1,""14"":1,""15"":1}","{""0"":-1,""1"":1,""2"":-1,""3"":-4,""4"":-1,""5"":2,""6"":-7,""7"":-5,""8"":9,""9"":-9,""10"":9,""11"":-19,""12"":23,""13"":-11,""14"":-13,""15"":24,""16"":-30,""17"":24,""18"":-30,""19"":24,""20"":-14,""21"":-10,""22"":18,""23"":-16,""24"":4,""25"":-8,""26"":10,""27"":-6,""28"":-5,""29"":4,""30"":1,""31"":-5,""34"":-2,""35"":-1,""36"":-1,""37"":-1,""38"":-1}",0e2e214a0a32b6dc7b60856972e1d127b8cfe94c8cdef7e1d0746746efe745ea,9e4702c4900f5e1b0e33ab754a0e6543c437f843923945180fe5065dda628540,success
ABABBA,6,3,3,8,12,12,"{""-24"":1,""-22"":-2,""-21"":10,""-20"":-6,""-19"":-6,""-18"":26,""-17"":-14,""-16"":-23,""-15"":44,""-13"":-71,""-12"":90,""-11"":-26,""-10"":-41,""-9"":58,""-8"":-42,""-7"":52,""-6"":-63,""-5"":39,""-4"":41,""-3"":-83,""-2"":54,""-1"":26,""0"":-54,""1"":18,""2"":29,""3"":-26,""4"":-1,""5"":10,""6"":4,""7"":-7,""9"":6,""12"":2,""13"":1,""14"":1,""15"":1}","{""0"":1,""2"":-2,""3"":10,""4"":-6,""5"":-6,""6"":26,""7"":-14,""8"":-23,""9"":44,""11"":-71,""12"":90,""13"":-26,""14"":-41,""15"":58,""16"":-42,""17"":52,""18"":-63,""19"":39,""20"":41,""21"":-83,""22"":54,""23"":26,""24"":-54,""25"":18,""26"":29,""27"":-26,""28"":-1,""29"":10,""30"":4,""31"":-7,""33"":6,""36"":2,""37"":1,""38"":1,""39"":1}",8adc096fccdac6abee42cfd66330c9a3fda69c5ab3ff75e300394c9eb0e2ebff,fd163577b544103e26cf6495b03a4290ffaa0d39ed4183a54a17b9563b613ebc,success
ABABBB,6,2,4,8,12,12,"{""-25"":1,""-24"":-2,""-23"":3,""-21"":-3,""-20"":6,""-19"":-2,""-18"":-1,""-17"":8,""-16"":2,""-15"":-22,""-14"":51,""-13"":-45,""-12"":5,""-11"":41,""-10"":-48,""-9"":39,""-8"":-33,""-7"":39,""-6"":-17,""-5"":-18,""-4"":42,""-3"":-20,""-2"":-11,""-1"":22,""0"":5,""1"":-22,""2"":13,""3"":14,""4"":-13,""5"":-5,""6"":15,""7"":-3,""8"":-4,""9"":2,""10"":5,""13"":2,""14"":1,""15"":1}","{""0"":-1,""1"":2,""2"":-3,""4"":3,""5"":-6,""6"":2,""7"":1,""8"":-8,""9"":-2,""10"":22,""11"":-51,""12"":45,""13"":-5,""14"":-41,""15"":48,""16"":-39,""17"":33,""18"":-39,""19"":17,""20"":18,""21"":-42,""22"":20,""23"":11,""24"":-22,""25"":-5,""26"":22,""27"":-13,""28"":-14,""29"":13,""30"":5,""31"":-15,""32"":3,""33"":4,""34"":-2,""35"":-5,""38"":-2,""39"":-1,""40"":-1}",4c7aa6e103308c3f2018eda0138ca799377d0d114e6904e10f816d54eb9dc1be,c168a3543735fd9f49887be29b00126763d7b14a0f9e06defdd34a39a5e58a55,success
ABBAAA,6,4,2,8,12,12,"{""-26"":1,""-25"":-1,""-24"":1,""-23"":5,""-22"":-10,""-21"":17,""-20"":-11,""-18"":23,""-17"":-41,""-16"":50,""-15"":-31,""-14"":2,""-13"":30,""-12"":-32,""-11"":29,""-10"":-25,""-9"":31,""-8"":-20,""-7"":-4,""-6"":18,""-5"":-6,""-4"":-11,""-3"":9,""-2"":15,""-1"":-20,""0"":7,""1"":15,""2"":-7,""3"":-9,""4"":18,""6"":-12,""7"":8,""8"":6,""9"":-7,""10"":1,""11"":6,""14"":2,""15"":1}","{""0"":1,""1"":-1,""2"":1,""3"":5,""4"":-10,""5"":17,""6"":-11,""8"":23,""9"":-41,""10"":50,""11"":-31,""12"":2,""13"":30,""14"":-32,""15"":29,""16"":-25,""17"":31,""18"":-20,""19"":-4,""20"":18,""21"":-6,""22"":-11,""23"":9,""24"":15,""25"":-20,""26"":7,""27"":15,""28"":-7,""29"":-9,""30"":18,""32"":-12,""33"":8,""34"":6,""35"":-7,""36"":1,""37"":6,""40"":2,""41"":1}",420dc7ba38f410a4a409ba796f31a1e61d02899fbca2366843c0ef7520ac295a,458dcf20a0df6058d8b9417bf648f9b6ca79ce272f1204946c2fe24e9ad3c7b2,success
ABBAAB,6,3,3,8,12,12,"{""-25"":1,""-24"":-3,""-23"":4,""-22"":6,""-21"":-22,""-20"":28,""-19"":13,""-18"":-77,""-17"":104,""-16"":-17,""-15"":-128,""-14"":200,""-13"":-104,""-12"":-58,""-11"":131,""-10"":-80,""-9"":31,""-8"":-48,""-7"":57,""-6"":26,""-5"":-111,""-4"":83,""-3"":59,""-2"":-132,""-1"":57,""0"":86,""1"":-115,""2"":24,""3"":65,""4"":-51,""5"":-11,""6"":32,""7"":-4,""8"":-12,""9"":4,""10"":8,""11"":-2,""13"":2,""14"":1,""15"":1}","{""0"":-1,""1"":3,""2"":-4,""3"":-6,""4"":22,""5"":-28,""6"":-13,""7"":77,""8"":-104,""9"":17,""10"":128,""11"":-200,""12"":104,""13"":58,""14"":-131,""15"":80,""16"":-31,""17"":48,""18"":-57,""19"":-26,""20"":111,""21"":-83,""22"":-59,""23"":132,""24"":-57,""25"":-86,""26"":115,""27"":-24,""28"":-65,""29"":51,""30"":11,""31"":-32,""32"":4,""33"":12,""34"":-4,""35"":-8,""36"":2,""38"":-2,""39"":-1,""40"":-1}",bbe288af251125ead8909a06aabdc5be2ad0b56012e57653514f875a0521f1ef,ead13adedf444961c70bf8c74e4c99093ae3a7a30cd0442602674ce36afe616c,success
ABBABA,6,3,3,8,12,12,"{""-24"":1,""-22"":-2,""-21"":10,""-20"":-6,""-19"":-6,""-18"":26,""-17"":-14,""-16"":-23,""-15"":44,""-13"":-71,""-12"":90,""-11"":-26,""-10"":-41,""-9"":58,""-8"":-42,""-7"":52,""-6"":-63,""-5"":39,""-4"":41,""-3"":-83,""-2"":54,""-1"":26,""0"":-54,""1"":18,""2"":29,""3"":-26,""4"":-1,""5"":10,""6"":4,""7"":-7,""9"":6,""12"":2,""13"":1,""14"":1,""15"":1}","{""0"":1,""2"":-2,""3"":10,""4"":-6,""5"":-6,""6"":26,""7"":-14,""8"":-23,""9"":44,""11"":-71,""12"":90,""13"":-26,""14"":-41,""15"":58,""16"":-42,""17"":52,""18"":-63,""19"":39,""20"":41,""21"":-83,""22"":54,""23"":26,""24"":-54,""25"":18,""26"":29,""27"":-26,""28"":-1,""29"":10,""30"":4,""31"":-7,""33"":6,""36"":2,""37"":1,""38"":1,""39"":1}",8adc096fccdac6abee42cfd66330c9a3fda69c5ab3ff75e300394c9eb0e2ebff,fd163577b544103e26cf6495b03a4290ffaa0d39ed4183a54a17b9563b613ebc,success
ABBABB,6,2,4,8,12,12,"{""-25"":1,""-24"":-3,""-23"":5,""-22"":1,""-21"":-16,""-20"":34,""-19"":-19,""-18"":-33,""-17"":92,""-16"":-69,""-15"":-44,""-14"":156,""-13"":-140,""-12"":9,""-11"":100,""-10"":-90,""-9"":47,""-8"":-42,""-7"":65,""-6"":-8,""-5"":-88,""-4"":113,""-3"":-8,""-2"":-107,""-1"":101,""0"":15,""1"":-92,""2"":57,""3"":27,""4"":-42,""5"":3,""6"":25,""7"":-8,""8"":-7,""9"":4,""10"":6,""11"":-1,""13"":2,""14"":1,""15"":1}","{""0"":-1,""1"":3,""2"":-5,""3"":-1,""4"":16,""5"":-34,""6"":19,""7"":33,""8"":-92,""9"":69,""10"":44,""11"":-156,""12"":140,""13"":-9,""14"":-100,""15"":90,""16"":-47,""17"":42,""18"":-65,""19"":8,""20"":88,""21"":-113,""22"":8,""23"":107,""24"":-101,""25"":-15,""26"":92,""27"":-57,""28"":-27,""29"":42,""30"":-3,""31"":-25,""32"":8,""33"":7,""34"":-4,""35"":-6,""36"":1,""38"":-2,""39"":-1,""40"":-1}",1f621fcf769e473cd684fabf4e10452643f21be5235c33b83cfd357696cc99e6,033be9282b5bc7bde09c6207588154f0584a7fdfdd6efd444292b5d809770f89,success
ABBBAA,6,3,3,8,12,12,"{""-26"":1,""-25"":-1,""-24"":1,""-23"":5,""-22"":-13,""-21"":22,""-20"":-15,""-19"":-6,""-18"":40,""-17"":-56,""-16"":50,""-15"":-17,""-14"":-16,""-13"":34,""-12"":-29,""-11"":22,""-10"":-23,""-9"":29,""-8"":-14,""-7"":-2,""-6"":13,""-5"":7,""-4"":-11,""-3"":1,""-2"":23,""-1"":-17,""0"":-4,""1"":23,""2"":-5,""3"":-19,""4"":25,""5"":-3,""6"":-15,""7"":10,""8"":5,""9"":-7,""10"":1,""11"":6,""14"":2,""15"":1}","{""0"":1,""1"":-1,""2"":1,""3"":5,""4"":-13,""5"":22,""6"":-15,""7"":-6,""8"":40,""9"":-56,""10"":50,""11"":-17,""12"":-16,""13"":34,""14"":-29,""15"":22,""16"":-23,""17"":29,""18"":-14,""19"":-2,""20"":13,""21"":7,""22"":-11,""23"":1,""24"":23,""25"":-17,""26"":-4,""27"":23,""28"":-5,""29"":-19,""30"":25,""31"":-3,""32"":-15,""33"":10,""34"":5,""35"":-7,""36"":1,""37"":6,""40"":2,""41"":1}",f8e2aa2ab4d3a5310cef0a415dfedf87dac239846f2413f707a0c2de843d1eaf,1abe892d2428bd3262ed91654bc46789b2301f173fe2a4b685671b810131c221,success
ABBBAB,6,2,4,8,12,12,"{""-25"":1,""-24"":-2,""-23"":2,""-22"":5,""-21"":-9,""-20"":8,""-19"":9,""-18"":-23,""-17"":22,""-16"":11,""-15"":-57,""-14"":78,""-13"":-39,""-12"":-27,""-11"":69,""-10"":-50,""-9"":33,""-8"":-30,""-7"":33,""-6"":6,""-5"":-46,""-4"":46,""-3"":6,""-2"":-39,""-1"":21,""0"":28,""1"":-36,""3"":35,""4"":-19,""5"":-14,""6"":23,""7"":-2,""8"":-7,""9"":2,""10"":7,""11"":-1,""13"":2,""14"":1,""15"":1}","{""0"":-1,""1"":2,""2"":-2,""3"":-5,""4"":9,""5"":-8,""6"":-9,""7"":23,""8"":-22,""9"":-11,""10"":57,""11"":-78,""12"":39,""13"":27,""14"":-69,""15"":50,""16"":-33,""17"":30,""18"":-33,""19"":-6,""20"":46,""21"":-46,""22"":-6,""23"":39,""24"":-21,""25"":-28,""26"":36,""28"":-35,""29"":19,""30"":14,""31"":-23,""32"":2,""33"":7,""34"":-2,""35"":-7,""36"":1,""38"":-2,""39"":-1,""40"":-1}",b38641d6689b8efb763458b57428bccde03e53f9127c7eb444d5153b1cd16621,f59934b005a5127e88829ef3b60bff1b799f458793b57d3a15eee973c5116e0e,success
ABBBBA,6,2,4,8,12,12,"{""-26"":1,""-24"":-2,""-23"":9,""-22"":-10,""-21"":4,""-20"":12,""-19"":-25,""-18"":27,""-17"":-18,""-16"":10,""-15"":-1,""-14"":-4,""-13"":16,""-12"":-18,""-11"":24,""-10"":-20,""-9"":23,""-8"":-11,""-6"":11,""-5"":-6,""-4"":3,""-3"":2,""-2"":3,""-1"":3,""0"":-4,""1"":5,""2"":8,""3"":-11,""4"":5,""5"":9,""6"":-9,""7"":-3,""8"":13,""9"":-7,""10"":-1,""11"":7,""14"":2,""15"":1}","{""0"":1,""2"":-2,""3"":9,""4"":-10,""5"":4,""6"":12,""7"":-25,""8"":27,""9"":-18,""10"":10,""11"":-1,""12"":-4,""13"":16,""14"":-18,""15"":24,""16"":-20,""17"":23,""18"":-11,""20"":11,""21"":-6,""22"":3,""23"":2,""24"":3,""25"":3,""26"":-4,""27"":5,""28"":8,""29"":-11,""30"":5,""31"":9,""32"":-9,""33"":-3,""34"":13,""35"":-7,""36"":-1,""37"":7,""40"":2,""41"":1}",b6f8516a2722de90033873d7edafec5ad4d094077fb4d2603774d02857ceb31b,613e36cba90113ed65394127a4275fb86239123fdb07f50f3a8d0ffa7ea630f6,success
ABBBBB,6,1,5,8,12,12,"{""-27"":1,""-26"":-2,""-25"":3,""-23"":-5,""-22"":12,""-21"":-14,""-20"":12,""-19"":-5,""-18"":1,""-17"":1,""-16"":3,""-15"":2,""-14"":-3,""-13"":14,""-12"":-13,""-11"":18,""-10"":-13,""-9"":14,""-8"":-3,""-7"":1,""-6"":5,""-5"":-2,""-4"":1,""3"":2,""6"":6,""7"":-2,""8"":2,""9"":4,""10"":2,""11"":-2,""12"":6,""15"":2}","{""0"":-1,""1"":2,""2"":-3,""4"":5,""5"":-12,""6"":14,""7"":-12,""8"":5,""9"":-1,""10"":-1,""11"":-3,""12"":-2,""13"":3,""14"":-14,""15"":13,""16"":-18,""17"":13,""18"":-14,""19"":3,""20"":-1,""21"":-5,""22"":2,""23"":-1,""30"":-2,""33"":-6,""34"":2,""35"":-2,""36"":-4,""37"":-2,""38"":2,""39"":-6,""42"":-2}",1675d11c5278f4aee4d8853fceff3a03f99abba1a4cc220300536e9c22fb5e84,8161f48291878125b760fa6b2ccc2d6a5b0cb213e6b608a5353efb1be86f9714,success
BAAAAA,6,5,1,8,12,12,"{""-27"":1,""-26"":-2,""-25"":4,""-24"":-1,""-22"":9,""-21"":-8,""-20"":11,""-19"":-3,""-18"":2,""-17"":1,""-16"":4,""-15"":-2,""-13"":9,""-12"":-11,""-11"":15,""-10"":-12,""-9"":12,""-8"":-4,""-7"":-1,""-6"":6,""-5"":-4,""-4"":2,""3"":1,""4"":-1,""5"":1,""6"":4,""7"":-1,""8"":3,""9"":5,""10"":1,""12"":5,""15"":2}","{""0"":-1,""1"":2,""2"":-4,""3"":1,""5"":-9,""6"":8,""7"":-11,""8"":3,""9"":-2,""10"":-1,""11"":-4,""12"":2,""14"":-9,""15"":11,""16"":-15,""17"":12,""18"":-12,""19"":4,""20"":1,""21"":-6,""22"":4,""23"":-2,""30"":-1,""31"":1,""32"":-1,""33"":-4,""34"":1,""35"":-3,""36"":-5,""37"":-1,""39"":-5,""42"":-2}",a9838eeb14544904cc411a9b2b46166fdb21a139546571f84a4ba66bdd5114ae,a2188fcd8230db1d0d7a722dc572480d8c1766896c5928918d2ceda9b7849dcf,success
BAAAAB,6,4,2,8,12,12,"{""-26"":1,""-25"":-2,""-24"":1,""-23"":7,""-22"":-15,""-21"":18,""-19"":-19,""-18"":35,""-17"":-27,""-16"":18,""-15"":-5,""-13"":16,""-12"":-20,""-11"":23,""-10"":-20,""-9"":24,""-8"":-19,""-7"":1,""-6"":17,""-5"":-15,""-4"":5,""-3"":2,""-2"":5,""-1"":-3,""0"":-6,""1"":14,""3"":-14,""4"":17,""5"":9,""6"":-20,""7"":9,""8"":14,""9"":-15,""10"":2,""11"":9,""12"":-2,""13"":-1,""14"":3,""15"":1}","{""0"":1,""1"":-2,""2"":1,""3"":7,""4"":-15,""5"":18,""7"":-19,""8"":35,""9"":-27,""10"":18,""11"":-5,""13"":16,""14"":-20,""15"":23,""16"":-20,""17"":24,""18"":-19,""19"":1,""20"":17,""21"":-15,""22"":5,""23"":2,""24"":5,""25"":-3,""26"":-6,""27"":14,""29"":-14,""30"":17,""31"":9,""32"":-20,""33"":9,""34"":14,""35"":-15,""36"":2,""37"":9,""38"":-2,""39"":-1,""40"":3,""41"":1}",65547a24a0e3d810a99a759967c8876fcdfd3962c29d512a146ba362e72693b1,43497b139d429d2e2e23d2365b4edeb7297c8d005f30e60b3a8bec2e535739e5,success
BAAABA,6,4,2,8,12,12,"{""-25"":1,""-24"":-2,""-23"":2,""-22"":5,""-21"":-8,""-20"":6,""-19"":15,""-18"":-28,""-17"":27,""-16"":15,""-15"":-62,""-14"":85,""-13"":-38,""-12"":-33,""-11"":69,""-10"":-49,""-9"":26,""-8"":-28,""-7"":29,""-6"":11,""-5"":-52,""-4"":45,""-3"":11,""-2"":-44,""-1"":20,""0"":33,""1"":-37,""2"":-4,""3"":41,""4"":-20,""5"":-15,""6"":24,""7"":-1,""8"":-8,""9"":2,""10"":7,""11"":-1,""13"":2,""14"":1,""15"":1}","{""0"":-1,""1"":2,""2"":-2,""3"":-5,""4"":8,""5"":-6,""6"":-15,""7"":28,""8"":-27,""9"":-15,""10"":62,""11"":-85,""12"":38,""13"":33,""14"":-69,""15"":49,""16"":-26,""17"":28,""18"":-29,""19"":-11,""20"":52,""21"":-45,""22"":-11,""23"":44,""24"":-20,""25"":-33,""26"":37,""27"":4,""28"":-41,""29"":20,""30"":15,""31"":-24,""32"":1,""33"":8,""34"":-2,""35"":-7,""36"":1,""38"":-2,""39"":-1,""40"":-1}",7b2e4891691af61c95b5fbcc02ab218f1c5bd944b7ca83b8d58c1d72c466748a,ab43f5393a53ead9e6449083e678f899222bc453701b8d10294e956126549a7a,success
BAAABB,6,3,3,8,12,12,"{""-26"":1,""-25"":-3,""-24"":5,""-23"":-1,""-22"":-12,""-21"":32,""-20"":-37,""-19"":16,""-18"":37,""-17"":-77,""-16"":84,""-15"":-39,""-14"":-17,""-13"":54,""-12"":-42,""-11"":20,""-10"":-15,""-9"":34,""-8"":-27,""-7"":-6,""-6"":26,""-4"":-28,""-3"":15,""-2"":33,""-1"":-40,""0"":5,""1"":45,""2"":-30,""3"":-18,""4"":47,""5"":-18,""6"":-23,""7"":25,""8"":3,""9"":-15,""10"":5,""11"":8,""12"":-2,""13"":-1,""14"":3,""15"":1}","{""0"":1,""1"":-3,""2"":5,""3"":-1,""4"":-12,""5"":32,""6"":-37,""7"":16,""8"":37,""9"":-77,""10"":84,""11"":-39,""12"":-17,""13"":54,""14"":-42,""15"":20,""16"":-15,""17"":34,""18"":-27,""19"":-6,""20"":26,""22"":-28,""23"":15,""24"":33,""25"":-40,""26"":5,""27"":45,""28"":-30,""29"":-18,""30"":47,""31"":-18,""32"":-23,""33"":25,""34"":3,""35"":-15,""36"":5,""37"":8,""38"":-2,""39"":-1,""40"":3,""41"":1}",302baa6a4b66161cdbd5c0610d5dfc51ba0c84d5d5ec24bc899aa2398e722286,48f927758f9990c1dac69a128a2c8518be20f44518ddf8c0a74427e4493f1a5b,success
BAABAA,6,4,2,8,12,12,"{""-25"":1,""-24"":-3,""-23"":6,""-22"":-1,""-21"":-11,""-20"":31,""-19"":-21,""-18"":-20,""-17"":81,""-16"":-73,""-15"":-18,""-14"":132,""-13"":-139,""-12"":30,""-11"":78,""-10"":-88,""-9"":48,""-8"":-39,""-7"":60,""-6"":-16,""-5"":-74,""-4"":112,""-3"":-29,""-2"":-86,""-1"":103,""0"":-7,""1"":-75,""2"":60,""3"":15,""4"":-37,""5"":8,""6"":21,""7"":-8,""8"":-6,""9"":5,""10"":5,""11"":-1,""13"":2,""14"":1,""15"":1}","{""0"":-1,""1"":3,""2"":-6,""3"":1,""4"":11,""5"":-31,""6"":21,""7"":20,""8"":-81,""9"":73,""10"":18,""11"":-132,""12"":139,""13"":-30,""14"":-78,""15"":88,""16"":-48,""17"":39,""18"":-60,""19"":16,""20"":74,""21"":-112,""22"":29,""23"":86,""24"":-103,""25"":7,""26"":75,""27"":-60,""28"":-15,""29"":37,""30"":-8,""31"":-21,""32"":8,""33"":6,""34"":-5,""35"":-5,""36"":1,""38"":-2,""39"":-1,""40"":-1}",a7d74604e835c744b212a366150b28cdb5bb0c37ae419e8b68b24885fffbb990,3e34869f09635fd4a898d861c32b1f73e4474dba9cb638960c87caebc8842e0b,success
BAABAB,6,3,3,8,12,12,"{""-24"":1,""-23"":-2,""-22"":1,""-21"":8,""-20"":-14,""-19"":8,""-18"":22,""-17"":-31,""-16"":3,""-15"":50,""-14"":-37,""-13"":-41,""-12"":106,""-11"":-68,""-10"":-20,""-9"":62,""-8"":-46,""-7"":42,""-6"":-68,""-5"":72,""-4"":3,""-3"":-85,""-2"":96,""-1"":-9,""0"":-59,""1"":50,""2"":14,""3"":-34,""4"":8,""5"":12,""6"":1,""7"":-11,""8"":3,""9"":8,""10"":-2,""11"":-1,""12"":3,""13"":1,""14"":1,""15"":1}","{""0"":1,""1"":-2,""2"":1,""3"":8,""4"":-14,""5"":8,""6"":22,""7"":-31,""8"":3,""9"":50,""10"":-37,""11"":-41,""12"":106,""13"":-68,""14"":-20,""15"":62,""16"":-46,""17"":42,""18"":-68,""19"":72,""20"":3,""21"":-85,""22"":96,""23"":-9,""24"":-59,""25"":50,""26"":14,""27"":-34,""28"":8,""29"":12,""30"":1,""31"":-11,""32"":3,""33"":8,""34"":-2,""35"":-1,""36"":3,""37"":1,""38"":1,""39"":1}",785885b5b81221788690fcf29bf72d1dd1e4cd486e2372f4f00f25cf178f7117,775db670d2bbae7786508f65760d55714dfa9f2ceadd57e9dc6b7b1539cead58,success
BAABBA,6,3,3,8,12,12,"{""-25"":1,""-24"":-3,""-23"":4,""-22"":6,""-21"":-22,""-20"":28,""-19"":13,""-18"":-77,""-17"":104,""-16"":-17,""-15"":-128,""-14"":200,""-13"":-104,""-12"":-58,""-11"":131,""-10"":-80,""-9"":31,""-8"":-48,""-7"":57,""-6"":26,""-5"":-111,""-4"":83,""-3"":59,""-2"":-132,""-1"":57,""0"":86,""1"":-115,""2"":24,""3"":65,""4"":-51,""5"":-11,""6"":32,""7"":-4,""8"":-12,""9"":4,""10"":8,""11"":-2,""13"":2,""14"":1,""15"":1}","{""0"":-1,""1"":3,""2"":-4,""3"":-6,""4"":22,""5"":-28,""6"":-13,""7"":77,""8"":-104,""9"":17,""10"":128,""11"":-200,""12"":104,""13"":58,""14"":-131,""15"":80,""16"":-31,""17"":48,""18"":-57,""19"":-26,""20"":111,""21"":-83,""22"":-59,""23"":132,""24"":-57,""25"":-86,""26"":115,""27"":-24,""28"":-65,""29"":51,""30"":11,""31"":-32,""32"":4,""33"":12,""34"":-4,""35"":-8,""36"":2,""38"":-2,""39"":-1,""40"":-1}",bbe288af251125ead8909a06aabdc5be2ad0b56012e57653514f875a0521f1ef,ead13adedf444961c70bf8c74e4c99093ae3a7a30cd0442602674ce36afe616c,success
BAABBB,6,2,4,8,12,12,"{""-26"":1,""-25"":-3,""-24"":5,""-23"":-1,""-22"":-10,""-21"":25,""-20"":-28,""-19"":13,""-18"":23,""-17"":-56,""-16"":75,""-15"":-51,""-14"":6,""-13"":42,""-12"":-46,""-11"":30,""-10"":-21,""-9"":37,""-8"":-35,""-7"":2,""-6"":29,""-5"":-10,""-4"":-20,""-3"":25,""-2"":18,""-1"":-39,""0"":16,""1"":27,""2"":-26,""3"":-11,""4"":38,""5"":-13,""6"":-20,""7"":22,""8"":5,""9"":-15,""10"":5,""11"":8,""12"":-2,""13"":-1,""14"":3,""15"":1}","{""0"":1,""1"":-3,""2"":5,""3"":-1,""4"":-10,""5"":25,""6"":-28,""7"":13,""8"":23,""9"":-56,""10"":75,""11"":-51,""12"":6,""13"":42,""14"":-46,""15"":30,""16"":-21,""17"":37,""18"":-35,""19"":2,""20"":29,""21"":-10,""22"":-20,""23"":25,""24"":18,""25"":-39,""26"":16,""27"":27,""28"":-26,""29"":-11,""30"":38,""31"":-13,""32"":-20,""33"":22,""34"":5,""35"":-15,""36"":5,""37"":8,""38"":-2,""39"":-1,""40"":3,""41"":1}",b302843b63fed4f49b8e1c193d03ee6f6ebd45a5505a26180a0d867dce5bd28a,e2b7fd9bb1638dd8f469520ba533752c0bc12f4678340895f71c137d91807209,success
BABAAA,6,4,2,8,12,12,"{""-25"":1,""-24"":-2,""-23"":4,""-22"":-1,""-21"":1,""-20"":5,""-19"":-2,""-18"":3,""-17"":5,""-16"":-2,""-15"":-11,""-14"":40,""-13"":-45,""-12"":19,""-11"":26,""-10"":-43,""-9"":39,""-8"":-32,""-7"":37,""-6"":-23,""-5"":-9,""-4"":37,""-3"":-29,""-1"":19,""0"":-3,""1"":-15,""2"":16,""3"":7,""4"":-11,""5"":1,""6"":11,""7"":-3,""8"":-3,""9"":3,""10"":4,""13"":2,""14"":1,""15"":1}","{""0"":-1,""1"":2,""2"":-4,""3"":1,""4"":-1,""5"":-5,""6"":2,""7"":-3,""8"":-5,""9"":2,""10"":11,""11"":-40,""12"":45,""13"":-19,""14"":-26,""15"":43,""16"":-39,""17"":32,""18"":-37,""19"":23,""20"":9,""21"":-37,""22"":29,""24"":-19,""25"":3,""26"":15,""27"":-16,""28"":-7,""29"":11,""30"":-1,""31"":-11,""32"":3,""33"":3,""34"":-3,""35"":-4,""38"":-2,""39"":-1,""40"":-1}",9ec98aeaa4dbe6aca81b82d37f00388fc56abd2ab4cb6f62fb62fdd5dcdb2f18,9e4d028ac595f711b731f98cc3fa9cc0d16cc570b3f787894be0e853841e6b80,success
BABAAB,6,3,3,8,12,12,"{""-24"":1,""-23"":-2,""-22"":1,""-21"":8,""-20"":-14,""-19"":8,""-18"":22,""-17"":-31,""-16"":3,""-15"":50,""-14"":-37,""-13"":-41,""-12"":106,""-11"":-68,""-10"":-20,""-9"":62,""-8"":-46,""-7"":42,""-6"":-68,""-5"":72,""-4"":3,""-3"":-85,""-2"":96,""-1"":-9,""0"":-59,""1"":50,""2"":14,""3"":-34,""4"":8,""5"":12,""6"":1,""7"":-11,""8"":3,""9"":8,""10"":-2,""11"":-1,""12"":3,""13"":1,""14"":1,""15"":1}","{""0"":1,""1"":-2,""2"":1,""3"":8,""4"":-14,""5"":8,""6"":22,""7"":-31,""8"":3,""9"":50,""10"":-37,""11"":-41,""12"":106,""13"":-68,""14"":-20,""15"":62,""16"":-46,""17"":42,""18"":-68,""19"":72,""20"":3,""21"":-85,""22"":96,""23"":-9,""24"":-59,""25"":50,""26"":14,""27"":-34,""28"":8,""29"":12,""30"":1,""31"":-11,""32"":3,""33"":8,""34"":-2,""35"":-1,""36"":3,""37"":1,""38"":1,""39"":1}",785885b5b81221788690fcf29bf72d1dd1e4cd486e2372f4f00f25cf178f7117,775db670d2bbae7786508f65760d55714dfa9f2ceadd57e9dc6b7b1539cead58,success
BABABA,6,3,3,8,12,12,"{""-23"":1,""-22"":-1,""-21"":1,""-20"":4,""-19"":1,""-18"":-2,""-17"":7,""-16"":5,""-15"":-9,""-14"":9,""-13"":-9,""-12"":19,""-11"":-23,""-10"":11,""-9"":13,""-8"":-24,""-7"":30,""-6"":-24,""-5"":30,""-4"":-24,""-3"":14,""-2"":10,""-1"":-18,""0"":16,""1"":-4,""2"":8,""3"":-10,""4"":6,""5"":5,""6"":-4,""7"":-1,""8"":5,""11"":2,""12"":1,""13"":1,""14"":1,""15"":1}","{""0"":-1,""1"":1,""2"":-1,""3"":-4,""4"":-1,""5"":2,""6"":-7,""7"":-5,""8"":9,""9"":-9,""10"":9,""11"":-19,""12"":23,""13"":-11,""14"":-13,""15"":24,""16"":-30,""17"":24,""18"":-30,""19"":24,""20"":-14,""21"":-10,""22"":18,""23"":-16,""24"":4,""25"":-8,""26"":10,""27"":-6,""28"":-5,""29"":4,""30"":1,""31"":-5,""34"":-2,""35"":-1,""36"":-1,""37"":-1,""38"":-1}",0e2e214a0a32b6dc7b60856972e1d127b8cfe94c8cdef7e1d0746746efe745ea,9e4702c4900f5e1b0e33ab754a0e6543c437f843923945180fe5065dda628540,success
BABABB,6,2,4,8,12,12,"{""-24"":1,""-23"":-2,""-22"":3,""-21"":1,""-20"":-6,""-19"":10,""-18"":1,""-17"":-11,""-16"":14,""-15"":8,""-14"":-9,""-13"":-20,""-12"":56,""-11"":-42,""-10"":-5,""-9"":42,""-8"":-39,""-7"":38,""-6"":-45,""-5"":52,""-4"":-17,""-3"":-30,""-2"":55,""-1"":-26,""0"":-11,""1"":19,""2"":7,""3"":-16,""4"":4,""5"":9,""7"":-6,""8"":3,""9"":5,""11"":-1,""12"":3,""13"":1,""14"":1,""15"":1}","{""0"":1,""1"":-2,""2"":3,""3"":1,""4"":-6,""5"":10,""6"":1,""7"":-11,""8"":14,""9"":8,""10"":-9,""11"":-20,""12"":56,""13"":-42,""14"":-5,""15"":42,""16"":-39,""17"":38,""18"":-45,""19"":52,""20"":-17,""21"":-30,""22"":55,""23"":-26,""24"":-11,""25"":19,""26"":7,""27"":-16,""28"":4,""29"":9,""31"":-6,""32"":3,""33"":5,""35"":-1,""36"":3,""37"":1,""38"":1,""39"":1}",d94a82b1f058c0297282a13ca17119433f1943ee4e999432c9aed6e0627fe2d5,dc6527987972a3ba2cd6963826d8684b4de23ab93daa00a8162aa6a1c3b1c7f7,success
BABBAA,6,3,3,8,12,12,"{""-25"":1,""-24"":-3,""-23"":6,""-22"":-2,""-21"":-7,""-20"":21,""-19"":-12,""-18"":-18,""-17"":56,""-16"":-41,""-15"":-35,""-14"":118,""-13"":-110,""-12"":17,""-11"":74,""-10"":-80,""-9"":48,""-8"":-44,""-7"":58,""-6"":-18,""-5"":-55,""-4"":89,""-3"":-19,""-2"":-62,""-1"":72,""0"":9,""1"":-66,""2"":45,""3"":17,""4"":-33,""5"":3,""6"":19,""7"":-6,""8"":-7,""9"":5,""10"":5,""11"":-1,""13"":2,""14"":1,""15"":1}","{""0"":-1,""1"":3,""2"":-6,""3"":2,""4"":7,""5"":-21,""6"":12,""7"":18,""8"":-56,""9"":41,""10"":35,""11"":-118,""12"":110,""13"":-17,""14"":-74,""15"":80,""16"":-48,""17"":44,""18"":-58,""19"":18,""20"":55,""21"":-89,""22"":19,""23"":62,""24"":-72,""25"":-9,""26"":66,""27"":-45,""28"":-17,""29"":33,""30"":-3,""31"":-19,""32"":6,""33"":7,""34"":-5,""35"":-5,""36"":1,""38"":-2,""39"":-1,""40"":-1}",cc92f74aa541236c13182909401e359c706538a04d9b6f82e7d2ec06037fea1c,47510edf2e4a6ace6cfa8025c3b13954d94523fe34efcece4bf0d558a6312880,success
BABBAB,6,2,4,8,12,12,"{""-24"":1,""-23"":-2,""-22"":1,""-21"":8,""-20"":-12,""-18"":36,""-17"":-41,""-16"":-7,""-15"":75,""-14"":-58,""-13"":-48,""-12"":124,""-11"":-74,""-10"":-28,""-9"":76,""-8"":-45,""-7"":44,""-6"":-74,""-5"":76,""-4"":17,""-3"":-116,""-2"":112,""0"":-88,""1"":65,""2"":17,""3"":-41,""4"":10,""5"":15,""6"":3,""7"":-14,""8"":5,""9"":8,""10"":-2,""11"":-1,""12"":3,""13"":1,""14"":1,""15"":1}","{""0"":1,""1"":-2,""2"":1,""3"":8,""4"":-12,""6"":36,""7"":-41,""8"":-7,""9"":75,""10"":-58,""11"":-48,""12"":124,""13"":-74,""14"":-28,""15"":76,""16"":-45,""17"":44,""18"":-74,""19"":76,""20"":17,""21"":-116,""22"":112,""24"":-88,""25"":65,""26"":17,""27"":-41,""28"":10,""29"":15,""30"":3,""31"":-14,""32"":5,""33"":8,""34"":-2,""35"":-1,""36"":3,""37"":1,""38"":1,""39"":1}",af5690263471bc5b8ff4ed893deead66e2e28c792ed4da441e586c7aa71f3a0e,448881ff57b210ad45e6824084791c90434956ccc68aba741a9bde9761d56a36,success
BABBBA,6,2,4,8,12,12,"{""-25"":1,""-24"":-2,""-23"":2,""-22"":5,""-21"":-9,""-20"":8,""-19"":9,""-18"":-23,""-17"":22,""-16"":11,""-15"":-57,""-14"":78,""-13"":-39,""-12"":-27,""-11"":69,""-10"":-50,""-9"":33,""-8"":-30,""-7"":33,""-6"":6,""-5"":-46,""-4"":46,""-3"":6,""-2"":-39,""-1"":21,""0"":28,""1"":-36,""3"":35,""4"":-19,""5"":-14,""6"":23,""7"":-2,""8"":-7,""9"":2,""10"":7,""11"":-1,""13"":2,""14"":1,""15"":1}","{""0"":-1,""1"":2,""2"":-2,""3"":-5,""4"":9,""5"":-8,""6"":-9,""7"":23,""8"":-22,""9"":-11,""10"":57,""11"":-78,""12"":39,""13"":27,""14"":-69,""15"":50,""16"":-33,""17"":30,""18"":-33,""19"":-6,""20"":46,""21"":-46,""22"":-6,""23"":39,""24"":-21,""25"":-28,""26"":36,""28"":-35,""29"":19,""30"":14,""31"":-23,""32"":2,""33"":7,""34"":-2,""35"":-7,""36"":1,""38"":-2,""39"":-1,""40"":-1}",b38641d6689b8efb763458b57428bccde03e53f9127c7eb444d5153b1cd16621,f59934b005a5127e88829ef3b60bff1b799f458793b57d3a15eee973c5116e0e,success
BABBBB,6,1,5,8,12,12,"{""-26"":1,""-25"":-2,""-24"":3,""-22"":-3,""-21"":5,""-20"":2,""-19"":-11,""-18"":18,""-17"":-14,""-16"":11,""-15"":-7,""-14"":8,""-13"":9,""-12"":-19,""-11"":28,""-10"":-20,""-9"":25,""-8"":-20,""-7"":12,""-6"":11,""-5"":-18,""-4"":11,""-2"":-2,""-1"":-1,""1"":6,""2"":-5,""3"":-4,""4"":12,""5"":-2,""6"":-8,""7"":9,""8"":8,""9"":-9,""10"":5,""11"":6,""13"":-1,""14"":3,""15"":1}","{""0"":1,""1"":-2,""2"":3,""4"":-3,""5"":5,""6"":2,""7"":-11,""8"":18,""9"":-14,""10"":11,""11"":-7,""12"":8,""13"":9,""14"":-19,""15"":28,""16"":-20,""17"":25,""18"":-20,""19"":12,""20"":11,""21"":-18,""22"":11,""24"":-2,""25"":-1,""27"":6,""28"":-5,""29"":-4,""30"":12,""31"":-2,""32"":-8,""33"":9,""34"":8,""35"":-9,""36"":5,""37"":6,""39"":-1,""40"":3,""41"":1}",1fc79df2d32862891848e88ba63cdb4d6383c6c02c09312642758cbe2260a2d7,520161e8f857a066f4da8e0d9f07f69b6df0feb252304ae20dd4c9d532ed9c02,success
BBAAAA,6,4,2,8,12,12,"{""-27"":1,""-26"":-3,""-25"":7,""-24"":-9,""-23"":8,""-22"":2,""-21"":-10,""-20"":21,""-19"":-19,""-18"":19,""-17"":-14,""-16"":12,""-15"":-2,""-14"":-7,""-13"":21,""-12"":-22,""-11"":27,""-10"":-21,""-9"":16,""-8"":-2,""-7"":-5,""-6"":6,""-3"":-1,""-2"":4,""-1"":-1,""0"":2,""1"":-3,""2"":7,""3"":1,""4"":-3,""5"":6,""6"":5,""7"":-8,""8"":5,""9"":4,""10"":-4,""11"":2,""12"":4,""15"":2}","{""0"":-1,""1"":3,""2"":-7,""3"":9,""4"":-8,""5"":-2,""6"":10,""7"":-21,""8"":19,""9"":-19,""10"":14,""11"":-12,""12"":2,""13"":7,""14"":-21,""15"":22,""16"":-27,""17"":21,""18"":-16,""19"":2,""20"":5,""21"":-6,""24"":1,""25"":-4,""26"":1,""27"":-2,""28"":3,""29"":-7,""30"":-1,""31"":3,""32"":-6,""33"":-5,""34"":8,""35"":-5,""36"":-4,""37"":4,""38"":-2,""39"":-4,""42"":-2}",e2f280f2f73818a68e46f7e4a28d6236d1efd0db82096cd3dce594c05ef26804,820ebccc3a72d207f34bb0eb21a228bb02739b205bc8b7b32f772f46c65b13bc,success
BBAAAB,6,3,3,8,12,12,"{""-26"":1,""-25"":-3,""-24"":5,""-23"":-1,""-22"":-12,""-21"":32,""-20"":-37,""-19"":16,""-18"":37,""-17"":-77,""-16"":84,""-15"":-39,""-14"":-17,""-13"":54,""-12"":-42,""-11"":20,""-10"":-15,""-9"":34,""-8"":-27,""-7"":-6,""-6"":26,""-4"":-28,""-3"":15,""-2"":33,""-1"":-40,""0"":5,""1"":45,""2"":-30,""3"":-18,""4"":47,""5"":-18,""6"":-23,""7"":25,""8"":3,""9"":-15,""10"":5,""11"":8,""12"":-2,""13"":-1,""14"":3,""15"":1}","{""0"":1,""1"":-3,""2"":5,""3"":-1,""4"":-12,""5"":32,""6"":-37,""7"":16,""8"":37,""9"":-77,""10"":84,""11"":-39,""12"":-17,""13"":54,""14"":-42,""15"":20,""16"":-15,""17"":34,""18"":-27,""19"":-6,""20"":26,""22"":-28,""23"":15,""24"":33,""25"":-40,""26"":5,""27"":45,""28"":-30,""29"":-18,""30"":47,""31"":-18,""32"":-23,""33"":25,""34"":3,""35"":-15,""36"":5,""37"":8,""38"":-2,""39"":-1,""40"":3,""41"":1}",302baa6a4b66161cdbd5c0610d5dfc51ba0c84d5d5ec24bc899aa2398e722286,48f927758f9990c1dac69a128a2c8518be20f44518ddf8c0a74427e4493f1a5b,success
BBAABA,6,3,3,8,12,12,"{""-25"":1,""-24"":-3,""-23"":5,""-21"":-11,""-20"":22,""-19"":-4,""-18"":-36,""-17"":72,""-16"":-33,""-15"":-66,""-14"":149,""-13"":-110,""-12"":-10,""-11"":96,""-10"":-81,""-9"":40,""-8"":-45,""-7"":59,""-6"":-5,""-5"":-75,""-4"":89,""-3"":7,""-2"":-88,""-1"":69,""0"":36,""1"":-84,""2"":38,""3"":35,""4"":-39,""5"":-3,""6"":24,""7"":-5,""8"":-9,""9"":4,""10"":6,""11"":-1,""13"":2,""14"":1,""15"":1}","{""0"":-1,""1"":3,""2"":-5,""4"":11,""5"":-22,""6"":4,""7"":36,""8"":-72,""9"":33,""10"":66,""11"":-149,""12"":110,""13"":10,""14"":-96,""15"":81,""16"":-40,""17"":45,""18"":-59,""19"":5,""20"":75,""21"":-89,""22"":-7,""23"":88,""24"":-69,""25"":-36,""26"":84,""27"":-38,""28"":-35,""29"":39,""30"":3,""31"":-24,""32"":5,""33"":9,""34"":-4,""35"":-6,""36"":1,""38"":-2,""39"":-1,""40"":-1}",87a322a2d17c16350063aae6d72e98186e8f2fbe39e5c3af650af33809803a75,953702be8870b765a0fe2c604181e3ae09268f339a6f56a9eca39f3b1330b1ce,success
BBAABB,6,2,4,8,12,12,"{""-26"":1,""-25"":-4,""-24"":10,""-23"":-13,""-22"":4,""-21"":27,""-20"":-65,""-19"":76,""-18"":-19,""-17"":-84,""-16"":166,""-15"":-134,""-14"":15,""-13"":99,""-12"":-101,""-11"":38,""-10"":-4,""-9"":36,""-8"":-42,""-7"":-14,""-6"":60,""-5"":-7,""-4"":-76,""-3"":76,""-2"":34,""-1"":-111,""0"":68,""1"":46,""2"":-83,""3"":20,""4"":54,""5"":-43,""6"":-11,""7"":32,""8"":-4,""9"":-15,""10"":8,""11"":7,""12"":-2,""13"":-1,""14"":3,""15"":1}","{""0"":1,""1"":-4,""2"":10,""3"":-13,""4"":4,""5"":27,""6"":-65,""7"":76,""8"":-19,""9"":-84,""10"":166,""11"":-134,""12"":15,""13"":99,""14"":-101,""15"":38,""16"":-4,""17"":36,""18"":-42,""19"":-14,""20"":60,""21"":-7,""22"":-76,""23"":76,""24"":34,""25"":-111,""26"":68,""27"":46,""28"":-83,""29"":20,""30"":54,""31"":-43,""32"":-11,""33"":32,""34"":-4,""35"":-15,""36"":8,""37"":7,""38"":-2,""39"":-1,""40"":3,""41"":1}",3063cab97f1267780154b40998a1ea06b53f4324c504e3b3eb63f4ba5258bc5f,d453ef10210f96052f745f04639d003cfeac132b858448aa098e89384c2b5be2,success
BBABAA,6,3,3,8,12,12,"{""-25"":1,""-24"":-3,""-23"":7,""-22"":-7,""-21"":1,""-20"":16,""-19"":-22,""-18"":11,""-17"":27,""-16"":-42,""-15"":8,""-14"":69,""-13"":-101,""-12"":52,""-11"":36,""-10"":-72,""-9"":57,""-8"":-47,""-7"":60,""-6"":-40,""-5"":-22,""-4"":82,""-3"":-56,""-2"":-16,""-1"":65,""0"":-26,""1"":-32,""2"":47,""3"":-6,""4"":-20,""5"":8,""6"":12,""7"":-7,""8"":-4,""9"":5,""10"":3,""13"":2,""14"":1,""15"":1}","{""0"":-1,""1"":3,""2"":-7,""3"":7,""4"":-1,""5"":-16,""6"":22,""7"":-11,""8"":-27,""9"":42,""10"":-8,""11"":-69,""12"":101,""13"":-52,""14"":-36,""15"":72,""16"":-57,""17"":47,""18"":-60,""19"":40,""20"":22,""21"":-82,""22"":56,""23"":16,""24"":-65,""25"":26,""26"":32,""27"":-47,""28"":6,""29"":20,""30"":-8,""31"":-12,""32"":7,""33"":4,""34"":-5,""35"":-3,""38"":-2,""39"":-1,""40"":-1}",f1d20539f98a2511ccbf8977fd65c3878f892a50c44069c45f03fa5422e0508c,070e6f2748c0e56c1ef5b1c2512c58f134da2fe266ea3a3988e18b3561f0fcf4,success
BBABAB,6,2,4,8,12,12,"{""-24"":1,""-23"":-2,""-22"":3,""-21"":1,""-20"":-6,""-19"":10,""-18"":1,""-17"":-11,""-16"":14,""-15"":8,""-14"":-9,""-13"":-20,""-12"":56,""-11"":-42,""-10"":-5,""-9"":42,""-8"":-39,""-7"":38,""-6"":-45,""-5"":52,""-4"":-17,""-3"":-30,""-2"":55,""-1"":-26,""0"":-11,""1"":19,""2"":7,""3"":-16,""4"":4,""5"":9,""7"":-6,""8"":3,""9"":5,""11"":-1,""12"":3,""13"":1,""14"":1,""15"":1}","{""0"":1,""1"":-2,""2"":3,""3"":1,""4"":-6,""5"":10,""6"":1,""7"":-11,""8"":14,""9"":8,""10"":-9,""11"":-20,""12"":56,""13"":-42,""14"":-5,""15"":42,""16"":-39,""17"":38,""18"":-45,""19"":52,""20"":-17,""21"":-30,""22"":55,""23"":-26,""24"":-11,""25"":19,""26"":7,""27"":-16,""28"":4,""29"":9,""31"":-6,""32"":3,""33"":5,""35"":-1,""36"":3,""37"":1,""38"":1,""39"":1}",d94a82b1f058c0297282a13ca17119433f1943ee4e999432c9aed6e0627fe2d5,dc6527987972a3ba2cd6963826d8684b4de23ab93daa00a8162aa6a1c3b1c7f7,success
BBABBA,6,2,4,8,12,12,"{""-25"":1,""-24"":-3,""-23"":5,""-22"":1,""-21"":-16,""-20"":34,""-19"":-19,""-18"":-33,""-17"":92,""-16"":-69,""-15"":-44,""-14"":156,""-13"":-140,""-12"":9,""-11"":100,""-10"":-90,""-9"":47,""-8"":-42,""-7"":65,""-6"":-8,""-5"":-88,""-4"":113,""-3"":-8,""-2"":-107,""-1"":101,""0"":15,""1"":-92,""2"":57,""3"":27,""4"":-42,""5"":3,""6"":25,""7"":-8,""8"":-7,""9"":4,""10"":6,""11"":-1,""13"":2,""14"":1,""15"":1}","{""0"":-1,""1"":3,""2"":-5,""3"":-1,""4"":16,""5"":-34,""6"":19,""7"":33,""8"":-92,""9"":69,""10"":44,""11"":-156,""12"":140,""13"":-9,""14"":-100,""15"":90,""16"":-47,""17"":42,""18"":-65,""19"":8,""20"":88,""21"":-113,""22"":8,""23"":107,""24"":-101,""25"":-15,""26"":92,""27"":-57,""28"":-27,""29"":42,""30"":-3,""31"":-25,""32"":8,""33"":7,""34"":-4,""35"":-6,""36"":1,""38"":-2,""39"":-1,""40"":-1}",1f621fcf769e473cd684fabf4e10452643f21be5235c33b83cfd357696cc99e6,033be9282b5bc7bde09c6207588154f0584a7fdfdd6efd444292b5d809770f89,success
BBABBB,6,1,5,8,12,12,"{""-26"":1,""-25"":-3,""-24"":7,""-23"":-8,""-22"":4,""-21"":10,""-20"":-23,""-19"":26,""-18"":-5,""-17"":-29,""-16"":62,""-15"":-60,""-14"":26,""-13"":32,""-12"":-54,""-11"":43,""-10"":-18,""-9"":26,""-8"":-26,""-7"":6,""-6"":32,""-5"":-26,""-4"":-11,""-3"":32,""-2"":-6,""-1"":-31,""0"":28,""1"":11,""2"":-34,""3"":11,""4"":26,""5"":-24,""6"":-3,""7"":20,""8"":-1,""9"":-9,""10"":8,""11"":5,""13"":-1,""14"":3,""15"":1}","{""0"":1,""1"":-3,""2"":7,""3"":-8,""4"":4,""5"":10,""6"":-23,""7"":26,""8"":-5,""9"":-29,""10"":62,""11"":-60,""12"":26,""13"":32,""14"":-54,""15"":43,""16"":-18,""17"":26,""18"":-26,""19"":6,""20"":32,""21"":-26,""22"":-11,""23"":32,""24"":-6,""25"":-31,""26"":28,""27"":11,""28"":-34,""29"":11,""30"":26,""31"":-24,""32"":-3,""33"":20,""34"":-1,""35"":-9,""36"":8,""37"":5,""39"":-1,""40"":3,""41"":1}",ca68fdf126e03fde1f9661d1176158ff4af05a8f3cec3ae7b97a35c260bcf8d2,919e63b5e2477e95f98692e17562e0174525ea91d3a158c1a0c8b409d822ac69,success
BBBAAA,6,3,3,8,12,12,"{""-27"":1,""-26"":-3,""-25"":7,""-24"":-10,""-23"":11,""-22"":-5,""-21"":-6,""-20"":23,""-19"":-31,""-18"":35,""-17"":-22,""-16"":11,""-15"":5,""-14"":-13,""-13"":21,""-12"":-23,""-11"":27,""-10"":-23,""-9"":17,""-8"":-4,""-7"":2,""-6"":-1,""-5"":5,""-4"":3,""-3"":-5,""-2"":7,""-1"":4,""0"":1,""1"":-4,""2"":15,""3"":-8,""4"":-1,""5"":6,""7"":-6,""8"":4,""9"":4,""10"":-4,""11"":2,""12"":4,""15"":2}","{""0"":-1,""1"":3,""2"":-7,""3"":10,""4"":-11,""5"":5,""6"":6,""7"":-23,""8"":31,""9"":-35,""10"":22,""11"":-11,""12"":-5,""13"":13,""14"":-21,""15"":23,""16"":-27,""17"":23,""18"":-17,""19"":4,""20"":-2,""21"":1,""22"":-5,""23"":-3,""24"":5,""25"":-7,""26"":-4,""27"":-1,""28"":4,""29"":-15,""30"":8,""31"":1,""32"":-6,""34"":6,""35"":-4,""36"":-4,""37"":4,""38"":-2,""39"":-4,""42"":-2}",ce301525b141a8d3f89345eb3a725d9cd8ed5c8b6ac07bd79951c80d5de0c693,39dd096263665635bebf7c0e65aa86fc01365c5d190c38353063c08a6f4db6bf,success
BBBAAB,6,2,4,8,12,12,"{""-26"":1,""-25"":-3,""-24"":5,""-23"":-1,""-22"":-10,""-21"":25,""-20"":-28,""-19"":13,""-18"":23,""-17"":-56,""-16"":75,""-15"":-51,""-14"":6,""-13"":42,""-12"":-46,""-11"":30,""-10"":-21,""-9"":37,""-8"":-35,""-7"":2,""-6"":29,""-5"":-10,""-4"":-20,""-3"":25,""-2"":18,""-1"":-39,""0"":16,""1"":27,""2"":-26,""3"":-11,""4"":38,""5"":-13,""6"":-20,""7"":22,""8"":5,""9"":-15,""10"":5,""11"":8,""12"":-2,""13"":-1,""14"":3,""15"":1}","{""0"":1,""1"":-3,""2"":5,""3"":-1,""4"":-10,""5"":25,""6"":-28,""7"":13,""8"":23,""9"":-56,""10"":75,""11"":-51,""12"":6,""13"":42,""14"":-46,""15"":30,""16"":-21,""17"":37,""18"":-35,""19"":2,""20"":29,""21"":-10,""22"":-20,""23"":25,""24"":18,""25"":-39,""26"":16,""27"":27,""28"":-26,""29"":-11,""30"":38,""31"":-13,""32"":-20,""33"":22,""34"":5,""35"":-15,""36"":5,""37"":8,""38"":-2,""39"":-1,""40"":3,""41"":1}",b302843b63fed4f49b8e1c193d03ee6f6ebd45a5505a26180a0d867dce5bd28a,e2b7fd9bb1638dd8f469520ba533752c0bc12f4678340895f71c137d91807209,success
BBBABA,6,2,4,8,12,12,"{""-25"":1,""-24"":-2,""-23"":3,""-21"":-3,""-20"":6,""-19"":-2,""-18"":-1,""-17"":8,""-16"":2,""-15"":-22,""-14"":51,""-13"":-45,""-12"":5,""-11"":41,""-10"":-48,""-9"":39,""-8"":-33,""-7"":39,""-6"":-17,""-5"":-18,""-4"":42,""-3"":-20,""-2"":-11,""-1"":22,""0"":5,""1"":-22,""2"":13,""3"":14,""4"":-13,""5"":-5,""6"":15,""7"":-3,""8"":-4,""9"":2,""10"":5,""13"":2,""14"":1,""15"":1}","{""0"":-1,""1"":2,""2"":-3,""4"":3,""5"":-6,""6"":2,""7"":1,""8"":-8,""9"":-2,""10"":22,""11"":-51,""12"":45,""13"":-5,""14"":-41,""15"":48,""16"":-39,""17"":33,""18"":-39,""19"":17,""20"":18,""21"":-42,""22"":20,""23"":11,""24"":-22,""25"":-5,""26"":22,""27"":-13,""28"":-14,""29"":13,""30"":5,""31"":-15,""32"":3,""33"":4,""34"":-2,""35"":-5,""38"":-2,""39"":-1,""40"":-1}",4c7aa6e103308c3f2018eda0138ca799377d0d114e6904e10f816d54eb9dc1be,c168a3543735fd9f49887be29b00126763d7b14a0f9e06defdd34a39a5e58a55,success
BBBABB,6,1,5,8,12,12,"{""-26"":1,""-25"":-3,""-24"":7,""-23"":-8,""-22"":4,""-21"":10,""-20"":-23,""-19"":26,""-18"":-5,""-17"":-29,""-16"":62,""-15"":-60,""-14"":26,""-13"":32,""-12"":-54,""-11"":43,""-10"":-18,""-9"":26,""-8"":-26,""-7"":6,""-6"":32,""-5"":-26,""-4"":-11,""-3"":32,""-2"":-6,""-1"":-31,""0"":28,""1"":11,""2"":-34,""3"":11,""4"":26,""5"":-24,""6"":-3,""7"":20,""8"":-1,""9"":-9,""10"":8,""11"":5,""13"":-1,""14"":3,""15"":1}","{""0"":1,""1"":-3,""2"":7,""3"":-8,""4"":4,""5"":10,""6"":-23,""7"":26,""8"":-5,""9"":-29,""10"":62,""11"":-60,""12"":26,""13"":32,""14"":-54,""15"":43,""16"":-18,""17"":26,""18"":-26,""19"":6,""20"":32,""21"":-26,""22"":-11,""23"":32,""24"":-6,""25"":-31,""26"":28,""27"":11,""28"":-34,""29"":11,""30"":26,""31"":-24,""32"":-3,""33"":20,""34"":-1,""35"":-9,""36"":8,""37"":5,""39"":-1,""40"":3,""41"":1}",ca68fdf126e03fde1f9661d1176158ff4af05a8f3cec3ae7b97a35c260bcf8d2,919e63b5e2477e95f98692e17562e0174525ea91d3a158c1a0c8b409d822ac69,success
BBBBAA,6,2,4,8,12,12,"{""-27"":1,""-26"":-3,""-25"":7,""-24"":-9,""-23"":7,""-22"":3,""-21"":-15,""-20"":24,""-19"":-23,""-18"":19,""-17"":-10,""-16"":9,""-15"":2,""-14"":-8,""-13"":21,""-12"":-23,""-11"":26,""-10"":-21,""-9"":15,""-8"":-3,""-7"":-3,""-6"":5,""-5"":2,""-4"":1,""-3"":2,""-2"":3,""-1"":2,""0"":3,""1"":-4,""2"":8,""4"":-4,""5"":4,""6"":6,""7"":-10,""8"":6,""9"":4,""10"":-4,""11"":2,""12"":4,""15"":2}","{""0"":-1,""1"":3,""2"":-7,""3"":9,""4"":-7,""5"":-3,""6"":15,""7"":-24,""8"":23,""9"":-19,""10"":10,""11"":-9,""12"":-2,""13"":8,""14"":-21,""15"":23,""16"":-26,""17"":21,""18"":-15,""19"":3,""20"":3,""21"":-5,""22"":-2,""23"":-1,""24"":-2,""25"":-3,""26"":-2,""27"":-3,""28"":4,""29"":-8,""31"":4,""32"":-4,""33"":-6,""34"":10,""35"":-6,""36"":-4,""37"":4,""38"":-2,""39"":-4,""42"":-2}",a426b7156bd419a0efcec12d6bb1eb49719fec66df510c831fb1fb6db380088c,270cc7fb8a83a12b5de21ff3cf4a5591214bfcb9809e5b61f1ae182831233e8f,success
BBBBAB,6,1,5,8,12,12,"{""-26"":1,""-25"":-2,""-24"":3,""-22"":-3,""-21"":5,""-20"":2,""-19"":-11,""-18"":18,""-17"":-14,""-16"":11,""-15"":-7,""-14"":8,""-13"":9,""-12"":-19,""-11"":28,""-10"":-20,""-9"":25,""-8"":-20,""-7"":12,""-6"":11,""-5"":-18,""-4"":11,""-2"":-2,""-1"":-1,""1"":6,""2"":-5,""3"":-4,""4"":12,""5"":-2,""6"":-8,""7"":9,""8"":8,""9"":-9,""10"":5,""11"":6,""13"":-1,""14"":3,""15"":1}","{""0"":1,""1"":-2,""2"":3,""4"":-3,""5"":5,""6"":2,""7"":-11,""8"":18,""9"":-14,""10"":11,""11"":-7,""12"":8,""13"":9,""14"":-19,""15"":28,""16"":-20,""17"":25,""18"":-20,""19"":12,""20"":11,""21"":-18,""22"":11,""24"":-2,""25"":-1,""27"":6,""28"":-5,""29"":-4,""30"":12,""31"":-2,""32"":-8,""33"":9,""34"":8,""35"":-9,""36"":5,""37"":6,""39"":-1,""40"":3,""41"":1}",1fc79df2d32862891848e88ba63cdb4d6383c6c02c09312642758cbe2260a2d7,520161e8f857a066f4da8e0d9f07f69b6df0feb252304ae20dd4c9d532ed9c02,success
BBBBBA,6,1,5,8,12,12,"{""-27"":1,""-26"":-2,""-25"":3,""-23"":-5,""-22"":12,""-21"":-14,""-20"":12,""-19"":-5,""-18"":1,""-17"":1,""-16"":3,""-15"":2,""-14"":-3,""-13"":14,""-12"":-13,""-11"":18,""-10"":-13,""-9"":14,""-8"":-3,""-7"":1,""-6"":5,""-5"":-2,""-4"":1,""3"":2,""6"":6,""7"":-2,""8"":2,""9"":4,""10"":2,""11"":-2,""12"":6,""15"":2}","{""0"":-1,""1"":2,""2"":-3,""4"":5,""5"":-12,""6"":14,""7"":-12,""8"":5,""9"":-1,""10"":-1,""11"":-3,""12"":-2,""13"":3,""14"":-14,""15"":13,""16"":-18,""17"":13,""18"":-14,""19"":3,""20"":-1,""21"":-5,""22"":2,""23"":-1,""30"":-2,""33"":-6,""34"":2,""35"":-2,""36"":-4,""37"":-2,""38"":2,""39"":-6,""42"":-2}",1675d11c5278f4aee4d8853fceff3a03f99abba1a4cc220300536e9c22fb5e84,8161f48291878125b760fa6b2ccc2d6a5b0cb213e6b608a5353efb1be86f9714,success
BBBBBB,6,0,6,8,12,12,"{""-28"":1,""-27"":-2,""-26"":5,""-25"":-6,""-24"":8,""-23"":-6,""-22"":5,""-21"":-2,""-20"":1,""-17"":1,""-16"":-2,""-15"":7,""-14"":-5,""-13"":14,""-12"":-6,""-11"":14,""-10"":-5,""-9"":7,""-8"":-2,""-7"":1,""8"":2,""10"":4,""11"":2,""12"":4,""13"":2,""14"":4,""16"":2}","{""0"":1,""1"":-2,""2"":5,""3"":-6,""4"":8,""5"":-6,""6"":5,""7"":-2,""8"":1,""11"":1,""12"":-2,""13"":7,""14"":-5,""15"":14,""16"":-6,""17"":14,""18"":-5,""19"":7,""20"":-2,""21"":1,""36"":2,""38"":4,""39"":2,""40"":4,""41"":2,""42"":4,""44"":2}",86ec118a6930dcff86b9e0af02e11aaff48710943ecc8b0f1f1cb62c697d6f33,b12f524b1cfd48d8897f69e8801136c910d6c6366dad5b1e50d6a65cfebe04ed,success
AAAAAAA,7,7,0,8,12,14,"{""-32"":1,""-30"":4,""-28"":6,""-26"":4,""-24"":1,""-19"":1,""-18"":-1,""-17"":4,""-16"":-3,""-15"":7,""-14"":-4,""-13"":7,""-12"":-3,""-11"":4,""-10"":-1,""-9"":1,""10"":1,""11"":1,""12"":3,""13"":3,""14"":4,""15"":3,""16"":3,""17"":1,""18"":1}","{""0"":1,""2"":4,""4"":6,""6"":4,""8"":1,""13"":1,""14"":-1,""15"":4,""16"":-3,""17"":7,""18"":-4,""19"":7,""20"":-3,""21"":4,""22"":-1,""23"":1,""42"":1,""43"":1,""44"":3,""45"":3,""46"":4,""47"":3,""48"":3,""49"":1,""50"":1}",4b50cb65f3a972417799fb1bad265db6936eca15170676c1a7ae58e281c2f161,6215fc389ef9d1d8c5a3ffac44d2ff7e3dca08b74e05e53956040d6a482c10fb,success
AAAAAAB,7,6,1,8,12,14,"{""-31"":1,""-30"":-2,""-29"":4,""-28"":-1,""-26"":9,""-25"":-8,""-24"":11,""-23"":-3,""-22"":1,""-21"":4,""-20"":-1,""-19"":-1,""-18"":6,""-17"":-4,""-15"":9,""-14"":-11,""-13"":15,""-12"":-12,""-11"":12,""-10"":-4,""-9"":-1,""-8"":6,""-7"":-4,""-6"":2,""5"":1,""6"":-1,""7"":1,""8"":4,""9"":-1,""10"":3,""11"":5,""12"":1,""14"":5,""17"":2}","{""0"":-1,""1"":2,""2"":-4,""3"":1,""5"":-9,""6"":8,""7"":-11,""8"":3,""9"":-1,""10"":-4,""11"":1,""12"":1,""13"":-6,""14"":4,""16"":-9,""17"":11,""18"":-15,""19"":12,""20"":-12,""21"":4,""22"":1,""23"":-6,""24"":4,""25"":-2,""36"":-1,""37"":1,""38"":-1,""39"":-4,""40"":1,""41"":-3,""42"":-5,""43"":-1,""45"":-5,""48"":-2}",f28831cdc7077a79fd5f5de1b166700bfd30131c5ee7c8d716800af7819d692b,54b8582ef1299ec465283047da4062ce60ed7771db7194e8d6cace2fab574715,success
AAAAABA,7,6,1,8,12,14,"{""-30"":1,""-28"":1,""-27"":4,""-26"":-2,""-25"":4,""-24"":5,""-23"":-8,""-22"":14,""-21"":-7,""-20"":2,""-19"":6,""-17"":-7,""-16"":10,""-15"":1,""-14"":-12,""-13"":19,""-12"":-17,""-11"":19,""-10"":-14,""-9"":5,""-8"":10,""-7"":-13,""-6"":8,""-4"":-2,""-3"":1,""1"":-1,""2"":-1,""3"":3,""4"":-1,""5"":-3,""6"":6,""7"":2,""8"":-4,""9"":4,""10"":7,""11"":-3,""12"":2,""13"":5,""14"":1,""16"":2,""17"":1}","{""0"":1,""2"":1,""3"":4,""4"":-2,""5"":4,""6"":5,""7"":-8,""8"":14,""9"":-7,""10"":2,""11"":6,""13"":-7,""14"":10,""15"":1,""16"":-12,""17"":19,""18"":-17,""19"":19,""20"":-14,""21"":5,""22"":10,""23"":-13,""24"":8,""26"":-2,""27"":1,""31"":-1,""32"":-1,""33"":3,""34"":-1,""35"":-3,""36"":6,""37"":2,""38"":-4,""39"":4,""40"":7,""41"":-3,""42"":2,""43"":5,""44"":1,""46"":2,""47"":1}",35c86ff00bb72e586270b3a0bb93d8dc79e217641afa33f3fe084224dceed02a,e72a0c00e727b2ad3e526a173b61daae7f0594b64acebd1680311884f329c814,success
AAAAABB,7,5,2,8,12,14,"{""-31"":1,""-30"":-3,""-29"":7,""-28"":-9,""-27"":8,""-26"":2,""-25"":-10,""-24"":20,""-23"":-15,""-22"":10,""-21"":-3,""-20"":7,""-19"":-13,""-18"":17,""-17"":-4,""-16"":-9,""-15"":25,""-14"":-24,""-13"":25,""-12"":-19,""-11"":14,""-10"":-2,""-9"":-5,""-8"":6,""-5"":-2,""-4"":6,""-3"":-4,""-2"":2,""-1"":1,""0"":-2,""1"":3,""3"":-3,""4"":7,""5"":1,""6"":-3,""7"":6,""8"":5,""9"":-8,""10"":5,""11"":4,""12"":-4,""13"":2,""14"":4,""17"":2}","{""0"":-1,""1"":3,""2"":-7,""3"":9,""4"":-8,""5"":-2,""6"":10,""7"":-20,""8"":15,""9"":-10,""10"":3,""11"":-7,""12"":13,""13"":-17,""14"":4,""15"":9,""16"":-25,""17"":24,""18"":-25,""19"":19,""20"":-14,""21"":2,""22"":5,""23"":-6,""26"":2,""27"":-6,""28"":4,""29"":-2,""30"":-1,""31"":2,""32"":-3,""34"":3,""35"":-7,""36"":-1,""37"":3,""38"":-6,""39"":-5,""40"":8,""41"":-5,""42"":-4,""43"":4,""44"":-2,""45"":-4,""48"":-2}",8549787764f3835dd6c56f2691d65c0fc36877fd2860639444c7fd006c43567c,1ba0fd4a620f5e4e5803813eff75eb1a2d5f73395480eecfd0a3cc397df60ecf,success
AAAABAA,7,6,1,8,12,14,"{""-30"":1,""-29"":-1,""-28"":4,""-27"":-1,""-26"":1,""-25"":8,""-24"":-7,""-23"":8,""-22"":4,""-21"":-8,""-20"":14,""-19"":-12,""-18"":16,""-17"":-17,""-16"":10,""-15"":10,""-14"":-23,""-13"":27,""-12"":-21,""-11"":23,""-10"":-17,""-8"":20,""-7"":-18,""-6"":2,""-5"":8,""-4"":-2,""-3"":-5,""-2"":2,""-1"":5,""0"":-2,""1"":-7,""2"":7,""3"":5,""4"":-12,""5"":3,""6"":12,""7"":-8,""8"":-2,""9"":10,""10"":2,""11"":-3,""12"":4,""13"":4,""14"":1,""16"":2,""17"":1}","{""0"":1,""1"":-1,""2"":4,""3"":-1,""4"":1,""5"":8,""6"":-7,""7"":8,""8"":4,""9"":-8,""10"":14,""11"":-12,""12"":16,""13"":-17,""14"":10,""15"":10,""16"":-23,""17"":27,""18"":-21,""19"":23,""20"":-17,""22"":20,""23"":-18,""24"":2,""25"":8,""26"":-2,""27"":-5,""28"":2,""29"":5,""30"":-2,""31"":-7,""32"":7,""33"":5,""34"":-12,""35"":3,""36"":12,""37"":-8,""38"":-2,""39"":10,""40"":2,""41"":-3,""42"":4,""43"":4,""44"":1,""46"":2,""47"":1}",2f07cb4cc4503b847f48a6d209e5c9bd6c22dbb6ad60b3e3a3f08141057de42f,b22a0b8dff97674ad936f820dbece615bb51b0a04ceb2f5a949dd04f6850be7c,success
AAAABAB,7,5,2,8,12,14,"{""-29"":1,""-28"":-2,""-27"":4,""-26"":-1,""-25"":1,""-24"":4,""-23"":1,""-22"":-1,""-21"":2,""-20"":8,""-19"":-12,""-18"":16,""-17"":-16,""-16"":27,""-15"":-23,""-14"":1,""-13"":31,""-12"":-38,""-11"":31,""-10"":-27,""-9"":34,""-8"":-20,""-7"":-10,""-6"":32,""-5"":-21,""-3"":6,""-2"":5,""-1"":-10,""0"":-1,""1"":14,""2"":-3,""3"":-12,""4"":14,""5"":7,""6"":-11,""7"":1,""8"":11,""9"":-3,""10"":-3,""11"":3,""12"":4,""15"":2,""16"":1,""17"":1}","{""0"":-1,""1"":2,""2"":-4,""3"":1,""4"":-1,""5"":-4,""6"":-1,""7"":1,""8"":-2,""9"":-8,""10"":12,""11"":-16,""12"":16,""13"":-27,""14"":23,""15"":-1,""16"":-31,""17"":38,""18"":-31,""19"":27,""20"":-34,""21"":20,""22"":10,""23"":-32,""24"":21,""26"":-6,""27"":-5,""28"":10,""29"":1,""30"":-14,""31"":3,""32"":12,""33"":-14,""34"":-7,""35"":11,""36"":-1,""37"":-11,""38"":3,""39"":3,""40"":-3,""41"":-4,""44"":-2,""45"":-1,""46"":-1}",f6a3e101039decfb03a84011ad583b64f167bbad73c274356522bb8c221bae6b,6031df20ee8f3942e7eddaa4a619ee4e179e6022f492c3f7b90018cd753dbce5,success
AAAABBA,7,5,2,8,12,14,"{""-30"":1,""-29"":-1,""-28"":1,""-27"":5,""-26"":-10,""-25"":16,""-24"":-8,""-23"":-4,""-22"":19,""-21"":-21,""-20"":19,""-19"":-16,""-18"":26,""-17"":-22,""-16"":10,""-15"":19,""-14"":-31,""-13"":35,""-12"":-33,""-11"":32,""-10"":-17,""-9"":-7,""-8"":21,""-7"":-9,""-6"":-6,""-5"":7,""-4"":5,""-3"":-9,""-2"":3,""-1"":1,""0"":7,""1"":-7,""2"":-1,""3"":15,""4"":-5,""5"":-10,""6"":18,""8"":-12,""9"":8,""10"":6,""11"":-7,""12"":1,""13"":6,""16"":2,""17"":1}","{""0"":1,""1"":-1,""2"":1,""3"":5,""4"":-10,""5"":16,""6"":-8,""7"":-4,""8"":19,""9"":-21,""10"":19,""11"":-16,""12"":26,""13"":-22,""14"":10,""15"":19,""16"":-31,""17"":35,""18"":-33,""19"":32,""20"":-17,""21"":-7,""22"":21,""23"":-9,""24"":-6,""25"":7,""26"":5,""27"":-9,""28"":3,""29"":1,""30"":7,""31"":-7,""32"":-1,""33"":15,""34"":-5,""35"":-10,""36"":18,""38"":-12,""39"":8,""40"":6,""41"":-7,""42"":1,""43"":6,""46"":2,""47"":1}",39a1413d42426fb6ce9946c74f5be4525283007385174f69dcf989aa27e0d443,d9716e9dc212626351d6e47e83838dcc2cebbf6ac21540e019a3d644b6909210,success
AAAABBB,7,4,3,8,12,14,"{""-31"":1,""-30"":-3,""-29"":7,""-28"":-10,""-27"":11,""-26"":-6,""-25"":-2,""-24"":14,""-23"":-19,""-22"":26,""-21"":-23,""-20"":24,""-19"":-18,""-18"":11,""-17"":4,""-16"":-18,""-15"":29,""-14"":-27,""-13"":25,""-12"":-17,""-11"":14,""-10"":-4,""-9"":3,""-8"":-2,""-7"":5,""-5"":-3,""-4"":5,""-3"":-1,""-2"":3,""-1"":-3,""0"":7,""2"":3,""3"":-2,""4"":9,""5"":-4,""6"":-3,""7"":6,""9"":-6,""10"":4,""11"":4,""12"":-4,""13"":2,""14"":4,""17"":2}","{""0"":-1,""1"":3,""2"":-7,""3"":10,""4"":-11,""5"":6,""6"":2,""7"":-14,""8"":19,""9"":-26,""10"":23,""11"":-24,""12"":18,""13"":-11,""14"":-4,""15"":18,""16"":-29,""17"":27,""18"":-25,""19"":17,""20"":-14,""21"":4,""22"":-3,""23"":2,""24"":-5,""26"":3,""27"":-5,""28"":1,""29"":-3,""30"":3,""31"":-7,""33"":-3,""34"":2,""35"":-9,""36"":4,""37"":3,""38"":-6,""40"":6,""41"":-4,""42"":-4,""43"":4,""44"":-2,""45"":-4,""48"":-2}",35e8bb7fcd32a0ce24fc5af5b83496755d6fa8898c2a705c5e471de5d64bba77,dbaa42c50e8e1c735ff7331f7173a16a67e736510720a60c481cc4543216eb9f,success
AAABAAA,7,6,1,8,12,14,"{""-30"":1,""-29"":-1,""-28"":4,""-27"":-2,""-26"":4,""-25"":4,""-24"":-7,""-23"":17,""-22"":-11,""-21"":2,""-20"":20,""-19"":-32,""-18"":36,""-17"":-22,""-16"":-1,""-15"":25,""-14"":-31,""-13"":25,""-12"":-17,""-11"":20,""-10"":-14,""-9"":-3,""-8"":21,""-7"":-11,""-6"":-7,""-5"":9,""-4"":7,""-3"":-16,""-2"":1,""-1"":17,""0"":-12,""1"":-9,""2"":19,""3"":-4,""4"":-13,""5"":10,""6"":7,""7"":-8,""9"":9,""10"":2,""11"":-3,""12"":4,""13"":4,""14"":1,""16"":2,""17"":1}","{""0"":1,""1"":-1,""2"":4,""3"":-2,""4"":4,""5"":4,""6"":-7,""7"":17,""8"":-11,""9"":2,""10"":20,""11"":-32,""12"":36,""13"":-22,""14"":-1,""15"":25,""16"":-31,""17"":25,""18"":-17,""19"":20,""20"":-14,""21"":-3,""22"":21,""23"":-11,""24"":-7,""25"":9,""26"":7,""27"":-16,""28"":1,""29"":17,""30"":-12,""31"":-9,""32"":19,""33"":-4,""34"":-13,""35"":10,""36"":7,""37"":-8,""39"":9,""40"":2,""41"":-3,""42"":4,""43"":4,""44"":1,""46"":2,""47"":1}",be9417c69f56c351a2b8e633452712efd63f0b53e7bb1aaa8775ae84a210637e,66642c02d1ac7d1ea586864be000541fcb75d63144b3456b15f761c87f16c283,success
AAABAAB,7,5,2,8,12,14,"{""-29"":1,""-28"":-3,""-27"":6,""-26"":-2,""-25"":-7,""-24"":24,""-23"":-23,""-22"":7,""-21"":37,""-20"":-67,""-19"":64,""-18"":9,""-17"":-108,""-16"":150,""-15"":-73,""-14"":-60,""-13"":119,""-12"":-62,""-11"":6,""-10"":-21,""-9"":52,""-8"":4,""-7"":-88,""-6"":75,""-5"":42,""-4"":-111,""-3"":42,""-2"":77,""-1"":-90,""0"":-10,""1"":83,""2"":-36,""3"":-48,""4"":58,""5"":7,""6"":-35,""7"":11,""8"":19,""9"":-8,""10"":-6,""11"":5,""12"":5,""13"":-1,""15"":2,""16"":1,""17"":1}","{""0"":-1,""1"":3,""2"":-6,""3"":2,""4"":7,""5"":-24,""6"":23,""7"":-7,""8"":-37,""9"":67,""10"":-64,""11"":-9,""12"":108,""13"":-150,""14"":73,""15"":60,""16"":-119,""17"":62,""18"":-6,""19"":21,""20"":-52,""21"":-4,""22"":88,""23"":-75,""24"":-42,""25"":111,""26"":-42,""27"":-77,""28"":90,""29"":10,""30"":-83,""31"":36,""32"":48,""33"":-58,""34"":-7,""35"":35,""36"":-11,""37"":-19,""38"":8,""39"":6,""40"":-5,""41"":-5,""42"":1,""44"":-2,""45"":-1,""46"":-1}",7d3a14606903cd7d797a43fbc6b491426a567c63939dafceab9b52a93085f587,2e0c91d7ceb6ba54f7ef6247121a3127b0dbbab18def23d9df953d9a8272e652,success
AAABABA,7,5,2,8,12,14,"{""-28"":1,""-26"":1,""-25"":4,""-24"":-2,""-23"":5,""-20"":5,""-19"":-3,""-17"":3,""-16"":20,""-15"":-47,""-14"":52,""-13"":-7,""-12"":-38,""-11"":51,""-10"":-37,""-9"":36,""-8"":-43,""-7"":26,""-6"":18,""-5"":-45,""-4"":31,""-3"":7,""-2"":-18,""-1"":-3,""0"":25,""1"":-10,""2"":-13,""3"":16,""4"":6,""5"":-11,""6"":2,""7"":7,""8"":1,""9"":-3,""10"":1,""11"":4,""12"":1,""14"":2,""15"":1,""16"":1,""17"":1}","{""0"":1,""2"":1,""3"":4,""4"":-2,""5"":5,""8"":5,""9"":-3,""11"":3,""12"":20,""13"":-47,""14"":52,""15"":-7,""16"":-38,""17"":51,""18"":-37,""19"":36,""20"":-43,""21"":26,""22"":18,""23"":-45,""24"":31,""25"":7,""26"":-18,""27"":-3,""28"":25,""29"":-10,""30"":-13,""31"":16,""32"":6,""33"":-11,""34"":2,""35"":7,""36"":1,""37"":-3,""38"":1,""39"":4,""40"":1,""42"":2,""43"":1,""44"":1,""45"":1}",36210a972e57685b90cd33031f751c9a01585537f12fb5842abf2413e50574db,197f7419422433b8c3306cda13a3343878a583ce33aa46f0a13debfb8d266bd5,success
AAABABB,7,4,3,8,12,14,"{""-29"":1,""-28"":-3,""-27"":7,""-26"":-8,""-25"":5,""-24"":8,""-23"":-16,""-22"":18,""-21"":2,""-20"":-23,""-19"":34,""-18"":-3,""-17"":-56,""-16"":107,""-15"":-81,""-14"":-9,""-13"":87,""-12"":-83,""-11"":41,""-10"":-32,""-9"":53,""-8"":-23,""-7"":-47,""-6"":76,""-5"":-14,""-4"":-56,""-3"":50,""-2"":28,""-1"":-65,""0"":24,""1"":44,""2"":-38,""3"":-15,""4"":43,""5"":-10,""6"":-20,""7"":11,""8"":10,""9"":-7,""10"":-4,""11"":5,""12"":3,""15"":2,""16"":1,""17"":1}","{""0"":-1,""1"":3,""2"":-7,""3"":8,""4"":-5,""5"":-8,""6"":16,""7"":-18,""8"":-2,""9"":23,""10"":-34,""11"":3,""12"":56,""13"":-107,""14"":81,""15"":9,""16"":-87,""17"":83,""18"":-41,""19"":32,""20"":-53,""21"":23,""22"":47,""23"":-76,""24"":14,""25"":56,""26"":-50,""27"":-28,""28"":65,""29"":-24,""30"":-44,""31"":38,""32"":15,""33"":-43,""34"":10,""35"":20,""36"":-11,""37"":-10,""38"":7,""39"":4,""40"":-5,""41"":-3,""44"":-2,""45"":-1,""46"":-1}",1e421969bdeb289265107dc6369ab80bc388900535adfba486a126a525df6357,b01b6a95135211d0f05161390d4d5c9a9c55bc2f9fb2015bdb4b4601bd1c69d3,success
AAABBAA,7,5,2,8,12,14,"{""-30"":1,""-29"":-2,""-28"":5,""-27"":-4,""-26"":1,""-25"":13,""-24"":-25,""-23"":35,""-22"":-22,""-21"":-7,""-20"":50,""-19"":-76,""-18"":74,""-17"":-29,""-16"":-19,""-15"":49,""-14"":-37,""-13"":25,""-12"":-30,""-11"":42,""-10"":-24,""-9"":-15,""-8"":25,""-7"":8,""-6"":-29,""-5"":4,""-4"":41,""-3"":-37,""-2"":-8,""-1"":37,""0"":-9,""1"":-30,""2"":30,""3"":11,""4"":-29,""5"":10,""6"":21,""7"":-14,""8"":-6,""9"":13,""10"":1,""11"":-7,""12"":3,""13"":5,""16"":2,""17"":1}","{""0"":1,""1"":-2,""2"":5,""3"":-4,""4"":1,""5"":13,""6"":-25,""7"":35,""8"":-22,""9"":-7,""10"":50,""11"":-76,""12"":74,""13"":-29,""14"":-19,""15"":49,""16"":-37,""17"":25,""18"":-30,""19"":42,""20"":-24,""21"":-15,""22"":25,""23"":8,""24"":-29,""25"":4,""26"":41,""27"":-37,""28"":-8,""29"":37,""30"":-9,""31"":-30,""32"":30,""33"":11,""34"":-29,""35"":10,""36"":21,""37"":-14,""38"":-6,""39"":13,""40"":1,""41"":-7,""42"":3,""43"":5,""46"":2,""47"":1}",d163f50db55ef05c7ee4f537b7eb083ecffeba57b27e3f7916637e0dd6ea829f,afe82b7f3f26f53f624f4323a9af05a11991558e850f1f47b6c4ec7dd6116831,success
AAABBAB,7,4,3,8,12,14,"{""-29"":1,""-28"":-3,""-27"":6,""-26"":-3,""-25"":-3,""-24"":13,""-23"":-9,""-22"":-3,""-21"":26,""-20"":-35,""-19"":21,""-18"":31,""-17"":-90,""-16"":112,""-15"":-49,""-14"":-45,""-13"":91,""-12"":-56,""-11"":21,""-10"":-37,""-9"":58,""-8"":-11,""-7"":-58,""-6"":56,""-5"":24,""-4"":-66,""-3"":19,""-2"":63,""-1"":-59,""0"":-11,""1"":59,""2"":-14,""3"":-45,""4"":42,""5"":12,""6"":-33,""7"":6,""8"":17,""9"":-6,""10"":-7,""11"":5,""12"":5,""13"":-1,""15"":2,""16"":1,""17"":1}","{""0"":-1,""1"":3,""2"":-6,""3"":3,""4"":3,""5"":-13,""6"":9,""7"":3,""8"":-26,""9"":35,""10"":-21,""11"":-31,""12"":90,""13"":-112,""14"":49,""15"":45,""16"":-91,""17"":56,""18"":-21,""19"":37,""20"":-58,""21"":11,""22"":58,""23"":-56,""24"":-24,""25"":66,""26"":-19,""27"":-63,""28"":59,""29"":11,""30"":-59,""31"":14,""32"":45,""33"":-42,""34"":-12,""35"":33,""36"":-6,""37"":-17,""38"":6,""39"":7,""40"":-5,""41"":-5,""42"":1,""44"":-2,""45"":-1,""46"":-1}",8cbde28e683a8661307a9686bb45406bf4844b0120759dff5e661af686ea9291,ad59ebbd5350b8476017df5e6f7ef556441f1b09327fe6863bee15ec5069deaa,success
AAABBBA,7,4,3,8,12,14,"{""-30"":1,""-29"":-1,""-28"":1,""-27"":4,""-26"":-10,""-25"":18,""-24"":-18,""-23"":11,""-22"":12,""-21"":-34,""-20"":51,""-19"":-45,""-18"":28,""-17"":-4,""-16"":-12,""-15"":24,""-14"":-26,""-13"":31,""-12"":-32,""-11"":31,""-10"":-11,""-9"":-5,""-8"":7,""-7"":8,""-6"":-9,""-5"":-4,""-4"":17,""-3"":-2,""-2"":-11,""-1"":10,""0"":17,""1"":-25,""2"":12,""3"":15,""4"":-13,""5"":-6,""6"":17,""7"":-3,""8"":-13,""9"":9,""10"":5,""11"":-7,""12"":1,""13"":6,""16"":2,""17"":1}","{""0"":1,""1"":-1,""2"":1,""3"":4,""4"":-10,""5"":18,""6"":-18,""7"":11,""8"":12,""9"":-34,""10"":51,""11"":-45,""12"":28,""13"":-4,""14"":-12,""15"":24,""16"":-26,""17"":31,""18"":-32,""19"":31,""20"":-11,""21"":-5,""22"":7,""23"":8,""24"":-9,""25"":-4,""26"":17,""27"":-2,""28"":-11,""29"":10,""30"":17,""31"":-25,""32"":12,""33"":15,""34"":-13,""35"":-6,""36"":17,""37"":-3,""38"":-13,""39"":9,""40"":5,""41"":-7,""42"":1,""43"":6,""46"":2,""47"":1}",114ece22f4e52f1a93df603ddef57f8a46f991d64129a5f66e50ffc1081440ba,b7a193b602813e05f7f86961c401b0b7e935169ed514c5be2b9ab0b1a57675bd,success
AAABBBB,7,3,4,8,12,14,"{""-31"":1,""-30"":-3,""-29"":7,""-28"":-10,""-27"":11,""-26"":-6,""-25"":-3,""-24"":15,""-23"":-23,""-22"":28,""-21"":-23,""-20"":22,""-19"":-14,""-18"":10,""-17"":5,""-16"":-18,""-15"":29,""-14"":-27,""-13"":24,""-12"":-17,""-11"":13,""-10"":-5,""-9"":2,""-8"":-2,""-7"":5,""-6"":-1,""-4"":5,""-3"":2,""-2"":5,""-1"":-2,""0"":7,""2"":1,""3"":-4,""4"":10,""5"":-6,""6"":-2,""7"":6,""9"":-6,""10"":4,""11"":4,""12"":-4,""13"":2,""14"":4,""17"":2}","{""0"":-1,""1"":3,""2"":-7,""3"":10,""4"":-11,""5"":6,""6"":3,""7"":-15,""8"":23,""9"":-28,""10"":23,""11"":-22,""12"":14,""13"":-10,""14"":-5,""15"":18,""16"":-29,""17"":27,""18"":-24,""19"":17,""20"":-13,""21"":5,""22"":-2,""23"":2,""24"":-5,""25"":1,""27"":-5,""28"":-2,""29"":-5,""30"":2,""31"":-7,""33"":-1,""34"":4,""35"":-10,""36"":6,""37"":2,""38"":-6,""40"":6,""41"":-4,""42"":-4,""43"":4,""44"":-2,""45"":-4,""48"":-2}",508df28cbf2ed53608a56751d0b40f7d2e7c894343506666903b533c757c37a6,0c3b9fe876b7494e39c9a0e70d2004f03583cde119dcf93c4d0250c17bf73dd8,success
AABAAAA,7,6,1,8,12,14,"{""-30"":1,""-29"":-1,""-28"":4,""-27"":-1,""-26"":1,""-25"":8,""-24"":-7,""-23"":8,""-22"":4,""-21"":-8,""-20"":14,""-19"":-12,""-18"":16,""-17"":-17,""-16"":10,""-15"":10,""-14"":-23,""-13"":27,""-12"":-21,""-11"":23,""-10"":-17,""-8"":20,""-7"":-18,""-6"":2,""-5"":8,""-4"":-2,""-3"":-5,""-2"":2,""-1"":5,""0"":-2,""1"":-7,""2"":7,""3"":5,""4"":-12,""5"":3,""6"":12,""7"":-8,""8"":-2,""9"":10,""10"":2,""11"":-3,""12"":4,""13"":4,""14"":1,""16"":2,""17"":1}","{""0"":1,""1"":-1,""2"":4,""3"":-1,""4"":1,""5"":8,""6"":-7,""7"":8,""8"":4,""9"":-8,""10"":14,""11"":-12,""12"":16,""13"":-17,""14"":10,""15"":10,""16"":-23,""17"":27,""18"":-21,""19"":23,""20"":-17,""22"":20,""23"":-18,""24"":2,""25"":8,""26"":-2,""27"":-5,""28"":2,""29"":5,""30"":-2,""31"":-7,""32"":7,""33"":5,""34"":-12,""35"":3,""36"":12,""37"":-8,""38"":-2,""39"":10,""40"":2,""41"":-3,""42"":4,""43"":4,""44"":1,""46"":2,""47"":1}",2f07cb4cc4503b847f48a6d209e5c9bd6c22dbb6ad60b3e3a3f08141057de42f,b22a0b8dff97674ad936f820dbece615bb51b0a04ceb2f5a949dd04f6850be7c,success
AABAAAB,7,5,2,8,12,14,"{""-29"":1,""-28"":-3,""-27"":6,""-26"":-2,""-25"":-9,""-24"":30,""-23"":-29,""-22"":-2,""-21"":67,""-20"":-93,""-19"":48,""-18"":71,""-17"":-162,""-16"":143,""-15"":-11,""-14"":-118,""-13"":129,""-12"":-42,""-11"":-7,""-10"":-20,""-9"":35,""-8"":37,""-7"":-97,""-6"":41,""-5"":82,""-4"":-102,""-3"":-12,""-2"":117,""-1"":-76,""0"":-59,""1"":117,""2"":-33,""3"":-68,""4"":69,""5"":10,""6"":-40,""7"":10,""8"":22,""9"":-9,""10"":-6,""11"":5,""12"":5,""13"":-1,""15"":2,""16"":1,""17"":1}","{""0"":-1,""1"":3,""2"":-6,""3"":2,""4"":9,""5"":-30,""6"":29,""7"":2,""8"":-67,""9"":93,""10"":-48,""11"":-71,""12"":162,""13"":-143,""14"":11,""15"":118,""16"":-129,""17"":42,""18"":7,""19"":20,""20"":-35,""21"":-37,""22"":97,""23"":-41,""24"":-82,""25"":102,""26"":12,""27"":-117,""28"":76,""29"":59,""30"":-117,""31"":33,""32"":68,""33"":-69,""34"":-10,""35"":40,""36"":-10,""37"":-22,""38"":9,""39"":6,""40"":-5,""41"":-5,""42"":1,""44"":-2,""45"":-1,""46"":-1}",e73f699f77902948357c1fbfbd4b778371a906eda42eb90aedc75dbb77d14667,cb84a5a8cb1f14c51d2a9c50b5b2ed018352bcfc7993200c648b876957a1eea9,success
AABAABA,7,5,2,8,12,14,"{""-28"":1,""-27"":-1,""-26"":1,""-25"":7,""-24"":-11,""-23"":11,""-22"":20,""-21"":-50,""-20"":49,""-19"":33,""-18"":-126,""-17"":115,""-16"":44,""-15"":-203,""-14"":180,""-13"":4,""-12"":-131,""-11"":104,""-10"":-33,""-9"":57,""-8"":-94,""-7"":13,""-6"":144,""-5"":-174,""-4"":15,""-3"":159,""-2"":-145,""-1"":-21,""0"":125,""1"":-62,""2"":-43,""3"":55,""4"":10,""5"":-31,""6"":5,""7"":17,""8"":-1,""9"":-8,""10"":3,""11"":5,""14"":2,""15"":1,""16"":1,""17"":1}","{""0"":1,""1"":-1,""2"":1,""3"":7,""4"":-11,""5"":11,""6"":20,""7"":-50,""8"":49,""9"":33,""10"":-126,""11"":115,""12"":44,""13"":-203,""14"":180,""15"":4,""16"":-131,""17"":104,""18"":-33,""19"":57,""20"":-94,""21"":13,""22"":144,""23"":-174,""24"":15,""25"":159,""26"":-145,""27"":-21,""28"":125,""29"":-62,""30"":-43,""31"":55,""32"":10,""33"":-31,""34"":5,""35"":17,""36"":-1,""37"":-8,""38"":3,""39"":5,""42"":2,""43"":1,""44"":1,""45"":1}",1cd47d72057bb70edd3b5c3029b973f8ea99a762dd7c3183364ce0d60ae79ecd,6644f3ca5b2018acb987401a769695e7aa08cb1ddc9b31a74af36200ce49b2d0,success
AABAABB,7,4,3,8,12,14,"{""-29"":1,""-28"":-4,""-27"":10,""-26"":-12,""-25"":1,""-24"":33,""-23"":-63,""-22"":51,""-21"":44,""-20"":-157,""-19"":177,""-18"":-11,""-17"":-226,""-16"":318,""-15"":-140,""-14"":-134,""-13"":231,""-12"":-109,""-11"":-8,""-10"":-24,""-9"":74,""-8"":33,""-7"":-171,""-6"":114,""-5"":127,""-4"":-245,""-3"":79,""-2"":183,""-1"":-219,""0"":17,""1"":161,""2"":-109,""3"":-46,""4"":98,""5"":-17,""6"":-43,""7"":20,""8"":19,""9"":-12,""10"":-7,""11"":7,""12"":4,""13"":-1,""15"":2,""16"":1,""17"":1}","{""0"":-1,""1"":4,""2"":-10,""3"":12,""4"":-1,""5"":-33,""6"":63,""7"":-51,""8"":-44,""9"":157,""10"":-177,""11"":11,""12"":226,""13"":-318,""14"":140,""15"":134,""16"":-231,""17"":109,""18"":8,""19"":24,""20"":-74,""21"":-33,""22"":171,""23"":-114,""24"":-127,""25"":245,""26"":-79,""27"":-183,""28"":219,""29"":-17,""30"":-161,""31"":109,""32"":46,""33"":-98,""34"":17,""35"":43,""36"":-20,""37"":-19,""38"":12,""39"":7,""40"":-7,""41"":-4,""42"":1,""44"":-2,""45"":-1,""46"":-1}",e3e72d718373112de148e171f8bb4bdde95bde82b6d7259532c0d2579ade783d,32d44b285d07826851ca3e213766678e64cf60f8945b36454477a43ff4e0adf8,success
AABABAA,7,5,2,8,12,14,"{""-28"":1,""-27"":-1,""-26"":4,""-24"":-2,""-23"":13,""-22"":-11,""-21"":3,""-20"":17,""-19"":-18,""-18"":-2,""-17"":29,""-16"":-8,""-15"":-50,""-14"":87,""-13"":-45,""-12"":-28,""-11"":61,""-10"":-46,""-9"":45,""-8"":-63,""-7"":56,""-6"":10,""-5"":-72,""-4"":68,""-3"":-4,""-2"":-43,""-1"":24,""0"":24,""1"":-29,""2"":1,""3"":19,""4"":-1,""5"":-10,""6"":3,""7"":9,""8"":-2,""9"":-3,""10"":3,""11"":3,""12"":1,""14"":2,""15"":1,""16"":1,""17"":1}","{""0"":1,""1"":-1,""2"":4,""4"":-2,""5"":13,""6"":-11,""7"":3,""8"":17,""9"":-18,""10"":-2,""11"":29,""12"":-8,""13"":-50,""14"":87,""15"":-45,""16"":-28,""17"":61,""18"":-46,""19"":45,""20"":-63,""21"":56,""22"":10,""23"":-72,""24"":68,""25"":-4,""26"":-43,""27"":24,""28"":24,""29"":-29,""30"":1,""31"":19,""32"":-1,""33"":-10,""34"":3,""35"":9,""36"":-2,""37"":-3,""38"":3,""39"":3,""40"":1,""42"":2,""43"":1,""44"":1,""45"":1}",b9b28c39d2ffe5caa79db0eb2e3820f0e3800eef58f9f9ccb7f5a127f2c4354c,01e48766acdb98f5509c51e191ea6e57d224c60be29f7b67759aa85455178986,success
AABABAB,7,4,3,8,12,14,"{""-27"":1,""-26"":-2,""-25"":4,""-23"":-2,""-22"":9,""-21"":1,""-20"":-8,""-19"":11,""-18"":8,""-17"":-19,""-16"":12,""-15"":-2,""-14"":17,""-13"":-36,""-12"":27,""-11"":12,""-10"":-34,""-9"":35,""-8"":-28,""-7"":38,""-6"":-43,""-5"":28,""-4"":13,""-3"":-34,""-2"":29,""-1"":-4,""0"":2,""1"":-9,""2"":9,""3"":7,""4"":-7,""5"":-4,""6"":11,""7"":-1,""8"":-4,""9"":2,""10"":3,""13"":2,""14"":1,""15"":1,""16"":1,""17"":1}","{""0"":-1,""1"":2,""2"":-4,""4"":2,""5"":-9,""6"":-1,""7"":8,""8"":-11,""9"":-8,""10"":19,""11"":-12,""12"":2,""13"":-17,""14"":36,""15"":-27,""16"":-12,""17"":34,""18"":-35,""19"":28,""20"":-38,""21"":43,""22"":-28,""23"":-13,""24"":34,""25"":-29,""26"":4,""27"":-2,""28"":9,""29"":-9,""30"":-7,""31"":7,""32"":4,""33"":-11,""34"":1,""35"":4,""36"":-2,""37"":-3,""40"":-2,""41"":-1,""42"":-1,""43"":-1,""44"":-1}",419148a1eeee836a399076a46ef09f8b4c77b950a1e11d0a141d54e5cae20c24,0a9043bfb5d1d157ce6ad4afc408bd865c4af30d04fba45a65e47cc20b0c92af,success
AABABBA,7,4,3,8,12,14,"{""-28"":1,""-27"":-1,""-26"":1,""-25"":7,""-24"":-14,""-23"":19,""-22"":4,""-21"":-38,""-20"":53,""-19"":-3,""-18"":-77,""-17"":93,""-16"":18,""-15"":-153,""-14"":163,""-13"":-23,""-12"":-101,""-11"":102,""-10"":-49,""-9"":64,""-8"":-99,""-7"":42,""-6"":99,""-5"":-156,""-4"":54,""-3"":102,""-2"":-120,""-1"":7,""0"":94,""1"":-61,""2"":-21,""3"":42,""4"":4,""5"":-26,""6"":4,""7"":14,""8"":-3,""9"":-6,""10"":2,""11"":5,""14"":2,""15"":1,""16"":1,""17"":1}","{""0"":1,""1"":-1,""2"":1,""3"":7,""4"":-14,""5"":19,""6"":4,""7"":-38,""8"":53,""9"":-3,""10"":-77,""11"":93,""12"":18,""13"":-153,""14"":163,""15"":-23,""16"":-101,""17"":102,""18"":-49,""19"":64,""20"":-99,""21"":42,""22"":99,""23"":-156,""24"":54,""25"":102,""26"":-120,""27"":7,""28"":94,""29"":-61,""30"":-21,""31"":42,""32"":4,""33"":-26,""34"":4,""35"":14,""36"":-3,""37"":-6,""38"":2,""39"":5,""42"":2,""43"":1,""44"":1,""45"":1}",6d33c8396469882717972dfc376a9d019d13a0fc0add74331bc1273565df4e06,f4af514485ceca838ba6a4268a140104c53306ceef65e70460bbf09a8d69b2a6,success
AABABBB,7,3,4,8,12,14,"{""-29"":1,""-28"":-3,""-27"":7,""-26"":-8,""-25"":4,""-24"":9,""-23"":-19,""-22"":18,""-21"":6,""-20"":-28,""-19"":33,""-18"":8,""-17"":-68,""-16"":108,""-15"":-69,""-14"":-23,""-13"":93,""-12"":-80,""-11"":37,""-10"":-33,""-9"":50,""-8"":-16,""-7"":-51,""-6"":71,""-5"":-2,""-4"":-58,""-3"":43,""-2"":38,""-1"":-64,""0"":15,""1"":51,""2"":-38,""3"":-21,""4"":46,""5"":-10,""6"":-21,""7"":10,""8"":11,""9"":-7,""10"":-4,""11"":5,""12"":3,""15"":2,""16"":1,""17"":1}","{""0"":-1,""1"":3,""2"":-7,""3"":8,""4"":-4,""5"":-9,""6"":19,""7"":-18,""8"":-6,""9"":28,""10"":-33,""11"":-8,""12"":68,""13"":-108,""14"":69,""15"":23,""16"":-93,""17"":80,""18"":-37,""19"":33,""20"":-50,""21"":16,""22"":51,""23"":-71,""24"":2,""25"":58,""26"":-43,""27"":-38,""28"":64,""29"":-15,""30"":-51,""31"":38,""32"":21,""33"":-46,""34"":10,""35"":21,""36"":-10,""37"":-11,""38"":7,""39"":4,""40"":-5,""41"":-3,""44"":-2,""45"":-1,""46"":-1}",5a2e723ff7258cbe8ce205861354e10aa68e48f2c572a08580054cfb18b32615,5a46e193b20d3e63b67b525963180ac86e05eeaa99a1bb1516380f185602feda,success
AABBAAA,7,5,2,8,12,14,"{""-30"":1,""-29"":-2,""-28"":5,""-27"":-4,""-26"":1,""-25"":13,""-24"":-25,""-23"":35,""-22"":-22,""-21"":-7,""-20"":50,""-19"":-76,""-18"":74,""-17"":-29,""-16"":-19,""-15"":49,""-14"":-37,""-13"":25,""-12"":-30,""-11"":42,""-10"":-24,""-9"":-15,""-8"":25,""-7"":8,""-6"":-29,""-5"":4,""-4"":41,""-3"":-37,""-2"":-8,""-1"":37,""0"":-9,""1"":-30,""2"":30,""3"":11,""4"":-29,""5"":10,""6"":21,""7"":-14,""8"":-6,""9"":13,""10"":1,""11"":-7,""12"":3,""13"":5,""16"":2,""17"":1}","{""0"":1,""1"":-2,""2"":5,""3"":-4,""4"":1,""5"":13,""6"":-25,""7"":35,""8"":-22,""9"":-7,""10"":50,""11"":-76,""12"":74,""13"":-29,""14"":-19,""15"":49,""16"":-37,""17"":25,""18"":-30,""19"":42,""20"":-24,""21"":-15,""22"":25,""23"":8,""24"":-29,""25"":4,""26"":41,""27"":-37,""28"":-8,""29"":37,""30"":-9,""31"":-30,""32"":30,""33"":11,""34"":-29,""35"":10,""36"":21,""37"":-14,""38"":-6,""39"":13,""40"":1,""41"":-7,""42"":3,""43"":5,""46"":2,""47"":1}",d163f50db55ef05c7ee4f537b7eb083ecffeba57b27e3f7916637e0dd6ea829f,afe82b7f3f26f53f624f4323a9af05a11991558e850f1f47b6c4ec7dd6116831,success
AABBAAB,7,4,3,8,12,14,"{""-29"":1,""-28"":-4,""-27"":9,""-26"":-6,""-25"":-13,""-24"":50,""-23"":-62,""-22"":9,""-21"":120,""-20"":-210,""-19"":138,""-18"":116,""-17"":-341,""-16"":310,""-15"":-19,""-14"":-240,""-13"":227,""-12"":-37,""-11"":-44,""-10"":-40,""-9"":70,""-8"":76,""-7"":-176,""-6"":30,""-5"":223,""-4"":-227,""-3"":-49,""-2"":283,""-1"":-186,""0"":-96,""1"":220,""2"":-70,""3"":-110,""4"":111,""5"":12,""6"":-64,""7"":16,""8"":28,""9"":-12,""10"":-10,""11"":7,""12"":6,""13"":-2,""15"":2,""16"":1,""17"":1}","{""0"":-1,""1"":4,""2"":-9,""3"":6,""4"":13,""5"":-50,""6"":62,""7"":-9,""8"":-120,""9"":210,""10"":-138,""11"":-116,""12"":341,""13"":-310,""14"":19,""15"":240,""16"":-227,""17"":37,""18"":44,""19"":40,""20"":-70,""21"":-76,""22"":176,""23"":-30,""24"":-223,""25"":227,""26"":49,""27"":-283,""28"":186,""29"":96,""30"":-220,""31"":70,""32"":110,""33"":-111,""34"":-12,""35"":64,""36"":-16,""37"":-28,""38"":12,""39"":10,""40"":-7,""41"":-6,""42"":2,""44"":-2,""45"":-1,""46"":-1}",a078e8837f5832305f92a1d8d96211b3f05d781367687393640e1f6536a5d755,1db5ff11f044281c82552aa810c1fb170db5ff33975e54f7aafd86ba95e395c6,success
AABBABA,7,4,3,8,12,14,"{""-28"":1,""-27"":-1,""-26"":1,""-25"":6,""-24"":-10,""-23"":12,""-22"":7,""-21"":-26,""-20"":27,""-19"":18,""-18"":-67,""-17"":53,""-16"":54,""-15"":-153,""-14"":129,""-13"":5,""-12"":-103,""-11"":90,""-10"":-42,""-9"":61,""-8"":-82,""-7"":25,""-6"":91,""-5"":-118,""-4"":19,""-3"":96,""-2"":-82,""-1"":-25,""0"":93,""1"":-40,""2"":-34,""3"":40,""4"":9,""5"":-25,""6"":1,""7"":14,""8"":-1,""9"":-7,""10"":2,""11"":5,""14"":2,""15"":1,""16"":1,""17"":1}","{""0"":1,""1"":-1,""2"":1,""3"":6,""4"":-10,""5"":12,""6"":7,""7"":-26,""8"":27,""9"":18,""10"":-67,""11"":53,""12"":54,""13"":-153,""14"":129,""15"":5,""16"":-103,""17"":90,""18"":-42,""19"":61,""20"":-82,""21"":25,""22"":91,""23"":-118,""24"":19,""25"":96,""26"":-82,""27"":-25,""28"":93,""29"":-40,""30"":-34,""31"":40,""32"":9,""33"":-25,""34"":1,""35"":14,""36"":-1,""37"":-7,""38"":2,""39"":5,""42"":2,""43"":1,""44"":1,""45"":1}",47083874fe6b9d33b7f3b7b15a479041207482113fce741d6de45b66dfd6de9a,59ab53d6087c42028c93cb4cd1a42538e6bd21d3459b7c71c2b60f7421106aec,success
AABBABB,7,3,4,8,12,14,"{""-29"":1,""-28"":-4,""-27"":10,""-26"":-12,""-25"":1,""-24"":33,""-23"":-64,""-22"":53,""-21"":39,""-20"":-153,""-19"":177,""-18"":-20,""-17"":-218,""-16"":317,""-15"":-147,""-14"":-125,""-13"":232,""-12"":-113,""-11"":-5,""-10"":-25,""-9"":75,""-8"":28,""-7"":-169,""-6"":119,""-5"":122,""-4"":-245,""-3"":89,""-2"":177,""-1"":-220,""0"":24,""1"":155,""2"":-110,""3"":-45,""4"":97,""5"":-18,""6"":-42,""7"":20,""8"":19,""9"":-12,""10"":-7,""11"":7,""12"":4,""13"":-1,""15"":2,""16"":1,""17"":1}","{""0"":-1,""1"":4,""2"":-10,""3"":12,""4"":-1,""5"":-33,""6"":64,""7"":-53,""8"":-39,""9"":153,""10"":-177,""11"":20,""12"":218,""13"":-317,""14"":147,""15"":125,""16"":-232,""17"":113,""18"":5,""19"":25,""20"":-75,""21"":-28,""22"":169,""23"":-119,""24"":-122,""25"":245,""26"":-89,""27"":-177,""28"":220,""29"":-24,""30"":-155,""31"":110,""32"":45,""33"":-97,""34"":18,""35"":42,""36"":-20,""37"":-19,""38"":12,""39"":7,""40"":-7,""41"":-4,""42"":1,""44"":-2,""45"":-1,""46"":-1}",5e51fd039c6ab22a503fa6feea1baf8fc0b959c0f53ff90b08258fcef40e335d,9fcbb43a88d5df2c5bf1f1725d90fc11f289af2c868690044c1e65dc286ed472,success
AABBBAA,7,4,3,8,12,14,"{""-30"":1,""-29"":-2,""-28"":5,""-27"":-4,""-26"":-2,""-25"":19,""-24"":-35,""-23"":41,""-22"":-13,""-21"":-33,""-20"":80,""-19"":-84,""-18"":49,""-17"":3,""-16"":-34,""-15"":34,""-14"":-20,""-13"":20,""-12"":-34,""-11"":44,""-10"":-17,""-9"":-9,""-8"":11,""-7"":18,""-6"":-18,""-5"":-14,""-4"":41,""-3"":-12,""-2"":-30,""-1"":36,""0"":14,""1"":-49,""2"":33,""3"":20,""4"":-36,""5"":7,""6"":25,""7"":-17,""8"":-9,""9"":15,""11"":-7,""12"":3,""13"":5,""16"":2,""17"":1}","{""0"":1,""1"":-2,""2"":5,""3"":-4,""4"":-2,""5"":19,""6"":-35,""7"":41,""8"":-13,""9"":-33,""10"":80,""11"":-84,""12"":49,""13"":3,""14"":-34,""15"":34,""16"":-20,""17"":20,""18"":-34,""19"":44,""20"":-17,""21"":-9,""22"":11,""23"":18,""24"":-18,""25"":-14,""26"":41,""27"":-12,""28"":-30,""29"":36,""30"":14,""31"":-49,""32"":33,""33"":20,""34"":-36,""35"":7,""36"":25,""37"":-17,""38"":-9,""39"":15,""41"":-7,""42"":3,""43"":5,""46"":2,""47"":1}",40e38acf8caeb6c7624587ac0d778cd99fa880ca968044b34cc8dd7d087d5d64,df91459602fc10d0029dc2510faf09cbd17e95bf8b80640f952256b85fe74fc2,success
AABBBAB,7,3,4,8,12,14,"{""-29"":1,""-28"":-3,""-27"":6,""-26"":-3,""-25"":-5,""-24"":19,""-23"":-16,""-22"":-9,""-21"":48,""-20"":-53,""-19"":6,""-18"":77,""-17"":-127,""-16"":100,""-15"":1,""-14"":-90,""-13"":99,""-12"":-41,""-11"":11,""-10"":-33,""-9"":43,""-8"":18,""-7"":-65,""-6"":32,""-5"":53,""-4"":-60,""-3"":-18,""-2"":88,""-1"":-44,""0"":-50,""1"":84,""2"":-10,""3"":-64,""4"":52,""5"":14,""6"":-37,""7"":5,""8"":20,""9"":-7,""10"":-7,""11"":5,""12"":5,""13"":-1,""15"":2,""16"":1,""17"":1}","{""0"":-1,""1"":3,""2"":-6,""3"":3,""4"":5,""5"":-19,""6"":16,""7"":9,""8"":-48,""9"":53,""10"":-6,""11"":-77,""12"":127,""13"":-100,""14"":-1,""15"":90,""16"":-99,""17"":41,""18"":-11,""19"":33,""20"":-43,""21"":-18,""22"":65,""23"":-32,""24"":-53,""25"":60,""26"":18,""27"":-88,""28"":44,""29"":50,""30"":-84,""31"":10,""32"":64,""33"":-52,""34"":-14,""35"":37,""36"":-5,""37"":-20,""38"":7,""39"":7,""40"":-5,""41"":-5,""42"":1,""44"":-2,""45"":-1,""46"":-1}",7c6921fe86775f6fa274749051fcecf25815cb7596882a8d593a6c209d0afe27,b4ac7b772194be1191efa79446c2de1a6d40f9113fa099c49b640d0f99443612,success
AABBBBA,7,3,4,8,12,14,"{""-30"":1,""-29"":-1,""-28"":1,""-27"":5,""-26"":-13,""-25"":21,""-24"":-15,""-23"":-5,""-22"":32,""-21"":-42,""-20"":36,""-19"":-17,""-18"":9,""-17"":-5,""-16"":-2,""-15"":18,""-14"":-29,""-13"":34,""-12"":-30,""-11"":27,""-10"":-10,""-9"":-5,""-8"":15,""-7"":-3,""-6"":-2,""-5"":4,""-4"":4,""-3"":5,""-2"":-4,""0"":17,""1"":-13,""2"":-5,""3"":20,""4"":-6,""5"":-18,""6"":24,""7"":-3,""8"":-15,""9"":10,""10"":5,""11"":-7,""12"":1,""13"":6,""16"":2,""17"":1}","{""0"":1,""1"":-1,""2"":1,""3"":5,""4"":-13,""5"":21,""6"":-15,""7"":-5,""8"":32,""9"":-42,""10"":36,""11"":-17,""12"":9,""13"":-5,""14"":-2,""15"":18,""16"":-29,""17"":34,""18"":-30,""19"":27,""20"":-10,""21"":-5,""22"":15,""23"":-3,""24"":-2,""25"":4,""26"":4,""27"":5,""28"":-4,""30"":17,""31"":-13,""32"":-5,""33"":20,""34"":-6,""35"":-18,""36"":24,""37"":-3,""38"":-15,""39"":10,""40"":5,""41"":-7,""42"":1,""43"":6,""46"":2,""47"":1}",be3bc9f73c166ec2c9099e2043b5e5e970fef589f8b77b42e3de2d7332fe1f65,e1f6577a0fdd3ccf69d4579236c3e8f9493ece58202aa169aed82c0276d2b65a,success
AABBBBB,7,2,5,8,12,14,"{""-31"":1,""-30"":-3,""-29"":7,""-28"":-9,""-27"":7,""-26"":3,""-25"":-15,""-24"":23,""-23"":-20,""-22"":11,""-21"":-3,""-20"":6,""-19"":-9,""-18"":14,""-16"":-11,""-15"":25,""-14"":-24,""-13"":24,""-12"":-19,""-11"":14,""-10"":-3,""-9"":-3,""-8"":5,""-7"":2,""-6"":1,""-4"":5,""-3"":-2,""-2"":1,""-1"":2,""0"":-2,""1"":4,""2"":2,""3"":-4,""4"":8,""6"":-4,""7"":4,""8"":6,""9"":-10,""10"":6,""11"":4,""12"":-4,""13"":2,""14"":4,""17"":2}","{""0"":-1,""1"":3,""2"":-7,""3"":9,""4"":-7,""5"":-3,""6"":15,""7"":-23,""8"":20,""9"":-11,""10"":3,""11"":-6,""12"":9,""13"":-14,""15"":11,""16"":-25,""17"":24,""18"":-24,""19"":19,""20"":-14,""21"":3,""22"":3,""23"":-5,""24"":-2,""25"":-1,""27"":-5,""28"":2,""29"":-1,""30"":-2,""31"":2,""32"":-4,""33"":-2,""34"":4,""35"":-8,""37"":4,""38"":-4,""39"":-6,""40"":10,""41"":-6,""42"":-4,""43"":4,""44"":-2,""45"":-4,""48"":-2}",52f2ceb5fa35650ab812723a6dd29914502b513d09dc457f0c152e0380120cac,f6d9ecc42125cca6ffaf17b19ec8dbe2b690c9c32b67310c830b59ffa3a4cc2a,success
ABAAAAA,7,6,1,8,12,14,"{""-30"":1,""-28"":1,""-27"":4,""-26"":-2,""-25"":4,""-24"":5,""-23"":-8,""-22"":14,""-21"":-7,""-20"":2,""-19"":6,""-17"":-7,""-16"":10,""-15"":1,""-14"":-12,""-13"":19,""-12"":-17,""-11"":19,""-10"":-14,""-9"":5,""-8"":10,""-7"":-13,""-6"":8,""-4"":-2,""-3"":1,""1"":-1,""2"":-1,""3"":3,""4"":-1,""5"":-3,""6"":6,""7"":2,""8"":-4,""9"":4,""10"":7,""11"":-3,""12"":2,""13"":5,""14"":1,""16"":2,""17"":1}","{""0"":1,""2"":1,""3"":4,""4"":-2,""5"":4,""6"":5,""7"":-8,""8"":14,""9"":-7,""10"":2,""11"":6,""13"":-7,""14"":10,""15"":1,""16"":-12,""17"":19,""18"":-17,""19"":19,""20"":-14,""21"":5,""22"":10,""23"":-13,""24"":8,""26"":-2,""27"":1,""31"":-1,""32"":-1,""33"":3,""34"":-1,""35"":-3,""36"":6,""37"":2,""38"":-4,""39"":4,""40"":7,""41"":-3,""42"":2,""43"":5,""44"":1,""46"":2,""47"":1}",35c86ff00bb72e586270b3a0bb93d8dc79e217641afa33f3fe084224dceed02a,e72a0c00e727b2ad3e526a173b61daae7f0594b64acebd1680311884f329c814,success
ABAAAAB,7,5,2,8,12,14,"{""-29"":1,""-28"":-2,""-27"":2,""-26"":5,""-25"":-8,""-24"":5,""-23"":16,""-22"":-26,""-21"":18,""-20"":17,""-19"":-38,""-18"":45,""-17"":-30,""-16"":18,""-15"":8,""-14"":-33,""-13"":39,""-12"":-24,""-11"":19,""-10"":-30,""-9"":30,""-8"":6,""-7"":-34,""-6"":27,""-5"":3,""-4"":-7,""-3"":-14,""-2"":20,""-1"":9,""0"":-34,""1"":18,""2"":28,""3"":-35,""4"":-3,""5"":40,""6"":-20,""7"":-15,""8"":24,""9"":-1,""10"":-8,""11"":2,""12"":7,""13"":-1,""15"":2,""16"":1,""17"":1}","{""0"":-1,""1"":2,""2"":-2,""3"":-5,""4"":8,""5"":-5,""6"":-16,""7"":26,""8"":-18,""9"":-17,""10"":38,""11"":-45,""12"":30,""13"":-18,""14"":-8,""15"":33,""16"":-39,""17"":24,""18"":-19,""19"":30,""20"":-30,""21"":-6,""22"":34,""23"":-27,""24"":-3,""25"":7,""26"":14,""27"":-20,""28"":-9,""29"":34,""30"":-18,""31"":-28,""32"":35,""33"":3,""34"":-40,""35"":20,""36"":15,""37"":-24,""38"":1,""39"":8,""40"":-2,""41"":-7,""42"":1,""44"":-2,""45"":-1,""46"":-1}",fcb1826df5a2c4cb067b9f7e2c5e35833b90794ed65cad2652c2882a15bdd21a,46a85f4af20f6d0c9aa5d532323ef07cc8126ac887f47d03dab2503752ee7c1c,success
ABAAABA,7,5,2,8,12,14,"{""-28"":1,""-26"":-2,""-25"":9,""-24"":-4,""-23"":-9,""-22"":31,""-21"":-20,""-20"":-17,""-19"":70,""-18"":-64,""-17"":-16,""-16"":125,""-15"":-148,""-14"":41,""-13"":93,""-12"":-120,""-11"":59,""-10"":-18,""-9"":45,""-8"":-36,""-7"":-48,""-6"":119,""-5"":-66,""-4"":-59,""-3"":106,""-2"":-20,""-1"":-85,""0"":75,""1"":29,""2"":-82,""3"":35,""4"":37,""5"":-35,""7"":14,""8"":5,""9"":-9,""10"":1,""11"":6,""14"":2,""15"":1,""16"":1,""17"":1}","{""0"":1,""2"":-2,""3"":9,""4"":-4,""5"":-9,""6"":31,""7"":-20,""8"":-17,""9"":70,""10"":-64,""11"":-16,""12"":125,""13"":-148,""14"":41,""15"":93,""16"":-120,""17"":59,""18"":-18,""19"":45,""20"":-36,""21"":-48,""22"":119,""23"":-66,""24"":-59,""25"":106,""26"":-20,""27"":-85,""28"":75,""29"":29,""30"":-82,""31"":35,""32"":37,""33"":-35,""35"":14,""36"":5,""37"":-9,""38"":1,""39"":6,""42"":2,""43"":1,""44"":1,""45"":1}",70be993d97e1b94ab4d18239fa3fbca42d0a77bc4e0f7b4c0bcfdaee7b6b5adf,ff6e0bacb1b17c4ff2bc77175b35e836dce43cf9db6b679466afa054594c3c7c,success
ABAAABB,7,4,3,8,12,14,"{""-29"":1,""-28"":-3,""-27"":5,""-26"":-1,""-25"":-9,""-24"":21,""-23"":-9,""-22"":-26,""-21"":68,""-20"":-57,""-19"":-13,""-18"":111,""-17"":-147,""-16"":91,""-15"":33,""-14"":-112,""-13"":91,""-12"":-19,""-11"":3,""-10"":-42,""-9"":42,""-8"":31,""-7"":-72,""-6"":12,""-5"":74,""-4"":-53,""-3"":-49,""-2"":105,""-1"":-25,""0"":-82,""1"":91,""2"":14,""3"":-84,""4"":47,""5"":33,""6"":-44,""7"":-1,""8"":25,""9"":-6,""10"":-9,""11"":4,""12"":6,""13"":-1,""15"":2,""16"":1,""17"":1}","{""0"":-1,""1"":3,""2"":-5,""3"":1,""4"":9,""5"":-21,""6"":9,""7"":26,""8"":-68,""9"":57,""10"":13,""11"":-111,""12"":147,""13"":-91,""14"":-33,""15"":112,""16"":-91,""17"":19,""18"":-3,""19"":42,""20"":-42,""21"":-31,""22"":72,""23"":-12,""24"":-74,""25"":53,""26"":49,""27"":-105,""28"":25,""29"":82,""30"":-91,""31"":-14,""32"":84,""33"":-47,""34"":-33,""35"":44,""36"":1,""37"":-25,""38"":6,""39"":9,""40"":-4,""41"":-6,""42"":1,""44"":-2,""45"":-1,""46"":-1}",5fc38a436a0c88a5b3bdfe329b8e03f2f32a517098ed944052e73a638f07dc85,98ab3b6e455278d0e72ed4800734244c511db84221bea0989638eb340372134c,success
ABAABAA,7,5,2,8,12,14,"{""-28"":1,""-27"":-1,""-26"":1,""-25"":7,""-24"":-11,""-23"":11,""-22"":20,""-21"":-50,""-20"":49,""-19"":33,""-18"":-126,""-17"":115,""-16"":44,""-15"":-203,""-14"":180,""-13"":4,""-12"":-131,""-11"":104,""-10"":-33,""-9"":57,""-8"":-94,""-7"":13,""-6"":144,""-5"":-174,""-4"":15,""-3"":159,""-2"":-145,""-1"":-21,""0"":125,""1"":-62,""2"":-43,""3"":55,""4"":10,""5"":-31,""6"":5,""7"":17,""8"":-1,""9"":-8,""10"":3,""11"":5,""14"":2,""15"":1,""16"":1,""17"":1}","{""0"":1,""1"":-1,""2"":1,""3"":7,""4"":-11,""5"":11,""6"":20,""7"":-50,""8"":49,""9"":33,""10"":-126,""11"":115,""12"":44,""13"":-203,""14"":180,""15"":4,""16"":-131,""17"":104,""18"":-33,""19"":57,""20"":-94,""21"":13,""22"":144,""23"":-174,""24"":15,""25"":159,""26"":-145,""27"":-21,""28"":125,""29"":-62,""30"":-43,""31"":55,""32"":10,""33"":-31,""34"":5,""35"":17,""36"":-1,""37"":-8,""38"":3,""39"":5,""42"":2,""43"":1,""44"":1,""45"":1}",1cd47d72057bb70edd3b5c3029b973f8ea99a762dd7c3183364ce0d60ae79ecd,6644f3ca5b2018acb987401a769695e7aa08cb1ddc9b31a74af36200ce49b2d0,success
ABAABAB,7,4,3,8,12,14,"{""-27"":1,""-26"":-2,""-25"":2,""-24"":6,""-23"":-8,""-22"":-1,""-21"":29,""-20"":-23,""-19"":-20,""-18"":64,""-17"":-25,""-16"":-54,""-15"":63,""-14"":34,""-13"":-113,""-12"":71,""-11"":31,""-10"":-64,""-9"":36,""-8"":-33,""-7"":87,""-6"":-99,""-5"":11,""-4"":112,""-3"":-125,""-2"":27,""-1"":69,""0"":-56,""1"":-3,""2"":23,""3"":4,""4"":-5,""5"":-15,""6"":19,""7"":3,""8"":-11,""9"":2,""10"":6,""11"":-1,""13"":2,""14"":1,""15"":1,""16"":1,""17"":1}","{""0"":-1,""1"":2,""2"":-2,""3"":-6,""4"":8,""5"":1,""6"":-29,""7"":23,""8"":20,""9"":-64,""10"":25,""11"":54,""12"":-63,""13"":-34,""14"":113,""15"":-71,""16"":-31,""17"":64,""18"":-36,""19"":33,""20"":-87,""21"":99,""22"":-11,""23"":-112,""24"":125,""25"":-27,""26"":-69,""27"":56,""28"":3,""29"":-23,""30"":-4,""31"":5,""32"":15,""33"":-19,""34"":-3,""35"":11,""36"":-2,""37"":-6,""38"":1,""40"":-2,""41"":-1,""42"":-1,""43"":-1,""44"":-1}",bdc2cb061b0f1824c28df44316527354b20eef2708ce1cdc9e3c928ed9ec1d13,6fbaaf7ac3974a5d0d03c1bb83f5eaaf9eeab9aef76c8296ef21de3147ea77a5,success
ABAABBA,7,4,3,8,12,14,"{""-28"":1,""-27"":-1,""-26"":-2,""-25"":14,""-24"":-17,""-23"":-4,""-22"":58,""-21"":-75,""-20"":-1,""-19"":149,""-18"":-199,""-17"":37,""-16"":236,""-15"":-329,""-14"":130,""-13"":148,""-12"":-213,""-11"":88,""-10"":-19,""-9"":87,""-8"":-90,""-7"":-79,""-6"":233,""-5"":-123,""-4"":-147,""-3"":262,""-2"":-69,""-1"":-180,""0"":202,""1"":-8,""2"":-128,""3"":79,""4"":34,""5"":-50,""7"":21,""8"":3,""9"":-13,""10"":2,""11"":7,""12"":-1,""14"":2,""15"":1,""16"":1,""17"":1}","{""0"":1,""1"":-1,""2"":-2,""3"":14,""4"":-17,""5"":-4,""6"":58,""7"":-75,""8"":-1,""9"":149,""10"":-199,""11"":37,""12"":236,""13"":-329,""14"":130,""15"":148,""16"":-213,""17"":88,""18"":-19,""19"":87,""20"":-90,""21"":-79,""22"":233,""23"":-123,""24"":-147,""25"":262,""26"":-69,""27"":-180,""28"":202,""29"":-8,""30"":-128,""31"":79,""32"":34,""33"":-50,""35"":21,""36"":3,""37"":-13,""38"":2,""39"":7,""40"":-1,""42"":2,""43"":1,""44"":1,""45"":1}",4ab3c16bcb9048ccf7f79dd014c48193a34465149ea6369fbc64831a0fc90dd3,5708af4826309c826aac92a209e26c6467c828e6abe1ec5c4d47a98d92ffbd77,success
ABAABBB,7,3,4,8,12,14,"{""-29"":1,""-28"":-3,""-27"":5,""-26"":-1,""-25"":-8,""-24"":16,""-23"":-6,""-22"":-18,""-21"":46,""-20"":-42,""-19"":4,""-18"":69,""-17"":-120,""-16"":108,""-15"":-14,""-14"":-78,""-13"":91,""-12"":-36,""-11"":12,""-10"":-47,""-9"":60,""-8"":7,""-7"":-66,""-6"":35,""-5"":55,""-4"":-66,""-3"":-14,""-2"":89,""-1"":-45,""0"":-45,""1"":70,""2"":8,""3"":-69,""4"":39,""5"":30,""6"":-40,""7"":-1,""8"":23,""9"":-5,""10"":-9,""11"":4,""12"":6,""13"":-1,""15"":2,""16"":1,""17"":1}","{""0"":-1,""1"":3,""2"":-5,""3"":1,""4"":8,""5"":-16,""6"":6,""7"":18,""8"":-46,""9"":42,""10"":-4,""11"":-69,""12"":120,""13"":-108,""14"":14,""15"":78,""16"":-91,""17"":36,""18"":-12,""19"":47,""20"":-60,""21"":-7,""22"":66,""23"":-35,""24"":-55,""25"":66,""26"":14,""27"":-89,""28"":45,""29"":45,""30"":-70,""31"":-8,""32"":69,""33"":-39,""34"":-30,""35"":40,""36"":1,""37"":-23,""38"":5,""39"":9,""40"":-4,""41"":-6,""42"":1,""44"":-2,""45"":-1,""46"":-1}",16a851828d6684ef8a150dfee3178e91bfeba453e3106e9e106bf217c222ed70,a3fb86052432bcabe53d1649c6d6995362bfca45b70367880a5ab714092e2d87,success
ABABAAA,7,5,2,8,12,14,"{""-28"":1,""-26"":1,""-25"":4,""-24"":-2,""-23"":5,""-20"":5,""-19"":-3,""-17"":3,""-16"":20,""-15"":-47,""-14"":52,""-13"":-7,""-12"":-38,""-11"":51,""-10"":-37,""-9"":36,""-8"":-43,""-7"":26,""-6"":18,""-5"":-45,""-4"":31,""-3"":7,""-2"":-18,""-1"":-3,""0"":25,""1"":-10,""2"":-13,""3"":16,""4"":6,""5"":-11,""6"":2,""7"":7,""8"":1,""9"":-3,""10"":1,""11"":4,""12"":1,""14"":2,""15"":1,""16"":1,""17"":1}","{""0"":1,""2"":1,""3"":4,""4"":-2,""5"":5,""8"":5,""9"":-3,""11"":3,""12"":20,""13"":-47,""14"":52,""15"":-7,""16"":-38,""17"":51,""18"":-37,""19"":36,""20"":-43,""21"":26,""22"":18,""23"":-45,""24"":31,""25"":7,""26"":-18,""27"":-3,""28"":25,""29"":-10,""30"":-13,""31"":16,""32"":6,""33"":-11,""34"":2,""35"":7,""36"":1,""37"":-3,""38"":1,""39"":4,""40"":1,""42"":2,""43"":1,""44"":1,""45"":1}",36210a972e57685b90cd33031f751c9a01585537f12fb5842abf2413e50574db,197f7419422433b8c3306cda13a3343878a583ce33aa46f0a13debfb8d266bd5,success
ABABAAB,7,4,3,8,12,14,"{""-27"":1,""-26"":-2,""-25"":2,""-24"":6,""-23"":-9,""-22"":4,""-21"":22,""-20"":-24,""-19"":-3,""-18"":42,""-17"":-24,""-16"":-29,""-15"":39,""-14"":30,""-13"":-89,""-12"":58,""-11"":23,""-10"":-53,""-9"":34,""-8"":-30,""-7"":70,""-6"":-81,""-5"":20,""-4"":76,""-3"":-93,""-2"":29,""-1"":42,""0"":-36,""1"":-4,""2"":16,""3"":6,""4"":-5,""5"":-12,""6"":16,""7"":3,""8"":-9,""9"":1,""10"":6,""11"":-1,""13"":2,""14"":1,""15"":1,""16"":1,""17"":1}","{""0"":-1,""1"":2,""2"":-2,""3"":-6,""4"":9,""5"":-4,""6"":-22,""7"":24,""8"":3,""9"":-42,""10"":24,""11"":29,""12"":-39,""13"":-30,""14"":89,""15"":-58,""16"":-23,""17"":53,""18"":-34,""19"":30,""20"":-70,""21"":81,""22"":-20,""23"":-76,""24"":93,""25"":-29,""26"":-42,""27"":36,""28"":4,""29"":-16,""30"":-6,""31"":5,""32"":12,""33"":-16,""34"":-3,""35"":9,""36"":-1,""37"":-6,""38"":1,""40"":-2,""41"":-1,""42"":-1,""43"":-1,""44"":-1}",d9d2dccd661314ea9b042a91efa24cc358237f9428647e16c7cc5fc155106116,14b4282f0227946d69ef08d2b28dac42d72ee2027f4ac8d063db34818ccd91ee,success
ABABABA,7,4,3,8,12,14,"{""-26"":1,""-25"":1,""-24"":-1,""-23"":6,""-22"":2,""-21"":-3,""-20"":4,""-19"":7,""-18"":-5,""-17"":-7,""-16"":17,""-15"":-14,""-14"":13,""-13"":-18,""-12"":19,""-11"":-1,""-10"":-17,""-9"":30,""-8"":-26,""-7"":28,""-6"":-27,""-5"":29,""-4"":-11,""-3"":-7,""-2"":19,""-1"":-13,""0"":11,""1"":-13,""2"":15,""4"":-7,""5"":4,""6"":6,""7"":-4,""8"":-1,""9"":4,""12"":2,""13"":1,""14"":1,""15"":1,""16"":1,""17"":1}","{""0"":1,""1"":1,""2"":-1,""3"":6,""4"":2,""5"":-3,""6"":4,""7"":7,""8"":-5,""9"":-7,""10"":17,""11"":-14,""12"":13,""13"":-18,""14"":19,""15"":-1,""16"":-17,""17"":30,""18"":-26,""19"":28,""20"":-27,""21"":29,""22"":-11,""23"":-7,""24"":19,""25"":-13,""26"":11,""27"":-13,""28"":15,""30"":-7,""31"":4,""32"":6,""33"":-4,""34"":-1,""35"":4,""38"":2,""39"":1,""40"":1,""41"":1,""42"":1,""43"":1}",d16c6815497da49b161349b60467952253a24b0d6dd9f794b7afa552e0000099,bc9d2235dd6f88513d5befa5f58a270691640ce9f3d3ec4162b3e5be97622b42,success
ABABABB,7,3,4,8,12,14,"{""-27"":1,""-26"":-2,""-25"":3,""-24"":1,""-23"":-5,""-22"":9,""-21"":4,""-20"":-12,""-19"":11,""-18"":14,""-17"":-22,""-16"":7,""-15"":4,""-14"":20,""-13"":-46,""-12"":32,""-11"":15,""-10"":-39,""-9"":37,""-8"":-29,""-7"":46,""-6"":-51,""-5"":29,""-4"":22,""-3"":-44,""-2"":30,""-1"":3,""0"":-3,""1"":-9,""2"":10,""3"":7,""4"":-6,""5"":-7,""6"":12,""8"":-5,""9"":1,""10"":4,""13"":2,""14"":1,""15"":1,""16"":1,""17"":1}","{""0"":-1,""1"":2,""2"":-3,""3"":-1,""4"":5,""5"":-9,""6"":-4,""7"":12,""8"":-11,""9"":-14,""10"":22,""11"":-7,""12"":-4,""13"":-20,""14"":46,""15"":-32,""16"":-15,""17"":39,""18"":-37,""19"":29,""20"":-46,""21"":51,""22"":-29,""23"":-22,""24"":44,""25"":-30,""26"":-3,""27"":3,""28"":9,""29"":-10,""30"":-7,""31"":6,""32"":7,""33"":-12,""35"":5,""36"":-1,""37"":-4,""40"":-2,""41"":-1,""42"":-1,""43"":-1,""44"":-1}",1d140a5fc4eb68b85cc7f0287ed1865548f93ff072ab05b3d73c4eb6342b8fe9,da8599fb464d8a5ee2002d59f58cac8a10ac711659295f6cab44ae057db9665c,success
ABABBAA,7,4,3,8,12,14,"{""-28"":1,""-27"":-1,""-26"":1,""-25"":6,""-24"":-10,""-23"":12,""-22"":7,""-21"":-26,""-20"":27,""-19"":18,""-18"":-67,""-17"":53,""-16"":54,""-15"":-153,""-14"":129,""-13"":5,""-12"":-103,""-11"":90,""-10"":-42,""-9"":61,""-8"":-82,""-7"":25,""-6"":91,""-5"":-118,""-4"":19,""-3"":96,""-2"":-82,""-1"":-25,""0"":93,""1"":-40,""2"":-34,""3"":40,""4"":9,""5"":-25,""6"":1,""7"":14,""8"":-1,""9"":-7,""10"":2,""11"":5,""14"":2,""15"":1,""16"":1,""17"":1}","{""0"":1,""1"":-1,""2"":1,""3"":6,""4"":-10,""5"":12,""6"":7,""7"":-26,""8"":27,""9"":18,""10"":-67,""11"":53,""12"":54,""13"":-153,""14"":129,""15"":5,""16"":-103,""17"":90,""18"":-42,""19"":61,""20"":-82,""21"":25,""22"":91,""23"":-118,""24"":19,""25"":96,""26"":-82,""27"":-25,""28"":93,""29"":-40,""30"":-34,""31"":40,""32"":9,""33"":-25,""34"":1,""35"":14,""36"":-1,""37"":-7,""38"":2,""39"":5,""42"":2,""43"":1,""44"":1,""45"":1}",47083874fe6b9d33b7f3b7b15a479041207482113fce741d6de45b66dfd6de9a,59ab53d6087c42028c93cb4cd1a42538e6bd21d3459b7c71c2b60f7421106aec,success
ABABBAB,7,3,4,8,12,14,"{""-27"":1,""-26"":-2,""-25"":2,""-24"":6,""-23"":-8,""-22"":-1,""-21"":28,""-20"":-21,""-19"":-26,""-18"":68,""-17"":-27,""-16"":-60,""-15"":69,""-14"":34,""-13"":-115,""-12"":72,""-11"":35,""-10"":-68,""-9"":39,""-8"":-34,""-7"":92,""-6"":-101,""-5"":9,""-4"":120,""-3"":-132,""-2"":27,""-1"":74,""0"":-60,""1"":-4,""2"":24,""3"":3,""4"":-5,""5"":-16,""6"":20,""7"":3,""8"":-11,""9"":2,""10"":6,""11"":-1,""13"":2,""14"":1,""15"":1,""16"":1,""17"":1}","{""0"":-1,""1"":2,""2"":-2,""3"":-6,""4"":8,""5"":1,""6"":-28,""7"":21,""8"":26,""9"":-68,""10"":27,""11"":60,""12"":-69,""13"":-34,""14"":115,""15"":-72,""16"":-35,""17"":68,""18"":-39,""19"":34,""20"":-92,""21"":101,""22"":-9,""23"":-120,""24"":132,""25"":-27,""26"":-74,""27"":60,""28"":4,""29"":-24,""30"":-3,""31"":5,""32"":16,""33"":-20,""34"":-3,""35"":11,""36"":-2,""37"":-6,""38"":1,""40"":-2,""41"":-1,""42"":-1,""43"":-1,""44"":-1}",c0424919bfd9cd7cc301c49b5319e6550068dc4ca2375273b78fce42010290fe,bec328dc8305177c739a54dc91221052f8ccf75950c95c6b93a604e9ceb79191,success
ABABBBA,7,3,4,8,12,14,"{""-28"":1,""-26"":-2,""-25"":9,""-24"":-7,""-23"":-2,""-22"":19,""-21"":-18,""-20"":-3,""-19"":35,""-18"":-38,""-17"":-11,""-16"":90,""-15"":-117,""-14"":51,""-13"":59,""-12"":-99,""-11"":65,""-10"":-32,""-9"":50,""-8"":-46,""-7"":-15,""-6"":86,""-5"":-63,""-4"":-22,""-3"":76,""-2"":-22,""-1"":-54,""0"":63,""1"":10,""2"":-56,""3"":26,""4"":27,""5"":-30,""7"":11,""8"":3,""9"":-7,""11"":6,""14"":2,""15"":1,""16"":1,""17"":1}","{""0"":1,""2"":-2,""3"":9,""4"":-7,""5"":-2,""6"":19,""7"":-18,""8"":-3,""9"":35,""10"":-38,""11"":-11,""12"":90,""13"":-117,""14"":51,""15"":59,""16"":-99,""17"":65,""18"":-32,""19"":50,""20"":-46,""21"":-15,""22"":86,""23"":-63,""24"":-22,""25"":76,""26"":-22,""27"":-54,""28"":63,""29"":10,""30"":-56,""31"":26,""32"":27,""33"":-30,""35"":11,""36"":3,""37"":-7,""39"":6,""42"":2,""43"":1,""44"":1,""45"":1}",81d00cc389609c692c465d561a6a5233fc73c20bec5eaef872e4a88e85f49816,14b8399e006e16905107abea5e475528e84d10d65fa6e246293dbdee238b07d0,success
ABABBBB,7,2,5,8,12,14,"{""-29"":1,""-28"":-2,""-27"":3,""-25"":-3,""-24"":5,""-22"":-4,""-21"":2,""-20"":12,""-19"":-19,""-18"":23,""-17"":-19,""-16"":25,""-15"":-14,""-14"":-12,""-13"":40,""-12"":-38,""-11"":30,""-10"":-29,""-9"":36,""-8"":-14,""-7"":-17,""-6"":33,""-5"":-13,""-4"":-4,""-3"":4,""-2"":10,""-1"":-7,""0"":-9,""1"":17,""2"":4,""3"":-20,""4"":12,""5"":14,""6"":-13,""7"":-5,""8"":15,""9"":-3,""10"":-4,""11"":2,""12"":5,""15"":2,""16"":1,""17"":1}","{""0"":-1,""1"":2,""2"":-3,""4"":3,""5"":-5,""7"":4,""8"":-2,""9"":-12,""10"":19,""11"":-23,""12"":19,""13"":-25,""14"":14,""15"":12,""16"":-40,""17"":38,""18"":-30,""19"":29,""20"":-36,""21"":14,""22"":17,""23"":-33,""24"":13,""25"":4,""26"":-4,""27"":-10,""28"":7,""29"":9,""30"":-17,""31"":-4,""32"":20,""33"":-12,""34"":-14,""35"":13,""36"":5,""37"":-15,""38"":3,""39"":4,""40"":-2,""41"":-5,""44"":-2,""45"":-1,""46"":-1}",e75745e8948107afdd22e793dae6ee11166c22860a882d8506f3998d68f95fef,34323e001b8e713e33e0967a0b34e22656286275692e67b0eab9f25901e1ad05,success
ABBAAAA,7,5,2,8,12,14,"{""-30"":1,""-29"":-1,""-28"":1,""-27"":5,""-26"":-10,""-25"":16,""-24"":-8,""-23"":-4,""-22"":19,""-21"":-21,""-20"":19,""-19"":-16,""-18"":26,""-17"":-22,""-16"":10,""-15"":19,""-14"":-31,""-13"":35,""-12"":-33,""-11"":32,""-10"":-17,""-9"":-7,""-8"":21,""-7"":-9,""-6"":-6,""-5"":7,""-4"":5,""-3"":-9,""-2"":3,""-1"":1,""0"":7,""1"":-7,""2"":-1,""3"":15,""4"":-5,""5"":-10,""6"":18,""8"":-12,""9"":8,""10"":6,""11"":-7,""12"":1,""13"":6,""16"":2,""17"":1}","{""0"":1,""1"":-1,""2"":1,""3"":5,""4"":-10,""5"":16,""6"":-8,""7"":-4,""8"":19,""9"":-21,""10"":19,""11"":-16,""12"":26,""13"":-22,""14"":10,""15"":19,""16"":-31,""17"":35,""18"":-33,""19"":32,""20"":-17,""21"":-7,""22"":21,""23"":-9,""24"":-6,""25"":7,""26"":5,""27"":-9,""28"":3,""29"":1,""30"":7,""31"":-7,""32"":-1,""33"":15,""34"":-5,""35"":-10,""36"":18,""38"":-12,""39"":8,""40"":6,""41"":-7,""42"":1,""43"":6,""46"":2,""47"":1}",39a1413d42426fb6ce9946c74f5be4525283007385174f69dcf989aa27e0d443,d9716e9dc212626351d6e47e83838dcc2cebbf6ac21540e019a3d644b6909210,success
ABBAAAB,7,4,3,8,12,14,"{""-29"":1,""-28"":-3,""-27"":4,""-26"":5,""-25"":-20,""-24"":28,""-23"":2,""-22"":-58,""-21"":102,""-20"":-65,""-19"":-45,""-18"":163,""-17"":-178,""-16"":73,""-15"":80,""-14"":-137,""-13"":73,""-12"":13,""-11"":-2,""-10"":-57,""-9"":41,""-8"":48,""-7"":-71,""-6"":-25,""-5"":108,""-4"":-37,""-3"":-99,""-2"":130,""-1"":6,""0"":-126,""1"":91,""2"":55,""3"":-114,""4"":35,""5"":62,""6"":-56,""7"":-9,""8"":33,""9"":-5,""10"":-12,""11"":4,""12"":8,""13"":-2,""15"":2,""16"":1,""17"":1}","{""0"":-1,""1"":3,""2"":-4,""3"":-5,""4"":20,""5"":-28,""6"":-2,""7"":58,""8"":-102,""9"":65,""10"":45,""11"":-163,""12"":178,""13"":-73,""14"":-80,""15"":137,""16"":-73,""17"":-13,""18"":2,""19"":57,""20"":-41,""21"":-48,""22"":71,""23"":25,""24"":-108,""25"":37,""26"":99,""27"":-130,""28"":-6,""29"":126,""30"":-91,""31"":-55,""32"":114,""33"":-35,""34"":-62,""35"":56,""36"":9,""37"":-33,""38"":5,""39"":12,""40"":-4,""41"":-8,""42"":2,""44"":-2,""45"":-1,""46"":-1}",a3bd98811de99c5863e842b604dba9c35193d000daefccbe0ddfd6c5520b5f70,c3c89f0415f807328f4dca267a5d7815e089ebbd6163d7b2eded46090dd7c949,success
ABBAABA,7,4,3,8,12,14,"{""-28"":1,""-27"":-1,""-26"":-2,""-25"":14,""-24"":-17,""-23"":-4,""-22"":58,""-21"":-75,""-20"":-1,""-19"":149,""-18"":-199,""-17"":37,""-16"":236,""-15"":-329,""-14"":130,""-13"":148,""-12"":-213,""-11"":88,""-10"":-19,""-9"":87,""-8"":-90,""-7"":-79,""-6"":233,""-5"":-123,""-4"":-147,""-3"":262,""-2"":-69,""-1"":-180,""0"":202,""1"":-8,""2"":-128,""3"":79,""4"":34,""5"":-50,""7"":21,""8"":3,""9"":-13,""10"":2,""11"":7,""12"":-1,""14"":2,""15"":1,""16"":1,""17"":1}","{""0"":1,""1"":-1,""2"":-2,""3"":14,""4"":-17,""5"":-4,""6"":58,""7"":-75,""8"":-1,""9"":149,""10"":-199,""11"":37,""12"":236,""13"":-329,""14"":130,""15"":148,""16"":-213,""17"":88,""18"":-19,""19"":87,""20"":-90,""21"":-79,""22"":233,""23"":-123,""24"":-147,""25"":262,""26"":-69,""27"":-180,""28"":202,""29"":-8,""30"":-128,""31"":79,""32"":34,""33"":-50,""35"":21,""36"":3,""37"":-13,""38"":2,""39"":7,""40"":-1,""42"":2,""43"":1,""44"":1,""45"":1}",4ab3c16bcb9048ccf7f79dd014c48193a34465149ea6369fbc64831a0fc90dd3,5708af4826309c826aac92a209e26c6467c828e6abe1ec5c4d47a98d92ffbd77,success
ABBAABB,7,3,4,8,12,14,"{""-29"":1,""-28"":-4,""-27"":8,""-26"":-3,""-25"":-20,""-24"":57,""-23"":-60,""-22"":-15,""-21"":158,""-20"":-231,""-19"":108,""-18"":188,""-17"":-396,""-16"":294,""-15"":52,""-14"":-289,""-13"":212,""-12"":7,""-11"":-55,""-10"":-61,""-9"":72,""-8"":101,""-7"":-178,""-6"":-19,""-5"":272,""-4"":-208,""-3"":-121,""-2"":328,""-1"":-152,""0"":-161,""1"":240,""2"":-35,""3"":-149,""4"":111,""5"":34,""6"":-74,""7"":10,""8"":34,""9"":-11,""10"":-12,""11"":6,""12"":7,""13"":-2,""15"":2,""16"":1,""17"":1}","{""0"":-1,""1"":4,""2"":-8,""3"":3,""4"":20,""5"":-57,""6"":60,""7"":15,""8"":-158,""9"":231,""10"":-108,""11"":-188,""12"":396,""13"":-294,""14"":-52,""15"":289,""16"":-212,""17"":-7,""18"":55,""19"":61,""20"":-72,""21"":-101,""22"":178,""23"":19,""24"":-272,""25"":208,""26"":121,""27"":-328,""28"":152,""29"":161,""30"":-240,""31"":35,""32"":149,""33"":-111,""34"":-34,""35"":74,""36"":-10,""37"":-34,""38"":11,""39"":12,""40"":-6,""41"":-7,""42"":2,""44"":-2,""45"":-1,""46"":-1}",a7a4f7f9005c0e515e16ce067c11550d59d1421b64e5ae6a891b3e54e3404697,64be6032ecfa02c5eb7e1080833e0c10908249f798d54c453b870bd7178d7b75,success
ABBABAA,7,4,3,8,12,14,"{""-28"":1,""-27"":-1,""-26"":1,""-25"":7,""-24"":-14,""-23"":19,""-22"":4,""-21"":-38,""-20"":53,""-19"":-3,""-18"":-77,""-17"":93,""-16"":18,""-15"":-153,""-14"":163,""-13"":-23,""-12"":-101,""-11"":102,""-10"":-49,""-9"":64,""-8"":-99,""-7"":42,""-6"":99,""-5"":-156,""-4"":54,""-3"":102,""-2"":-120,""-1"":7,""0"":94,""1"":-61,""2"":-21,""3"":42,""4"":4,""5"":-26,""6"":4,""7"":14,""8"":-3,""9"":-6,""10"":2,""11"":5,""14"":2,""15"":1,""16"":1,""17"":1}","{""0"":1,""1"":-1,""2"":1,""3"":7,""4"":-14,""5"":19,""6"":4,""7"":-38,""8"":53,""9"":-3,""10"":-77,""11"":93,""12"":18,""13"":-153,""14"":163,""15"":-23,""16"":-101,""17"":102,""18"":-49,""19"":64,""20"":-99,""21"":42,""22"":99,""23"":-156,""24"":54,""25"":102,""26"":-120,""27"":7,""28"":94,""29"":-61,""30"":-21,""31"":42,""32"":4,""33"":-26,""34"":4,""35"":14,""36"":-3,""37"":-6,""38"":2,""39"":5,""42"":2,""43"":1,""44"":1,""45"":1}",6d33c8396469882717972dfc376a9d019d13a0fc0add74331bc1273565df4e06,f4af514485ceca838ba6a4268a140104c53306ceef65e70460bbf09a8d69b2a6,success
ABBABAB,7,3,4,8,12,14,"{""-27"":1,""-26"":-2,""-25"":2,""-24"":6,""-23"":-10,""-22"":6,""-21"":18,""-20"":-23,""-19"":1,""-18"":34,""-17"":-25,""-16"":-19,""-15"":29,""-14"":28,""-13"":-77,""-12"":51,""-11"":22,""-10"":-50,""-9"":36,""-8"":-29,""-7"":66,""-6"":-74,""-5"":24,""-4"":61,""-3"":-81,""-2"":30,""-1"":30,""0"":-27,""1"":-5,""2"":14,""3"":6,""4"":-5,""5"":-11,""6"":15,""7"":2,""8"":-8,""9"":1,""10"":6,""11"":-1,""13"":2,""14"":1,""15"":1,""16"":1,""17"":1}","{""0"":-1,""1"":2,""2"":-2,""3"":-6,""4"":10,""5"":-6,""6"":-18,""7"":23,""8"":-1,""9"":-34,""10"":25,""11"":19,""12"":-29,""13"":-28,""14"":77,""15"":-51,""16"":-22,""17"":50,""18"":-36,""19"":29,""20"":-66,""21"":74,""22"":-24,""23"":-61,""24"":81,""25"":-30,""26"":-30,""27"":27,""28"":5,""29"":-14,""30"":-6,""31"":5,""32"":11,""33"":-15,""34"":-2,""35"":8,""36"":-1,""37"":-6,""38"":1,""40"":-2,""41"":-1,""42"":-1,""43"":-1,""44"":-1}",f57b3f539b2cf346bc95042666659ce7842478fa91758d0973c15c94cd0dca6b,759e3fbd23203161ca3d52bb0b13bfabe7d5df862e07d1423f4c5417b6a9a8fc,success
ABBABBA,7,3,4,8,12,14,"{""-28"":1,""-27"":-1,""-26"":-2,""-25"":15,""-24"":-21,""-23"":2,""-22"":60,""-21"":-100,""-20"":39,""-19"":130,""-18"":-239,""-17"":113,""-16"":187,""-15"":-353,""-14"":195,""-13"":110,""-12"":-221,""-11"":108,""-10"":-20,""-9"":89,""-8"":-111,""-7"":-58,""-6"":258,""-5"":-182,""-4"":-117,""-3"":302,""-2"":-143,""-1"":-143,""0"":225,""1"":-52,""2"":-109,""3"":85,""4"":25,""5"":-51,""6"":4,""7"":21,""8"":1,""9"":-12,""10"":2,""11"":7,""12"":-1,""14"":2,""15"":1,""16"":1,""17"":1}","{""0"":1,""1"":-1,""2"":-2,""3"":15,""4"":-21,""5"":2,""6"":60,""7"":-100,""8"":39,""9"":130,""10"":-239,""11"":113,""12"":187,""13"":-353,""14"":195,""15"":110,""16"":-221,""17"":108,""18"":-20,""19"":89,""20"":-111,""21"":-58,""22"":258,""23"":-182,""24"":-117,""25"":302,""26"":-143,""27"":-143,""28"":225,""29"":-52,""30"":-109,""31"":85,""32"":25,""33"":-51,""34"":4,""35"":21,""36"":1,""37"":-12,""38"":2,""39"":7,""40"":-1,""42"":2,""43"":1,""44"":1,""45"":1}",255803d87be3f98a7c6eda526c6c3b423f75a3ec1deb7e26775120a39c9ff834,0cfd9d15120f3d76e53dc21ce48728278de8a4d2974473c68b2135af4a530093,success
ABBABBB,7,2,5,8,12,14,"{""-29"":1,""-28"":-3,""-27"":5,""-25"":-13,""-24"":29,""-23"":-25,""-22"":-5,""-21"":56,""-20"":-80,""-19"":48,""-18"":51,""-17"":-145,""-16"":147,""-15"":-31,""-14"":-100,""-13"":124,""-12"":-41,""-11"":-1,""-10"":-30,""-9"":55,""-8"":23,""-7"":-95,""-6"":50,""-5"":77,""-4"":-111,""-3"":3,""-2"":108,""-1"":-78,""0"":-47,""1"":100,""2"":-17,""3"":-72,""4"":60,""5"":20,""6"":-42,""7"":5,""8"":24,""9"":-8,""10"":-7,""11"":4,""12"":6,""13"":-1,""15"":2,""16"":1,""17"":1}","{""0"":-1,""1"":3,""2"":-5,""4"":13,""5"":-29,""6"":25,""7"":5,""8"":-56,""9"":80,""10"":-48,""11"":-51,""12"":145,""13"":-147,""14"":31,""15"":100,""16"":-124,""17"":41,""18"":1,""19"":30,""20"":-55,""21"":-23,""22"":95,""23"":-50,""24"":-77,""25"":111,""26"":-3,""27"":-108,""28"":78,""29"":47,""30"":-100,""31"":17,""32"":72,""33"":-60,""34"":-20,""35"":42,""36"":-5,""37"":-24,""38"":8,""39"":7,""40"":-4,""41"":-6,""42"":1,""44"":-2,""45"":-1,""46"":-1}",bd37e570697e2be1e86b2c8b387c038f708fca053bd5a1a4406d77f60628fddc,d7b5901e6c96089e14fa8560bec02b99b97844896d38291ff6ca75ff545d6579,success
ABBBAAA,7,4,3,8,12,14,"{""-30"":1,""-29"":-1,""-28"":1,""-27"":4,""-26"":-10,""-25"":18,""-24"":-18,""-23"":11,""-22"":12,""-21"":-34,""-20"":51,""-19"":-45,""-18"":28,""-17"":-4,""-16"":-12,""-15"":24,""-14"":-26,""-13"":31,""-12"":-32,""-11"":31,""-10"":-11,""-9"":-5,""-8"":7,""-7"":8,""-6"":-9,""-5"":-4,""-4"":17,""-3"":-2,""-2"":-11,""-1"":10,""0"":17,""1"":-25,""2"":12,""3"":15,""4"":-13,""5"":-6,""6"":17,""7"":-3,""8"":-13,""9"":9,""10"":5,""11"":-7,""12"":1,""13"":6,""16"":2,""17"":1}","{""0"":1,""1"":-1,""2"":1,""3"":4,""4"":-10,""5"":18,""6"":-18,""7"":11,""8"":12,""9"":-34,""10"":51,""11"":-45,""12"":28,""13"":-4,""14"":-12,""15"":24,""16"":-26,""17"":31,""18"":-32,""19"":31,""20"":-11,""21"":-5,""22"":7,""23"":8,""24"":-9,""25"":-4,""26"":17,""27"":-2,""28"":-11,""29"":10,""30"":17,""31"":-25,""32"":12,""33"":15,""34"":-13,""35"":-6,""36"":17,""37"":-3,""38"":-13,""39"":9,""40"":5,""41"":-7,""42"":1,""43"":6,""46"":2,""47"":1}",114ece22f4e52f1a93df603ddef57f8a46f991d64129a5f66e50ffc1081440ba,b7a193b602813e05f7f86961c401b0b7e935169ed514c5be2b9ab0b1a57675bd,success
ABBBAAB,7,3,4,8,12,14,"{""-29"":1,""-28"":-3,""-27"":4,""-26"":5,""-25"":-20,""-24"":28,""-23"":1,""-22"":-56,""-21"":98,""-20"":-63,""-19"":-42,""-18"":156,""-17"":-176,""-16"":77,""-15"":71,""-14"":-134,""-13"":75,""-12"":8,""-11"":1,""-10"":-57,""-9"":47,""-8"":46,""-7"":-68,""-6"":-21,""-5"":106,""-4"":-42,""-3"":-94,""-2"":129,""0"":-119,""1"":88,""2"":53,""3"":-112,""4"":34,""5"":61,""6"":-55,""7"":-9,""8"":33,""9"":-5,""10"":-12,""11"":4,""12"":8,""13"":-2,""15"":2,""16"":1,""17"":1}","{""0"":-1,""1"":3,""2"":-4,""3"":-5,""4"":20,""5"":-28,""6"":-1,""7"":56,""8"":-98,""9"":63,""10"":42,""11"":-156,""12"":176,""13"":-77,""14"":-71,""15"":134,""16"":-75,""17"":-8,""18"":-1,""19"":57,""20"":-47,""21"":-46,""22"":68,""23"":21,""24"":-106,""25"":42,""26"":94,""27"":-129,""29"":119,""30"":-88,""31"":-53,""32"":112,""33"":-34,""34"":-61,""35"":55,""36"":9,""37"":-33,""38"":5,""39"":12,""40"":-4,""41"":-8,""42"":2,""44"":-2,""45"":-1,""46"":-1}",9f2739eb5ebe49307bd990a106c933b1abbf94b0128f097e657303884e3d0c1d,ace2c1ef994a6fa2a926735dc41ffcd83a6a8517dc4c0c473493b14fd6bceb76,success
ABBBABA,7,3,4,8,12,14,"{""-28"":1,""-26"":-2,""-25"":9,""-24"":-7,""-23"":-2,""-22"":19,""-21"":-18,""-20"":-3,""-19"":35,""-18"":-38,""-17"":-11,""-16"":90,""-15"":-117,""-14"":51,""-13"":59,""-12"":-99,""-11"":65,""-10"":-32,""-9"":50,""-8"":-46,""-7"":-15,""-6"":86,""-5"":-63,""-4"":-22,""-3"":76,""-2"":-22,""-1"":-54,""0"":63,""1"":10,""2"":-56,""3"":26,""4"":27,""5"":-30,""7"":11,""8"":3,""9"":-7,""11"":6,""14"":2,""15"":1,""16"":1,""17"":1}","{""0"":1,""2"":-2,""3"":9,""4"":-7,""5"":-2,""6"":19,""7"":-18,""8"":-3,""9"":35,""10"":-38,""11"":-11,""12"":90,""13"":-117,""14"":51,""15"":59,""16"":-99,""17"":65,""18"":-32,""19"":50,""20"":-46,""21"":-15,""22"":86,""23"":-63,""24"":-22,""25"":76,""26"":-22,""27"":-54,""28"":63,""29"":10,""30"":-56,""31"":26,""32"":27,""33"":-30,""35"":11,""36"":3,""37"":-7,""39"":6,""42"":2,""43"":1,""44"":1,""45"":1}",81d00cc389609c692c465d561a6a5233fc73c20bec5eaef872e4a88e85f49816,14b8399e006e16905107abea5e475528e84d10d65fa6e246293dbdee238b07d0,success
ABBBABB,7,2,5,8,12,14,"{""-29"":1,""-28"":-3,""-27"":5,""-25"":-14,""-24"":34,""-23"":-29,""-22"":-12,""-21"":77,""-20"":-97,""-19"":33,""-18"":93,""-17"":-179,""-16"":138,""-15"":12,""-14"":-135,""-13"":129,""-12"":-28,""-11"":-7,""-10"":-29,""-9"":42,""-8"":44,""-7"":-98,""-6"":26,""-5"":100,""-4"":-100,""-3"":-34,""-2"":132,""-1"":-66,""0"":-80,""1"":121,""2"":-15,""3"":-85,""4"":67,""5"":22,""6"":-45,""7"":5,""8"":26,""9"":-9,""10"":-7,""11"":4,""12"":6,""13"":-1,""15"":2,""16"":1,""17"":1}","{""0"":-1,""1"":3,""2"":-5,""4"":14,""5"":-34,""6"":29,""7"":12,""8"":-77,""9"":97,""10"":-33,""11"":-93,""12"":179,""13"":-138,""14"":-12,""15"":135,""16"":-129,""17"":28,""18"":7,""19"":29,""20"":-42,""21"":-44,""22"":98,""23"":-26,""24"":-100,""25"":100,""26"":34,""27"":-132,""28"":66,""29"":80,""30"":-121,""31"":15,""32"":85,""33"":-67,""34"":-22,""35"":45,""36"":-5,""37"":-26,""38"":9,""39"":7,""40"":-4,""41"":-6,""42"":1,""44"":-2,""45"":-1,""46"":-1}",32141a79d3378c296f0899143221c883cdd5e517f2d29af525f7dded2ca1cd0b,3665cb1b0edbe690c60efa152f547aa0564e157773f85375679400752bd813be,success
ABBBBAA,7,3,4,8,12,14,"{""-30"":1,""-29"":-1,""-28"":1,""-27"":5,""-26"":-13,""-25"":21,""-24"":-15,""-23"":-5,""-22"":32,""-21"":-42,""-20"":36,""-19"":-17,""-18"":9,""-17"":-5,""-16"":-2,""-15"":18,""-14"":-29,""-13"":34,""-12"":-30,""-11"":27,""-10"":-10,""-9"":-5,""-8"":15,""-7"":-3,""-6"":-2,""-5"":4,""-4"":4,""-3"":5,""-2"":-4,""0"":17,""1"":-13,""2"":-5,""3"":20,""4"":-6,""5"":-18,""6"":24,""7"":-3,""8"":-15,""9"":10,""10"":5,""11"":-7,""12"":1,""13"":6,""16"":2,""17"":1}","{""0"":1,""1"":-1,""2"":1,""3"":5,""4"":-13,""5"":21,""6"":-15,""7"":-5,""8"":32,""9"":-42,""10"":36,""11"":-17,""12"":9,""13"":-5,""14"":-2,""15"":18,""16"":-29,""17"":34,""18"":-30,""19"":27,""20"":-10,""21"":-5,""22"":15,""23"":-3,""24"":-2,""25"":4,""26"":4,""27"":5,""28"":-4,""30"":17,""31"":-13,""32"":-5,""33"":20,""34"":-6,""35"":-18,""36"":24,""37"":-3,""38"":-15,""39"":10,""40"":5,""41"":-7,""42"":1,""43"":6,""46"":2,""47"":1}",be3bc9f73c166ec2c9099e2043b5e5e970fef589f8b77b42e3de2d7332fe1f65,e1f6577a0fdd3ccf69d4579236c3e8f9493ece58202aa169aed82c0276d2b65a,success
ABBBBAB,7,2,5,8,12,14,"{""-29"":1,""-28"":-2,""-27"":2,""-26"":5,""-25"":-9,""-24"":7,""-23"":10,""-22"":-21,""-21"":12,""-20"":15,""-19"":-37,""-18"":40,""-17"":-29,""-16"":18,""-15"":8,""-14"":-31,""-13"":45,""-12"":-27,""-11"":24,""-10"":-30,""-9"":32,""-8"":2,""-7"":-31,""-6"":28,""-5"":2,""-4"":-7,""-3"":-10,""-2"":19,""-1"":6,""0"":-30,""1"":18,""2"":24,""3"":-34,""4"":1,""5"":34,""6"":-19,""7"":-14,""8"":23,""9"":-2,""10"":-7,""11"":2,""12"":7,""13"":-1,""15"":2,""16"":1,""17"":1}","{""0"":-1,""1"":2,""2"":-2,""3"":-5,""4"":9,""5"":-7,""6"":-10,""7"":21,""8"":-12,""9"":-15,""10"":37,""11"":-40,""12"":29,""13"":-18,""14"":-8,""15"":31,""16"":-45,""17"":27,""18"":-24,""19"":30,""20"":-32,""21"":-2,""22"":31,""23"":-28,""24"":-2,""25"":7,""26"":10,""27"":-19,""28"":-6,""29"":30,""30"":-18,""31"":-24,""32"":34,""33"":-1,""34"":-34,""35"":19,""36"":14,""37"":-23,""38"":2,""39"":7,""40"":-2,""41"":-7,""42"":1,""44"":-2,""45"":-1,""46"":-1}",5024de7bd42bc46067a11c6f379aa4f38ba7cbf547fc9b7228d2f42a240ae02a,256ca875e2b929eb7b828ed2d6a1e76dcbc3311a2c31418be2d0fa886fd69004,success
ABBBBBA,7,2,5,8,12,14,"{""-30"":1,""-28"":-2,""-27"":9,""-26"":-10,""-25"":4,""-24"":12,""-23"":-26,""-22"":26,""-21"":-14,""-20"":-1,""-19"":6,""-18"":5,""-17"":-8,""-16"":5,""-15"":14,""-14"":-20,""-13"":25,""-12"":-20,""-11"":22,""-10"":-11,""-8"":11,""-7"":-6,""-6"":2,""-5"":3,""-4"":1,""-3"":-1,""-2"":2,""-1"":-1,""0"":2,""1"":4,""2"":-5,""3"":5,""4"":8,""5"":-11,""6"":5,""7"":9,""8"":-9,""9"":-3,""10"":13,""11"":-7,""12"":-1,""13"":7,""16"":2,""17"":1}","{""0"":1,""2"":-2,""3"":9,""4"":-10,""5"":4,""6"":12,""7"":-26,""8"":26,""9"":-14,""10"":-1,""11"":6,""12"":5,""13"":-8,""14"":5,""15"":14,""16"":-20,""17"":25,""18"":-20,""19"":22,""20"":-11,""22"":11,""23"":-6,""24"":2,""25"":3,""26"":1,""27"":-1,""28"":2,""29"":-1,""30"":2,""31"":4,""32"":-5,""33"":5,""34"":8,""35"":-11,""36"":5,""37"":9,""38"":-9,""39"":-3,""40"":13,""41"":-7,""42"":-1,""43"":7,""46"":2,""47"":1}",ab2f6e789954b4c0e05c924fa1a3dbcf864a3c7b2c31075f3385e05b1ef93c15,3a55c48fb64ca748f300591d0cc015e278ac48d8a4db2d90515e39ee64548bc1,success
ABBBBBB,7,1,6,8,12,14,"{""-31"":1,""-30"":-2,""-29"":3,""-27"":-5,""-26"":12,""-25"":-14,""-24"":12,""-23"":-5,""-21"":3,""-20"":-1,""-19"":-1,""-18"":5,""-17"":1,""-16"":-3,""-15"":14,""-14"":-13,""-13"":18,""-12"":-13,""-11"":14,""-10"":-3,""-9"":1,""-8"":5,""-7"":-2,""-6"":1,""5"":2,""8"":6,""9"":-2,""10"":2,""11"":4,""12"":2,""13"":-2,""14"":6,""17"":2}","{""0"":-1,""1"":2,""2"":-3,""4"":5,""5"":-12,""6"":14,""7"":-12,""8"":5,""10"":-3,""11"":1,""12"":1,""13"":-5,""14"":-1,""15"":3,""16"":-14,""17"":13,""18"":-18,""19"":13,""20"":-14,""21"":3,""22"":-1,""23"":-5,""24"":2,""25"":-1,""36"":-2,""39"":-6,""40"":2,""41"":-2,""42"":-4,""43"":-2,""44"":2,""45"":-6,""48"":-2}",6c1fe1678889cf5294244ac605df137074dde63a9524e8f86086f56019c8237f,a33a86067ff4da1e47d5a25c0f8cb36a43886af195c3f3a59bf4e62495f4d243,success
BAAAAAA,7,6,1,8,12,14,"{""-31"":1,""-30"":-2,""-29"":4,""-28"":-1,""-26"":9,""-25"":-8,""-24"":11,""-23"":-3,""-22"":1,""-21"":4,""-20"":-1,""-19"":-1,""-18"":6,""-17"":-4,""-15"":9,""-14"":-11,""-13"":15,""-12"":-12,""-11"":12,""-10"":-4,""-9"":-1,""-8"":6,""-7"":-4,""-6"":2,""5"":1,""6"":-1,""7"":1,""8"":4,""9"":-1,""10"":3,""11"":5,""12"":1,""14"":5,""17"":2}","{""0"":-1,""1"":2,""2"":-4,""3"":1,""5"":-9,""6"":8,""7"":-11,""8"":3,""9"":-1,""10"":-4,""11"":1,""12"":1,""13"":-6,""14"":4,""16"":-9,""17"":11,""18"":-15,""19"":12,""20"":-12,""21"":4,""22"":1,""23"":-6,""24"":4,""25"":-2,""36"":-1,""37"":1,""38"":-1,""39"":-4,""40"":1,""41"":-3,""42"":-5,""43"":-1,""45"":-5,""48"":-2}",f28831cdc7077a79fd5f5de1b166700bfd30131c5ee7c8d716800af7819d692b,54b8582ef1299ec465283047da4062ce60ed7771db7194e8d6cace2fab574715,success
BAAAAAB,7,5,2,8,12,14,"{""-30"":1,""-29"":-2,""-28"":1,""-27"":7,""-26"":-15,""-25"":18,""-23"":-20,""-22"":36,""-21"":-24,""-20"":4,""-19"":13,""-18"":-2,""-17"":-12,""-16"":17,""-15"":6,""-14"":-21,""-13"":26,""-12"":-21,""-11"":23,""-10"":-19,""-9"":1,""-8"":17,""-7"":-15,""-6"":4,""-5"":5,""-3"":-2,""-2"":3,""-1"":-3,""0"":5,""1"":-1,""2"":-8,""3"":14,""5"":-14,""6"":17,""7"":9,""8"":-20,""9"":9,""10"":14,""11"":-15,""12"":2,""13"":9,""14"":-2,""15"":-1,""16"":3,""17"":1}","{""0"":1,""1"":-2,""2"":1,""3"":7,""4"":-15,""5"":18,""7"":-20,""8"":36,""9"":-24,""10"":4,""11"":13,""12"":-2,""13"":-12,""14"":17,""15"":6,""16"":-21,""17"":26,""18"":-21,""19"":23,""20"":-19,""21"":1,""22"":17,""23"":-15,""24"":4,""25"":5,""27"":-2,""28"":3,""29"":-3,""30"":5,""31"":-1,""32"":-8,""33"":14,""35"":-14,""36"":17,""37"":9,""38"":-20,""39"":9,""40"":14,""41"":-15,""42"":2,""43"":9,""44"":-2,""45"":-1,""46"":3,""47"":1}",994b37bb058e232bada3b65f101db5b4108695c4bd09016058949b3448f31f87,13c81c94bf5a51f4f29015d9315bfb1f31cc9f4be592d47fca318584d07dd466,success
BAAAABA,7,5,2,8,12,14,"{""-29"":1,""-28"":-2,""-27"":2,""-26"":5,""-25"":-8,""-24"":5,""-23"":16,""-22"":-26,""-21"":18,""-20"":17,""-19"":-38,""-18"":45,""-17"":-30,""-16"":18,""-15"":8,""-14"":-33,""-13"":39,""-12"":-24,""-11"":19,""-10"":-30,""-9"":30,""-8"":6,""-7"":-34,""-6"":27,""-5"":3,""-4"":-7,""-3"":-14,""-2"":20,""-1"":9,""0"":-34,""1"":18,""2"":28,""3"":-35,""4"":-3,""5"":40,""6"":-20,""7"":-15,""8"":24,""9"":-1,""10"":-8,""11"":2,""12"":7,""13"":-1,""15"":2,""16"":1,""17"":1}","{""0"":-1,""1"":2,""2"":-2,""3"":-5,""4"":8,""5"":-5,""6"":-16,""7"":26,""8"":-18,""9"":-17,""10"":38,""11"":-45,""12"":30,""13"":-18,""14"":-8,""15"":33,""16"":-39,""17"":24,""18"":-19,""19"":30,""20"":-30,""21"":-6,""22"":34,""23"":-27,""24"":-3,""25"":7,""26"":14,""27"":-20,""28"":-9,""29"":34,""30"":-18,""31"":-28,""32"":35,""33"":3,""34"":-40,""35"":20,""36"":15,""37"":-24,""38"":1,""39"":8,""40"":-2,""41"":-7,""42"":1,""44"":-2,""45"":-1,""46"":-1}",fcb1826df5a2c4cb067b9f7e2c5e35833b90794ed65cad2652c2882a15bdd21a,46a85f4af20f6d0c9aa5d532323ef07cc8126ac887f47d03dab2503752ee7c1c,success
BAAAABB,7,4,3,8,12,14,"{""-30"":1,""-29"":-3,""-28"":5,""-27"":-1,""-26"":-12,""-25"":31,""-24"":-35,""-23"":15,""-22"":30,""-21"":-57,""-20"":56,""-19"":-26,""-18"":8,""-17"":-4,""-16"":5,""-15"":14,""-14"":-29,""-13"":39,""-12"":-37,""-11"":38,""-10"":-20,""-9"":-10,""-8"":28,""-7"":-14,""-6"":-5,""-5"":4,""-4"":8,""-3"":1,""-2"":-14,""-1"":10,""0"":23,""1"":-29,""2"":3,""3"":40,""4"":-30,""5"":-16,""6"":45,""7"":-18,""8"":-23,""9"":25,""10"":3,""11"":-15,""12"":5,""13"":8,""14"":-2,""15"":-1,""16"":3,""17"":1}","{""0"":1,""1"":-3,""2"":5,""3"":-1,""4"":-12,""5"":31,""6"":-35,""7"":15,""8"":30,""9"":-57,""10"":56,""11"":-26,""12"":8,""13"":-4,""14"":5,""15"":14,""16"":-29,""17"":39,""18"":-37,""19"":38,""20"":-20,""21"":-10,""22"":28,""23"":-14,""24"":-5,""25"":4,""26"":8,""27"":1,""28"":-14,""29"":10,""30"":23,""31"":-29,""32"":3,""33"":40,""34"":-30,""35"":-16,""36"":45,""37"":-18,""38"":-23,""39"":25,""40"":3,""41"":-15,""42"":5,""43"":8,""44"":-2,""45"":-1,""46"":3,""47"":1}",576d5009ebc3a22b76806bc1181e982e1f53d49e664220789a8a534bd997b369,c3dc3931e6f0dede1a0eff166c1fcf08514d36efdfc48a4b8421172e3aa2ab7a,success
BAAABAA,7,5,2,8,12,14,"{""-29"":1,""-28"":-3,""-27"":6,""-26"":-2,""-25"":-9,""-24"":30,""-23"":-29,""-22"":-2,""-21"":67,""-20"":-93,""-19"":48,""-18"":71,""-17"":-162,""-16"":143,""-15"":-11,""-14"":-118,""-13"":129,""-12"":-42,""-11"":-7,""-10"":-20,""-9"":35,""-8"":37,""-7"":-97,""-6"":41,""-5"":82,""-4"":-102,""-3"":-12,""-2"":117,""-1"":-76,""0"":-59,""1"":117,""2"":-33,""3"":-68,""4"":69,""5"":10,""6"":-40,""7"":10,""8"":22,""9"":-9,""10"":-6,""11"":5,""12"":5,""13"":-1,""15"":2,""16"":1,""17"":1}","{""0"":-1,""1"":3,""2"":-6,""3"":2,""4"":9,""5"":-30,""6"":29,""7"":2,""8"":-67,""9"":93,""10"":-48,""11"":-71,""12"":162,""13"":-143,""14"":11,""15"":118,""16"":-129,""17"":42,""18"":7,""19"":20,""20"":-35,""21"":-37,""22"":97,""23"":-41,""24"":-82,""25"":102,""26"":12,""27"":-117,""28"":76,""29"":59,""30"":-117,""31"":33,""32"":68,""33"":-69,""34"":-10,""35"":40,""36"":-10,""37"":-22,""38"":9,""39"":6,""40"":-5,""41"":-5,""42"":1,""44"":-2,""45"":-1,""46"":-1}",e73f699f77902948357c1fbfbd4b778371a906eda42eb90aedc75dbb77d14667,cb84a5a8cb1f14c51d2a9c50b5b2ed018352bcfc7993200c648b876957a1eea9,success
BAAABAB,7,4,3,8,12,14,"{""-28"":1,""-27"":-2,""-26"":1,""-25"":7,""-24"":-13,""-23"":11,""-22"":11,""-21"":-25,""-20"":19,""-19"":24,""-18"":-55,""-17"":36,""-16"":60,""-15"":-142,""-14"":117,""-13"":15,""-12"":-114,""-11"":96,""-10"":-36,""-9"":42,""-8"":-70,""-7"":23,""-6"":84,""-5"":-115,""-4"":24,""-3"":87,""-2"":-75,""-1"":-28,""0"":94,""1"":-30,""2"":-56,""3"":61,""4"":9,""5"":-40,""6"":11,""7"":14,""8"":-1,""9"":-11,""10"":3,""11"":8,""12"":-2,""13"":-1,""14"":3,""15"":1,""16"":1,""17"":1}","{""0"":1,""1"":-2,""2"":1,""3"":7,""4"":-13,""5"":11,""6"":11,""7"":-25,""8"":19,""9"":24,""10"":-55,""11"":36,""12"":60,""13"":-142,""14"":117,""15"":15,""16"":-114,""17"":96,""18"":-36,""19"":42,""20"":-70,""21"":23,""22"":84,""23"":-115,""24"":24,""25"":87,""26"":-75,""27"":-28,""28"":94,""29"":-30,""30"":-56,""31"":61,""32"":9,""33"":-40,""34"":11,""35"":14,""36"":-1,""37"":-11,""38"":3,""39"":8,""40"":-2,""41"":-1,""42"":3,""43"":1,""44"":1,""45"":1}",85c1ce9800a67ff6ddee5285647492db185a70fb74bc995b7a8d3d651a6d311f,50dd7177a7b85fd39d5a904820b7c036429f06d87a9e2ba963bc3bdae8147e64,success
BAAABBA,7,4,3,8,12,14,"{""-29"":1,""-28"":-3,""-27"":4,""-26"":5,""-25"":-20,""-24"":28,""-23"":2,""-22"":-58,""-21"":102,""-20"":-65,""-19"":-45,""-18"":163,""-17"":-178,""-16"":73,""-15"":80,""-14"":-137,""-13"":73,""-12"":13,""-11"":-2,""-10"":-57,""-9"":41,""-8"":48,""-7"":-71,""-6"":-25,""-5"":108,""-4"":-37,""-3"":-99,""-2"":130,""-1"":6,""0"":-126,""1"":91,""2"":55,""3"":-114,""4"":35,""5"":62,""6"":-56,""7"":-9,""8"":33,""9"":-5,""10"":-12,""11"":4,""12"":8,""13"":-2,""15"":2,""16"":1,""17"":1}","{""0"":-1,""1"":3,""2"":-4,""3"":-5,""4"":20,""5"":-28,""6"":-2,""7"":58,""8"":-102,""9"":65,""10"":45,""11"":-163,""12"":178,""13"":-73,""14"":-80,""15"":137,""16"":-73,""17"":-13,""18"":2,""19"":57,""20"":-41,""21"":-48,""22"":71,""23"":25,""24"":-108,""25"":37,""26"":99,""27"":-130,""28"":-6,""29"":126,""30"":-91,""31"":-55,""32"":114,""33"":-35,""34"":-62,""35"":56,""36"":9,""37"":-33,""38"":5,""39"":12,""40"":-4,""41"":-8,""42"":2,""44"":-2,""45"":-1,""46"":-1}",a3bd98811de99c5863e842b604dba9c35193d000daefccbe0ddfd6c5520b5f70,c3c89f0415f807328f4dca267a5d7815e089ebbd6163d7b2eded46090dd7c949,success
BAAABBB,7,3,4,8,12,14,"{""-30"":1,""-29"":-3,""-28"":5,""-27"":-2,""-26"":-8,""-25"":24,""-24"":-34,""-23"":29,""-22"":2,""-21"":-41,""-20"":73,""-19"":-65,""-18"":36,""-16"":-16,""-15"":24,""-14"":-22,""-13"":29,""-12"":-38,""-11"":44,""-10"":-21,""-9"":-12,""-8"":19,""-7"":9,""-6"":-21,""-5"":-1,""-4"":28,""-3"":-6,""-2"":-25,""-1"":29,""0"":20,""1"":-49,""2"":29,""3"":25,""4"":-37,""5"":-1,""6"":36,""7"":-18,""8"":-20,""9"":24,""10"":3,""11"":-15,""12"":5,""13"":8,""14"":-2,""15"":-1,""16"":3,""17"":1}","{""0"":1,""1"":-3,""2"":5,""3"":-2,""4"":-8,""5"":24,""6"":-34,""7"":29,""8"":2,""9"":-41,""10"":73,""11"":-65,""12"":36,""14"":-16,""15"":24,""16"":-22,""17"":29,""18"":-38,""19"":44,""20"":-21,""21"":-12,""22"":19,""23"":9,""24"":-21,""25"":-1,""26"":28,""27"":-6,""28"":-25,""29"":29,""30"":20,""31"":-49,""32"":29,""33"":25,""34"":-37,""35"":-1,""36"":36,""37"":-18,""38"":-20,""39"":24,""40"":3,""41"":-15,""42"":5,""43"":8,""44"":-2,""45"":-1,""46"":3,""47"":1}",b5af0b16242938c6340d08a734ccf44467e82def3afbfa3c46a5083ed8caf065,cc3d373cce8e0b87964bcf6c58cd337fae5f078fd4fc56c6eee1ff3ae6ebdc57,success
BAABAAA,7,5,2,8,12,14,"{""-29"":1,""-28"":-3,""-27"":6,""-26"":-2,""-25"":-7,""-24"":24,""-23"":-23,""-22"":7,""-21"":37,""-20"":-67,""-19"":64,""-18"":9,""-17"":-108,""-16"":150,""-15"":-73,""-14"":-60,""-13"":119,""-12"":-62,""-11"":6,""-10"":-21,""-9"":52,""-8"":4,""-7"":-88,""-6"":75,""-5"":42,""-4"":-111,""-3"":42,""-2"":77,""-1"":-90,""0"":-10,""1"":83,""2"":-36,""3"":-48,""4"":58,""5"":7,""6"":-35,""7"":11,""8"":19,""9"":-8,""10"":-6,""11"":5,""12"":5,""13"":-1,""15"":2,""16"":1,""17"":1}","{""0"":-1,""1"":3,""2"":-6,""3"":2,""4"":7,""5"":-24,""6"":23,""7"":-7,""8"":-37,""9"":67,""10"":-64,""11"":-9,""12"":108,""13"":-150,""14"":73,""15"":60,""16"":-119,""17"":62,""18"":-6,""19"":21,""20"":-52,""21"":-4,""22"":88,""23"":-75,""24"":-42,""25"":111,""26"":-42,""27"":-77,""28"":90,""29"":10,""30"":-83,""31"":36,""32"":48,""33"":-58,""34"":-7,""35"":35,""36"":-11,""37"":-19,""38"":8,""39"":6,""40"":-5,""41"":-5,""42"":1,""44"":-2,""45"":-1,""46"":-1}",7d3a14606903cd7d797a43fbc6b491426a567c63939dafceab9b52a93085f587,2e0c91d7ceb6ba54f7ef6247121a3127b0dbbab18def23d9df953d9a8272e652,success
BAABAAB,7,4,3,8,12,14,"{""-28"":1,""-27"":-3,""-26"":3,""-25"":10,""-24"":-32,""-23"":37,""-22"":26,""-21"":-124,""-20"":145,""-19"":34,""-18"":-281,""-17"":311,""-16"":24,""-15"":-407,""-14"":409,""-13"":-28,""-12"":-274,""-11"":206,""-10"":-19,""-9"":53,""-8"":-182,""-7"":66,""-6"":269,""-5"":-376,""-4"":51,""-3"":360,""-2"":-359,""-1"":-19,""0"":305,""1"":-194,""2"":-73,""3"":150,""4"":-20,""5"":-64,""6"":22,""7"":28,""8"":-7,""9"":-19,""10"":8,""11"":10,""12"":-4,""13"":-1,""14"":3,""15"":1,""16"":1,""17"":1}","{""0"":1,""1"":-3,""2"":3,""3"":10,""4"":-32,""5"":37,""6"":26,""7"":-124,""8"":145,""9"":34,""10"":-281,""11"":311,""12"":24,""13"":-407,""14"":409,""15"":-28,""16"":-274,""17"":206,""18"":-19,""19"":53,""20"":-182,""21"":66,""22"":269,""23"":-376,""24"":51,""25"":360,""26"":-359,""27"":-19,""28"":305,""29"":-194,""30"":-73,""31"":150,""32"":-20,""33"":-64,""34"":22,""35"":28,""36"":-7,""37"":-19,""38"":8,""39"":10,""40"":-4,""41"":-1,""42"":3,""43"":1,""44"":1,""45"":1}",72decb56d837e8e671b05fbb726a3328ec5fa114b989206eb95e2ae95277628d,e5863f565f942c5094fb5af0c48250fe0d1ca80dca3fc2d2086a5c5211da4e34,success
BAABABA,7,4,3,8,12,14,"{""-27"":1,""-26"":-2,""-25"":2,""-24"":6,""-23"":-9,""-22"":4,""-21"":22,""-20"":-24,""-19"":-3,""-18"":42,""-17"":-24,""-16"":-29,""-15"":39,""-14"":30,""-13"":-89,""-12"":58,""-11"":23,""-10"":-53,""-9"":34,""-8"":-30,""-7"":70,""-6"":-81,""-5"":20,""-4"":76,""-3"":-93,""-2"":29,""-1"":42,""0"":-36,""1"":-4,""2"":16,""3"":6,""4"":-5,""5"":-12,""6"":16,""7"":3,""8"":-9,""9"":1,""10"":6,""11"":-1,""13"":2,""14"":1,""15"":1,""16"":1,""17"":1}","{""0"":-1,""1"":2,""2"":-2,""3"":-6,""4"":9,""5"":-4,""6"":-22,""7"":24,""8"":3,""9"":-42,""10"":24,""11"":29,""12"":-39,""13"":-30,""14"":89,""15"":-58,""16"":-23,""17"":53,""18"":-34,""19"":30,""20"":-70,""21"":81,""22"":-20,""23"":-76,""24"":93,""25"":-29,""26"":-42,""27"":36,""28"":4,""29"":-16,""30"":-6,""31"":5,""32"":12,""33"":-16,""34"":-3,""35"":9,""36"":-1,""37"":-6,""38"":1,""40"":-2,""41"":-1,""42"":-1,""43"":-1,""44"":-1}",d9d2dccd661314ea9b042a91efa24cc358237f9428647e16c7cc5fc155106116,14b4282f0227946d69ef08d2b28dac42d72ee2027f4ac8d063db34818ccd91ee,success
BAABABB,7,3,4,8,12,14,"{""-28"":1,""-27"":-3,""-26"":5,""-25"":1,""-24"":-17,""-23"":35,""-22"":-20,""-21"":-35,""-20"":94,""-19"":-58,""-18"":-71,""-17"":172,""-16"":-75,""-15"":-153,""-14"":265,""-13"":-115,""-12"":-106,""-11"":153,""-10"":-62,""-9"":50,""-8"":-133,""-7"":120,""-6"":77,""-5"":-240,""-4"":160,""-3"":95,""-2"":-215,""-1"":89,""0"":110,""1"":-128,""2"":6,""3"":67,""4"":-17,""5"":-34,""6"":14,""7"":19,""8"":-8,""9"":-11,""10"":6,""11"":7,""12"":-2,""13"":-1,""14"":3,""15"":1,""16"":1,""17"":1}","{""0"":1,""1"":-3,""2"":5,""3"":1,""4"":-17,""5"":35,""6"":-20,""7"":-35,""8"":94,""9"":-58,""10"":-71,""11"":172,""12"":-75,""13"":-153,""14"":265,""15"":-115,""16"":-106,""17"":153,""18"":-62,""19"":50,""20"":-133,""21"":120,""22"":77,""23"":-240,""24"":160,""25"":95,""26"":-215,""27"":89,""28"":110,""29"":-128,""30"":6,""31"":67,""32"":-17,""33"":-34,""34"":14,""35"":19,""36"":-8,""37"":-11,""38"":6,""39"":7,""40"":-2,""41"":-1,""42"":3,""43"":1,""44"":1,""45"":1}",e08cce2382a1302f9057b18305cdff38d4ec79c3dec6d0b5c2c5b07c53c5681a,962386857b7cc24097650c2d6cdf7b86b8f7fba110a9e8a75755e72e8ad0c983,success
BAABBAA,7,4,3,8,12,14,"{""-29"":1,""-28"":-4,""-27"":9,""-26"":-6,""-25"":-13,""-24"":50,""-23"":-62,""-22"":9,""-21"":120,""-20"":-210,""-19"":138,""-18"":116,""-17"":-341,""-16"":310,""-15"":-19,""-14"":-240,""-13"":227,""-12"":-37,""-11"":-44,""-10"":-40,""-9"":70,""-8"":76,""-7"":-176,""-6"":30,""-5"":223,""-4"":-227,""-3"":-49,""-2"":283,""-1"":-186,""0"":-96,""1"":220,""2"":-70,""3"":-110,""4"":111,""5"":12,""6"":-64,""7"":16,""8"":28,""9"":-12,""10"":-10,""11"":7,""12"":6,""13"":-2,""15"":2,""16"":1,""17"":1}","{""0"":-1,""1"":4,""2"":-9,""3"":6,""4"":13,""5"":-50,""6"":62,""7"":-9,""8"":-120,""9"":210,""10"":-138,""11"":-116,""12"":341,""13"":-310,""14"":19,""15"":240,""16"":-227,""17"":37,""18"":44,""19"":40,""20"":-70,""21"":-76,""22"":176,""23"":-30,""24"":-223,""25"":227,""26"":49,""27"":-283,""28"":186,""29"":96,""30"":-220,""31"":70,""32"":110,""33"":-111,""34"":-12,""35"":64,""36"":-16,""37"":-28,""38"":12,""39"":10,""40"":-7,""41"":-6,""42"":2,""44"":-2,""45"":-1,""46"":-1}",a078e8837f5832305f92a1d8d96211b3f05d781367687393640e1f6536a5d755,1db5ff11f044281c82552aa810c1fb170db5ff33975e54f7aafd86ba95e395c6,success
BAABBAB,7,3,4,8,12,14,"{""-28"":1,""-27"":-3,""-26"":3,""-25"":9,""-24"":-27,""-23"":26,""-22"":32,""-21"":-104,""-20"":92,""-19"":76,""-18"":-253,""-17"":208,""-16"":113,""-15"":-399,""-14"":324,""-13"":41,""-12"":-273,""-11"":179,""-10"":-18,""-9"":62,""-8"":-159,""-7"":32,""-6"":251,""-5"":-291,""-4"":-15,""-3"":328,""-2"":-254,""-1"":-93,""0"":292,""1"":-138,""2"":-107,""3"":146,""4"":-9,""5"":-65,""6"":19,""7"":27,""8"":-4,""9"":-20,""10"":8,""11"":10,""12"":-4,""13"":-1,""14"":3,""15"":1,""16"":1,""17"":1}","{""0"":1,""1"":-3,""2"":3,""3"":9,""4"":-27,""5"":26,""6"":32,""7"":-104,""8"":92,""9"":76,""10"":-253,""11"":208,""12"":113,""13"":-399,""14"":324,""15"":41,""16"":-273,""17"":179,""18"":-18,""19"":62,""20"":-159,""21"":32,""22"":251,""23"":-291,""24"":-15,""25"":328,""26"":-254,""27"":-93,""28"":292,""29"":-138,""30"":-107,""31"":146,""32"":-9,""33"":-65,""34"":19,""35"":27,""36"":-4,""37"":-20,""38"":8,""39"":10,""40"":-4,""41"":-1,""42"":3,""43"":1,""44"":1,""45"":1}",6709d186a22e31337b7e39794fdb64d244c50e9224be0664432afc38088a1b8f,88ab7ee925efd4f1d4a5229f6a89ec546236c11c7325a06060516c86d4ec5c31,success
BAABBBA,7,3,4,8,12,14,"{""-29"":1,""-28"":-3,""-27"":4,""-26"":5,""-25"":-20,""-24"":28,""-23"":1,""-22"":-56,""-21"":98,""-20"":-63,""-19"":-42,""-18"":156,""-17"":-176,""-16"":77,""-15"":71,""-14"":-134,""-13"":75,""-12"":8,""-11"":1,""-10"":-57,""-9"":47,""-8"":46,""-7"":-68,""-6"":-21,""-5"":106,""-4"":-42,""-3"":-94,""-2"":129,""0"":-119,""1"":88,""2"":53,""3"":-112,""4"":34,""5"":61,""6"":-55,""7"":-9,""8"":33,""9"":-5,""10"":-12,""11"":4,""12"":8,""13"":-2,""15"":2,""16"":1,""17"":1}","{""0"":-1,""1"":3,""2"":-4,""3"":-5,""4"":20,""5"":-28,""6"":-1,""7"":56,""8"":-98,""9"":63,""10"":42,""11"":-156,""12"":176,""13"":-77,""14"":-71,""15"":134,""16"":-75,""17"":-8,""18"":-1,""19"":57,""20"":-47,""21"":-46,""22"":68,""23"":21,""24"":-106,""25"":42,""26"":94,""27"":-129,""29"":119,""30"":-88,""31"":-53,""32"":112,""33"":-34,""34"":-61,""35"":55,""36"":9,""37"":-33,""38"":5,""39"":12,""40"":-4,""41"":-8,""42"":2,""44"":-2,""45"":-1,""46"":-1}",9f2739eb5ebe49307bd990a106c933b1abbf94b0128f097e657303884e3d0c1d,ace2c1ef994a6fa2a926735dc41ffcd83a6a8517dc4c0c473493b14fd6bceb76,success
BAABBBB,7,2,5,8,12,14,"{""-30"":1,""-29"":-3,""-28"":5,""-27"":-1,""-26"":-10,""-25"":24,""-24"":-24,""-23"":5,""-22"":25,""-21"":-39,""-20"":33,""-19"":-17,""-18"":21,""-17"":-25,""-16"":19,""-15"":15,""-14"":-35,""-13"":41,""-12"":-38,""-11"":44,""-10"":-32,""-9"":-3,""-8"":32,""-7"":-17,""-6"":-8,""-5"":17,""-4"":5,""-3"":-10,""-1"":6,""0"":11,""1"":-22,""2"":5,""3"":27,""4"":-23,""5"":-12,""6"":38,""7"":-13,""8"":-20,""9"":22,""10"":5,""11"":-15,""12"":5,""13"":8,""14"":-2,""15"":-1,""16"":3,""17"":1}","{""0"":1,""1"":-3,""2"":5,""3"":-1,""4"":-10,""5"":24,""6"":-24,""7"":5,""8"":25,""9"":-39,""10"":33,""11"":-17,""12"":21,""13"":-25,""14"":19,""15"":15,""16"":-35,""17"":41,""18"":-38,""19"":44,""20"":-32,""21"":-3,""22"":32,""23"":-17,""24"":-8,""25"":17,""26"":5,""27"":-10,""29"":6,""30"":11,""31"":-22,""32"":5,""33"":27,""34"":-23,""35"":-12,""36"":38,""37"":-13,""38"":-20,""39"":22,""40"":5,""41"":-15,""42"":5,""43"":8,""44"":-2,""45"":-1,""46"":3,""47"":1}",71121655d71ab42b1de41fe35c2105d568300702e8111f2da2ccb23d96081712,a1f1556cfab8daa5104e2f94fc3d8a267c21d50085788574f2ed090ab942cfbb,success
BABAAAA,7,5,2,8,12,14,"{""-29"":1,""-28"":-2,""-27"":4,""-26"":-1,""-25"":1,""-24"":4,""-23"":1,""-22"":-1,""-21"":2,""-20"":8,""-19"":-12,""-18"":16,""-17"":-16,""-16"":27,""-15"":-23,""-14"":1,""-13"":31,""-12"":-38,""-11"":31,""-10"":-27,""-9"":34,""-8"":-20,""-7"":-10,""-6"":32,""-5"":-21,""-3"":6,""-2"":5,""-1"":-10,""0"":-1,""1"":14,""2"":-3,""3"":-12,""4"":14,""5"":7,""6"":-11,""7"":1,""8"":11,""9"":-3,""10"":-3,""11"":3,""12"":4,""15"":2,""16"":1,""17"":1}","{""0"":-1,""1"":2,""2"":-4,""3"":1,""4"":-1,""5"":-4,""6"":-1,""7"":1,""8"":-2,""9"":-8,""10"":12,""11"":-16,""12"":16,""13"":-27,""14"":23,""15"":-1,""16"":-31,""17"":38,""18"":-31,""19"":27,""20"":-34,""21"":20,""22"":10,""23"":-32,""24"":21,""26"":-6,""27"":-5,""28"":10,""29"":1,""30"":-14,""31"":3,""32"":12,""33"":-14,""34"":-7,""35"":11,""36"":-1,""37"":-11,""38"":3,""39"":3,""40"":-3,""41"":-4,""44"":-2,""45"":-1,""46"":-1}",f6a3e101039decfb03a84011ad583b64f167bbad73c274356522bb8c221bae6b,6031df20ee8f3942e7eddaa4a619ee4e179e6022f492c3f7b90018cd753dbce5,success
BABAAAB,7,4,3,8,12,14,"{""-28"":1,""-27"":-2,""-26"":1,""-25"":7,""-24"":-13,""-23"":11,""-22"":11,""-21"":-25,""-20"":19,""-19"":24,""-18"":-55,""-17"":36,""-16"":60,""-15"":-142,""-14"":117,""-13"":15,""-12"":-114,""-11"":96,""-10"":-36,""-9"":42,""-8"":-70,""-7"":23,""-6"":84,""-5"":-115,""-4"":24,""-3"":87,""-2"":-75,""-1"":-28,""0"":94,""1"":-30,""2"":-56,""3"":61,""4"":9,""5"":-40,""6"":11,""7"":14,""8"":-1,""9"":-11,""10"":3,""11"":8,""12"":-2,""13"":-1,""14"":3,""15"":1,""16"":1,""17"":1}","{""0"":1,""1"":-2,""2"":1,""3"":7,""4"":-13,""5"":11,""6"":11,""7"":-25,""8"":19,""9"":24,""10"":-55,""11"":36,""12"":60,""13"":-142,""14"":117,""15"":15,""16"":-114,""17"":96,""18"":-36,""19"":42,""20"":-70,""21"":23,""22"":84,""23"":-115,""24"":24,""25"":87,""26"":-75,""27"":-28,""28"":94,""29"":-30,""30"":-56,""31"":61,""32"":9,""33"":-40,""34"":11,""35"":14,""36"":-1,""37"":-11,""38"":3,""39"":8,""40"":-2,""41"":-1,""42"":3,""43"":1,""44"":1,""45"":1}",85c1ce9800a67ff6ddee5285647492db185a70fb74bc995b7a8d3d651a6d311f,50dd7177a7b85fd39d5a904820b7c036429f06d87a9e2ba963bc3bdae8147e64,success
BABAABA,7,4,3,8,12,14,"{""-27"":1,""-26"":-2,""-25"":2,""-24"":6,""-23"":-8,""-22"":-1,""-21"":29,""-20"":-23,""-19"":-20,""-18"":64,""-17"":-25,""-16"":-54,""-15"":63,""-14"":34,""-13"":-113,""-12"":71,""-11"":31,""-10"":-64,""-9"":36,""-8"":-33,""-7"":87,""-6"":-99,""-5"":11,""-4"":112,""-3"":-125,""-2"":27,""-1"":69,""0"":-56,""1"":-3,""2"":23,""3"":4,""4"":-5,""5"":-15,""6"":19,""7"":3,""8"":-11,""9"":2,""10"":6,""11"":-1,""13"":2,""14"":1,""15"":1,""16"":1,""17"":1}","{""0"":-1,""1"":2,""2"":-2,""3"":-6,""4"":8,""5"":1,""6"":-29,""7"":23,""8"":20,""9"":-64,""10"":25,""11"":54,""12"":-63,""13"":-34,""14"":113,""15"":-71,""16"":-31,""17"":64,""18"":-36,""19"":33,""20"":-87,""21"":99,""22"":-11,""23"":-112,""24"":125,""25"":-27,""26"":-69,""27"":56,""28"":3,""29"":-23,""30"":-4,""31"":5,""32"":15,""33"":-19,""34"":-3,""35"":11,""36"":-2,""37"":-6,""38"":1,""40"":-2,""41"":-1,""42"":-1,""43"":-1,""44"":-1}",bdc2cb061b0f1824c28df44316527354b20eef2708ce1cdc9e3c928ed9ec1d13,6fbaaf7ac3974a5d0d03c1bb83f5eaaf9eeab9aef76c8296ef21de3147ea77a5,success
BABAABB,7,3,4,8,12,14,"{""-28"":1,""-27"":-3,""-26"":5,""-24"":-12,""-23"":24,""-22"":-11,""-21"":-23,""-20"":51,""-19"":-11,""-18"":-70,""-17"":105,""-16"":3,""-15"":-166,""-14"":208,""-13"":-56,""-12"":-111,""-11"":127,""-10"":-51,""-9"":49,""-8"":-111,""-7"":82,""-6"":74,""-5"":-172,""-4"":86,""-3"":99,""-2"":-145,""-1"":21,""0"":116,""1"":-91,""2"":-21,""3"":66,""4"":-9,""5"":-33,""6"":10,""7"":18,""8"":-5,""9"":-12,""10"":6,""11"":7,""12"":-2,""13"":-1,""14"":3,""15"":1,""16"":1,""17"":1}","{""0"":1,""1"":-3,""2"":5,""4"":-12,""5"":24,""6"":-11,""7"":-23,""8"":51,""9"":-11,""10"":-70,""11"":105,""12"":3,""13"":-166,""14"":208,""15"":-56,""16"":-111,""17"":127,""18"":-51,""19"":49,""20"":-111,""21"":82,""22"":74,""23"":-172,""24"":86,""25"":99,""26"":-145,""27"":21,""28"":116,""29"":-91,""30"":-21,""31"":66,""32"":-9,""33"":-33,""34"":10,""35"":18,""36"":-5,""37"":-12,""38"":6,""39"":7,""40"":-2,""41"":-1,""42"":3,""43"":1,""44"":1,""45"":1}",f214fb90b2efe2a3d48ec47813731394ae6807a202a0a986c1c23a41635e971d,55941fbb64ef516190adcbed9b5b91cafc12870afd434e97f86aebda104b90a0,success
BABABAA,7,4,3,8,12,14,"{""-27"":1,""-26"":-2,""-25"":4,""-23"":-2,""-22"":9,""-21"":1,""-20"":-8,""-19"":11,""-18"":8,""-17"":-19,""-16"":12,""-15"":-2,""-14"":17,""-13"":-36,""-12"":27,""-11"":12,""-10"":-34,""-9"":35,""-8"":-28,""-7"":38,""-6"":-43,""-5"":28,""-4"":13,""-3"":-34,""-2"":29,""-1"":-4,""0"":2,""1"":-9,""2"":9,""3"":7,""4"":-7,""5"":-4,""6"":11,""7"":-1,""8"":-4,""9"":2,""10"":3,""13"":2,""14"":1,""15"":1,""16"":1,""17"":1}","{""0"":-1,""1"":2,""2"":-4,""4"":2,""5"":-9,""6"":-1,""7"":8,""8"":-11,""9"":-8,""10"":19,""11"":-12,""12"":2,""13"":-17,""14"":36,""15"":-27,""16"":-12,""17"":34,""18"":-35,""19"":28,""20"":-38,""21"":43,""22"":-28,""23"":-13,""24"":34,""25"":-29,""26"":4,""27"":-2,""28"":9,""29"":-9,""30"":-7,""31"":7,""32"":4,""33"":-11,""34"":1,""35"":4,""36"":-2,""37"":-3,""40"":-2,""41"":-1,""42"":-1,""43"":-1,""44"":-1}",419148a1eeee836a399076a46ef09f8b4c77b950a1e11d0a141d54e5cae20c24,0a9043bfb5d1d157ce6ad4afc408bd865c4af30d04fba45a65e47cc20b0c92af,success
BABABAB,7,3,4,8,12,14,"{""-26"":1,""-25"":-1,""-23"":5,""-22"":-2,""-21"":-1,""-20"":8,""-19"":4,""-18"":-6,""-17"":-1,""-16"":17,""-15"":-18,""-14"":13,""-13"":-14,""-12"":18,""-11"":-7,""-10"":-11,""-9"":28,""-8"":-27,""-7"":28,""-6"":-26,""-5"":31,""-4"":-18,""-3"":3,""-2"":16,""-1"":-13,""0"":11,""1"":-13,""2"":18,""3"":-7,""4"":-5,""5"":7,""6"":5,""7"":-6,""9"":5,""10"":-1,""11"":-1,""12"":3,""13"":1,""14"":1,""15"":1,""16"":1,""17"":1}","{""0"":1,""1"":-1,""3"":5,""4"":-2,""5"":-1,""6"":8,""7"":4,""8"":-6,""9"":-1,""10"":17,""11"":-18,""12"":13,""13"":-14,""14"":18,""15"":-7,""16"":-11,""17"":28,""18"":-27,""19"":28,""20"":-26,""21"":31,""22"":-18,""23"":3,""24"":16,""25"":-13,""26"":11,""27"":-13,""28"":18,""29"":-7,""30"":-5,""31"":7,""32"":5,""33"":-6,""35"":5,""36"":-1,""37"":-1,""38"":3,""39"":1,""40"":1,""41"":1,""42"":1,""43"":1}",be9f721b85850369d9ab98c93a4fb5a60f2931a6529a46f2615c0c3d19ca27b1,92b0a839ca78b6dad9d42be9f66a7d16ab390df0fbec3a662c83d514aa55e6b7,success
BABABBA,7,3,4,8,12,14,"{""-27"":1,""-26"":-2,""-25"":2,""-24"":6,""-23"":-10,""-22"":6,""-21"":18,""-20"":-23,""-19"":1,""-18"":34,""-17"":-25,""-16"":-19,""-15"":29,""-14"":28,""-13"":-77,""-12"":51,""-11"":22,""-10"":-50,""-9"":36,""-8"":-29,""-7"":66,""-6"":-74,""-5"":24,""-4"":61,""-3"":-81,""-2"":30,""-1"":30,""0"":-27,""1"":-5,""2"":14,""3"":6,""4"":-5,""5"":-11,""6"":15,""7"":2,""8"":-8,""9"":1,""10"":6,""11"":-1,""13"":2,""14"":1,""15"":1,""16"":1,""17"":1}","{""0"":-1,""1"":2,""2"":-2,""3"":-6,""4"":10,""5"":-6,""6"":-18,""7"":23,""8"":-1,""9"":-34,""10"":25,""11"":19,""12"":-29,""13"":-28,""14"":77,""15"":-51,""16"":-22,""17"":50,""18"":-36,""19"":29,""20"":-66,""21"":74,""22"":-24,""23"":-61,""24"":81,""25"":-30,""26"":-30,""27"":27,""28"":5,""29"":-14,""30"":-6,""31"":5,""32"":11,""33"":-15,""34"":-2,""35"":8,""36"":-1,""37"":-6,""38"":1,""40"":-2,""41"":-1,""42"":-1,""43"":-1,""44"":-1}",f57b3f539b2cf346bc95042666659ce7842478fa91758d0973c15c94cd0dca6b,759e3fbd23203161ca3d52bb0b13bfabe7d5df862e07d1423f4c5417b6a9a8fc,success
BABABBB,7,2,5,8,12,14,"{""-28"":1,""-27"":-2,""-26"":3,""-24"":-3,""-23"":6,""-22"":-3,""-20"":7,""-19"":-5,""-18"":2,""-17"":8,""-16"":12,""-15"":-50,""-14"":69,""-13"":-25,""-12"":-39,""-11"":65,""-10"":-43,""-9"":39,""-8"":-50,""-7"":46,""-6"":8,""-5"":-52,""-4"":47,""-3"":2,""-2"":-29,""-1"":6,""0"":31,""1"":-23,""2"":-12,""3"":26,""4"":1,""5"":-17,""6"":7,""7"":8,""9"":-6,""10"":3,""11"":5,""13"":-1,""14"":3,""15"":1,""16"":1,""17"":1}","{""0"":1,""1"":-2,""2"":3,""4"":-3,""5"":6,""6"":-3,""8"":7,""9"":-5,""10"":2,""11"":8,""12"":12,""13"":-50,""14"":69,""15"":-25,""16"":-39,""17"":65,""18"":-43,""19"":39,""20"":-50,""21"":46,""22"":8,""23"":-52,""24"":47,""25"":2,""26"":-29,""27"":6,""28"":31,""29"":-23,""30"":-12,""31"":26,""32"":1,""33"":-17,""34"":7,""35"":8,""37"":-6,""38"":3,""39"":5,""41"":-1,""42"":3,""43"":1,""44"":1,""45"":1}",102fe4db62497e3bb84a9411719ba29f7514e39baf26142685b5bae5c5140de6,2760e35ef4efb8774a42fe6f072323e3edff944ccf56b5c9e45aba769f361701,success
BABBAAA,7,4,3,8,12,14,"{""-29"":1,""-28"":-3,""-27"":6,""-26"":-3,""-25"":-3,""-24"":13,""-23"":-9,""-22"":-3,""-21"":26,""-20"":-35,""-19"":21,""-18"":31,""-17"":-90,""-16"":112,""-15"":-49,""-14"":-45,""-13"":91,""-12"":-56,""-11"":21,""-10"":-37,""-9"":58,""-8"":-11,""-7"":-58,""-6"":56,""-5"":24,""-4"":-66,""-3"":19,""-2"":63,""-1"":-59,""0"":-11,""1"":59,""2"":-14,""3"":-45,""4"":42,""5"":12,""6"":-33,""7"":6,""8"":17,""9"":-6,""10"":-7,""11"":5,""12"":5,""13"":-1,""15"":2,""16"":1,""17"":1}","{""0"":-1,""1"":3,""2"":-6,""3"":3,""4"":3,""5"":-13,""6"":9,""7"":3,""8"":-26,""9"":35,""10"":-21,""11"":-31,""12"":90,""13"":-112,""14"":49,""15"":45,""16"":-91,""17"":56,""18"":-21,""19"":37,""20"":-58,""21"":11,""22"":58,""23"":-56,""24"":-24,""25"":66,""26"":-19,""27"":-63,""28"":59,""29"":11,""30"":-59,""31"":14,""32"":45,""33"":-42,""34"":-12,""35"":33,""36"":-6,""37"":-17,""38"":6,""39"":7,""40"":-5,""41"":-5,""42"":1,""44"":-2,""45"":-1,""46"":-1}",8cbde28e683a8661307a9686bb45406bf4844b0120759dff5e661af686ea9291,ad59ebbd5350b8476017df5e6f7ef556441f1b09327fe6863bee15ec5069deaa,success
BABBAAB,7,3,4,8,12,14,"{""-28"":1,""-27"":-3,""-26"":3,""-25"":9,""-24"":-27,""-23"":26,""-22"":32,""-21"":-104,""-20"":92,""-19"":76,""-18"":-253,""-17"":208,""-16"":113,""-15"":-399,""-14"":324,""-13"":41,""-12"":-273,""-11"":179,""-10"":-18,""-9"":62,""-8"":-159,""-7"":32,""-6"":251,""-5"":-291,""-4"":-15,""-3"":328,""-2"":-254,""-1"":-93,""0"":292,""1"":-138,""2"":-107,""3"":146,""4"":-9,""5"":-65,""6"":19,""7"":27,""8"":-4,""9"":-20,""10"":8,""11"":10,""12"":-4,""13"":-1,""14"":3,""15"":1,""16"":1,""17"":1}","{""0"":1,""1"":-3,""2"":3,""3"":9,""4"":-27,""5"":26,""6"":32,""7"":-104,""8"":92,""9"":76,""10"":-253,""11"":208,""12"":113,""13"":-399,""14"":324,""15"":41,""16"":-273,""17"":179,""18"":-18,""19"":62,""20"":-159,""21"":32,""22"":251,""23"":-291,""24"":-15,""25"":328,""26"":-254,""27"":-93,""28"":292,""29"":-138,""30"":-107,""31"":146,""32"":-9,""33"":-65,""34"":19,""35"":27,""36"":-4,""37"":-20,""38"":8,""39"":10,""40"":-4,""41"":-1,""42"":3,""43"":1,""44"":1,""45"":1}",6709d186a22e31337b7e39794fdb64d244c50e9224be0664432afc38088a1b8f,88ab7ee925efd4f1d4a5229f6a89ec546236c11c7325a06060516c86d4ec5c31,success
BABBABA,7,3,4,8,12,14,"{""-27"":1,""-26"":-2,""-25"":2,""-24"":6,""-23"":-8,""-22"":-1,""-21"":28,""-20"":-21,""-19"":-26,""-18"":68,""-17"":-27,""-16"":-60,""-15"":69,""-14"":34,""-13"":-115,""-12"":72,""-11"":35,""-10"":-68,""-9"":39,""-8"":-34,""-7"":92,""-6"":-101,""-5"":9,""-4"":120,""-3"":-132,""-2"":27,""-1"":74,""0"":-60,""1"":-4,""2"":24,""3"":3,""4"":-5,""5"":-16,""6"":20,""7"":3,""8"":-11,""9"":2,""10"":6,""11"":-1,""13"":2,""14"":1,""15"":1,""16"":1,""17"":1}","{""0"":-1,""1"":2,""2"":-2,""3"":-6,""4"":8,""5"":1,""6"":-28,""7"":21,""8"":26,""9"":-68,""10"":27,""11"":60,""12"":-69,""13"":-34,""14"":115,""15"":-72,""16"":-35,""17"":68,""18"":-39,""19"":34,""20"":-92,""21"":101,""22"":-9,""23"":-120,""24"":132,""25"":-27,""26"":-74,""27"":60,""28"":4,""29"":-24,""30"":-3,""31"":5,""32"":16,""33"":-20,""34"":-3,""35"":11,""36"":-2,""37"":-6,""38"":1,""40"":-2,""41"":-1,""42"":-1,""43"":-1,""44"":-1}",c0424919bfd9cd7cc301c49b5319e6550068dc4ca2375273b78fce42010290fe,bec328dc8305177c739a54dc91221052f8ccf75950c95c6b93a604e9ceb79191,success
BABBABB,7,2,5,8,12,14,"{""-28"":1,""-27"":-3,""-26"":5,""-25"":1,""-24"":-15,""-23"":27,""-22"":-2,""-21"":-57,""-20"":100,""-19"":-29,""-18"":-128,""-17"":209,""-16"":-57,""-15"":-212,""-14"":296,""-13"":-87,""-12"":-150,""-11"":170,""-10"":-45,""-9"":43,""-8"":-133,""-7"":98,""-6"":129,""-5"":-274,""-4"":129,""-3"":163,""-2"":-257,""-1"":62,""0"":155,""1"":-142,""2"":-18,""3"":89,""4"":-15,""5"":-42,""6"":17,""7"":22,""8"":-6,""9"":-14,""10"":8,""11"":7,""12"":-2,""13"":-1,""14"":3,""15"":1,""16"":1,""17"":1}","{""0"":1,""1"":-3,""2"":5,""3"":1,""4"":-15,""5"":27,""6"":-2,""7"":-57,""8"":100,""9"":-29,""10"":-128,""11"":209,""12"":-57,""13"":-212,""14"":296,""15"":-87,""16"":-150,""17"":170,""18"":-45,""19"":43,""20"":-133,""21"":98,""22"":129,""23"":-274,""24"":129,""25"":163,""26"":-257,""27"":62,""28"":155,""29"":-142,""30"":-18,""31"":89,""32"":-15,""33"":-42,""34"":17,""35"":22,""36"":-6,""37"":-14,""38"":8,""39"":7,""40"":-2,""41"":-1,""42"":3,""43"":1,""44"":1,""45"":1}",03af6657a505905efbb5483649f71ecea84906523fb89b216a0702e9bab495fc,f9997a7a8f7e3de430a6aef7dc0b50cf1fd7b43b59713476d794daa49c1882a1,success
BABBBAA,7,3,4,8,12,14,"{""-29"":1,""-28"":-3,""-27"":6,""-26"":-3,""-25"":-5,""-24"":19,""-23"":-16,""-22"":-9,""-21"":48,""-20"":-53,""-19"":6,""-18"":77,""-17"":-127,""-16"":100,""-15"":1,""-14"":-90,""-13"":99,""-12"":-41,""-11"":11,""-10"":-33,""-9"":43,""-8"":18,""-7"":-65,""-6"":32,""-5"":53,""-4"":-60,""-3"":-18,""-2"":88,""-1"":-44,""0"":-50,""1"":84,""2"":-10,""3"":-64,""4"":52,""5"":14,""6"":-37,""7"":5,""8"":20,""9"":-7,""10"":-7,""11"":5,""12"":5,""13"":-1,""15"":2,""16"":1,""17"":1}","{""0"":-1,""1"":3,""2"":-6,""3"":3,""4"":5,""5"":-19,""6"":16,""7"":9,""8"":-48,""9"":53,""10"":-6,""11"":-77,""12"":127,""13"":-100,""14"":-1,""15"":90,""16"":-99,""17"":41,""18"":-11,""19"":33,""20"":-43,""21"":-18,""22"":65,""23"":-32,""24"":-53,""25"":60,""26"":18,""27"":-88,""28"":44,""29"":50,""30"":-84,""31"":10,""32"":64,""33"":-52,""34"":-14,""35"":37,""36"":-5,""37"":-20,""38"":7,""39"":7,""40"":-5,""41"":-5,""42"":1,""44"":-2,""45"":-1,""46"":-1}",7c6921fe86775f6fa274749051fcecf25815cb7596882a8d593a6c209d0afe27,b4ac7b772194be1191efa79446c2de1a6d40f9113fa099c49b640d0f99443612,success
BABBBAB,7,2,5,8,12,14,"{""-28"":1,""-27"":-2,""-26"":1,""-25"":7,""-24"":-11,""-23"":3,""-22"":27,""-21"":-43,""-20"":21,""-19"":46,""-18"":-94,""-17"":52,""-16"":80,""-15"":-183,""-14"":130,""-13"":49,""-12"":-152,""-11"":112,""-10"":-26,""-9"":41,""-8"":-71,""-7"":4,""-6"":127,""-5"":-141,""-4"":3,""-3"":131,""-2"":-96,""-1"":-54,""0"":123,""1"":-31,""2"":-84,""3"":79,""4"":14,""5"":-50,""6"":15,""7"":17,""8"":1,""9"":-14,""10"":5,""11"":8,""12"":-2,""13"":-1,""14"":3,""15"":1,""16"":1,""17"":1}","{""0"":1,""1"":-2,""2"":1,""3"":7,""4"":-11,""5"":3,""6"":27,""7"":-43,""8"":21,""9"":46,""10"":-94,""11"":52,""12"":80,""13"":-183,""14"":130,""15"":49,""16"":-152,""17"":112,""18"":-26,""19"":41,""20"":-71,""21"":4,""22"":127,""23"":-141,""24"":3,""25"":131,""26"":-96,""27"":-54,""28"":123,""29"":-31,""30"":-84,""31"":79,""32"":14,""33"":-50,""34"":15,""35"":17,""36"":1,""37"":-14,""38"":5,""39"":8,""40"":-2,""41"":-1,""42"":3,""43"":1,""44"":1,""45"":1}",e71a76797c91778e0f4d29873f2bb203d37967a966427dfc9430a4a4d67ae24a,67b7472aca95f78cd8b05e529fecb431d00cab13e68e90549a1f2c7084f36461,success
BABBBBA,7,2,5,8,12,14,"{""-29"":1,""-28"":-2,""-27"":2,""-26"":5,""-25"":-9,""-24"":7,""-23"":10,""-22"":-21,""-21"":12,""-20"":15,""-19"":-37,""-18"":40,""-17"":-29,""-16"":18,""-15"":8,""-14"":-31,""-13"":45,""-12"":-27,""-11"":24,""-10"":-30,""-9"":32,""-8"":2,""-7"":-31,""-6"":28,""-5"":2,""-4"":-7,""-3"":-10,""-2"":19,""-1"":6,""0"":-30,""1"":18,""2"":24,""3"":-34,""4"":1,""5"":34,""6"":-19,""7"":-14,""8"":23,""9"":-2,""10"":-7,""11"":2,""12"":7,""13"":-1,""15"":2,""16"":1,""17"":1}","{""0"":-1,""1"":2,""2"":-2,""3"":-5,""4"":9,""5"":-7,""6"":-10,""7"":21,""8"":-12,""9"":-15,""10"":37,""11"":-40,""12"":29,""13"":-18,""14"":-8,""15"":31,""16"":-45,""17"":27,""18"":-24,""19"":30,""20"":-32,""21"":-2,""22"":31,""23"":-28,""24"":-2,""25"":7,""26"":10,""27"":-19,""28"":-6,""29"":30,""30"":-18,""31"":-24,""32"":34,""33"":-1,""34"":-34,""35"":19,""36"":14,""37"":-23,""38"":2,""39"":7,""40"":-2,""41"":-7,""42"":1,""44"":-2,""45"":-1,""46"":-1}",5024de7bd42bc46067a11c6f379aa4f38ba7cbf547fc9b7228d2f42a240ae02a,256ca875e2b929eb7b828ed2d6a1e76dcbc3311a2c31418be2d0fa886fd69004,success
BABBBBB,7,1,6,8,12,14,"{""-30"":1,""-29"":-2,""-28"":3,""-26"":-3,""-25"":5,""-24"":2,""-23"":-12,""-22"":21,""-21"":-18,""-20"":6,""-19"":8,""-18"":-7,""-17"":-2,""-16"":13,""-15"":2,""-14"":-15,""-13"":27,""-12"":-20,""-11"":25,""-10"":-20,""-9"":12,""-8"":11,""-7"":-18,""-6"":11,""-4"":-3,""-3"":1,""0"":1,""1"":-2,""3"":6,""4"":-5,""5"":-4,""6"":12,""7"":-2,""8"":-8,""9"":9,""10"":8,""11"":-9,""12"":5,""13"":6,""15"":-1,""16"":3,""17"":1}","{""0"":1,""1"":-2,""2"":3,""4"":-3,""5"":5,""6"":2,""7"":-12,""8"":21,""9"":-18,""10"":6,""11"":8,""12"":-7,""13"":-2,""14"":13,""15"":2,""16"":-15,""17"":27,""18"":-20,""19"":25,""20"":-20,""21"":12,""22"":11,""23"":-18,""24"":11,""26"":-3,""27"":1,""30"":1,""31"":-2,""33"":6,""34"":-5,""35"":-4,""36"":12,""37"":-2,""38"":-8,""39"":9,""40"":8,""41"":-9,""42"":5,""43"":6,""45"":-1,""46"":3,""47"":1}",6934543c82b5c98b14c3a88e1627c6458dd60239469dfd456746438ee3894ec3,4f4ada811edf0d94d46cee04a1cd4f87210dcac39c9a3184cde3102acaad0eb4,success
BBAAAAA,7,5,2,8,12,14,"{""-31"":1,""-30"":-3,""-29"":7,""-28"":-9,""-27"":8,""-26"":2,""-25"":-10,""-24"":20,""-23"":-15,""-22"":10,""-21"":-3,""-20"":7,""-19"":-13,""-18"":17,""-17"":-4,""-16"":-9,""-15"":25,""-14"":-24,""-13"":25,""-12"":-19,""-11"":14,""-10"":-2,""-9"":-5,""-8"":6,""-5"":-2,""-4"":6,""-3"":-4,""-2"":2,""-1"":1,""0"":-2,""1"":3,""3"":-3,""4"":7,""5"":1,""6"":-3,""7"":6,""8"":5,""9"":-8,""10"":5,""11"":4,""12"":-4,""13"":2,""14"":4,""17"":2}","{""0"":-1,""1"":3,""2"":-7,""3"":9,""4"":-8,""5"":-2,""6"":10,""7"":-20,""8"":15,""9"":-10,""10"":3,""11"":-7,""12"":13,""13"":-17,""14"":4,""15"":9,""16"":-25,""17"":24,""18"":-25,""19"":19,""20"":-14,""21"":2,""22"":5,""23"":-6,""26"":2,""27"":-6,""28"":4,""29"":-2,""30"":-1,""31"":2,""32"":-3,""34"":3,""35"":-7,""36"":-1,""37"":3,""38"":-6,""39"":-5,""40"":8,""41"":-5,""42"":-4,""43"":4,""44"":-2,""45"":-4,""48"":-2}",8549787764f3835dd6c56f2691d65c0fc36877fd2860639444c7fd006c43567c,1ba0fd4a620f5e4e5803813eff75eb1a2d5f73395480eecfd0a3cc397df60ecf,success
BBAAAAB,7,4,3,8,12,14,"{""-30"":1,""-29"":-3,""-28"":5,""-27"":-1,""-26"":-12,""-25"":31,""-24"":-35,""-23"":15,""-22"":30,""-21"":-57,""-20"":56,""-19"":-26,""-18"":8,""-17"":-4,""-16"":5,""-15"":14,""-14"":-29,""-13"":39,""-12"":-37,""-11"":38,""-10"":-20,""-9"":-10,""-8"":28,""-7"":-14,""-6"":-5,""-5"":4,""-4"":8,""-3"":1,""-2"":-14,""-1"":10,""0"":23,""1"":-29,""2"":3,""3"":40,""4"":-30,""5"":-16,""6"":45,""7"":-18,""8"":-23,""9"":25,""10"":3,""11"":-15,""12"":5,""13"":8,""14"":-2,""15"":-1,""16"":3,""17"":1}","{""0"":1,""1"":-3,""2"":5,""3"":-1,""4"":-12,""5"":31,""6"":-35,""7"":15,""8"":30,""9"":-57,""10"":56,""11"":-26,""12"":8,""13"":-4,""14"":5,""15"":14,""16"":-29,""17"":39,""18"":-37,""19"":38,""20"":-20,""21"":-10,""22"":28,""23"":-14,""24"":-5,""25"":4,""26"":8,""27"":1,""28"":-14,""29"":10,""30"":23,""31"":-29,""32"":3,""33"":40,""34"":-30,""35"":-16,""36"":45,""37"":-18,""38"":-23,""39"":25,""40"":3,""41"":-15,""42"":5,""43"":8,""44"":-2,""45"":-1,""46"":3,""47"":1}",576d5009ebc3a22b76806bc1181e982e1f53d49e664220789a8a534bd997b369,c3dc3931e6f0dede1a0eff166c1fcf08514d36efdfc48a4b8421172e3aa2ab7a,success
BBAAABA,7,4,3,8,12,14,"{""-29"":1,""-28"":-3,""-27"":5,""-26"":-1,""-25"":-9,""-24"":21,""-23"":-9,""-22"":-26,""-21"":68,""-20"":-57,""-19"":-13,""-18"":111,""-17"":-147,""-16"":91,""-15"":33,""-14"":-112,""-13"":91,""-12"":-19,""-11"":3,""-10"":-42,""-9"":42,""-8"":31,""-7"":-72,""-6"":12,""-5"":74,""-4"":-53,""-3"":-49,""-2"":105,""-1"":-25,""0"":-82,""1"":91,""2"":14,""3"":-84,""4"":47,""5"":33,""6"":-44,""7"":-1,""8"":25,""9"":-6,""10"":-9,""11"":4,""12"":6,""13"":-1,""15"":2,""16"":1,""17"":1}","{""0"":-1,""1"":3,""2"":-5,""3"":1,""4"":9,""5"":-21,""6"":9,""7"":26,""8"":-68,""9"":57,""10"":13,""11"":-111,""12"":147,""13"":-91,""14"":-33,""15"":112,""16"":-91,""17"":19,""18"":-3,""19"":42,""20"":-42,""21"":-31,""22"":72,""23"":-12,""24"":-74,""25"":53,""26"":49,""27"":-105,""28"":25,""29"":82,""30"":-91,""31"":-14,""32"":84,""33"":-47,""34"":-33,""35"":44,""36"":1,""37"":-25,""38"":6,""39"":9,""40"":-4,""41"":-6,""42"":1,""44"":-2,""45"":-1,""46"":-1}",5fc38a436a0c88a5b3bdfe329b8e03f2f32a517098ed944052e73a638f07dc85,98ab3b6e455278d0e72ed4800734244c511db84221bea0989638eb340372134c,success
BBAAABB,7,3,4,8,12,14,"{""-30"":1,""-29"":-4,""-28"":10,""-27"":-14,""-26"":7,""-25"":21,""-24"":-60,""-23"":82,""-22"":-48,""-21"":-35,""-20"":125,""-19"":-142,""-18"":81,""-17"":16,""-16"":-65,""-15"":51,""-14"":-3,""-13"":-2,""-12"":-38,""-11"":76,""-10"":-41,""-9"":-24,""-8"":30,""-7"":28,""-6"":-48,""-5"":-19,""-4"":84,""-3"":-35,""-2"":-63,""-1"":92,""0"":9,""1"":-100,""2"":78,""3"":35,""4"":-87,""5"":28,""6"":52,""7"":-48,""8"":-11,""9"":34,""10"":-6,""11"":-15,""12"":8,""13"":7,""14"":-2,""15"":-1,""16"":3,""17"":1}","{""0"":1,""1"":-4,""2"":10,""3"":-14,""4"":7,""5"":21,""6"":-60,""7"":82,""8"":-48,""9"":-35,""10"":125,""11"":-142,""12"":81,""13"":16,""14"":-65,""15"":51,""16"":-3,""17"":-2,""18"":-38,""19"":76,""20"":-41,""21"":-24,""22"":30,""23"":28,""24"":-48,""25"":-19,""26"":84,""27"":-35,""28"":-63,""29"":92,""30"":9,""31"":-100,""32"":78,""33"":35,""34"":-87,""35"":28,""36"":52,""37"":-48,""38"":-11,""39"":34,""40"":-6,""41"":-15,""42"":8,""43"":7,""44"":-2,""45"":-1,""46"":3,""47"":1}",3a48ba4882c31d7295b108d87b1554a3b7240ed68609d2003f29f31f56d4d77e,93a3ae627cdd0f332733b584d45d7e45891c75d4d4f03e647c9d830f4d6eee89,success
BBAABAA,7,4,3,8,12,14,"{""-29"":1,""-28"":-4,""-27"":10,""-26"":-12,""-25"":1,""-24"":33,""-23"":-63,""-22"":51,""-21"":44,""-20"":-157,""-19"":177,""-18"":-11,""-17"":-226,""-16"":318,""-15"":-140,""-14"":-134,""-13"":231,""-12"":-109,""-11"":-8,""-10"":-24,""-9"":74,""-8"":33,""-7"":-171,""-6"":114,""-5"":127,""-4"":-245,""-3"":79,""-2"":183,""-1"":-219,""0"":17,""1"":161,""2"":-109,""3"":-46,""4"":98,""5"":-17,""6"":-43,""7"":20,""8"":19,""9"":-12,""10"":-7,""11"":7,""12"":4,""13"":-1,""15"":2,""16"":1,""17"":1}","{""0"":-1,""1"":4,""2"":-10,""3"":12,""4"":-1,""5"":-33,""6"":63,""7"":-51,""8"":-44,""9"":157,""10"":-177,""11"":11,""12"":226,""13"":-318,""14"":140,""15"":134,""16"":-231,""17"":109,""18"":8,""19"":24,""20"":-74,""21"":-33,""22"":171,""23"":-114,""24"":-127,""25"":245,""26"":-79,""27"":-183,""28"":219,""29"":-17,""30"":-161,""31"":109,""32"":46,""33"":-98,""34"":17,""35"":43,""36"":-20,""37"":-19,""38"":12,""39"":7,""40"":-7,""41"":-4,""42"":1,""44"":-2,""45"":-1,""46"":-1}",e3e72d718373112de148e171f8bb4bdde95bde82b6d7259532c0d2579ade783d,32d44b285d07826851ca3e213766678e64cf60f8945b36454477a43ff4e0adf8,success
BBAABAB,7,3,4,8,12,14,"{""-28"":1,""-27"":-3,""-26"":5,""-24"":-12,""-23"":24,""-22"":-11,""-21"":-23,""-20"":51,""-19"":-11,""-18"":-70,""-17"":105,""-16"":3,""-15"":-166,""-14"":208,""-13"":-56,""-12"":-111,""-11"":127,""-10"":-51,""-9"":49,""-8"":-111,""-7"":82,""-6"":74,""-5"":-172,""-4"":86,""-3"":99,""-2"":-145,""-1"":21,""0"":116,""1"":-91,""2"":-21,""3"":66,""4"":-9,""5"":-33,""6"":10,""7"":18,""8"":-5,""9"":-12,""10"":6,""11"":7,""12"":-2,""13"":-1,""14"":3,""15"":1,""16"":1,""17"":1}","{""0"":1,""1"":-3,""2"":5,""4"":-12,""5"":24,""6"":-11,""7"":-23,""8"":51,""9"":-11,""10"":-70,""11"":105,""12"":3,""13"":-166,""14"":208,""15"":-56,""16"":-111,""17"":127,""18"":-51,""19"":49,""20"":-111,""21"":82,""22"":74,""23"":-172,""24"":86,""25"":99,""26"":-145,""27"":21,""28"":116,""29"":-91,""30"":-21,""31"":66,""32"":-9,""33"":-33,""34"":10,""35"":18,""36"":-5,""37"":-12,""38"":6,""39"":7,""40"":-2,""41"":-1,""42"":3,""43"":1,""44"":1,""45"":1}",f214fb90b2efe2a3d48ec47813731394ae6807a202a0a986c1c23a41635e971d,55941fbb64ef516190adcbed9b5b91cafc12870afd434e97f86aebda104b90a0,success
BBAABBA,7,3,4,8,12,14,"{""-29"":1,""-28"":-4,""-27"":8,""-26"":-3,""-25"":-20,""-24"":57,""-23"":-60,""-22"":-15,""-21"":158,""-20"":-231,""-19"":108,""-18"":188,""-17"":-396,""-16"":294,""-15"":52,""-14"":-289,""-13"":212,""-12"":7,""-11"":-55,""-10"":-61,""-9"":72,""-8"":101,""-7"":-178,""-6"":-19,""-5"":272,""-4"":-208,""-3"":-121,""-2"":328,""-1"":-152,""0"":-161,""1"":240,""2"":-35,""3"":-149,""4"":111,""5"":34,""6"":-74,""7"":10,""8"":34,""9"":-11,""10"":-12,""11"":6,""12"":7,""13"":-2,""15"":2,""16"":1,""17"":1}","{""0"":-1,""1"":4,""2"":-8,""3"":3,""4"":20,""5"":-57,""6"":60,""7"":15,""8"":-158,""9"":231,""10"":-108,""11"":-188,""12"":396,""13"":-294,""14"":-52,""15"":289,""16"":-212,""17"":-7,""18"":55,""19"":61,""20"":-72,""21"":-101,""22"":178,""23"":19,""24"":-272,""25"":208,""26"":121,""27"":-328,""28"":152,""29"":161,""30"":-240,""31"":35,""32"":149,""33"":-111,""34"":-34,""35"":74,""36"":-10,""37"":-34,""38"":11,""39"":12,""40"":-6,""41"":-7,""42"":2,""44"":-2,""45"":-1,""46"":-1}",a7a4f7f9005c0e515e16ce067c11550d59d1421b64e5ae6a891b3e54e3404697,64be6032ecfa02c5eb7e1080833e0c10908249f798d54c453b870bd7178d7b75,success
BBAABBB,7,2,5,8,12,14,"{""-30"":1,""-29"":-4,""-28"":10,""-27"":-14,""-26"":9,""-25"":14,""-24"":-47,""-23"":70,""-22"":-53,""-21"":-7,""-20"":87,""-19"":-130,""-18"":112,""-17"":-29,""-16"":-47,""-15"":73,""-14"":-33,""-13"":4,""-12"":-28,""-11"":73,""-10"":-51,""-9"":-21,""-8"":47,""-7"":19,""-6"":-62,""-5"":11,""-4"":80,""-3"":-70,""-2"":-30,""-1"":88,""0"":-23,""1"":-74,""2"":76,""3"":19,""4"":-74,""5"":30,""6"":45,""7"":-43,""8"":-8,""9"":31,""10"":-4,""11"":-15,""12"":8,""13"":7,""14"":-2,""15"":-1,""16"":3,""17"":1}","{""0"":1,""1"":-4,""2"":10,""3"":-14,""4"":9,""5"":14,""6"":-47,""7"":70,""8"":-53,""9"":-7,""10"":87,""11"":-130,""12"":112,""13"":-29,""14"":-47,""15"":73,""16"":-33,""17"":4,""18"":-28,""19"":73,""20"":-51,""21"":-21,""22"":47,""23"":19,""24"":-62,""25"":11,""26"":80,""27"":-70,""28"":-30,""29"":88,""30"":-23,""31"":-74,""32"":76,""33"":19,""34"":-74,""35"":30,""36"":45,""37"":-43,""38"":-8,""39"":31,""40"":-4,""41"":-15,""42"":8,""43"":7,""44"":-2,""45"":-1,""46"":3,""47"":1}",9a8db508fa57bd75dd3ab247e63afe57139b58c46899842297721b5b745ba10a,cae77f50edb767606ca962cbb6bf3d9baf97d99b35247d86c82ba21590ff2944,success
BBABAAA,7,4,3,8,12,14,"{""-29"":1,""-28"":-3,""-27"":7,""-26"":-8,""-25"":5,""-24"":8,""-23"":-16,""-22"":18,""-21"":2,""-20"":-23,""-19"":34,""-18"":-3,""-17"":-56,""-16"":107,""-15"":-81,""-14"":-9,""-13"":87,""-12"":-83,""-11"":41,""-10"":-32,""-9"":53,""-8"":-23,""-7"":-47,""-6"":76,""-5"":-14,""-4"":-56,""-3"":50,""-2"":28,""-1"":-65,""0"":24,""1"":44,""2"":-38,""3"":-15,""4"":43,""5"":-10,""6"":-20,""7"":11,""8"":10,""9"":-7,""10"":-4,""11"":5,""12"":3,""15"":2,""16"":1,""17"":1}","{""0"":-1,""1"":3,""2"":-7,""3"":8,""4"":-5,""5"":-8,""6"":16,""7"":-18,""8"":-2,""9"":23,""10"":-34,""11"":3,""12"":56,""13"":-107,""14"":81,""15"":9,""16"":-87,""17"":83,""18"":-41,""19"":32,""20"":-53,""21"":23,""22"":47,""23"":-76,""24"":14,""25"":56,""26"":-50,""27"":-28,""28"":65,""29"":-24,""30"":-44,""31"":38,""32"":15,""33"":-43,""34"":10,""35"":20,""36"":-11,""37"":-10,""38"":7,""39"":4,""40"":-5,""41"":-3,""44"":-2,""45"":-1,""46"":-1}",1e421969bdeb289265107dc6369ab80bc388900535adfba486a126a525df6357,b01b6a95135211d0f05161390d4d5c9a9c55bc2f9fb2015bdb4b4601bd1c69d3,success
BBABAAB,7,3,4,8,12,14,"{""-28"":1,""-27"":-3,""-26"":5,""-25"":1,""-24"":-17,""-23"":35,""-22"":-20,""-21"":-35,""-20"":94,""-19"":-58,""-18"":-71,""-17"":172,""-16"":-75,""-15"":-153,""-14"":265,""-13"":-115,""-12"":-106,""-11"":153,""-10"":-62,""-9"":50,""-8"":-133,""-7"":120,""-6"":77,""-5"":-240,""-4"":160,""-3"":95,""-2"":-215,""-1"":89,""0"":110,""1"":-128,""2"":6,""3"":67,""4"":-17,""5"":-34,""6"":14,""7"":19,""8"":-8,""9"":-11,""10"":6,""11"":7,""12"":-2,""13"":-1,""14"":3,""15"":1,""16"":1,""17"":1}","{""0"":1,""1"":-3,""2"":5,""3"":1,""4"":-17,""5"":35,""6"":-20,""7"":-35,""8"":94,""9"":-58,""10"":-71,""11"":172,""12"":-75,""13"":-153,""14"":265,""15"":-115,""16"":-106,""17"":153,""18"":-62,""19"":50,""20"":-133,""21"":120,""22"":77,""23"":-240,""24"":160,""25"":95,""26"":-215,""27"":89,""28"":110,""29"":-128,""30"":6,""31"":67,""32"":-17,""33"":-34,""34"":14,""35"":19,""36"":-8,""37"":-11,""38"":6,""39"":7,""40"":-2,""41"":-1,""42"":3,""43"":1,""44"":1,""45"":1}",e08cce2382a1302f9057b18305cdff38d4ec79c3dec6d0b5c2c5b07c53c5681a,962386857b7cc24097650c2d6cdf7b86b8f7fba110a9e8a75755e72e8ad0c983,success
BBABABA,7,3,4,8,12,14,"{""-27"":1,""-26"":-2,""-25"":3,""-24"":1,""-23"":-5,""-22"":9,""-21"":4,""-20"":-12,""-19"":11,""-18"":14,""-17"":-22,""-16"":7,""-15"":4,""-14"":20,""-13"":-46,""-12"":32,""-11"":15,""-10"":-39,""-9"":37,""-8"":-29,""-7"":46,""-6"":-51,""-5"":29,""-4"":22,""-3"":-44,""-2"":30,""-1"":3,""0"":-3,""1"":-9,""2"":10,""3"":7,""4"":-6,""5"":-7,""6"":12,""8"":-5,""9"":1,""10"":4,""13"":2,""14"":1,""15"":1,""16"":1,""17"":1}","{""0"":-1,""1"":2,""2"":-3,""3"":-1,""4"":5,""5"":-9,""6"":-4,""7"":12,""8"":-11,""9"":-14,""10"":22,""11"":-7,""12"":-4,""13"":-20,""14"":46,""15"":-32,""16"":-15,""17"":39,""18"":-37,""19"":29,""20"":-46,""21"":51,""22"":-29,""23"":-22,""24"":44,""25"":-30,""26"":-3,""27"":3,""28"":9,""29"":-10,""30"":-7,""31"":6,""32"":7,""33"":-12,""35"":5,""36"":-1,""37"":-4,""40"":-2,""41"":-1,""42"":-1,""43"":-1,""44"":-1}",1d140a5fc4eb68b85cc7f0287ed1865548f93ff072ab05b3d73c4eb6342b8fe9,da8599fb464d8a5ee2002d59f58cac8a10ac711659295f6cab44ae057db9665c,success
BBABABB,7,2,5,8,12,14,"{""-28"":1,""-27"":-3,""-26"":7,""-25"":-7,""-23"":17,""-22"":-26,""-21"":13,""-20"":25,""-19"":-41,""-18"":11,""-17"":52,""-16"":-48,""-15"":-43,""-14"":133,""-13"":-98,""-12"":-18,""-11"":86,""-10"":-59,""-9"":45,""-8"":-83,""-7"":103,""-6"":-17,""-5"":-97,""-4"":122,""-3"":-22,""-2"":-75,""-1"":64,""0"":22,""1"":-59,""2"":17,""3"":26,""4"":-9,""5"":-15,""6"":8,""7"":13,""8"":-5,""9"":-7,""10"":6,""11"":4,""13"":-1,""14"":3,""15"":1,""16"":1,""17"":1}","{""0"":1,""1"":-3,""2"":7,""3"":-7,""5"":17,""6"":-26,""7"":13,""8"":25,""9"":-41,""10"":11,""11"":52,""12"":-48,""13"":-43,""14"":133,""15"":-98,""16"":-18,""17"":86,""18"":-59,""19"":45,""20"":-83,""21"":103,""22"":-17,""23"":-97,""24"":122,""25"":-22,""26"":-75,""27"":64,""28"":22,""29"":-59,""30"":17,""31"":26,""32"":-9,""33"":-15,""34"":8,""35"":13,""36"":-5,""37"":-7,""38"":6,""39"":4,""41"":-1,""42"":3,""43"":1,""44"":1,""45"":1}",bc300cc6c72689d4b9a7f6102e24e4ba99e3982864490e06cd086469b23d4aaa,b82bc1c5d6bda093ab071f6108a8a1b5aaf0095c1749823dae0e2ff52145fc2d,success
BBABBAA,7,3,4,8,12,14,"{""-29"":1,""-28"":-4,""-27"":10,""-26"":-12,""-25"":1,""-24"":33,""-23"":-64,""-22"":53,""-21"":39,""-20"":-153,""-19"":177,""-18"":-20,""-17"":-218,""-16"":317,""-15"":-147,""-14"":-125,""-13"":232,""-12"":-113,""-11"":-5,""-10"":-25,""-9"":75,""-8"":28,""-7"":-169,""-6"":119,""-5"":122,""-4"":-245,""-3"":89,""-2"":177,""-1"":-220,""0"":24,""1"":155,""2"":-110,""3"":-45,""4"":97,""5"":-18,""6"":-42,""7"":20,""8"":19,""9"":-12,""10"":-7,""11"":7,""12"":4,""13"":-1,""15"":2,""16"":1,""17"":1}","{""0"":-1,""1"":4,""2"":-10,""3"":12,""4"":-1,""5"":-33,""6"":64,""7"":-53,""8"":-39,""9"":153,""10"":-177,""11"":20,""12"":218,""13"":-317,""14"":147,""15"":125,""16"":-232,""17"":113,""18"":5,""19"":25,""20"":-75,""21"":-28,""22"":169,""23"":-119,""24"":-122,""25"":245,""26"":-89,""27"":-177,""28"":220,""29"":-24,""30"":-155,""31"":110,""32"":45,""33"":-97,""34"":18,""35"":42,""36"":-20,""37"":-19,""38"":12,""39"":7,""40"":-7,""41"":-4,""42"":1,""44"":-2,""45"":-1,""46"":-1}",5e51fd039c6ab22a503fa6feea1baf8fc0b959c0f53ff90b08258fcef40e335d,9fcbb43a88d5df2c5bf1f1725d90fc11f289af2c868690044c1e65dc286ed472,success
BBABBAB,7,2,5,8,12,14,"{""-28"":1,""-27"":-3,""-26"":5,""-25"":1,""-24"":-15,""-23"":27,""-22"":-2,""-21"":-57,""-20"":100,""-19"":-29,""-18"":-128,""-17"":209,""-16"":-57,""-15"":-212,""-14"":296,""-13"":-87,""-12"":-150,""-11"":170,""-10"":-45,""-9"":43,""-8"":-133,""-7"":98,""-6"":129,""-5"":-274,""-4"":129,""-3"":163,""-2"":-257,""-1"":62,""0"":155,""1"":-142,""2"":-18,""3"":89,""4"":-15,""5"":-42,""6"":17,""7"":22,""8"":-6,""9"":-14,""10"":8,""11"":7,""12"":-2,""13"":-1,""14"":3,""15"":1,""16"":1,""17"":1}","{""0"":1,""1"":-3,""2"":5,""3"":1,""4"":-15,""5"":27,""6"":-2,""7"":-57,""8"":100,""9"":-29,""10"":-128,""11"":209,""12"":-57,""13"":-212,""14"":296,""15"":-87,""16"":-150,""17"":170,""18"":-45,""19"":43,""20"":-133,""21"":98,""22"":129,""23"":-274,""24"":129,""25"":163,""26"":-257,""27"":62,""28"":155,""29"":-142,""30"":-18,""31"":89,""32"":-15,""33"":-42,""34"":17,""35"":22,""36"":-6,""37"":-14,""38"":8,""39"":7,""40"":-2,""41"":-1,""42"":3,""43"":1,""44"":1,""45"":1}",03af6657a505905efbb5483649f71ecea84906523fb89b216a0702e9bab495fc,f9997a7a8f7e3de430a6aef7dc0b50cf1fd7b43b59713476d794daa49c1882a1,success
BBABBBA,7,2,5,8,12,14,"{""-29"":1,""-28"":-3,""-27"":5,""-25"":-14,""-24"":34,""-23"":-29,""-22"":-12,""-21"":77,""-20"":-97,""-19"":33,""-18"":93,""-17"":-179,""-16"":138,""-15"":12,""-14"":-135,""-13"":129,""-12"":-28,""-11"":-7,""-10"":-29,""-9"":42,""-8"":44,""-7"":-98,""-6"":26,""-5"":100,""-4"":-100,""-3"":-34,""-2"":132,""-1"":-66,""0"":-80,""1"":121,""2"":-15,""3"":-85,""4"":67,""5"":22,""6"":-45,""7"":5,""8"":26,""9"":-9,""10"":-7,""11"":4,""12"":6,""13"":-1,""15"":2,""16"":1,""17"":1}","{""0"":-1,""1"":3,""2"":-5,""4"":14,""5"":-34,""6"":29,""7"":12,""8"":-77,""9"":97,""10"":-33,""11"":-93,""12"":179,""13"":-138,""14"":-12,""15"":135,""16"":-129,""17"":28,""18"":7,""19"":29,""20"":-42,""21"":-44,""22"":98,""23"":-26,""24"":-100,""25"":100,""26"":34,""27"":-132,""28"":66,""29"":80,""30"":-121,""31"":15,""32"":85,""33"":-67,""34"":-22,""35"":45,""36"":-5,""37"":-26,""38"":9,""39"":7,""40"":-4,""41"":-6,""42"":1,""44"":-2,""45"":-1,""46"":-1}",32141a79d3378c296f0899143221c883cdd5e517f2d29af525f7dded2ca1cd0b,3665cb1b0edbe690c60efa152f547aa0564e157773f85375679400752bd813be,success
BBABBBB,7,1,6,8,12,14,"{""-30"":1,""-29"":-3,""-28"":7,""-27"":-8,""-26"":4,""-25"":9,""-24"":-19,""-23"":18,""-22"":1,""-21"":-21,""-20"":30,""-19"":-23,""-18"":19,""-17"":-16,""-16"":12,""-15"":15,""-14"":-31,""-13"":35,""-12"":-25,""-11"":35,""-10"":-29,""-9"":6,""-8"":31,""-7"":-27,""-6"":-1,""-5"":15,""-4"":-1,""-3"":-11,""-1"":14,""0"":-4,""1"":-19,""2"":19,""3"":11,""4"":-31,""5"":10,""6"":26,""7"":-24,""8"":-3,""9"":20,""10"":-1,""11"":-9,""12"":8,""13"":5,""15"":-1,""16"":3,""17"":1}","{""0"":1,""1"":-3,""2"":7,""3"":-8,""4"":4,""5"":9,""6"":-19,""7"":18,""8"":1,""9"":-21,""10"":30,""11"":-23,""12"":19,""13"":-16,""14"":12,""15"":15,""16"":-31,""17"":35,""18"":-25,""19"":35,""20"":-29,""21"":6,""22"":31,""23"":-27,""24"":-1,""25"":15,""26"":-1,""27"":-11,""29"":14,""30"":-4,""31"":-19,""32"":19,""33"":11,""34"":-31,""35"":10,""36"":26,""37"":-24,""38"":-3,""39"":20,""40"":-1,""41"":-9,""42"":8,""43"":5,""45"":-1,""46"":3,""47"":1}",d7bebe7c44730bc4445d8f8752d47f8419575357908a3d769990c7bd0da0b9d3,d3bab795cdbbde3b15611ad6dc34bddbaa16b3041a01fe22759183966d3a65f8,success
BBBAAAA,7,4,3,8,12,14,"{""-31"":1,""-30"":-3,""-29"":7,""-28"":-10,""-27"":11,""-26"":-6,""-25"":-2,""-24"":14,""-23"":-19,""-22"":26,""-21"":-23,""-20"":24,""-19"":-18,""-18"":11,""-17"":4,""-16"":-18,""-15"":29,""-14"":-27,""-13"":25,""-12"":-17,""-11"":14,""-10"":-4,""-9"":3,""-8"":-2,""-7"":5,""-5"":-3,""-4"":5,""-3"":-1,""-2"":3,""-1"":-3,""0"":7,""2"":3,""3"":-2,""4"":9,""5"":-4,""6"":-3,""7"":6,""9"":-6,""10"":4,""11"":4,""12"":-4,""13"":2,""14"":4,""17"":2}","{""0"":-1,""1"":3,""2"":-7,""3"":10,""4"":-11,""5"":6,""6"":2,""7"":-14,""8"":19,""9"":-26,""10"":23,""11"":-24,""12"":18,""13"":-11,""14"":-4,""15"":18,""16"":-29,""17"":27,""18"":-25,""19"":17,""20"":-14,""21"":4,""22"":-3,""23"":2,""24"":-5,""26"":3,""27"":-5,""28"":1,""29"":-3,""30"":3,""31"":-7,""33"":-3,""34"":2,""35"":-9,""36"":4,""37"":3,""38"":-6,""40"":6,""41"":-4,""42"":-4,""43"":4,""44"":-2,""45"":-4,""48"":-2}",35e8bb7fcd32a0ce24fc5af5b83496755d6fa8898c2a705c5e471de5d64bba77,dbaa42c50e8e1c735ff7331f7173a16a67e736510720a60c481cc4543216eb9f,success
BBBAAAB,7,3,4,8,12,14,"{""-30"":1,""-29"":-3,""-28"":5,""-27"":-2,""-26"":-8,""-25"":24,""-24"":-34,""-23"":29,""-22"":2,""-21"":-41,""-20"":73,""-19"":-65,""-18"":36,""-16"":-16,""-15"":24,""-14"":-22,""-13"":29,""-12"":-38,""-11"":44,""-10"":-21,""-9"":-12,""-8"":19,""-7"":9,""-6"":-21,""-5"":-1,""-4"":28,""-3"":-6,""-2"":-25,""-1"":29,""0"":20,""1"":-49,""2"":29,""3"":25,""4"":-37,""5"":-1,""6"":36,""7"":-18,""8"":-20,""9"":24,""10"":3,""11"":-15,""12"":5,""13"":8,""14"":-2,""15"":-1,""16"":3,""17"":1}","{""0"":1,""1"":-3,""2"":5,""3"":-2,""4"":-8,""5"":24,""6"":-34,""7"":29,""8"":2,""9"":-41,""10"":73,""11"":-65,""12"":36,""14"":-16,""15"":24,""16"":-22,""17"":29,""18"":-38,""19"":44,""20"":-21,""21"":-12,""22"":19,""23"":9,""24"":-21,""25"":-1,""26"":28,""27"":-6,""28"":-25,""29"":29,""30"":20,""31"":-49,""32"":29,""33"":25,""34"":-37,""35"":-1,""36"":36,""37"":-18,""38"":-20,""39"":24,""40"":3,""41"":-15,""42"":5,""43"":8,""44"":-2,""45"":-1,""46"":3,""47"":1}",b5af0b16242938c6340d08a734ccf44467e82def3afbfa3c46a5083ed8caf065,cc3d373cce8e0b87964bcf6c58cd337fae5f078fd4fc56c6eee1ff3ae6ebdc57,success
BBBAABA,7,3,4,8,12,14,"{""-29"":1,""-28"":-3,""-27"":5,""-26"":-1,""-25"":-8,""-24"":16,""-23"":-6,""-22"":-18,""-21"":46,""-20"":-42,""-19"":4,""-18"":69,""-17"":-120,""-16"":108,""-15"":-14,""-14"":-78,""-13"":91,""-12"":-36,""-11"":12,""-10"":-47,""-9"":60,""-8"":7,""-7"":-66,""-6"":35,""-5"":55,""-4"":-66,""-3"":-14,""-2"":89,""-1"":-45,""0"":-45,""1"":70,""2"":8,""3"":-69,""4"":39,""5"":30,""6"":-40,""7"":-1,""8"":23,""9"":-5,""10"":-9,""11"":4,""12"":6,""13"":-1,""15"":2,""16"":1,""17"":1}","{""0"":-1,""1"":3,""2"":-5,""3"":1,""4"":8,""5"":-16,""6"":6,""7"":18,""8"":-46,""9"":42,""10"":-4,""11"":-69,""12"":120,""13"":-108,""14"":14,""15"":78,""16"":-91,""17"":36,""18"":-12,""19"":47,""20"":-60,""21"":-7,""22"":66,""23"":-35,""24"":-55,""25"":66,""26"":14,""27"":-89,""28"":45,""29"":45,""30"":-70,""31"":-8,""32"":69,""33"":-39,""34"":-30,""35"":40,""36"":1,""37"":-23,""38"":5,""39"":9,""40"":-4,""41"":-6,""42"":1,""44"":-2,""45"":-1,""46"":-1}",16a851828d6684ef8a150dfee3178e91bfeba453e3106e9e106bf217c222ed70,a3fb86052432bcabe53d1649c6d6995362bfca45b70367880a5ab714092e2d87,success
BBBAABB,7,2,5,8,12,14,"{""-30"":1,""-29"":-4,""-28"":10,""-27"":-14,""-26"":9,""-25"":14,""-24"":-47,""-23"":70,""-22"":-53,""-21"":-7,""-20"":87,""-19"":-130,""-18"":112,""-17"":-29,""-16"":-47,""-15"":73,""-14"":-33,""-13"":4,""-12"":-28,""-11"":73,""-10"":-51,""-9"":-21,""-8"":47,""-7"":19,""-6"":-62,""-5"":11,""-4"":80,""-3"":-70,""-2"":-30,""-1"":88,""0"":-23,""1"":-74,""2"":76,""3"":19,""4"":-74,""5"":30,""6"":45,""7"":-43,""8"":-8,""9"":31,""10"":-4,""11"":-15,""12"":8,""13"":7,""14"":-2,""15"":-1,""16"":3,""17"":1}","{""0"":1,""1"":-4,""2"":10,""3"":-14,""4"":9,""5"":14,""6"":-47,""7"":70,""8"":-53,""9"":-7,""10"":87,""11"":-130,""12"":112,""13"":-29,""14"":-47,""15"":73,""16"":-33,""17"":4,""18"":-28,""19"":73,""20"":-51,""21"":-21,""22"":47,""23"":19,""24"":-62,""25"":11,""26"":80,""27"":-70,""28"":-30,""29"":88,""30"":-23,""31"":-74,""32"":76,""33"":19,""34"":-74,""35"":30,""36"":45,""37"":-43,""38"":-8,""39"":31,""40"":-4,""41"":-15,""42"":8,""43"":7,""44"":-2,""45"":-1,""46"":3,""47"":1}",9a8db508fa57bd75dd3ab247e63afe57139b58c46899842297721b5b745ba10a,cae77f50edb767606ca962cbb6bf3d9baf97d99b35247d86c82ba21590ff2944,success
BBBABAA,7,3,4,8,12,14,"{""-29"":1,""-28"":-3,""-27"":7,""-26"":-8,""-25"":4,""-24"":9,""-23"":-19,""-22"":18,""-21"":6,""-20"":-28,""-19"":33,""-18"":8,""-17"":-68,""-16"":108,""-15"":-69,""-14"":-23,""-13"":93,""-12"":-80,""-11"":37,""-10"":-33,""-9"":50,""-8"":-16,""-7"":-51,""-6"":71,""-5"":-2,""-4"":-58,""-3"":43,""-2"":38,""-1"":-64,""0"":15,""1"":51,""2"":-38,""3"":-21,""4"":46,""5"":-10,""6"":-21,""7"":10,""8"":11,""9"":-7,""10"":-4,""11"":5,""12"":3,""15"":2,""16"":1,""17"":1}","{""0"":-1,""1"":3,""2"":-7,""3"":8,""4"":-4,""5"":-9,""6"":19,""7"":-18,""8"":-6,""9"":28,""10"":-33,""11"":-8,""12"":68,""13"":-108,""14"":69,""15"":23,""16"":-93,""17"":80,""18"":-37,""19"":33,""20"":-50,""21"":16,""22"":51,""23"":-71,""24"":2,""25"":58,""26"":-43,""27"":-38,""28"":64,""29"":-15,""30"":-51,""31"":38,""32"":21,""33"":-46,""34"":10,""35"":21,""36"":-10,""37"":-11,""38"":7,""39"":4,""40"":-5,""41"":-3,""44"":-2,""45"":-1,""46"":-1}",5a2e723ff7258cbe8ce205861354e10aa68e48f2c572a08580054cfb18b32615,5a46e193b20d3e63b67b525963180ac86e05eeaa99a1bb1516380f185602feda,success
BBBABAB,7,2,5,8,12,14,"{""-28"":1,""-27"":-2,""-26"":3,""-24"":-3,""-23"":6,""-22"":-3,""-20"":7,""-19"":-5,""-18"":2,""-17"":8,""-16"":12,""-15"":-50,""-14"":69,""-13"":-25,""-12"":-39,""-11"":65,""-10"":-43,""-9"":39,""-8"":-50,""-7"":46,""-6"":8,""-5"":-52,""-4"":47,""-3"":2,""-2"":-29,""-1"":6,""0"":31,""1"":-23,""2"":-12,""3"":26,""4"":1,""5"":-17,""6"":7,""7"":8,""9"":-6,""10"":3,""11"":5,""13"":-1,""14"":3,""15"":1,""16"":1,""17"":1}","{""0"":1,""1"":-2,""2"":3,""4"":-3,""5"":6,""6"":-3,""8"":7,""9"":-5,""10"":2,""11"":8,""12"":12,""13"":-50,""14"":69,""15"":-25,""16"":-39,""17"":65,""18"":-43,""19"":39,""20"":-50,""21"":46,""22"":8,""23"":-52,""24"":47,""25"":2,""26"":-29,""27"":6,""28"":31,""29"":-23,""30"":-12,""31"":26,""32"":1,""33"":-17,""34"":7,""35"":8,""37"":-6,""38"":3,""39"":5,""41"":-1,""42"":3,""43"":1,""44"":1,""45"":1}",102fe4db62497e3bb84a9411719ba29f7514e39baf26142685b5bae5c5140de6,2760e35ef4efb8774a42fe6f072323e3edff944ccf56b5c9e45aba769f361701,success
BBBABBA,7,2,5,8,12,14,"{""-29"":1,""-28"":-3,""-27"":5,""-25"":-13,""-24"":29,""-23"":-25,""-22"":-5,""-21"":56,""-20"":-80,""-19"":48,""-18"":51,""-17"":-145,""-16"":147,""-15"":-31,""-14"":-100,""-13"":124,""-12"":-41,""-11"":-1,""-10"":-30,""-9"":55,""-8"":23,""-7"":-95,""-6"":50,""-5"":77,""-4"":-111,""-3"":3,""-2"":108,""-1"":-78,""0"":-47,""1"":100,""2"":-17,""3"":-72,""4"":60,""5"":20,""6"":-42,""7"":5,""8"":24,""9"":-8,""10"":-7,""11"":4,""12"":6,""13"":-1,""15"":2,""16"":1,""17"":1}","{""0"":-1,""1"":3,""2"":-5,""4"":13,""5"":-29,""6"":25,""7"":5,""8"":-56,""9"":80,""10"":-48,""11"":-51,""12"":145,""13"":-147,""14"":31,""15"":100,""16"":-124,""17"":41,""18"":1,""19"":30,""20"":-55,""21"":-23,""22"":95,""23"":-50,""24"":-77,""25"":111,""26"":-3,""27"":-108,""28"":78,""29"":47,""30"":-100,""31"":17,""32"":72,""33"":-60,""34"":-20,""35"":42,""36"":-5,""37"":-24,""38"":8,""39"":7,""40"":-4,""41"":-6,""42"":1,""44"":-2,""45"":-1,""46"":-1}",bd37e570697e2be1e86b2c8b387c038f708fca053bd5a1a4406d77f60628fddc,d7b5901e6c96089e14fa8560bec02b99b97844896d38291ff6ca75ff545d6579,success
BBBABBB,7,1,6,8,12,14,"{""-30"":1,""-29"":-3,""-28"":7,""-27"":-9,""-26"":8,""-25"":2,""-24"":-16,""-23"":30,""-22"":-26,""-21"":1,""-20"":38,""-19"":-61,""-18"":56,""-17"":-21,""-16"":-14,""-15"":43,""-14"":-38,""-13"":25,""-12"":-15,""-11"":32,""-10"":-25,""-9"":-4,""-8"":33,""-7"":-11,""-6"":-22,""-5"":18,""-4"":20,""-3"":-30,""-2"":-6,""-1"":40,""0"":-24,""1"":-26,""2"":44,""3"":-8,""4"":-32,""5"":23,""6"":17,""7"":-24,""9"":19,""10"":-1,""11"":-9,""12"":8,""13"":5,""15"":-1,""16"":3,""17"":1}","{""0"":1,""1"":-3,""2"":7,""3"":-9,""4"":8,""5"":2,""6"":-16,""7"":30,""8"":-26,""9"":1,""10"":38,""11"":-61,""12"":56,""13"":-21,""14"":-14,""15"":43,""16"":-38,""17"":25,""18"":-15,""19"":32,""20"":-25,""21"":-4,""22"":33,""23"":-11,""24"":-22,""25"":18,""26"":20,""27"":-30,""28"":-6,""29"":40,""30"":-24,""31"":-26,""32"":44,""33"":-8,""34"":-32,""35"":23,""36"":17,""37"":-24,""39"":19,""40"":-1,""41"":-9,""42"":8,""43"":5,""45"":-1,""46"":3,""47"":1}",8a2757338ba769f9eecb0052569f9326bbcaa33ed64d51097217765ce057ffa4,a5cf4f4cd84f6f4143e05c1695d6c127ba094035e42e2d9d8550f2d282998b91,success
BBBBAAA,7,3,4,8,12,14,"{""-31"":1,""-30"":-3,""-29"":7,""-28"":-10,""-27"":11,""-26"":-6,""-25"":-3,""-24"":15,""-23"":-23,""-22"":28,""-21"":-23,""-20"":22,""-19"":-14,""-18"":10,""-17"":5,""-16"":-18,""-15"":29,""-14"":-27,""-13"":24,""-12"":-17,""-11"":13,""-10"":-5,""-9"":2,""-8"":-2,""-7"":5,""-6"":-1,""-4"":5,""-3"":2,""-2"":5,""-1"":-2,""0"":7,""2"":1,""3"":-4,""4"":10,""5"":-6,""6"":-2,""7"":6,""9"":-6,""10"":4,""11"":4,""12"":-4,""13"":2,""14"":4,""17"":2}","{""0"":-1,""1"":3,""2"":-7,""3"":10,""4"":-11,""5"":6,""6"":3,""7"":-15,""8"":23,""9"":-28,""10"":23,""11"":-22,""12"":14,""13"":-10,""14"":-5,""15"":18,""16"":-29,""17"":27,""18"":-24,""19"":17,""20"":-13,""21"":5,""22"":-2,""23"":2,""24"":-5,""25"":1,""27"":-5,""28"":-2,""29"":-5,""30"":2,""31"":-7,""33"":-1,""34"":4,""35"":-10,""36"":6,""37"":2,""38"":-6,""40"":6,""41"":-4,""42"":-4,""43"":4,""44"":-2,""45"":-4,""48"":-2}",508df28cbf2ed53608a56751d0b40f7d2e7c894343506666903b533c757c37a6,0c3b9fe876b7494e39c9a0e70d2004f03583cde119dcf93c4d0250c17bf73dd8,success
BBBBAAB,7,2,5,8,12,14,"{""-30"":1,""-29"":-3,""-28"":5,""-27"":-1,""-26"":-10,""-25"":24,""-24"":-24,""-23"":5,""-22"":25,""-21"":-39,""-20"":33,""-19"":-17,""-18"":21,""-17"":-25,""-16"":19,""-15"":15,""-14"":-35,""-13"":41,""-12"":-38,""-11"":44,""-10"":-32,""-9"":-3,""-8"":32,""-7"":-17,""-6"":-8,""-5"":17,""-4"":5,""-3"":-10,""-1"":6,""0"":11,""1"":-22,""2"":5,""3"":27,""4"":-23,""5"":-12,""6"":38,""7"":-13,""8"":-20,""9"":22,""10"":5,""11"":-15,""12"":5,""13"":8,""14"":-2,""15"":-1,""16"":3,""17"":1}","{""0"":1,""1"":-3,""2"":5,""3"":-1,""4"":-10,""5"":24,""6"":-24,""7"":5,""8"":25,""9"":-39,""10"":33,""11"":-17,""12"":21,""13"":-25,""14"":19,""15"":15,""16"":-35,""17"":41,""18"":-38,""19"":44,""20"":-32,""21"":-3,""22"":32,""23"":-17,""24"":-8,""25"":17,""26"":5,""27"":-10,""29"":6,""30"":11,""31"":-22,""32"":5,""33"":27,""34"":-23,""35"":-12,""36"":38,""37"":-13,""38"":-20,""39"":22,""40"":5,""41"":-15,""42"":5,""43"":8,""44"":-2,""45"":-1,""46"":3,""47"":1}",71121655d71ab42b1de41fe35c2105d568300702e8111f2da2ccb23d96081712,a1f1556cfab8daa5104e2f94fc3d8a267c21d50085788574f2ed090ab942cfbb,success
BBBBABA,7,2,5,8,12,14,"{""-29"":1,""-28"":-2,""-27"":3,""-25"":-3,""-24"":5,""-22"":-4,""-21"":2,""-20"":12,""-19"":-19,""-18"":23,""-17"":-19,""-16"":25,""-15"":-14,""-14"":-12,""-13"":40,""-12"":-38,""-11"":30,""-10"":-29,""-9"":36,""-8"":-14,""-7"":-17,""-6"":33,""-5"":-13,""-4"":-4,""-3"":4,""-2"":10,""-1"":-7,""0"":-9,""1"":17,""2"":4,""3"":-20,""4"":12,""5"":14,""6"":-13,""7"":-5,""8"":15,""9"":-3,""10"":-4,""11"":2,""12"":5,""15"":2,""16"":1,""17"":1}","{""0"":-1,""1"":2,""2"":-3,""4"":3,""5"":-5,""7"":4,""8"":-2,""9"":-12,""10"":19,""11"":-23,""12"":19,""13"":-25,""14"":14,""15"":12,""16"":-40,""17"":38,""18"":-30,""19"":29,""20"":-36,""21"":14,""22"":17,""23"":-33,""24"":13,""25"":4,""26"":-4,""27"":-10,""28"":7,""29"":9,""30"":-17,""31"":-4,""32"":20,""33"":-12,""34"":-14,""35"":13,""36"":5,""37"":-15,""38"":3,""39"":4,""40"":-2,""41"":-5,""44"":-2,""45"":-1,""46"":-1}",e75745e8948107afdd22e793dae6ee11166c22860a882d8506f3998d68f95fef,34323e001b8e713e33e0967a0b34e22656286275692e67b0eab9f25901e1ad05,success
BBBBABB,7,1,6,8,12,14,"{""-30"":1,""-29"":-3,""-28"":7,""-27"":-8,""-26"":4,""-25"":9,""-24"":-19,""-23"":18,""-22"":1,""-21"":-21,""-20"":30,""-19"":-23,""-18"":19,""-17"":-16,""-16"":12,""-15"":15,""-14"":-31,""-13"":35,""-12"":-25,""-11"":35,""-10"":-29,""-9"":6,""-8"":31,""-7"":-27,""-6"":-1,""-5"":15,""-4"":-1,""-3"":-11,""-1"":14,""0"":-4,""1"":-19,""2"":19,""3"":11,""4"":-31,""5"":10,""6"":26,""7"":-24,""8"":-3,""9"":20,""10"":-1,""11"":-9,""12"":8,""13"":5,""15"":-1,""16"":3,""17"":1}","{""0"":1,""1"":-3,""2"":7,""3"":-8,""4"":4,""5"":9,""6"":-19,""7"":18,""8"":1,""9"":-21,""10"":30,""11"":-23,""12"":19,""13"":-16,""14"":12,""15"":15,""16"":-31,""17"":35,""18"":-25,""19"":35,""20"":-29,""21"":6,""22"":31,""23"":-27,""24"":-1,""25"":15,""26"":-1,""27"":-11,""29"":14,""30"":-4,""31"":-19,""32"":19,""33"":11,""34"":-31,""35"":10,""36"":26,""37"":-24,""38"":-3,""39"":20,""40"":-1,""41"":-9,""42"":8,""43"":5,""45"":-1,""46"":3,""47"":1}",d7bebe7c44730bc4445d8f8752d47f8419575357908a3d769990c7bd0da0b9d3,d3bab795cdbbde3b15611ad6dc34bddbaa16b3041a01fe22759183966d3a65f8,success
BBBBBAA,7,2,5,8,12,14,"{""-31"":1,""-30"":-3,""-29"":7,""-28"":-9,""-27"":7,""-26"":3,""-25"":-15,""-24"":23,""-23"":-20,""-22"":11,""-21"":-3,""-20"":6,""-19"":-9,""-18"":14,""-16"":-11,""-15"":25,""-14"":-24,""-13"":24,""-12"":-19,""-11"":14,""-10"":-3,""-9"":-3,""-8"":5,""-7"":2,""-6"":1,""-4"":5,""-3"":-2,""-2"":1,""-1"":2,""0"":-2,""1"":4,""2"":2,""3"":-4,""4"":8,""6"":-4,""7"":4,""8"":6,""9"":-10,""10"":6,""11"":4,""12"":-4,""13"":2,""14"":4,""17"":2}","{""0"":-1,""1"":3,""2"":-7,""3"":9,""4"":-7,""5"":-3,""6"":15,""7"":-23,""8"":20,""9"":-11,""10"":3,""11"":-6,""12"":9,""13"":-14,""15"":11,""16"":-25,""17"":24,""18"":-24,""19"":19,""20"":-14,""21"":3,""22"":3,""23"":-5,""24"":-2,""25"":-1,""27"":-5,""28"":2,""29"":-1,""30"":-2,""31"":2,""32"":-4,""33"":-2,""34"":4,""35"":-8,""37"":4,""38"":-4,""39"":-6,""40"":10,""41"":-6,""42"":-4,""43"":4,""44"":-2,""45"":-4,""48"":-2}",52f2ceb5fa35650ab812723a6dd29914502b513d09dc457f0c152e0380120cac,f6d9ecc42125cca6ffaf17b19ec8dbe2b690c9c32b67310c830b59ffa3a4cc2a,success
BBBBBAB,7,1,6,8,12,14,"{""-30"":1,""-29"":-2,""-28"":3,""-26"":-3,""-25"":5,""-24"":2,""-23"":-12,""-22"":21,""-21"":-18,""-20"":6,""-19"":8,""-18"":-7,""-17"":-2,""-16"":13,""-15"":2,""-14"":-15,""-13"":27,""-12"":-20,""-11"":25,""-10"":-20,""-9"":12,""-8"":11,""-7"":-18,""-6"":11,""-4"":-3,""-3"":1,""0"":1,""1"":-2,""3"":6,""4"":-5,""5"":-4,""6"":12,""7"":-2,""8"":-8,""9"":9,""10"":8,""11"":-9,""12"":5,""13"":6,""15"":-1,""16"":3,""17"":1}","{""0"":1,""1"":-2,""2"":3,""4"":-3,""5"":5,""6"":2,""7"":-12,""8"":21,""9"":-18,""10"":6,""11"":8,""12"":-7,""13"":-2,""14"":13,""15"":2,""16"":-15,""17"":27,""18"":-20,""19"":25,""20"":-20,""21"":12,""22"":11,""23"":-18,""24"":11,""26"":-3,""27"":1,""30"":1,""31"":-2,""33"":6,""34"":-5,""35"":-4,""36"":12,""37"":-2,""38"":-8,""39"":9,""40"":8,""41"":-9,""42"":5,""43"":6,""45"":-1,""46"":3,""47"":1}",6934543c82b5c98b14c3a88e1627c6458dd60239469dfd456746438ee3894ec3,4f4ada811edf0d94d46cee04a1cd4f87210dcac39c9a3184cde3102acaad0eb4,success
BBBBBBA,7,1,6,8,12,14,"{""-31"":1,""-30"":-2,""-29"":3,""-27"":-5,""-26"":12,""-25"":-14,""-24"":12,""-23"":-5,""-21"":3,""-20"":-1,""-19"":-1,""-18"":5,""-17"":1,""-16"":-3,""-15"":14,""-14"":-13,""-13"":18,""-12"":-13,""-11"":14,""-10"":-3,""-9"":1,""-8"":5,""-7"":-2,""-6"":1,""5"":2,""8"":6,""9"":-2,""10"":2,""11"":4,""12"":2,""13"":-2,""14"":6,""17"":2}","{""0"":-1,""1"":2,""2"":-3,""4"":5,""5"":-12,""6"":14,""7"":-12,""8"":5,""10"":-3,""11"":1,""12"":1,""13"":-5,""14"":-1,""15"":3,""16"":-14,""17"":13,""18"":-18,""19"":13,""20"":-14,""21"":3,""22"":-1,""23"":-5,""24"":2,""25"":-1,""36"":-2,""39"":-6,""40"":2,""41"":-2,""42"":-4,""43"":-2,""44"":2,""45"":-6,""48"":-2}",6c1fe1678889cf5294244ac605df137074dde63a9524e8f86086f56019c8237f,a33a86067ff4da1e47d5a25c0f8cb36a43886af195c3f3a59bf4e62495f4d243,success
BBBBBBB,7,0,7,8,12,14,"{""-32"":1,""-31"":-2,""-30"":5,""-29"":-6,""-28"":8,""-27"":-6,""-26"":5,""-25"":-2,""-24"":1,""-19"":1,""-18"":-2,""-17"":7,""-16"":-5,""-15"":14,""-14"":-6,""-13"":14,""-12"":-5,""-11"":7,""-10"":-2,""-9"":1,""10"":2,""12"":4,""13"":2,""14"":4,""15"":2,""16"":4,""18"":2}","{""0"":1,""1"":-2,""2"":5,""3"":-6,""4"":8,""5"":-6,""6"":5,""7"":-2,""8"":1,""13"":1,""14"":-2,""15"":7,""16"":-5,""17"":14,""18"":-6,""19"":14,""20"":-5,""21"":7,""22"":-2,""23"":1,""42"":2,""44"":4,""45"":2,""46"":4,""47"":2,""48"":4,""50"":2}",b3ce0e81e5be8cc5b900cdba3f6e2f43a8302d56b2873cfbf7cdfad509d7a778,5bdb469756fff9a38077de50fad450a9cd16a0e5d4664ae94323a10e2ca1342c,success
AABAAAAB,8,6,2,8,12,16,"{""-33"":1,""-32"":-3,""-31"":6,""-30"":-2,""-29"":-9,""-28"":29,""-27"":-27,""-26"":-3,""-25"":59,""-24"":-75,""-23"":34,""-22"":51,""-21"":-95,""-20"":78,""-19"":-26,""-18"":-12,""-17"":31,""-16"":-38,""-15"":29,""-14"":-10,""-13"":23,""-12"":-55,""-11"":50,""-10"":19,""-9"":-64,""-8"":32,""-7"":22,""-6"":-8,""-5"":-41,""-4"":30,""-3"":46,""-2"":-75,""-1"":-1,""0"":92,""1"":-69,""2"":-50,""3"":112,""4"":-36,""5"":-66,""6"":70,""7"":9,""8"":-40,""9"":10,""10"":22,""11"":-9,""12"":-6,""13"":5,""14"":5,""15"":-1,""17"":2,""18"":1,""19"":1}","{""0"":-1,""1"":3,""2"":-6,""3"":2,""4"":9,""5"":-29,""6"":27,""7"":3,""8"":-59,""9"":75,""10"":-34,""11"":-51,""12"":95,""13"":-78,""14"":26,""15"":12,""16"":-31,""17"":38,""18"":-29,""19"":10,""20"":-23,""21"":55,""22"":-50,""23"":-19,""24"":64,""25"":-32,""26"":-22,""27"":8,""28"":41,""29"":-30,""30"":-46,""31"":75,""32"":1,""33"":-92,""34"":69,""35"":50,""36"":-112,""37"":36,""38"":66,""39"":-70,""40"":-9,""41"":40,""42"":-10,""43"":-22,""44"":9,""45"":6,""46"":-5,""47"":-5,""48"":1,""50"":-2,""51"":-1,""52"":-1}",b992ae2e79285a1206c43f470f782b2f014ea50f4bb7e74bcd6b77f80082ca91,b7b6b0c5ef63e9da6c8ff7fa8574fb232e9dad0398cb2098d6c0b3f26eb3aff4,success
AABAAABA,8,6,2,8,12,16,"{""-32"":1,""-31"":-1,""-30"":1,""-29"":6,""-28"":-11,""-27"":13,""-26"":14,""-25"":-47,""-24"":63,""-22"":-102,""-21"":159,""-20"":-72,""-19"":-125,""-18"":267,""-17"":-199,""-16"":-41,""-15"":225,""-14"":-176,""-13"":14,""-12"":33,""-11"":53,""-10"":-50,""-9"":-99,""-8"":185,""-7"":-32,""-6"":-180,""-5"":166,""-4"":69,""-3"":-221,""-2"":93,""-1"":143,""0"":-191,""1"":15,""2"":134,""3"":-84,""4"":-40,""5"":65,""6"":8,""7"":-36,""8"":7,""9"":18,""10"":-2,""11"":-8,""12"":3,""13"":5,""16"":2,""17"":1,""18"":1,""19"":1}","{""0"":1,""1"":-1,""2"":1,""3"":6,""4"":-11,""5"":13,""6"":14,""7"":-47,""8"":63,""10"":-102,""11"":159,""12"":-72,""13"":-125,""14"":267,""15"":-199,""16"":-41,""17"":225,""18"":-176,""19"":14,""20"":33,""21"":53,""22"":-50,""23"":-99,""24"":185,""25"":-32,""26"":-180,""27"":166,""28"":69,""29"":-221,""30"":93,""31"":143,""32"":-191,""33"":15,""34"":134,""35"":-84,""36"":-40,""37"":65,""38"":8,""39"":-36,""40"":7,""41"":18,""42"":-2,""43"":-8,""44"":3,""45"":5,""48"":2,""49"":1,""50"":1,""51"":1}",46ba14602ca35747fb71f68d635df5bc4162f6bf6cfffcf8b86fdd2dcac8ed96,de2be215e925bd0b10a6ca893991b4bd8599fd471b18c9e4a1167ab94829c76f,success
AABAAABB,8,5,3,8,12,16,"{""-33"":1,""-32"":-4,""-31"":10,""-30"":-13,""-29"":4,""-28"":28,""-27"":-62,""-26"":64,""-25"":12,""-24"":-128,""-23"":194,""-22"":-98,""-21"":-117,""-20"":294,""-19"":-256,""-18"":28,""-17"":198,""-16"":-222,""-15"":56,""-14"":91,""-13"":-47,""-12"":-85,""-11"":80,""-10"":70,""-9"":-113,""-8"":-49,""-7"":183,""-6"":-42,""-5"":-205,""-4"":214,""-3"":64,""-2"":-278,""-1"":157,""0"":145,""1"":-247,""2"":55,""3"":161,""4"":-132,""5"":-37,""6"":106,""7"":-22,""8"":-46,""9"":22,""10"":20,""11"":-13,""12"":-7,""13"":7,""14"":4,""15"":-1,""17"":2,""18"":1,""19"":1}","{""0"":-1,""1"":4,""2"":-10,""3"":13,""4"":-4,""5"":-28,""6"":62,""7"":-64,""8"":-12,""9"":128,""10"":-194,""11"":98,""12"":117,""13"":-294,""14"":256,""15"":-28,""16"":-198,""17"":222,""18"":-56,""19"":-91,""20"":47,""21"":85,""22"":-80,""23"":-70,""24"":113,""25"":49,""26"":-183,""27"":42,""28"":205,""29"":-214,""30"":-64,""31"":278,""32"":-157,""33"":-145,""34"":247,""35"":-55,""36"":-161,""37"":132,""38"":37,""39"":-106,""40"":22,""41"":46,""42"":-22,""43"":-20,""44"":13,""45"":7,""46"":-7,""47"":-4,""48"":1,""50"":-2,""51"":-1,""52"":-1}",1dd88f6eeaf5c9b6e7d0132cf2fe5d2883f3dfcf60ede354ad8b91ff558bfb42,e7b7a5d5bbe08e3be11a17d8590cca9b15ea900afb0240991f353ef3891c995d,success
AABAABAA,8,6,2,8,12,16,"{""-32"":1,""-31"":-2,""-30"":5,""-29"":-1,""-28"":-7,""-27"":28,""-26"":-28,""-25"":-3,""-24"":80,""-23"":-121,""-22"":51,""-21"":140,""-20"":-280,""-19"":168,""-18"":170,""-17"":-409,""-16"":273,""-15"":100,""-14"":-285,""-13"":152,""-12"":9,""-11"":55,""-10"":-143,""-9"":-18,""-8"":293,""-7"":-274,""-6"":-91,""-5"":374,""-4"":-226,""-3"":-155,""-2"":301,""-1"":-83,""0"":-162,""1"":137,""2"":45,""3"":-101,""4"":7,""5"":58,""6"":-12,""7"":-29,""8"":13,""9"":17,""10"":-6,""11"":-7,""12"":5,""13"":4,""16"":2,""17"":1,""18"":1,""19"":1}","{""0"":1,""1"":-2,""2"":5,""3"":-1,""4"":-7,""5"":28,""6"":-28,""7"":-3,""8"":80,""9"":-121,""10"":51,""11"":140,""12"":-280,""13"":168,""14"":170,""15"":-409,""16"":273,""17"":100,""18"":-285,""19"":152,""20"":9,""21"":55,""22"":-143,""23"":-18,""24"":293,""25"":-274,""26"":-91,""27"":374,""28"":-226,""29"":-155,""30"":301,""31"":-83,""32"":-162,""33"":137,""34"":45,""35"":-101,""36"":7,""37"":58,""38"":-12,""39"":-29,""40"":13,""41"":17,""42"":-6,""43"":-7,""44"":5,""45"":4,""48"":2,""49"":1,""50"":1,""51"":1}",ef0c9084ae0724cef1138c75a9690e98627ca0a832d416ac446079397f030816,bc19b2ce8ebb73fcfdc3f729dc686885f75015c4c73cc4d1a597c710c1acbef6,success
AABAABAB,8,5,3,8,12,16,"{""-31"":1,""-30"":-3,""-29"":6,""-28"":-1,""-27"":-10,""-26"":25,""-25"":-8,""-24"":-33,""-23"":69,""-22"":-16,""-21"":-94,""-20"":136,""-19"":1,""-18"":-185,""-17"":165,""-16"":84,""-15"":-267,""-14"":161,""-13"":75,""-12"":-138,""-11"":42,""-10"":-28,""-9"":158,""-8"":-185,""-7"":-21,""-6"":268,""-5"":-247,""-4"":-24,""-3"":226,""-2"":-150,""-1"":-49,""0"":115,""1"":-25,""2"":-32,""3"":2,""4"":27,""5"":6,""6"":-24,""8"":22,""9"":-6,""10"":-9,""11"":5,""12"":4,""13"":-1,""15"":2,""16"":1,""17"":1,""18"":1,""19"":1}","{""0"":-1,""1"":3,""2"":-6,""3"":1,""4"":10,""5"":-25,""6"":8,""7"":33,""8"":-69,""9"":16,""10"":94,""11"":-136,""12"":-1,""13"":185,""14"":-165,""15"":-84,""16"":267,""17"":-161,""18"":-75,""19"":138,""20"":-42,""21"":28,""22"":-158,""23"":185,""24"":21,""25"":-268,""26"":247,""27"":24,""28"":-226,""29"":150,""30"":49,""31"":-115,""32"":25,""33"":32,""34"":-2,""35"":-27,""36"":-6,""37"":24,""39"":-22,""40"":6,""41"":9,""42"":-5,""43"":-4,""44"":1,""46"":-2,""47"":-1,""48"":-1,""49"":-1,""50"":-1}",b8a368c74c7dc0d6f0c9fc9646bb8c3de3d12c44de743577f67fdcbf5c04e7c9,afad1defbc2026b1d9c5233399388c2308bd701ffdb673e951702adfa5ffadca,success
AABABAAB,8,5,3,8,12,16,"{""-31"":1,""-30"":-3,""-29"":6,""-28"":-1,""-27"":-11,""-26"":30,""-25"":-18,""-24"":-24,""-23"":76,""-22"":-50,""-21"":-50,""-20"":126,""-19"":-49,""-18"":-113,""-17"":147,""-16"":27,""-15"":-203,""-14"":159,""-13"":27,""-12"":-105,""-11"":43,""-10"":-23,""-9"":134,""-8"":-186,""-7"":41,""-6"":188,""-5"":-234,""-4"":47,""-3"":147,""-2"":-138,""-1"":-3,""0"":79,""1"":-30,""2"":-14,""3"":-2,""4"":21,""5"":7,""6"":-22,""7"":2,""8"":19,""9"":-6,""10"":-7,""11"":4,""12"":4,""13"":-1,""15"":2,""16"":1,""17"":1,""18"":1,""19"":1}","{""0"":-1,""1"":3,""2"":-6,""3"":1,""4"":11,""5"":-30,""6"":18,""7"":24,""8"":-76,""9"":50,""10"":50,""11"":-126,""12"":49,""13"":113,""14"":-147,""15"":-27,""16"":203,""17"":-159,""18"":-27,""19"":105,""20"":-43,""21"":23,""22"":-134,""23"":186,""24"":-41,""25"":-188,""26"":234,""27"":-47,""28"":-147,""29"":138,""30"":3,""31"":-79,""32"":30,""33"":14,""34"":2,""35"":-21,""36"":-7,""37"":22,""38"":-2,""39"":-19,""40"":6,""41"":7,""42"":-4,""43"":-4,""44"":1,""46"":-2,""47"":-1,""48"":-1,""49"":-1,""50"":-1}",46c1313b905d76b0a498ee135561eb09085d6d348636e44cd3cbe87676a3cc0d,10e4ec087b3f17f24162a824519ad354a0e58bd976c296db7b62e74f65cdead6,success
AABABABA,8,5,3,8,12,16,"{""-30"":1,""-28"":1,""-27"":5,""-26"":-4,""-25"":6,""-24"":6,""-23"":-9,""-22"":3,""-21"":14,""-20"":-11,""-19"":-12,""-18"":28,""-17"":-17,""-16"":7,""-15"":-19,""-14"":35,""-13"":-13,""-12"":-21,""-11"":40,""-10"":-31,""-9"":30,""-8"":-40,""-7"":46,""-6"":-23,""-5"":-13,""-4"":34,""-3"":-22,""-2"":11,""-1"":-11,""0"":17,""1"":-1,""2"":-12,""3"":6,""4"":13,""5"":-9,""6"":-4,""7"":9,""8"":1,""9"":-4,""10"":1,""11"":3,""14"":2,""15"":1,""16"":1,""17"":1,""18"":1,""19"":1}","{""0"":1,""2"":1,""3"":5,""4"":-4,""5"":6,""6"":6,""7"":-9,""8"":3,""9"":14,""10"":-11,""11"":-12,""12"":28,""13"":-17,""14"":7,""15"":-19,""16"":35,""17"":-13,""18"":-21,""19"":40,""20"":-31,""21"":30,""22"":-40,""23"":46,""24"":-23,""25"":-13,""26"":34,""27"":-22,""28"":11,""29"":-11,""30"":17,""31"":-1,""32"":-12,""33"":6,""34"":13,""35"":-9,""36"":-4,""37"":9,""38"":1,""39"":-4,""40"":1,""41"":3,""44"":2,""45"":1,""46"":1,""47"":1,""48"":1,""49"":1}",4b85d1b0e1657244c91a1fa4995ba22e316f67dbc8ec83406d5831115e0578c1,e82d5da0a17cb38f42d7d8feeee53c823ebfb2e411e76519efc02e65f5c0a006,success
AABABABB,8,4,4,8,12,16,"{""-31"":1,""-30"":-3,""-29"":7,""-28"":-7,""-27"":1,""-26"":16,""-25"":-22,""-24"":12,""-23"":24,""-22"":-38,""-21"":11,""-20"":44,""-19"":-50,""-18"":-6,""-17"":48,""-16"":3,""-15"":-85,""-14"":83,""-13"":6,""-12"":-62,""-11"":43,""-10"":-24,""-9"":68,""-8"":-107,""-7"":63,""-6"":51,""-5"":-107,""-4"":63,""-3"":28,""-2"":-47,""-1"":6,""0"":26,""1"":-7,""2"":-5,""3"":-10,""4"":20,""5"":2,""6"":-15,""7"":2,""8"":13,""9"":-5,""10"":-5,""11"":4,""12"":2,""15"":2,""16"":1,""17"":1,""18"":1,""19"":1}","{""0"":-1,""1"":3,""2"":-7,""3"":7,""4"":-1,""5"":-16,""6"":22,""7"":-12,""8"":-24,""9"":38,""10"":-11,""11"":-44,""12"":50,""13"":6,""14"":-48,""15"":-3,""16"":85,""17"":-83,""18"":-6,""19"":62,""20"":-43,""21"":24,""22"":-68,""23"":107,""24"":-63,""25"":-51,""26"":107,""27"":-63,""28"":-28,""29"":47,""30"":-6,""31"":-26,""32"":7,""33"":5,""34"":10,""35"":-20,""36"":-2,""37"":15,""38"":-2,""39"":-13,""40"":5,""41"":5,""42"":-4,""43"":-2,""46"":-2,""47"":-1,""48"":-1,""49"":-1,""50"":-1}",9f84eec6ebb8d1a6487f2b3a62231d4ce6fa419e78a9b4e7827ef9d78a782b2a,cdacac3048b5086e90505aa0bf73f9aff361b7b94850a3f626b1098b7211b656,success
AABABBAA,8,5,3,8,12,16,"{""-32"":1,""-31"":-2,""-30"":5,""-29"":-2,""-28"":-5,""-27"":24,""-26"":-30,""-25"":12,""-24"":42,""-23"":-80,""-22"":46,""-21"":75,""-20"":-168,""-19"":101,""-18"":128,""-17"":-301,""-16"":215,""-15"":55,""-14"":-213,""-13"":141,""-12"":-26,""-11"":67,""-10"":-133,""-9"":20,""-8"":197,""-7"":-214,""-6"":-28,""-5"":243,""-4"":-160,""-3"":-101,""-2"":216,""-1"":-67,""0"":-110,""1"":102,""2"":33,""3"":-76,""4"":7,""5"":45,""6"":-11,""7"":-24,""8"":9,""9"":14,""10"":-6,""11"":-6,""12"":4,""13"":4,""16"":2,""17"":1,""18"":1,""19"":1}","{""0"":1,""1"":-2,""2"":5,""3"":-2,""4"":-5,""5"":24,""6"":-30,""7"":12,""8"":42,""9"":-80,""10"":46,""11"":75,""12"":-168,""13"":101,""14"":128,""15"":-301,""16"":215,""17"":55,""18"":-213,""19"":141,""20"":-26,""21"":67,""22"":-133,""23"":20,""24"":197,""25"":-214,""26"":-28,""27"":243,""28"":-160,""29"":-101,""30"":216,""31"":-67,""32"":-110,""33"":102,""34"":33,""35"":-76,""36"":7,""37"":45,""38"":-11,""39"":-24,""40"":9,""41"":14,""42"":-6,""43"":-6,""44"":4,""45"":4,""48"":2,""49"":1,""50"":1,""51"":1}",50b6762f3231a955e659b110bd9ab39d31f7448f451c6ad55947ebfbd1df64ca,3fd35e09acfb24174e0c73b7b3ee30be607648a2c8d970e918deed2ec6883b0f,success
AABABBAB,8,4,4,8,12,16,"{""-31"":1,""-30"":-3,""-29"":6,""-28"":-1,""-27"":-10,""-26"":24,""-25"":-4,""-24"":-44,""-23"":81,""-22"":-19,""-21"":-119,""-20"":178,""-19"":-27,""-18"":-198,""-17"":207,""-16"":62,""-15"":-282,""-14"":188,""-13"":71,""-12"":-154,""-11"":54,""-10"":-36,""-9"":177,""-8"":-220,""-7"":-6,""-6"":300,""-5"":-300,""-4"":8,""-3"":246,""-2"":-184,""-1"":-34,""0"":126,""1"":-39,""2"":-30,""3"":2,""4"":27,""5"":4,""6"":-26,""7"":2,""8"":21,""9"":-6,""10"":-9,""11"":5,""12"":4,""13"":-1,""15"":2,""16"":1,""17"":1,""18"":1,""19"":1}","{""0"":-1,""1"":3,""2"":-6,""3"":1,""4"":10,""5"":-24,""6"":4,""7"":44,""8"":-81,""9"":19,""10"":119,""11"":-178,""12"":27,""13"":198,""14"":-207,""15"":-62,""16"":282,""17"":-188,""18"":-71,""19"":154,""20"":-54,""21"":36,""22"":-177,""23"":220,""24"":6,""25"":-300,""26"":300,""27"":-8,""28"":-246,""29"":184,""30"":34,""31"":-126,""32"":39,""33"":30,""34"":-2,""35"":-27,""36"":-4,""37"":26,""38"":-2,""39"":-21,""40"":6,""41"":9,""42"":-5,""43"":-4,""44"":1,""46"":-2,""47"":-1,""48"":-1,""49"":-1,""50"":-1}",7ab0980e1b02a912f9abe59a9106a20eedd05a4e9e12b5228ce7251285417b07,1db03d8bbc8e26d58c9749405868e6a8d51b0508f9b2b0705b4290ef1a1aa94b,success
AABBAABA,8,5,3,8,12,16,"{""-32"":1,""-31"":-2,""-30"":2,""-29"":7,""-28"":-19,""-27"":25,""-26"":10,""-25"":-74,""-24"":117,""-23"":-34,""-22"":-166,""-21"":323,""-20"":-200,""-19"":-191,""-18"":517,""-17"":-410,""-16"":-59,""-15"":399,""-14"":-284,""-13"":-25,""-12"":80,""-11"":111,""-10"":-113,""-9"":-170,""-8"":317,""-7"":-11,""-6"":-392,""-5"":339,""-4"":145,""-3"":-455,""-2"":226,""-1"":223,""0"":-327,""1"":41,""2"":209,""3"":-135,""4"":-62,""5"":102,""6"":3,""7"":-51,""8"":9,""9"":24,""10"":-4,""11"":-12,""12"":4,""13"":6,""14"":-1,""16"":2,""17"":1,""18"":1,""19"":1}","{""0"":1,""1"":-2,""2"":2,""3"":7,""4"":-19,""5"":25,""6"":10,""7"":-74,""8"":117,""9"":-34,""10"":-166,""11"":323,""12"":-200,""13"":-191,""14"":517,""15"":-410,""16"":-59,""17"":399,""18"":-284,""19"":-25,""20"":80,""21"":111,""22"":-113,""23"":-170,""24"":317,""25"":-11,""26"":-392,""27"":339,""28"":145,""29"":-455,""30"":226,""31"":223,""32"":-327,""33"":41,""34"":209,""35"":-135,""36"":-62,""37"":102,""38"":3,""39"":-51,""40"":9,""41"":24,""42"":-4,""43"":-12,""44"":4,""45"":6,""46"":-1,""48"":2,""49"":1,""50"":1,""51"":1}",4a2610a81eb684f199fb7d45c357d581d8a90017fdd18e5a29b57f6bd3eb4579,326f26e56db6d36edb79ac3908a3e460752165b211450e7865ae9daab56b77f1,success
AABBABAA,8,5,3,8,12,16,"{""-32"":1,""-31"":-2,""-30"":5,""-29"":-2,""-28"":-5,""-27"":24,""-26"":-30,""-25"":12,""-24"":42,""-23"":-80,""-22"":46,""-21"":75,""-20"":-168,""-19"":101,""-18"":128,""-17"":-301,""-16"":215,""-15"":55,""-14"":-213,""-13"":141,""-12"":-26,""-11"":67,""-10"":-133,""-9"":20,""-8"":197,""-7"":-214,""-6"":-28,""-5"":243,""-4"":-160,""-3"":-101,""-2"":216,""-1"":-67,""0"":-110,""1"":102,""2"":33,""3"":-76,""4"":7,""5"":45,""6"":-11,""7"":-24,""8"":9,""9"":14,""10"":-6,""11"":-6,""12"":4,""13"":4,""16"":2,""17"":1,""18"":1,""19"":1}","{""0"":1,""1"":-2,""2"":5,""3"":-2,""4"":-5,""5"":24,""6"":-30,""7"":12,""8"":42,""9"":-80,""10"":46,""11"":75,""12"":-168,""13"":101,""14"":128,""15"":-301,""16"":215,""17"":55,""18"":-213,""19"":141,""20"":-26,""21"":67,""22"":-133,""23"":20,""24"":197,""25"":-214,""26"":-28,""27"":243,""28"":-160,""29"":-101,""30"":216,""31"":-67,""32"":-110,""33"":102,""34"":33,""35"":-76,""36"":7,""37"":45,""38"":-11,""39"":-24,""40"":9,""41"":14,""42"":-6,""43"":-6,""44"":4,""45"":4,""48"":2,""49"":1,""50"":1,""51"":1}",50b6762f3231a955e659b110bd9ab39d31f7448f451c6ad55947ebfbd1df64ca,3fd35e09acfb24174e0c73b7b3ee30be607648a2c8d970e918deed2ec6883b0f,success
AABBABAB,8,4,4,8,12,16,"{""-31"":1,""-30"":-3,""-29"":6,""-28"":-2,""-27"":-7,""-26"":21,""-25"":-13,""-24"":-12,""-23"":43,""-22"":-26,""-21"":-29,""-20"":63,""-19"":-9,""-18"":-74,""-17"":59,""-16"":73,""-15"":-165,""-14"":92,""-13"":54,""-12"":-94,""-11"":43,""-10"":-34,""-9"":110,""-8"":-124,""-7"":6,""-6"":138,""-5"":-132,""-4"":-2,""-3"":107,""-2"":-59,""-1"":-40,""0"":64,""1"":-6,""2"":-22,""3"":-4,""4"":19,""5"":7,""6"":-18,""7"":-2,""8"":18,""9"":-4,""10"":-8,""11"":4,""12"":4,""13"":-1,""15"":2,""16"":1,""17"":1,""18"":1,""19"":1}","{""0"":-1,""1"":3,""2"":-6,""3"":2,""4"":7,""5"":-21,""6"":13,""7"":12,""8"":-43,""9"":26,""10"":29,""11"":-63,""12"":9,""13"":74,""14"":-59,""15"":-73,""16"":165,""17"":-92,""18"":-54,""19"":94,""20"":-43,""21"":34,""22"":-110,""23"":124,""24"":-6,""25"":-138,""26"":132,""27"":2,""28"":-107,""29"":59,""30"":40,""31"":-64,""32"":6,""33"":22,""34"":4,""35"":-19,""36"":-7,""37"":18,""38"":2,""39"":-18,""40"":4,""41"":8,""42"":-4,""43"":-4,""44"":1,""46"":-2,""47"":-1,""48"":-1,""49"":-1,""50"":-1}",ea3ec2fd39d2dd2188bd049364963fcb606d869289f6a5ab75725f1044d53585,149f4bcb7cc174fe32870ad45ce14c2f37bed90693b3741bf26c001eb4d12ad0,success
ABAAAAAB,8,6,2,8,12,16,"{""-33"":1,""-32"":-2,""-31"":2,""-30"":5,""-29"":-8,""-28"":5,""-27"":16,""-26"":-27,""-25"":19,""-24"":19,""-23"":-47,""-22"":47,""-21"":-6,""-20"":-22,""-19"":16,""-18"":18,""-17"":-22,""-16"":-8,""-15"":33,""-14"":-29,""-13"":23,""-12"":-31,""-11"":30,""-10"":6,""-9"":-35,""-8"":30,""-6"":-11,""-5"":4,""-4"":2,""-3"":1,""-2"":3,""-1"":-16,""0"":15,""1"":11,""2"":-33,""3"":17,""4"":28,""5"":-35,""6"":-3,""7"":40,""8"":-20,""9"":-15,""10"":24,""11"":-1,""12"":-8,""13"":2,""14"":7,""15"":-1,""17"":2,""18"":1,""19"":1}","{""0"":-1,""1"":2,""2"":-2,""3"":-5,""4"":8,""5"":-5,""6"":-16,""7"":27,""8"":-19,""9"":-19,""10"":47,""11"":-47,""12"":6,""13"":22,""14"":-16,""15"":-18,""16"":22,""17"":8,""18"":-33,""19"":29,""20"":-23,""21"":31,""22"":-30,""23"":-6,""24"":35,""25"":-30,""27"":11,""28"":-4,""29"":-2,""30"":-1,""31"":-3,""32"":16,""33"":-15,""34"":-11,""35"":33,""36"":-17,""37"":-28,""38"":35,""39"":3,""40"":-40,""41"":20,""42"":15,""43"":-24,""44"":1,""45"":8,""46"":-2,""47"":-7,""48"":1,""50"":-2,""51"":-1,""52"":-1}",15af97a72c21553fcd46392f4b70aed4c1929e843cd1cf58f013adf01f1b2a57,4874bbd74a1ed154454900eec1aaa72f5417404e5bf05e07e9eb38f6bb711bfc,success
ABAAAABA,8,6,2,8,12,16,"{""-32"":1,""-30"":-2,""-29"":9,""-28"":-4,""-27"":-10,""-26"":30,""-25"":-16,""-24"":-21,""-23"":59,""-22"":-38,""-21"":-15,""-20"":66,""-19"":-76,""-18"":56,""-17"":-15,""-16"":-42,""-15"":75,""-14"":-49,""-13"":8,""-12"":-10,""-11"":51,""-10"":-36,""-9"":-31,""-8"":68,""-7"":-21,""-6"":-32,""-5"":9,""-4"":51,""-3"":-45,""-2"":-38,""-1"":87,""0"":-24,""1"":-74,""2"":75,""3"":23,""4"":-80,""5"":36,""6"":36,""7"":-35,""9"":14,""10"":5,""11"":-9,""12"":1,""13"":6,""16"":2,""17"":1,""18"":1,""19"":1}","{""0"":1,""2"":-2,""3"":9,""4"":-4,""5"":-10,""6"":30,""7"":-16,""8"":-21,""9"":59,""10"":-38,""11"":-15,""12"":66,""13"":-76,""14"":56,""15"":-15,""16"":-42,""17"":75,""18"":-49,""19"":8,""20"":-10,""21"":51,""22"":-36,""23"":-31,""24"":68,""25"":-21,""26"":-32,""27"":9,""28"":51,""29"":-45,""30"":-38,""31"":87,""32"":-24,""33"":-74,""34"":75,""35"":23,""36"":-80,""37"":36,""38"":36,""39"":-35,""41"":14,""42"":5,""43"":-9,""44"":1,""45"":6,""48"":2,""49"":1,""50"":1,""51"":1}",4fcd7e9b6643ad6f77a1a878cca043082d25f58f85e48b1235a0e6ee2ced8b44,5852444dbca248341929f72ca0609c8e3dbeefe708f41dcc7e6b27287022b041,success
ABAAAABB,8,5,3,8,12,16,"{""-33"":1,""-32"":-3,""-31"":5,""-30"":-1,""-29"":-9,""-28"":20,""-27"":-7,""-26"":-27,""-25"":63,""-24"":-47,""-23"":-17,""-22"":87,""-21"":-93,""-20"":50,""-18"":-10,""-17"":14,""-16"":-25,""-15"":35,""-14"":-33,""-13"":45,""-12"":-61,""-11"":39,""-10"":27,""-9"":-60,""-8"":27,""-7"":15,""-5"":-29,""-4"":7,""-3"":48,""-2"":-42,""-1"":-31,""0"":84,""1"":-25,""2"":-73,""3"":89,""4"":9,""5"":-82,""6"":48,""7"":32,""8"":-44,""9"":-1,""10"":25,""11"":-6,""12"":-9,""13"":4,""14"":6,""15"":-1,""17"":2,""18"":1,""19"":1}","{""0"":-1,""1"":3,""2"":-5,""3"":1,""4"":9,""5"":-20,""6"":7,""7"":27,""8"":-63,""9"":47,""10"":17,""11"":-87,""12"":93,""13"":-50,""15"":10,""16"":-14,""17"":25,""18"":-35,""19"":33,""20"":-45,""21"":61,""22"":-39,""23"":-27,""24"":60,""25"":-27,""26"":-15,""28"":29,""29"":-7,""30"":-48,""31"":42,""32"":31,""33"":-84,""34"":25,""35"":73,""36"":-89,""37"":-9,""38"":82,""39"":-48,""40"":-32,""41"":44,""42"":1,""43"":-25,""44"":6,""45"":9,""46"":-4,""47"":-6,""48"":1,""50"":-2,""51"":-1,""52"":-1}",43a84706fcda4a163723730233e4a7ae51ffe06a7d7ac2741f5a3c6d4566af47,b4216371a7214116e523303bddf79831d7cc902952c97b188bf5aa28ff5d7a76,success
ABAAABAA,8,6,2,8,12,16,"{""-32"":1,""-31"":-1,""-30"":1,""-29"":6,""-28"":-11,""-27"":13,""-26"":14,""-25"":-47,""-24"":63,""-22"":-102,""-21"":159,""-20"":-72,""-19"":-125,""-18"":267,""-17"":-199,""-16"":-41,""-15"":225,""-14"":-176,""-13"":14,""-12"":33,""-11"":53,""-10"":-50,""-9"":-99,""-8"":185,""-7"":-32,""-6"":-180,""-5"":166,""-4"":69,""-3"":-221,""-2"":93,""-1"":143,""0"":-191,""1"":15,""2"":134,""3"":-84,""4"":-40,""5"":65,""6"":8,""7"":-36,""8"":7,""9"":18,""10"":-2,""11"":-8,""12"":3,""13"":5,""16"":2,""17"":1,""18"":1,""19"":1}","{""0"":1,""1"":-1,""2"":1,""3"":6,""4"":-11,""5"":13,""6"":14,""7"":-47,""8"":63,""10"":-102,""11"":159,""12"":-72,""13"":-125,""14"":267,""15"":-199,""16"":-41,""17"":225,""18"":-176,""19"":14,""20"":33,""21"":53,""22"":-50,""23"":-99,""24"":185,""25"":-32,""26"":-180,""27"":166,""28"":69,""29"":-221,""30"":93,""31"":143,""32"":-191,""33"":15,""34"":134,""35"":-84,""36"":-40,""37"":65,""38"":8,""39"":-36,""40"":7,""41"":18,""42"":-2,""43"":-8,""44"":3,""45"":5,""48"":2,""49"":1,""50"":1,""51"":1}",46ba14602ca35747fb71f68d635df5bc4162f6bf6cfffcf8b86fdd2dcac8ed96,de2be215e925bd0b10a6ca893991b4bd8599fd471b18c9e4a1167ab94829c76f,success
ABAAABAB,8,5,3,8,12,16,"{""-31"":1,""-30"":-2,""-29"":2,""-28"":5,""-27"":-7,""-26"":1,""-25"":21,""-24"":-25,""-23"":4,""-22"":45,""-21"":-56,""-20"":4,""-19"":87,""-18"":-92,""-17"":-43,""-16"":193,""-15"":-168,""-14"":-21,""-13"":158,""-12"":-112,""-11"":32,""-10"":-59,""-9"":117,""-8"":-36,""-7"":-138,""-6"":194,""-5"":-45,""-4"":-131,""-3"":129,""-2"":32,""-1"":-123,""0"":47,""1"":72,""2"":-68,""3"":-8,""4"":36,""5"":2,""6"":-12,""7"":-12,""8"":20,""9"":2,""10"":-11,""11"":2,""12"":6,""13"":-1,""15"":2,""16"":1,""17"":1,""18"":1,""19"":1}","{""0"":-1,""1"":2,""2"":-2,""3"":-5,""4"":7,""5"":-1,""6"":-21,""7"":25,""8"":-4,""9"":-45,""10"":56,""11"":-4,""12"":-87,""13"":92,""14"":43,""15"":-193,""16"":168,""17"":21,""18"":-158,""19"":112,""20"":-32,""21"":59,""22"":-117,""23"":36,""24"":138,""25"":-194,""26"":45,""27"":131,""28"":-129,""29"":-32,""30"":123,""31"":-47,""32"":-72,""33"":68,""34"":8,""35"":-36,""36"":-2,""37"":12,""38"":12,""39"":-20,""40"":-2,""41"":11,""42"":-2,""43"":-6,""44"":1,""46"":-2,""47"":-1,""48"":-1,""49"":-1,""50"":-1}",20ffec518d200dfee51e350849c36ca36b84416ba18f93d2a47f21691f6f732f,ac4ecc78a24b2f13a347b40c94410bc6b8de0eff3364b11ab6bee95d06a3529f,success
ABAABAAB,8,5,3,8,12,16,"{""-31"":1,""-30"":-3,""-29"":4,""-28"":7,""-27"":-23,""-26"":21,""-25"":42,""-24"":-108,""-23"":66,""-22"":147,""-21"":-305,""-20"":130,""-19"":323,""-18"":-532,""-17"":142,""-16"":471,""-15"":-587,""-14"":106,""-13"":321,""-12"":-235,""-11"":-11,""-10"":-79,""-9"":334,""-8"":-186,""-7"":-350,""-6"":622,""-5"":-206,""-4"":-438,""-3"":562,""-2"":-90,""-1"":-341,""0"":283,""1"":29,""2"":-138,""3"":30,""4"":41,""5"":9,""6"":-30,""7"":-13,""8"":35,""9"":-2,""10"":-17,""11"":5,""12"":7,""13"":-2,""15"":2,""16"":1,""17"":1,""18"":1,""19"":1}","{""0"":-1,""1"":3,""2"":-4,""3"":-7,""4"":23,""5"":-21,""6"":-42,""7"":108,""8"":-66,""9"":-147,""10"":305,""11"":-130,""12"":-323,""13"":532,""14"":-142,""15"":-471,""16"":587,""17"":-106,""18"":-321,""19"":235,""20"":11,""21"":79,""22"":-334,""23"":186,""24"":350,""25"":-622,""26"":206,""27"":438,""28"":-562,""29"":90,""30"":341,""31"":-283,""32"":-29,""33"":138,""34"":-30,""35"":-41,""36"":-9,""37"":30,""38"":13,""39"":-35,""40"":2,""41"":17,""42"":-5,""43"":-7,""44"":2,""46"":-2,""47"":-1,""48"":-1,""49"":-1,""50"":-1}",cb14165278d6969689768a9d5e2a546ed6acd21d3c6ab302f61ed23c9b2f1e01,979688663e16d3684f89f6e96862cf6ddc24a1bdb9acc63f52946fcd96935ba4,success
ABAABABA,8,5,3,8,12,16,"{""-30"":1,""-28"":-2,""-27"":10,""-26"":-3,""-25"":-13,""-24"":32,""-23"":-2,""-22"":-49,""-21"":58,""-20"":23,""-19"":-97,""-18"":54,""-17"":63,""-16"":-85,""-15"":-27,""-14"":119,""-13"":-66,""-12"":-39,""-11"":61,""-10"":-13,""-9"":27,""-8"":-105,""-7"":134,""-6"":-20,""-5"":-129,""-4"":153,""-3"":-39,""-2"":-64,""-1"":62,""0"":-9,""2"":-7,""3"":-9,""4"":34,""5"":-15,""6"":-14,""7"":16,""8"":6,""9"":-10,""10"":1,""11"":5,""12"":-1,""14"":2,""15"":1,""16"":1,""17"":1,""18"":1,""19"":1}","{""0"":1,""2"":-2,""3"":10,""4"":-3,""5"":-13,""6"":32,""7"":-2,""8"":-49,""9"":58,""10"":23,""11"":-97,""12"":54,""13"":63,""14"":-85,""15"":-27,""16"":119,""17"":-66,""18"":-39,""19"":61,""20"":-13,""21"":27,""22"":-105,""23"":134,""24"":-20,""25"":-129,""26"":153,""27"":-39,""28"":-64,""29"":62,""30"":-9,""32"":-7,""33"":-9,""34"":34,""35"":-15,""36"":-14,""37"":16,""38"":6,""39"":-10,""40"":1,""41"":5,""42"":-1,""44"":2,""45"":1,""46"":1,""47"":1,""48"":1,""49"":1}",b4dcee7f2dbd91eaca4519b63f4a4b63c74185a4efd8e9026182835fddf84ec1,2e49bc392fdb97fd0b4ed1b2b0dc16f2960cdd6d768d29a85cf702d8474bfeb0,success
ABAABABB,8,4,4,8,12,16,"{""-31"":1,""-30"":-3,""-29"":5,""-28"":1,""-27"":-14,""-26"":24,""-25"":5,""-24"":-62,""-23"":90,""-22"":6,""-21"":-162,""-20"":191,""-19"":28,""-18"":-273,""-17"":213,""-16"":139,""-15"":-360,""-14"":186,""-13"":124,""-12"":-179,""-11"":43,""-10"":-43,""-9"":217,""-8"":-233,""-7"":-67,""-6"":379,""-5"":-306,""-4"":-72,""-3"":323,""-2"":-181,""-1"":-92,""0"":165,""1"":-31,""2"":-50,""3"":8,""4"":28,""5"":7,""6"":-27,""7"":-3,""8"":24,""9"":-4,""10"":-11,""11"":4,""12"":5,""13"":-1,""15"":2,""16"":1,""17"":1,""18"":1,""19"":1}","{""0"":-1,""1"":3,""2"":-5,""3"":-1,""4"":14,""5"":-24,""6"":-5,""7"":62,""8"":-90,""9"":-6,""10"":162,""11"":-191,""12"":-28,""13"":273,""14"":-213,""15"":-139,""16"":360,""17"":-186,""18"":-124,""19"":179,""20"":-43,""21"":43,""22"":-217,""23"":233,""24"":67,""25"":-379,""26"":306,""27"":72,""28"":-323,""29"":181,""30"":92,""31"":-165,""32"":31,""33"":50,""34"":-8,""35"":-28,""36"":-7,""37"":27,""38"":3,""39"":-24,""40"":4,""41"":11,""42"":-4,""43"":-5,""44"":1,""46"":-2,""47"":-1,""48"":-1,""49"":-1,""50"":-1}",3af9b5665e1abdd50bdfa77a74a342deffb343744976f983f8baebe9d5b95392,bf66e0b57cd6382949af3002c75a6079da253e39c67cc3255ec30d4c4c8a3fd1,success
ABAABBAA,8,5,3,8,12,16,"{""-32"":1,""-31"":-2,""-30"":2,""-29"":7,""-28"":-19,""-27"":25,""-26"":10,""-25"":-74,""-24"":117,""-23"":-34,""-22"":-166,""-21"":323,""-20"":-200,""-19"":-191,""-18"":517,""-17"":-410,""-16"":-59,""-15"":399,""-14"":-284,""-13"":-25,""-12"":80,""-11"":111,""-10"":-113,""-9"":-170,""-8"":317,""-7"":-11,""-6"":-392,""-5"":339,""-4"":145,""-3"":-455,""-2"":226,""-1"":223,""0"":-327,""1"":41,""2"":209,""3"":-135,""4"":-62,""5"":102,""6"":3,""7"":-51,""8"":9,""9"":24,""10"":-4,""11"":-12,""12"":4,""13"":6,""14"":-1,""16"":2,""17"":1,""18"":1,""19"":1}","{""0"":1,""1"":-2,""2"":2,""3"":7,""4"":-19,""5"":25,""6"":10,""7"":-74,""8"":117,""9"":-34,""10"":-166,""11"":323,""12"":-200,""13"":-191,""14"":517,""15"":-410,""16"":-59,""17"":399,""18"":-284,""19"":-25,""20"":80,""21"":111,""22"":-113,""23"":-170,""24"":317,""25"":-11,""26"":-392,""27"":339,""28"":145,""29"":-455,""30"":226,""31"":223,""32"":-327,""33"":41,""34"":209,""35"":-135,""36"":-62,""37"":102,""38"":3,""39"":-51,""40"":9,""41"":24,""42"":-4,""43"":-12,""44"":4,""45"":6,""46"":-1,""48"":2,""49"":1,""50"":1,""51"":1}",4a2610a81eb684f199fb7d45c357d581d8a90017fdd18e5a29b57f6bd3eb4579,326f26e56db6d36edb79ac3908a3e460752165b211450e7865ae9daab56b77f1,success
ABAABBAB,8,4,4,8,12,16,"{""-31"":1,""-30"":-3,""-29"":4,""-28"":6,""-27"":-19,""-26"":13,""-25"":42,""-24"":-85,""-23"":27,""-22"":146,""-21"":-226,""-20"":25,""-19"":328,""-18"":-391,""-17"":-22,""-16"":502,""-15"":-477,""-14"":-4,""-13"":335,""-12"":-205,""-11"":-2,""-10"":-103,""-9"":292,""-8"":-103,""-7"":-352,""-6"":493,""-5"":-62,""-4"":-433,""-3"":419,""-2"":47,""-1"":-357,""0"":215,""1"":84,""2"":-147,""3"":19,""4"":44,""5"":8,""6"":-26,""7"":-17,""8"":34,""10"":-18,""11"":5,""12"":7,""13"":-2,""15"":2,""16"":1,""17"":1,""18"":1,""19"":1}","{""0"":-1,""1"":3,""2"":-4,""3"":-6,""4"":19,""5"":-13,""6"":-42,""7"":85,""8"":-27,""9"":-146,""10"":226,""11"":-25,""12"":-328,""13"":391,""14"":22,""15"":-502,""16"":477,""17"":4,""18"":-335,""19"":205,""20"":2,""21"":103,""22"":-292,""23"":103,""24"":352,""25"":-493,""26"":62,""27"":433,""28"":-419,""29"":-47,""30"":357,""31"":-215,""32"":-84,""33"":147,""34"":-19,""35"":-44,""36"":-8,""37"":26,""38"":17,""39"":-34,""41"":18,""42"":-5,""43"":-7,""44"":2,""46"":-2,""47"":-1,""48"":-1,""49"":-1,""50"":-1}",9e80acb1e8fc45a6a76bbcd6529b99cd56dfd102e6e80d31f07257f5c768961c,d20859bc5703f0a45bafcbd2c2973f6be9321bf8fa3aa96715bf3bfe3f0c6008,success
ABABAAAB,8,5,3,8,12,16,"{""-31"":1,""-30"":-2,""-29"":2,""-28"":5,""-27"":-8,""-26"":6,""-25"":13,""-24"":-21,""-23"":15,""-22"":17,""-21"":-34,""-20"":15,""-19"":42,""-18"":-56,""-17"":-23,""-16"":135,""-15"":-133,""-14"":3,""-13"":110,""-12"":-93,""-11"":34,""-10"":-50,""-9"":97,""-8"":-48,""-7"":-80,""-6"":144,""-5"":-56,""-4"":-71,""-3"":91,""-2"":12,""-1"":-81,""0"":36,""1"":48,""2"":-48,""3"":-6,""4"":26,""5"":4,""6"":-10,""7"":-10,""8"":17,""9"":2,""10"":-9,""11"":1,""12"":6,""13"":-1,""15"":2,""16"":1,""17"":1,""18"":1,""19"":1}","{""0"":-1,""1"":2,""2"":-2,""3"":-5,""4"":8,""5"":-6,""6"":-13,""7"":21,""8"":-15,""9"":-17,""10"":34,""11"":-15,""12"":-42,""13"":56,""14"":23,""15"":-135,""16"":133,""17"":-3,""18"":-110,""19"":93,""20"":-34,""21"":50,""22"":-97,""23"":48,""24"":80,""25"":-144,""26"":56,""27"":71,""28"":-91,""29"":-12,""30"":81,""31"":-36,""32"":-48,""33"":48,""34"":6,""35"":-26,""36"":-4,""37"":10,""38"":10,""39"":-17,""40"":-2,""41"":9,""42"":-1,""43"":-6,""44"":1,""46"":-2,""47"":-1,""48"":-1,""49"":-1,""50"":-1}",53b04d5c35c4e2c501218a22c0fc995e3f160184f019cd41a0ee7b7ab62d072d,db0c3b1f550833e0e9f78048b31899920b2b93892f7742605cc73402b7504c02,success
ABABAABA,8,5,3,8,12,16,"{""-30"":1,""-28"":-2,""-27"":10,""-26"":-3,""-25"":-13,""-24"":32,""-23"":-2,""-22"":-49,""-21"":58,""-20"":23,""-19"":-97,""-18"":54,""-17"":63,""-16"":-85,""-15"":-27,""-14"":119,""-13"":-66,""-12"":-39,""-11"":61,""-10"":-13,""-9"":27,""-8"":-105,""-7"":134,""-6"":-20,""-5"":-129,""-4"":153,""-3"":-39,""-2"":-64,""-1"":62,""0"":-9,""2"":-7,""3"":-9,""4"":34,""5"":-15,""6"":-14,""7"":16,""8"":6,""9"":-10,""10"":1,""11"":5,""12"":-1,""14"":2,""15"":1,""16"":1,""17"":1,""18"":1,""19"":1}","{""0"":1,""2"":-2,""3"":10,""4"":-3,""5"":-13,""6"":32,""7"":-2,""8"":-49,""9"":58,""10"":23,""11"":-97,""12"":54,""13"":63,""14"":-85,""15"":-27,""16"":119,""17"":-66,""18"":-39,""19"":61,""20"":-13,""21"":27,""22"":-105,""23"":134,""24"":-20,""25"":-129,""26"":153,""27"":-39,""28"":-64,""29"":62,""30"":-9,""32"":-7,""33"":-9,""34"":34,""35"":-15,""36"":-14,""37"":16,""38"":6,""39"":-10,""40"":1,""41"":5,""42"":-1,""44"":2,""45"":1,""46"":1,""47"":1,""48"":1,""49"":1}",b4dcee7f2dbd91eaca4519b63f4a4b63c74185a4efd8e9026182835fddf84ec1,2e49bc392fdb97fd0b4ed1b2b0dc16f2960cdd6d768d29a85cf702d8474bfeb0,success
ABABAABB,8,4,4,8,12,16,"{""-31"":1,""-30"":-3,""-29"":5,""-27"":-11,""-26"":22,""-25"":-6,""-24"":-27,""-23"":52,""-22"":-12,""-21"":-56,""-20"":70,""-19"":27,""-18"":-118,""-17"":56,""-16"":134,""-15"":-219,""-14"":86,""-13"":95,""-12"":-116,""-11"":35,""-10"":-44,""-9"":141,""-8"":-132,""-7"":-38,""-6"":196,""-5"":-135,""-4"":-56,""-3"":156,""-2"":-53,""-1"":-82,""0"":87,""1"":5,""2"":-38,""3"":-1,""4"":21,""5"":10,""6"":-19,""7"":-7,""8"":21,""9"":-2,""10"":-10,""11"":3,""12"":5,""13"":-1,""15"":2,""16"":1,""17"":1,""18"":1,""19"":1}","{""0"":-1,""1"":3,""2"":-5,""4"":11,""5"":-22,""6"":6,""7"":27,""8"":-52,""9"":12,""10"":56,""11"":-70,""12"":-27,""13"":118,""14"":-56,""15"":-134,""16"":219,""17"":-86,""18"":-95,""19"":116,""20"":-35,""21"":44,""22"":-141,""23"":132,""24"":38,""25"":-196,""26"":135,""27"":56,""28"":-156,""29"":53,""30"":82,""31"":-87,""32"":-5,""33"":38,""34"":1,""35"":-21,""36"":-10,""37"":19,""38"":7,""39"":-21,""40"":2,""41"":10,""42"":-3,""43"":-5,""44"":1,""46"":-2,""47"":-1,""48"":-1,""49"":-1,""50"":-1}",7d2b3bbecf303785237e8ff1905988f7467290a0e261faa03e00159411d42863,222f2abda9152bc125ca5e74d3782f1b5b09c4c6cb8559ea85be0965f3036757,success
ABABABAA,8,5,3,8,12,16,"{""-30"":1,""-28"":1,""-27"":5,""-26"":-4,""-25"":6,""-24"":6,""-23"":-9,""-22"":3,""-21"":14,""-20"":-11,""-19"":-12,""-18"":28,""-17"":-17,""-16"":7,""-15"":-19,""-14"":35,""-13"":-13,""-12"":-21,""-11"":40,""-10"":-31,""-9"":30,""-8"":-40,""-7"":46,""-6"":-23,""-5"":-13,""-4"":34,""-3"":-22,""-2"":11,""-1"":-11,""0"":17,""1"":-1,""2"":-12,""3"":6,""4"":13,""5"":-9,""6"":-4,""7"":9,""8"":1,""9"":-4,""10"":1,""11"":3,""14"":2,""15"":1,""16"":1,""17"":1,""18"":1,""19"":1}","{""0"":1,""2"":1,""3"":5,""4"":-4,""5"":6,""6"":6,""7"":-9,""8"":3,""9"":14,""10"":-11,""11"":-12,""12"":28,""13"":-17,""14"":7,""15"":-19,""16"":35,""17"":-13,""18"":-21,""19"":40,""20"":-31,""21"":30,""22"":-40,""23"":46,""24"":-23,""25"":-13,""26"":34,""27"":-22,""28"":11,""29"":-11,""30"":17,""31"":-1,""32"":-12,""33"":6,""34"":13,""35"":-9,""36"":-4,""37"":9,""38"":1,""39"":-4,""40"":1,""41"":3,""44"":2,""45"":1,""46"":1,""47"":1,""48"":1,""49"":1}",4b85d1b0e1657244c91a1fa4995ba22e316f67dbc8ec83406d5831115e0578c1,e82d5da0a17cb38f42d7d8feeee53c823ebfb2e411e76519efc02e65f5c0a006,success
ABABABAB,8,4,4,8,12,16,"{""-29"":1,""-28"":-1,""-27"":1,""-26"":4,""-25"":1,""-24"":-2,""-23"":7,""-22"":4,""-21"":-5,""-19"":3,""-18"":10,""-17"":-22,""-16"":19,""-15"":-10,""-14"":10,""-13"":-11,""-12"":2,""-11"":17,""-10"":-25,""-9"":30,""-8"":-24,""-7"":30,""-6"":-25,""-5"":17,""-4"":2,""-3"":-10,""-2"":9,""-1"":-5,""0"":16,""1"":-17,""2"":9,""3"":4,""5"":-7,""6"":5,""7"":5,""8"":-4,""9"":-1,""10"":5,""11"":-1,""12"":-1,""13"":2,""14"":1,""15"":1,""16"":1,""17"":1,""18"":1,""19"":1}","{""0"":-1,""1"":1,""2"":-1,""3"":-4,""4"":-1,""5"":2,""6"":-7,""7"":-4,""8"":5,""10"":-3,""11"":-10,""12"":22,""13"":-19,""14"":10,""15"":-10,""16"":11,""17"":-2,""18"":-17,""19"":25,""20"":-30,""21"":24,""22"":-30,""23"":25,""24"":-17,""25"":-2,""26"":10,""27"":-9,""28"":5,""29"":-16,""30"":17,""31"":-9,""32"":-4,""34"":7,""35"":-5,""36"":-5,""37"":4,""38"":1,""39"":-5,""40"":1,""41"":1,""42"":-2,""43"":-1,""44"":-1,""45"":-1,""46"":-1,""47"":-1,""48"":-1}",d23bce3d224f1d9a67516e978983e89848e0e250419804c0cb71c6e99203b149,8125e09e5a4ea97f791294fe7bdee9afd4227b49c0c37094f2dc1313cde0fbb5,success
ABABBAAB,8,4,4,8,12,16,"{""-31"":1,""-30"":-3,""-29"":4,""-28"":6,""-27"":-20,""-26"":19,""-25"":29,""-24"":-75,""-23"":44,""-22"":95,""-21"":-180,""-20"":46,""-19"":236,""-18"":-316,""-17"":5,""-16"":396,""-15"":-411,""-14"":28,""-13"":267,""-12"":-181,""-11"":11,""-10"":-86,""-9"":255,""-8"":-119,""-7"":-261,""-6"":415,""-5"":-95,""-4"":-321,""-3"":349,""-2"":11,""-1"":-276,""0"":182,""1"":58,""2"":-116,""3"":15,""4"":35,""5"":10,""6"":-24,""7"":-15,""8"":31,""10"":-16,""11"":4,""12"":7,""13"":-2,""15"":2,""16"":1,""17"":1,""18"":1,""19"":1}","{""0"":-1,""1"":3,""2"":-4,""3"":-6,""4"":20,""5"":-19,""6"":-29,""7"":75,""8"":-44,""9"":-95,""10"":180,""11"":-46,""12"":-236,""13"":316,""14"":-5,""15"":-396,""16"":411,""17"":-28,""18"":-267,""19"":181,""20"":-11,""21"":86,""22"":-255,""23"":119,""24"":261,""25"":-415,""26"":95,""27"":321,""28"":-349,""29"":-11,""30"":276,""31"":-182,""32"":-58,""33"":116,""34"":-15,""35"":-35,""36"":-10,""37"":24,""38"":15,""39"":-31,""41"":16,""42"":-4,""43"":-7,""44"":2,""46"":-2,""47"":-1,""48"":-1,""49"":-1,""50"":-1}",f93476c91ff60412e284f676e4634b3d8aeb3b81c7b44ca7f022b243d7b39946,d84dbccaa11fc351f92d9931db04330121f3d857debfe60f63a7188acd9bcf27,success
ABABBABA,8,4,4,8,12,16,"{""-30"":1,""-28"":-2,""-27"":10,""-26"":-3,""-25"":-13,""-24"":29,""-23"":5,""-22"":-60,""-21"":57,""-20"":43,""-19"":-128,""-18"":66,""-17"":81,""-16"":-109,""-15"":-26,""-14"":138,""-13"":-76,""-12"":-46,""-11"":74,""-10"":-19,""-9"":35,""-8"":-129,""-7"":159,""-6"":-17,""-5"":-161,""-4"":192,""-3"":-45,""-2"":-82,""-1"":80,""0"":-11,""1"":-7,""2"":-4,""3"":-12,""4"":36,""5"":-17,""6"":-16,""7"":18,""8"":5,""9"":-10,""10"":1,""11"":5,""12"":-1,""14"":2,""15"":1,""16"":1,""17"":1,""18"":1,""19"":1}","{""0"":1,""2"":-2,""3"":10,""4"":-3,""5"":-13,""6"":29,""7"":5,""8"":-60,""9"":57,""10"":43,""11"":-128,""12"":66,""13"":81,""14"":-109,""15"":-26,""16"":138,""17"":-76,""18"":-46,""19"":74,""20"":-19,""21"":35,""22"":-129,""23"":159,""24"":-17,""25"":-161,""26"":192,""27"":-45,""28"":-82,""29"":80,""30"":-11,""31"":-7,""32"":-4,""33"":-12,""34"":36,""35"":-17,""36"":-16,""37"":18,""38"":5,""39"":-10,""40"":1,""41"":5,""42"":-1,""44"":2,""45"":1,""46"":1,""47"":1,""48"":1,""49"":1}",0a0dc0912a7f2793eab4ed72a27e6351cf04ebc54aeb7ef32de68691e470fa32,d71bd874355f29876762de03f5f22572e6c809fe764313d8967691101ce6783f,success
ABABBABB,8,3,5,8,12,16,"{""-31"":1,""-30"":-3,""-29"":5,""-28"":1,""-27"":-14,""-26"":25,""-24"":-49,""-23"":71,""-22"":15,""-21"":-144,""-20"":145,""-19"":64,""-18"":-267,""-17"":170,""-16"":172,""-15"":-348,""-14"":151,""-13"":141,""-12"":-170,""-11"":33,""-10"":-37,""-9"":203,""-8"":-194,""-7"":-92,""-6"":357,""-5"":-249,""-4"":-115,""-3"":310,""-2"":-142,""-1"":-117,""0"":156,""1"":-13,""2"":-56,""3"":6,""4"":30,""5"":8,""6"":-25,""7"":-6,""8"":26,""9"":-4,""10"":-11,""11"":4,""12"":5,""13"":-1,""15"":2,""16"":1,""17"":1,""18"":1,""19"":1}","{""0"":-1,""1"":3,""2"":-5,""3"":-1,""4"":14,""5"":-25,""7"":49,""8"":-71,""9"":-15,""10"":144,""11"":-145,""12"":-64,""13"":267,""14"":-170,""15"":-172,""16"":348,""17"":-151,""18"":-141,""19"":170,""20"":-33,""21"":37,""22"":-203,""23"":194,""24"":92,""25"":-357,""26"":249,""27"":115,""28"":-310,""29"":142,""30"":117,""31"":-156,""32"":13,""33"":56,""34"":-6,""35"":-30,""36"":-8,""37"":25,""38"":6,""39"":-26,""40"":4,""41"":11,""42"":-4,""43"":-5,""44"":1,""46"":-2,""47"":-1,""48"":-1,""49"":-1,""50"":-1}",006ce3f7920bdf5e64934597367cb97b905837c8beab16ca4e86bf6e785d16e8,18cd78c3943ea2bbb6b8093554fe64c97ced0fd90dc9277c5338f1a62b320102,success
ABABBBAA,8,4,4,8,12,16,"{""-32"":1,""-31"":-1,""-30"":1,""-29"":5,""-28"":-10,""-27"":13,""-26"":2,""-25"":-21,""-24"":28,""-23"":6,""-22"":-53,""-21"":67,""-20"":-6,""-19"":-99,""-18"":169,""-17"":-126,""-16"":-15,""-15"":134,""-14"":-124,""-13"":38,""-12"":-7,""-11"":61,""-10"":-60,""-9"":-37,""-8"":112,""-7"":-36,""-6"":-85,""-5"":91,""-4"":43,""-3"":-127,""-2"":54,""-1"":89,""0"":-110,""1"":-3,""2"":98,""3"":-55,""4"":-34,""5"":47,""6"":7,""7"":-29,""8"":2,""9"":15,""10"":-2,""11"":-7,""12"":2,""13"":5,""16"":2,""17"":1,""18"":1,""19"":1}","{""0"":1,""1"":-1,""2"":1,""3"":5,""4"":-10,""5"":13,""6"":2,""7"":-21,""8"":28,""9"":6,""10"":-53,""11"":67,""12"":-6,""13"":-99,""14"":169,""15"":-126,""16"":-15,""17"":134,""18"":-124,""19"":38,""20"":-7,""21"":61,""22"":-60,""23"":-37,""24"":112,""25"":-36,""26"":-85,""27"":91,""28"":43,""29"":-127,""30"":54,""31"":89,""32"":-110,""33"":-3,""34"":98,""35"":-55,""36"":-34,""37"":47,""38"":7,""39"":-29,""40"":2,""41"":15,""42"":-2,""43"":-7,""44"":2,""45"":5,""48"":2,""49"":1,""50"":1,""51"":1}",4a8b4587f82e3f2b50581eeb88235ff26d60a6bf0f08f2bbc3d21642712be532,46a4fcbba0312f14e735226834ee823edc9df656308ac930e46ac7b20804f959,success
ABABBBAB,8,3,5,8,12,16,"{""-31"":1,""-30"":-2,""-29"":2,""-28"":5,""-27"":-7,""-26"":1,""-25"":20,""-24"":-23,""-23"":-3,""-22"":51,""-21"":-63,""-19"":95,""-18"":-99,""-17"":-44,""-16"":204,""-15"":-171,""-14"":-29,""-13"":171,""-12"":-119,""-11"":34,""-10"":-61,""-9"":122,""-8"":-32,""-7"":-148,""-6"":204,""-5"":-41,""-4"":-142,""-3"":136,""-2"":37,""-1"":-133,""0"":49,""1"":76,""2"":-72,""3"":-10,""4"":38,""5"":1,""6"":-12,""7"":-13,""8"":21,""9"":2,""10"":-11,""11"":2,""12"":6,""13"":-1,""15"":2,""16"":1,""17"":1,""18"":1,""19"":1}","{""0"":-1,""1"":2,""2"":-2,""3"":-5,""4"":7,""5"":-1,""6"":-20,""7"":23,""8"":3,""9"":-51,""10"":63,""12"":-95,""13"":99,""14"":44,""15"":-204,""16"":171,""17"":29,""18"":-171,""19"":119,""20"":-34,""21"":61,""22"":-122,""23"":32,""24"":148,""25"":-204,""26"":41,""27"":142,""28"":-136,""29"":-37,""30"":133,""31"":-49,""32"":-76,""33"":72,""34"":10,""35"":-38,""36"":-1,""37"":12,""38"":13,""39"":-21,""40"":-2,""41"":11,""42"":-2,""43"":-6,""44"":1,""46"":-2,""47"":-1,""48"":-1,""49"":-1,""50"":-1}",7809fea79ee615a06b81965eb19a06c36e3942493b5fe6502b6ac427e0e048a3,87f5e8e96c84cae8ea8d9a65f9bff34931652cab8c2551595b675fc23848aca4,success
ABBAAABA,8,5,3,8,12,16,"{""-32"":1,""-31"":-1,""-30"":-2,""-29"":13,""-28"":-17,""-26"":48,""-25"":-74,""-24"":28,""-23"":101,""-22"":-196,""-21"":139,""-20"":88,""-19"":-305,""-18"":310,""-17"":-61,""-16"":-217,""-15"":265,""-14"":-71,""-13"":-83,""-12"":17,""-11"":107,""-10"":-38,""-9"":-141,""-8"":131,""-7"":107,""-6"":-233,""-5"":37,""-4"":251,""-3"":-240,""-2"":-66,""-1"":288,""0"":-151,""1"":-139,""2"":221,""3"":-34,""4"":-129,""5"":91,""6"":33,""7"":-56,""8"":2,""9"":22,""10"":2,""11"":-13,""12"":2,""13"":7,""14"":-1,""16"":2,""17"":1,""18"":1,""19"":1}","{""0"":1,""1"":-1,""2"":-2,""3"":13,""4"":-17,""6"":48,""7"":-74,""8"":28,""9"":101,""10"":-196,""11"":139,""12"":88,""13"":-305,""14"":310,""15"":-61,""16"":-217,""17"":265,""18"":-71,""19"":-83,""20"":17,""21"":107,""22"":-38,""23"":-141,""24"":131,""25"":107,""26"":-233,""27"":37,""28"":251,""29"":-240,""30"":-66,""31"":288,""32"":-151,""33"":-139,""34"":221,""35"":-34,""36"":-129,""37"":91,""38"":33,""39"":-56,""40"":2,""41"":22,""42"":2,""43"":-13,""44"":2,""45"":7,""46"":-1,""48"":2,""49"":1,""50"":1,""51"":1}",d4c014686d673d479bf19d26a7ed54f41044d810e5437b655b695ff4a859e976,33896288ad78e2f192099ea1039eac17b7aa0be61b424dbaef9bf02906e9cee4,success
ABBAABAA,8,5,3,8,12,16,"{""-32"":1,""-31"":-2,""-30"":2,""-29"":8,""-28"":-24,""-27"":37,""-26"":-3,""-25"":-80,""-24"":160,""-23"":-99,""-22"":-138,""-21"":382,""-20"":-320,""-19"":-114,""-18"":562,""-17"":-534,""-16"":23,""-15"":429,""-14"":-365,""-13"":15,""-12"":90,""-11"":106,""-10"":-129,""-9"":-194,""-8"":400,""-7"":-73,""-6"":-440,""-5"":467,""-4"":70,""-3"":-507,""-2"":337,""-1"":173,""0"":-370,""1"":106,""2"":192,""3"":-160,""4"":-40,""5"":102,""6"":-4,""7"":-51,""8"":12,""9"":24,""10"":-6,""11"":-11,""12"":4,""13"":6,""14"":-1,""16"":2,""17"":1,""18"":1,""19"":1}","{""0"":1,""1"":-2,""2"":2,""3"":8,""4"":-24,""5"":37,""6"":-3,""7"":-80,""8"":160,""9"":-99,""10"":-138,""11"":382,""12"":-320,""13"":-114,""14"":562,""15"":-534,""16"":23,""17"":429,""18"":-365,""19"":15,""20"":90,""21"":106,""22"":-129,""23"":-194,""24"":400,""25"":-73,""26"":-440,""27"":467,""28"":70,""29"":-507,""30"":337,""31"":173,""32"":-370,""33"":106,""34"":192,""35"":-160,""36"":-40,""37"":102,""38"":-4,""39"":-51,""40"":12,""41"":24,""42"":-6,""43"":-11,""44"":4,""45"":6,""46"":-1,""48"":2,""49"":1,""50"":1,""51"":1}",2e1bbea2edc346bb50c31693d2cd0e6d4eef0ba00aafa660417e1efaa1fbe7d4,e86d91f4da5ded845793aeed5cb1db2352f3e934075a4224a9793e13f147fd28,success
ABBAABAB,8,4,4,8,12,16,"{""-31"":1,""-30"":-3,""-29"":4,""-28"":6,""-27"":-21,""-26"":22,""-25"":23,""-24"":-72,""-23"":54,""-22"":68,""-21"":-157,""-20"":59,""-19"":185,""-18"":-271,""-17"":21,""-16"":336,""-15"":-369,""-14"":46,""-13"":223,""-12"":-167,""-11"":16,""-10"":-81,""-9"":235,""-8"":-128,""-7"":-208,""-6"":372,""-5"":-112,""-4"":-256,""-3"":308,""-2"":-11,""-1"":-228,""0"":162,""1"":42,""2"":-97,""3"":13,""4"":31,""5"":10,""6"":-23,""7"":-13,""8"":29,""9"":-1,""10"":-15,""11"":4,""12"":7,""13"":-2,""15"":2,""16"":1,""17"":1,""18"":1,""19"":1}","{""0"":-1,""1"":3,""2"":-4,""3"":-6,""4"":21,""5"":-22,""6"":-23,""7"":72,""8"":-54,""9"":-68,""10"":157,""11"":-59,""12"":-185,""13"":271,""14"":-21,""15"":-336,""16"":369,""17"":-46,""18"":-223,""19"":167,""20"":-16,""21"":81,""22"":-235,""23"":128,""24"":208,""25"":-372,""26"":112,""27"":256,""28"":-308,""29"":11,""30"":228,""31"":-162,""32"":-42,""33"":97,""34"":-13,""35"":-31,""36"":-10,""37"":23,""38"":13,""39"":-29,""40"":1,""41"":15,""42"":-4,""43"":-7,""44"":2,""46"":-2,""47"":-1,""48"":-1,""49"":-1,""50"":-1}",c43acb4651c4cc0dd541c6b0d4a893800523ac5fdc5a0fca21b327078ffdb5d6,381f8284a1f609d1eab0976560a0462935415f35e376eb35adb2990eaa031b9a,success
ABBBAABA,8,4,4,8,12,16,"{""-32"":1,""-31"":-1,""-30"":-2,""-29"":13,""-28"":-17,""-26"":45,""-25"":-67,""-24"":22,""-23"":91,""-22"":-171,""-21"":121,""-20"":70,""-19"":-262,""-18"":286,""-17"":-84,""-16"":-169,""-15"":236,""-14"":-78,""-13"":-66,""-12"":13,""-11"":110,""-10"":-58,""-9"":-114,""-8"":129,""-7"":82,""-6"":-215,""-5"":60,""-4"":213,""-3"":-225,""-2"":-39,""-1"":249,""0"":-132,""1"":-133,""2"":207,""3"":-30,""4"":-127,""5"":88,""6"":31,""7"":-54,""8"":1,""9"":22,""10"":2,""11"":-13,""12"":2,""13"":7,""14"":-1,""16"":2,""17"":1,""18"":1,""19"":1}","{""0"":1,""1"":-1,""2"":-2,""3"":13,""4"":-17,""6"":45,""7"":-67,""8"":22,""9"":91,""10"":-171,""11"":121,""12"":70,""13"":-262,""14"":286,""15"":-84,""16"":-169,""17"":236,""18"":-78,""19"":-66,""20"":13,""21"":110,""22"":-58,""23"":-114,""24"":129,""25"":82,""26"":-215,""27"":60,""28"":213,""29"":-225,""30"":-39,""31"":249,""32"":-132,""33"":-133,""34"":207,""35"":-30,""36"":-127,""37"":88,""38"":31,""39"":-54,""40"":1,""41"":22,""42"":2,""43"":-13,""44"":2,""45"":7,""46"":-1,""48"":2,""49"":1,""50"":1,""51"":1}",81ef82868ddd4235ec0e7903361f08468d9f81fa0c3d4798b1a56fbbd37edd08,1cbba940bda9a93b88ecd761e649c88c62dd0ffc27897f6c0aff942f7d08c058,success
ABBBABAA,8,4,4,8,12,16,"{""-32"":1,""-31"":-1,""-30"":1,""-29"":6,""-28"":-14,""-27"":21,""-26"":-5,""-25"":-27,""-24"":54,""-23"":-30,""-22"":-41,""-21"":102,""-20"":-70,""-19"":-60,""-18"":198,""-17"":-195,""-16"":32,""-15"":150,""-14"":-173,""-13"":65,""-12"":-6,""-11"":59,""-10"":-71,""-9"":-47,""-8"":158,""-7"":-76,""-6"":-104,""-5"":157,""-4"":2,""-3"":-154,""-2"":114,""-1"":66,""0"":-140,""1"":37,""2"":92,""3"":-77,""4"":-18,""5"":49,""7"":-29,""8"":5,""9"":15,""10"":-4,""11"":-6,""12"":2,""13"":5,""16"":2,""17"":1,""18"":1,""19"":1}","{""0"":1,""1"":-1,""2"":1,""3"":6,""4"":-14,""5"":21,""6"":-5,""7"":-27,""8"":54,""9"":-30,""10"":-41,""11"":102,""12"":-70,""13"":-60,""14"":198,""15"":-195,""16"":32,""17"":150,""18"":-173,""19"":65,""20"":-6,""21"":59,""22"":-71,""23"":-47,""24"":158,""25"":-76,""26"":-104,""27"":157,""28"":2,""29"":-154,""30"":114,""31"":66,""32"":-140,""33"":37,""34"":92,""35"":-77,""36"":-18,""37"":49,""39"":-29,""40"":5,""41"":15,""42"":-4,""43"":-6,""44"":2,""45"":5,""48"":2,""49"":1,""50"":1,""51"":1}",8b24a7a4a1dd2407dd271c9cfc943745bc2fba855638d194b22f0f1bf8f3e329,a99239252c2d7a7f1948a913b105f29c5d89fb7dbfce1755d7bdc15062bd0535,success
ABBBABAB,8,3,5,8,12,16,"{""-31"":1,""-30"":-2,""-29"":2,""-28"":5,""-27"":-9,""-26"":8,""-25"":8,""-24"":-18,""-23"":16,""-22"":9,""-21"":-29,""-20"":19,""-19"":24,""-18"":-43,""-17"":-16,""-16"":110,""-15"":-115,""-14"":10,""-13"":94,""-12"":-85,""-11"":40,""-10"":-47,""-9"":92,""-8"":-53,""-7"":-57,""-6"":123,""-5"":-59,""-4"":-48,""-3"":75,""-2"":5,""-1"":-65,""0"":32,""1"":37,""2"":-39,""3"":-6,""4"":23,""5"":3,""6"":-9,""7"":-9,""8"":16,""9"":1,""10"":-8,""11"":1,""12"":6,""13"":-1,""15"":2,""16"":1,""17"":1,""18"":1,""19"":1}","{""0"":-1,""1"":2,""2"":-2,""3"":-5,""4"":9,""5"":-8,""6"":-8,""7"":18,""8"":-16,""9"":-9,""10"":29,""11"":-19,""12"":-24,""13"":43,""14"":16,""15"":-110,""16"":115,""17"":-10,""18"":-94,""19"":85,""20"":-40,""21"":47,""22"":-92,""23"":53,""24"":57,""25"":-123,""26"":59,""27"":48,""28"":-75,""29"":-5,""30"":65,""31"":-32,""32"":-37,""33"":39,""34"":6,""35"":-23,""36"":-3,""37"":9,""38"":9,""39"":-16,""40"":-1,""41"":8,""42"":-1,""43"":-6,""44"":1,""46"":-2,""47"":-1,""48"":-1,""49"":-1,""50"":-1}",e482a3d8cf911b0dcdbaa7ff4d832c0bc3e5c09ff94837dc75d374af301bb568,dca26b8939b1031edb1b4967a4dfbe07b6d9bf120a8d8b21cbd359a3c3e5ca1b,success
BAAAAABA,8,6,2,8,12,16,"{""-33"":1,""-32"":-2,""-31"":2,""-30"":5,""-29"":-8,""-28"":5,""-27"":16,""-26"":-27,""-25"":19,""-24"":19,""-23"":-47,""-22"":47,""-21"":-6,""-20"":-22,""-19"":16,""-18"":18,""-17"":-22,""-16"":-8,""-15"":33,""-14"":-29,""-13"":23,""-12"":-31,""-11"":30,""-10"":6,""-9"":-35,""-8"":30,""-6"":-11,""-5"":4,""-4"":2,""-3"":1,""-2"":3,""-1"":-16,""0"":15,""1"":11,""2"":-33,""3"":17,""4"":28,""5"":-35,""6"":-3,""7"":40,""8"":-20,""9"":-15,""10"":24,""11"":-1,""12"":-8,""13"":2,""14"":7,""15"":-1,""17"":2,""18"":1,""19"":1}","{""0"":-1,""1"":2,""2"":-2,""3"":-5,""4"":8,""5"":-5,""6"":-16,""7"":27,""8"":-19,""9"":-19,""10"":47,""11"":-47,""12"":6,""13"":22,""14"":-16,""15"":-18,""16"":22,""17"":8,""18"":-33,""19"":29,""20"":-23,""21"":31,""22"":-30,""23"":-6,""24"":35,""25"":-30,""27"":11,""28"":-4,""29"":-2,""30"":-1,""31"":-3,""32"":16,""33"":-15,""34"":-11,""35"":33,""36"":-17,""37"":-28,""38"":35,""39"":3,""40"":-40,""41"":20,""42"":15,""43"":-24,""44"":1,""45"":8,""46"":-2,""47"":-7,""48"":1,""50"":-2,""51"":-1,""52"":-1}",15af97a72c21553fcd46392f4b70aed4c1929e843cd1cf58f013adf01f1b2a57,4874bbd74a1ed154454900eec1aaa72f5417404e5bf05e07e9eb38f6bb711bfc,success
BAAAABAA,8,6,2,8,12,16,"{""-33"":1,""-32"":-3,""-31"":6,""-30"":-2,""-29"":-9,""-28"":29,""-27"":-27,""-26"":-3,""-25"":59,""-24"":-75,""-23"":34,""-22"":51,""-21"":-95,""-20"":78,""-19"":-26,""-18"":-12,""-17"":31,""-16"":-38,""-15"":29,""-14"":-10,""-13"":23,""-12"":-55,""-11"":50,""-10"":19,""-9"":-64,""-8"":32,""-7"":22,""-6"":-8,""-5"":-41,""-4"":30,""-3"":46,""-2"":-75,""-1"":-1,""0"":92,""1"":-69,""2"":-50,""3"":112,""4"":-36,""5"":-66,""6"":70,""7"":9,""8"":-40,""9"":10,""10"":22,""11"":-9,""12"":-6,""13"":5,""14"":5,""15"":-1,""17"":2,""18"":1,""19"":1}","{""0"":-1,""1"":3,""2"":-6,""3"":2,""4"":9,""5"":-29,""6"":27,""7"":3,""8"":-59,""9"":75,""10"":-34,""11"":-51,""12"":95,""13"":-78,""14"":26,""15"":12,""16"":-31,""17"":38,""18"":-29,""19"":10,""20"":-23,""21"":55,""22"":-50,""23"":-19,""24"":64,""25"":-32,""26"":-22,""27"":8,""28"":41,""29"":-30,""30"":-46,""31"":75,""32"":1,""33"":-92,""34"":69,""35"":50,""36"":-112,""37"":36,""38"":66,""39"":-70,""40"":-9,""41"":40,""42"":-10,""43"":-22,""44"":9,""45"":6,""46"":-5,""47"":-5,""48"":1,""50"":-2,""51"":-1,""52"":-1}",b992ae2e79285a1206c43f470f782b2f014ea50f4bb7e74bcd6b77f80082ca91,b7b6b0c5ef63e9da6c8ff7fa8574fb232e9dad0398cb2098d6c0b3f26eb3aff4,success
BAAAABAB,8,5,3,8,12,16,"{""-32"":1,""-31"":-2,""-30"":1,""-29"":7,""-28"":-13,""-27"":10,""-26"":12,""-25"":-22,""-24"":8,""-23"":30,""-22"":-39,""-21"":10,""-20"":43,""-19"":-68,""-18"":74,""-17"":-54,""-16"":5,""-15"":63,""-14"":-85,""-13"":44,""-12"":-9,""-11"":38,""-10"":-63,""-9"":14,""-8"":64,""-7"":-61,""-6"":-8,""-5"":37,""-4"":17,""-3"":-63,""-2"":22,""-1"":67,""0"":-72,""1"":-17,""2"":89,""3"":-36,""4"":-53,""5"":63,""6"":7,""7"":-40,""8"":11,""9"":14,""10"":-1,""11"":-11,""12"":3,""13"":8,""14"":-2,""15"":-1,""16"":3,""17"":1,""18"":1,""19"":1}","{""0"":1,""1"":-2,""2"":1,""3"":7,""4"":-13,""5"":10,""6"":12,""7"":-22,""8"":8,""9"":30,""10"":-39,""11"":10,""12"":43,""13"":-68,""14"":74,""15"":-54,""16"":5,""17"":63,""18"":-85,""19"":44,""20"":-9,""21"":38,""22"":-63,""23"":14,""24"":64,""25"":-61,""26"":-8,""27"":37,""28"":17,""29"":-63,""30"":22,""31"":67,""32"":-72,""33"":-17,""34"":89,""35"":-36,""36"":-53,""37"":63,""38"":7,""39"":-40,""40"":11,""41"":14,""42"":-1,""43"":-11,""44"":3,""45"":8,""46"":-2,""47"":-1,""48"":3,""49"":1,""50"":1,""51"":1}",1827d8391490a327c8522174fc4584d044e889db15249725529da8649802dabf,2bc4dae5724186f36e731687c601b5d549c34032532f7f30254a6cbe736ddfe4,success
BAABAABA,8,5,3,8,12,16,"{""-31"":1,""-30"":-3,""-29"":4,""-28"":7,""-27"":-23,""-26"":21,""-25"":42,""-24"":-108,""-23"":66,""-22"":147,""-21"":-305,""-20"":130,""-19"":323,""-18"":-532,""-17"":142,""-16"":471,""-15"":-587,""-14"":106,""-13"":321,""-12"":-235,""-11"":-11,""-10"":-79,""-9"":334,""-8"":-186,""-7"":-350,""-6"":622,""-5"":-206,""-4"":-438,""-3"":562,""-2"":-90,""-1"":-341,""0"":283,""1"":29,""2"":-138,""3"":30,""4"":41,""5"":9,""6"":-30,""7"":-13,""8"":35,""9"":-2,""10"":-17,""11"":5,""12"":7,""13"":-2,""15"":2,""16"":1,""17"":1,""18"":1,""19"":1}","{""0"":-1,""1"":3,""2"":-4,""3"":-7,""4"":23,""5"":-21,""6"":-42,""7"":108,""8"":-66,""9"":-147,""10"":305,""11"":-130,""12"":-323,""13"":532,""14"":-142,""15"":-471,""16"":587,""17"":-106,""18"":-321,""19"":235,""20"":11,""21"":79,""22"":-334,""23"":186,""24"":350,""25"":-622,""26"":206,""27"":438,""28"":-562,""29"":90,""30"":341,""31"":-283,""32"":-29,""33"":138,""34"":-30,""35"":-41,""36"":-9,""37"":30,""38"":13,""39"":-35,""40"":2,""41"":17,""42"":-5,""43"":-7,""44"":2,""46"":-2,""47"":-1,""48"":-1,""49"":-1,""50"":-1}",cb14165278d6969689768a9d5e2a546ed6acd21d3c6ab302f61ed23c9b2f1e01,979688663e16d3684f89f6e96862cf6ddc24a1bdb9acc63f52946fcd96935ba4,success
BAABABAA,8,5,3,8,12,16,"{""-31"":1,""-30"":-3,""-29"":6,""-28"":-1,""-27"":-11,""-26"":30,""-25"":-18,""-24"":-24,""-23"":76,""-22"":-50,""-21"":-50,""-20"":126,""-19"":-49,""-18"":-113,""-17"":147,""-16"":27,""-15"":-203,""-14"":159,""-13"":27,""-12"":-105,""-11"":43,""-10"":-23,""-9"":134,""-8"":-186,""-7"":41,""-6"":188,""-5"":-234,""-4"":47,""-3"":147,""-2"":-138,""-1"":-3,""0"":79,""1"":-30,""2"":-14,""3"":-2,""4"":21,""5"":7,""6"":-22,""7"":2,""8"":19,""9"":-6,""10"":-7,""11"":4,""12"":4,""13"":-1,""15"":2,""16"":1,""17"":1,""18"":1,""19"":1}","{""0"":-1,""1"":3,""2"":-6,""3"":1,""4"":11,""5"":-30,""6"":18,""7"":24,""8"":-76,""9"":50,""10"":50,""11"":-126,""12"":49,""13"":113,""14"":-147,""15"":-27,""16"":203,""17"":-159,""18"":-27,""19"":105,""20"":-43,""21"":23,""22"":-134,""23"":186,""24"":-41,""25"":-188,""26"":234,""27"":-47,""28"":-147,""29"":138,""30"":3,""31"":-79,""32"":30,""33"":14,""34"":2,""35"":-21,""36"":-7,""37"":22,""38"":-2,""39"":-19,""40"":6,""41"":7,""42"":-4,""43"":-4,""44"":1,""46"":-2,""47"":-1,""48"":-1,""49"":-1,""50"":-1}",46c1313b905d76b0a498ee135561eb09085d6d348636e44cd3cbe87676a3cc0d,10e4ec087b3f17f24162a824519ad354a0e58bd976c296db7b62e74f65cdead6,success
BAABABAB,8,4,4,8,12,16,"{""-30"":1,""-29"":-2,""-28"":1,""-27"":8,""-26"":-14,""-25"":8,""-24"":22,""-23"":-31,""-22"":4,""-21"":46,""-20"":-35,""-19"":-29,""-18"":66,""-17"":-15,""-16"":-41,""-15"":9,""-14"":65,""-13"":-64,""-12"":-10,""-11"":57,""-10"":-32,""-9"":11,""-8"":-46,""-7"":95,""-6"":-65,""-5"":-23,""-4"":90,""-3"":-60,""-2"":2,""-1"":20,""0"":-1,""1"":6,""2"":-21,""3"":7,""4"":29,""5"":-27,""6"":-5,""7"":19,""8"":1,""9"":-12,""10"":3,""11"":7,""12"":-3,""13"":-1,""14"":3,""15"":1,""16"":1,""17"":1,""18"":1,""19"":1}","{""0"":1,""1"":-2,""2"":1,""3"":8,""4"":-14,""5"":8,""6"":22,""7"":-31,""8"":4,""9"":46,""10"":-35,""11"":-29,""12"":66,""13"":-15,""14"":-41,""15"":9,""16"":65,""17"":-64,""18"":-10,""19"":57,""20"":-32,""21"":11,""22"":-46,""23"":95,""24"":-65,""25"":-23,""26"":90,""27"":-60,""28"":2,""29"":20,""30"":-1,""31"":6,""32"":-21,""33"":7,""34"":29,""35"":-27,""36"":-5,""37"":19,""38"":1,""39"":-12,""40"":3,""41"":7,""42"":-3,""43"":-1,""44"":3,""45"":1,""46"":1,""47"":1,""48"":1,""49"":1}",6ad81de7918c89494e2cb0a9b9b8940179432a14a65ba7c4c098c807ade80a0d,f74f50f941a6e6f409c001da01d592b8ea8d4d19278de19bd529bae1521ee510,success
BABAAABA,8,5,3,8,12,16,"{""-31"":1,""-30"":-2,""-29"":2,""-28"":5,""-27"":-7,""-26"":1,""-25"":21,""-24"":-25,""-23"":4,""-22"":45,""-21"":-56,""-20"":4,""-19"":87,""-18"":-92,""-17"":-43,""-16"":193,""-15"":-168,""-14"":-21,""-13"":158,""-12"":-112,""-11"":32,""-10"":-59,""-9"":117,""-8"":-36,""-7"":-138,""-6"":194,""-5"":-45,""-4"":-131,""-3"":129,""-2"":32,""-1"":-123,""0"":47,""1"":72,""2"":-68,""3"":-8,""4"":36,""5"":2,""6"":-12,""7"":-12,""8"":20,""9"":2,""10"":-11,""11"":2,""12"":6,""13"":-1,""15"":2,""16"":1,""17"":1,""18"":1,""19"":1}","{""0"":-1,""1"":2,""2"":-2,""3"":-5,""4"":7,""5"":-1,""6"":-21,""7"":25,""8"":-4,""9"":-45,""10"":56,""11"":-4,""12"":-87,""13"":92,""14"":43,""15"":-193,""16"":168,""17"":21,""18"":-158,""19"":112,""20"":-32,""21"":59,""22"":-117,""23"":36,""24"":138,""25"":-194,""26"":45,""27"":131,""28"":-129,""29"":-32,""30"":123,""31"":-47,""32"":-72,""33"":68,""34"":8,""35"":-36,""36"":-2,""37"":12,""38"":12,""39"":-20,""40"":-2,""41"":11,""42"":-2,""43"":-6,""44"":1,""46"":-2,""47"":-1,""48"":-1,""49"":-1,""50"":-1}",20ffec518d200dfee51e350849c36ca36b84416ba18f93d2a47f21691f6f732f,ac4ecc78a24b2f13a347b40c94410bc6b8de0eff3364b11ab6bee95d06a3529f,success
BABAABAA,8,5,3,8,12,16,"{""-31"":1,""-30"":-3,""-29"":6,""-28"":-1,""-27"":-10,""-26"":25,""-25"":-8,""-24"":-33,""-23"":69,""-22"":-16,""-21"":-94,""-20"":136,""-19"":1,""-18"":-185,""-17"":165,""-16"":84,""-15"":-267,""-14"":161,""-13"":75,""-12"":-138,""-11"":42,""-10"":-28,""-9"":158,""-8"":-185,""-7"":-21,""-6"":268,""-5"":-247,""-4"":-24,""-3"":226,""-2"":-150,""-1"":-49,""0"":115,""1"":-25,""2"":-32,""3"":2,""4"":27,""5"":6,""6"":-24,""8"":22,""9"":-6,""10"":-9,""11"":5,""12"":4,""13"":-1,""15"":2,""16"":1,""17"":1,""18"":1,""19"":1}","{""0"":-1,""1"":3,""2"":-6,""3"":1,""4"":10,""5"":-25,""6"":8,""7"":33,""8"":-69,""9"":16,""10"":94,""11"":-136,""12"":-1,""13"":185,""14"":-165,""15"":-84,""16"":267,""17"":-161,""18"":-75,""19"":138,""20"":-42,""21"":28,""22"":-158,""23"":185,""24"":21,""25"":-268,""26"":247,""27"":24,""28"":-226,""29"":150,""30"":49,""31"":-115,""32"":25,""33"":32,""34"":-2,""35"":-27,""36"":-6,""37"":24,""39"":-22,""40"":6,""41"":9,""42"":-5,""43"":-4,""44"":1,""46"":-2,""47"":-1,""48"":-1,""49"":-1,""50"":-1}",b8a368c74c7dc0d6f0c9fc9646bb8c3de3d12c44de743577f67fdcbf5c04e7c9,afad1defbc2026b1d9c5233399388c2308bd701ffdb673e951702adfa5ffadca,success
BABAABAB,8,4,4,8,12,16,"{""-30"":1,""-29"":-2,""-28"":1,""-27"":8,""-26"":-12,""-24"":32,""-23"":-25,""-22"":-34,""-21"":91,""-20"":-29,""-19"":-103,""-18"":138,""-16"":-124,""-15"":58,""-14"":103,""-13"":-127,""-12"":5,""-11"":79,""-10"":-39,""-9"":3,""-8"":-80,""-7"":176,""-6"":-117,""-5"":-75,""-4"":210,""-3"":-135,""-2"":-21,""-1"":91,""0"":-42,""1"":7,""2"":-11,""3"":-1,""4"":38,""5"":-34,""6"":-9,""7"":27,""8"":-1,""9"":-15,""10"":5,""11"":7,""12"":-3,""13"":-1,""14"":3,""15"":1,""16"":1,""17"":1,""18"":1,""19"":1}","{""0"":1,""1"":-2,""2"":1,""3"":8,""4"":-12,""6"":32,""7"":-25,""8"":-34,""9"":91,""10"":-29,""11"":-103,""12"":138,""14"":-124,""15"":58,""16"":103,""17"":-127,""18"":5,""19"":79,""20"":-39,""21"":3,""22"":-80,""23"":176,""24"":-117,""25"":-75,""26"":210,""27"":-135,""28"":-21,""29"":91,""30"":-42,""31"":7,""32"":-11,""33"":-1,""34"":38,""35"":-34,""36"":-9,""37"":27,""38"":-1,""39"":-15,""40"":5,""41"":7,""42"":-3,""43"":-1,""44"":3,""45"":1,""46"":1,""47"":1,""48"":1,""49"":1}",215252c9272b7d4180d137f5386ec8526b98f02229793ce4af0c35a2f2ec3a96,d7480f6a22b9069e6fd6cac4ac7205c70e33034df212d5fa7531d01dc2371b60,success
BABBAABA,8,4,4,8,12,16,"{""-31"":1,""-30"":-3,""-29"":4,""-28"":6,""-27"":-19,""-26"":13,""-25"":42,""-24"":-85,""-23"":27,""-22"":146,""-21"":-226,""-20"":25,""-19"":328,""-18"":-391,""-17"":-22,""-16"":502,""-15"":-477,""-14"":-4,""-13"":335,""-12"":-205,""-11"":-2,""-10"":-103,""-9"":292,""-8"":-103,""-7"":-352,""-6"":493,""-5"":-62,""-4"":-433,""-3"":419,""-2"":47,""-1"":-357,""0"":215,""1"":84,""2"":-147,""3"":19,""4"":44,""5"":8,""6"":-26,""7"":-17,""8"":34,""10"":-18,""11"":5,""12"":7,""13"":-2,""15"":2,""16"":1,""17"":1,""18"":1,""19"":1}","{""0"":-1,""1"":3,""2"":-4,""3"":-6,""4"":19,""5"":-13,""6"":-42,""7"":85,""8"":-27,""9"":-146,""10"":226,""11"":-25,""12"":-328,""13"":391,""14"":22,""15"":-502,""16"":477,""17"":4,""18"":-335,""19"":205,""20"":2,""21"":103,""22"":-292,""23"":103,""24"":352,""25"":-493,""26"":62,""27"":433,""28"":-419,""29"":-47,""30"":357,""31"":-215,""32"":-84,""33"":147,""34"":-19,""35"":-44,""36"":-8,""37"":26,""38"":17,""39"":-34,""41"":18,""42"":-5,""43"":-7,""44"":2,""46"":-2,""47"":-1,""48"":-1,""49"":-1,""50"":-1}",9e80acb1e8fc45a6a76bbcd6529b99cd56dfd102e6e80d31f07257f5c768961c,d20859bc5703f0a45bafcbd2c2973f6be9321bf8fa3aa96715bf3bfe3f0c6008,success
BABBABAA,8,4,4,8,12,16,"{""-31"":1,""-30"":-3,""-29"":6,""-28"":-1,""-27"":-10,""-26"":24,""-25"":-4,""-24"":-44,""-23"":81,""-22"":-19,""-21"":-119,""-20"":178,""-19"":-27,""-18"":-198,""-17"":207,""-16"":62,""-15"":-282,""-14"":188,""-13"":71,""-12"":-154,""-11"":54,""-10"":-36,""-9"":177,""-8"":-220,""-7"":-6,""-6"":300,""-5"":-300,""-4"":8,""-3"":246,""-2"":-184,""-1"":-34,""0"":126,""1"":-39,""2"":-30,""3"":2,""4"":27,""5"":4,""6"":-26,""7"":2,""8"":21,""9"":-6,""10"":-9,""11"":5,""12"":4,""13"":-1,""15"":2,""16"":1,""17"":1,""18"":1,""19"":1}","{""0"":-1,""1"":3,""2"":-6,""3"":1,""4"":10,""5"":-24,""6"":4,""7"":44,""8"":-81,""9"":19,""10"":119,""11"":-178,""12"":27,""13"":198,""14"":-207,""15"":-62,""16"":282,""17"":-188,""18"":-71,""19"":154,""20"":-54,""21"":36,""22"":-177,""23"":220,""24"":6,""25"":-300,""26"":300,""27"":-8,""28"":-246,""29"":184,""30"":34,""31"":-126,""32"":39,""33"":30,""34"":-2,""35"":-27,""36"":-4,""37"":26,""38"":-2,""39"":-21,""40"":6,""41"":9,""42"":-5,""43"":-4,""44"":1,""46"":-2,""47"":-1,""48"":-1,""49"":-1,""50"":-1}",7ab0980e1b02a912f9abe59a9106a20eedd05a4e9e12b5228ce7251285417b07,1db03d8bbc8e26d58c9749405868e6a8d51b0508f9b2b0705b4290ef1a1aa94b,success
BABBABAB,8,3,5,8,12,16,"{""-30"":1,""-29"":-2,""-28"":1,""-27"":8,""-26"":-12,""-24"":34,""-23"":-33,""-22"":-19,""-21"":77,""-20"":-35,""-19"":-77,""-18"":110,""-16"":-102,""-15"":46,""-14"":88,""-13"":-104,""-12"":-1,""-11"":73,""-10"":-31,""-9"":3,""-8"":-62,""-7"":147,""-6"":-98,""-5"":-61,""-4"":169,""-3"":-111,""-2"":-17,""-1"":68,""0"":-32,""1"":10,""2"":-16,""3"":2,""4"":37,""5"":-32,""6"":-7,""7"":24,""8"":1,""9"":-15,""10"":5,""11"":7,""12"":-3,""13"":-1,""14"":3,""15"":1,""16"":1,""17"":1,""18"":1,""19"":1}","{""0"":1,""1"":-2,""2"":1,""3"":8,""4"":-12,""6"":34,""7"":-33,""8"":-19,""9"":77,""10"":-35,""11"":-77,""12"":110,""14"":-102,""15"":46,""16"":88,""17"":-104,""18"":-1,""19"":73,""20"":-31,""21"":3,""22"":-62,""23"":147,""24"":-98,""25"":-61,""26"":169,""27"":-111,""28"":-17,""29"":68,""30"":-32,""31"":10,""32"":-16,""33"":2,""34"":37,""35"":-32,""36"":-7,""37"":24,""38"":1,""39"":-15,""40"":5,""41"":7,""42"":-3,""43"":-1,""44"":3,""45"":1,""46"":1,""47"":1,""48"":1,""49"":1}",61428e40c52a69d53c232821684fc569c480aeffd949020f9eed7ac2628d3db8,f8dcd21ceee6719d88b660561842c59a0bb52edc9f674a25657a7f8cc539ac17,success
AABAAAABA,9,7,2,8,12,18,"{""-36"":1,""-35"":-1,""-34"":1,""-33"":6,""-32"":-11,""-31"":12,""-30"":14,""-29"":-45,""-28"":57,""-27"":3,""-26"":-88,""-25"":126,""-24"":-47,""-23"":-83,""-22"":151,""-21"":-113,""-20"":25,""-19"":43,""-18"":-75,""-17"":68,""-16"":-17,""-15"":-14,""-14"":-28,""-13"":97,""-12"":-56,""-11"":-67,""-10"":108,""-9"":-8,""-8"":-64,""-7"":-9,""-6"":106,""-5"":-43,""-4"":-118,""-3"":142,""-2"":33,""-1"":-187,""0"":100,""1"":122,""2"":-188,""3"":25,""4"":132,""5"":-89,""6"":-38,""7"":66,""8"":7,""9"":-36,""10"":7,""11"":18,""12"":-2,""13"":-8,""14"":3,""15"":5,""18"":2,""19"":1,""20"":1,""21"":1}","{""0"":1,""1"":-1,""2"":1,""3"":6,""4"":-11,""5"":12,""6"":14,""7"":-45,""8"":57,""9"":3,""10"":-88,""11"":126,""12"":-47,""13"":-83,""14"":151,""15"":-113,""16"":25,""17"":43,""18"":-75,""19"":68,""20"":-17,""21"":-14,""22"":-28,""23"":97,""24"":-56,""25"":-67,""26"":108,""27"":-8,""28"":-64,""29"":-9,""30"":106,""31"":-43,""32"":-118,""33"":142,""34"":33,""35"":-187,""36"":100,""37"":122,""38"":-188,""39"":25,""40"":132,""41"":-89,""42"":-38,""43"":66,""44"":7,""45"":-36,""46"":7,""47"":18,""48"":-2,""49"":-8,""50"":3,""51"":5,""54"":2,""55"":1,""56"":1,""57"":1}",d1491e0d9970a107985dc6648d34743664f56cb1d96344ae2da545b7795cb272,305a66b46d91de489b5100fb1f23be59cc3b8d87d60ffccc5ebda6ecea5de0c0,success
AABAAABAA,9,7,2,8,12,18,"{""-36"":1,""-35"":-2,""-34"":5,""-33"":-2,""-32"":-6,""-31"":27,""-30"":-32,""-29"":9,""-28"":68,""-27"":-130,""-26"":102,""-25"":74,""-24"":-277,""-23"":294,""-22"":-22,""-21"":-357,""-20"":489,""-19"":-206,""-18"":-248,""-17"":435,""-16"":-198,""-15"":-116,""-14"":121,""-13"":96,""-12"":-91,""-11"":-187,""-10"":284,""-9"":57,""-8"":-400,""-7"":223,""-6"":291,""-5"":-461,""-4"":51,""-3"":413,""-2"":-357,""-1"":-99,""0"":351,""1"":-139,""2"":-173,""3"":174,""4"":42,""5"":-122,""6"":15,""7"":67,""8"":-16,""9"":-33,""10"":15,""11"":18,""12"":-7,""13"":-7,""14"":5,""15"":4,""18"":2,""19"":1,""20"":1,""21"":1}","{""0"":1,""1"":-2,""2"":5,""3"":-2,""4"":-6,""5"":27,""6"":-32,""7"":9,""8"":68,""9"":-130,""10"":102,""11"":74,""12"":-277,""13"":294,""14"":-22,""15"":-357,""16"":489,""17"":-206,""18"":-248,""19"":435,""20"":-198,""21"":-116,""22"":121,""23"":96,""24"":-91,""25"":-187,""26"":284,""27"":57,""28"":-400,""29"":223,""30"":291,""31"":-461,""32"":51,""33"":413,""34"":-357,""35"":-99,""36"":351,""37"":-139,""38"":-173,""39"":174,""40"":42,""41"":-122,""42"":15,""43"":67,""44"":-16,""45"":-33,""46"":15,""47"":18,""48"":-7,""49"":-7,""50"":5,""51"":4,""54"":2,""55"":1,""56"":1,""57"":1}",0ea1132fc04813c18a4d8614f518d3fa101a58ce252b0e103c7509d46e046d38,b042154f7bec42c578dcc6117742593d4ccec8880e8c2019aca6684842d9d232,success
AABAAABAB,9,6,3,8,12,18,"{""-35"":1,""-34"":-3,""-33"":6,""-32"":-2,""-31"":-8,""-30"":24,""-29"":-15,""-28"":-21,""-27"":67,""-26"":-42,""-25"":-55,""-24"":149,""-23"":-93,""-22"":-113,""-21"":281,""-20"":-175,""-19"":-187,""-18"":452,""-17"":-292,""-16"":-140,""-15"":359,""-14"":-178,""-13"":-33,""-12"":-46,""-11"":195,""-10"":-24,""-9"":-320,""-8"":347,""-7"":56,""-6"":-393,""-5"":243,""-4"":191,""-3"":-356,""-2"":80,""-1"":237,""0"":-210,""1"":-35,""2"":139,""3"":-30,""4"":-48,""5"":6,""6"":38,""7"":1,""8"":-29,""9"":3,""10"":23,""11"":-7,""12"":-9,""13"":5,""14"":4,""15"":-1,""17"":2,""18"":1,""19"":1,""20"":1,""21"":1}","{""0"":-1,""1"":3,""2"":-6,""3"":2,""4"":8,""5"":-24,""6"":15,""7"":21,""8"":-67,""9"":42,""10"":55,""11"":-149,""12"":93,""13"":113,""14"":-281,""15"":175,""16"":187,""17"":-452,""18"":292,""19"":140,""20"":-359,""21"":178,""22"":33,""23"":46,""24"":-195,""25"":24,""26"":320,""27"":-347,""28"":-56,""29"":393,""30"":-243,""31"":-191,""32"":356,""33"":-80,""34"":-237,""35"":210,""36"":35,""37"":-139,""38"":30,""39"":48,""40"":-6,""41"":-38,""42"":-1,""43"":29,""44"":-3,""45"":-23,""46"":7,""47"":9,""48"":-5,""49"":-4,""50"":1,""52"":-2,""53"":-1,""54"":-1,""55"":-1,""56"":-1}",a949033b3c94080518e3fee4687e813ff7563a6903c727af1f4d53d9d812a8ef,53ee49df26bb4f9fc9e2e1240d877bbbeb71bc71de1c1faf8653f556e6308611,success
AABABAABA,9,6,3,8,12,18,"{""-34"":1,""-33"":-1,""-32"":1,""-31"":7,""-30"":-11,""-29"":10,""-28"":21,""-27"":-49,""-26"":39,""-25"":50,""-24"":-130,""-23"":78,""-22"":112,""-21"":-220,""-20"":61,""-19"":207,""-18"":-224,""-17"":-65,""-16"":292,""-15"":-171,""-14"":-84,""-13"":132,""-12"":-3,""-11"":18,""-10"":-208,""-9"":268,""-8"":-8,""-7"":-312,""-6"":321,""-5"":-15,""-4"":-232,""-3"":176,""-2"":23,""-1"":-94,""0"":30,""1"":8,""2"":21,""3"":-13,""4"":-28,""5"":29,""6"":19,""7"":-28,""8"":-2,""9"":19,""10"":-1,""11"":-9,""12"":3,""13"":4,""14"":-1,""16"":2,""17"":1,""18"":1,""19"":1,""20"":1,""21"":1}","{""0"":1,""1"":-1,""2"":1,""3"":7,""4"":-11,""5"":10,""6"":21,""7"":-49,""8"":39,""9"":50,""10"":-130,""11"":78,""12"":112,""13"":-220,""14"":61,""15"":207,""16"":-224,""17"":-65,""18"":292,""19"":-171,""20"":-84,""21"":132,""22"":-3,""23"":18,""24"":-208,""25"":268,""26"":-8,""27"":-312,""28"":321,""29"":-15,""30"":-232,""31"":176,""32"":23,""33"":-94,""34"":30,""35"":8,""36"":21,""37"":-13,""38"":-28,""39"":29,""40"":19,""41"":-28,""42"":-2,""43"":19,""44"":-1,""45"":-9,""46"":3,""47"":4,""48"":-1,""50"":2,""51"":1,""52"":1,""53"":1,""54"":1,""55"":1}",967977d57a33e84bb7f646c93c810b03a3ff20022e93a56871ce41cb26680c14,c1c0508c090f26383f1e0a5ada2887816ae6e83856955966824b6fc7dfab72a1,success
AABABABAA,9,6,3,8,12,18,"{""-34"":1,""-33"":-1,""-32"":4,""-30"":-2,""-29"":13,""-28"":-11,""-27"":3,""-26"":17,""-25"":-19,""-24"":-2,""-23"":31,""-22"":-22,""-21"":-23,""-20"":50,""-19"":-21,""-18"":-9,""-17"":-13,""-16"":58,""-15"":-40,""-14"":-25,""-13"":59,""-12"":-35,""-11"":24,""-10"":-52,""-9"":80,""-8"":-46,""-7"":-22,""-6"":62,""-5"":-43,""-4"":6,""-3"":-1,""-2"":14,""-1"":-3,""0"":-14,""1"":8,""2"":23,""3"":-19,""4"":-9,""5"":20,""6"":2,""7"":-12,""8"":1,""9"":10,""10"":-2,""11"":-4,""12"":3,""13"":2,""16"":2,""17"":1,""18"":1,""19"":1,""20"":1,""21"":1}","{""0"":1,""1"":-1,""2"":4,""4"":-2,""5"":13,""6"":-11,""7"":3,""8"":17,""9"":-19,""10"":-2,""11"":31,""12"":-22,""13"":-23,""14"":50,""15"":-21,""16"":-9,""17"":-13,""18"":58,""19"":-40,""20"":-25,""21"":59,""22"":-35,""23"":24,""24"":-52,""25"":80,""26"":-46,""27"":-22,""28"":62,""29"":-43,""30"":6,""31"":-1,""32"":14,""33"":-3,""34"":-14,""35"":8,""36"":23,""37"":-19,""38"":-9,""39"":20,""40"":2,""41"":-12,""42"":1,""43"":10,""44"":-2,""45"":-4,""46"":3,""47"":2,""50"":2,""51"":1,""52"":1,""53"":1,""54"":1,""55"":1}",126c7e6707035867d9ff146b75d3fc0f486fb3f6fcf525ab263c163a74dd018c,18a0be608f47d7cd03adcaebd1bd5a7bd99a539350173ac2f9854673463e6d14,success
AABABABAB,9,5,4,8,12,18,"{""-33"":1,""-32"":-2,""-31"":4,""-29"":-2,""-28"":9,""-27"":1,""-26"":-8,""-25"":11,""-24"":7,""-23"":-15,""-22"":3,""-21"":11,""-20"":3,""-19"":-27,""-18"":25,""-17"":-7,""-16"":9,""-15"":-23,""-14"":18,""-13"":16,""-12"":-35,""-11"":35,""-10"":-26,""-9"":33,""-8"":-38,""-7"":29,""-6"":-2,""-5"":-11,""-4"":11,""-3"":-5,""-2"":21,""-1"":-30,""0"":15,""1"":13,""2"":-10,""3"":-9,""4"":14,""5"":4,""6"":-9,""7"":-2,""8"":10,""9"":-1,""10"":-4,""11"":2,""12"":3,""13"":-1,""14"":-1,""15"":2,""16"":1,""17"":1,""18"":1,""19"":1,""20"":1,""21"":1}","{""0"":-1,""1"":2,""2"":-4,""4"":2,""5"":-9,""6"":-1,""7"":8,""8"":-11,""9"":-7,""10"":15,""11"":-3,""12"":-11,""13"":-3,""14"":27,""15"":-25,""16"":7,""17"":-9,""18"":23,""19"":-18,""20"":-16,""21"":35,""22"":-35,""23"":26,""24"":-33,""25"":38,""26"":-29,""27"":2,""28"":11,""29"":-11,""30"":5,""31"":-21,""32"":30,""33"":-15,""34"":-13,""35"":10,""36"":9,""37"":-14,""38"":-4,""39"":9,""40"":2,""41"":-10,""42"":1,""43"":4,""44"":-2,""45"":-3,""46"":1,""47"":1,""48"":-2,""49"":-1,""50"":-1,""51"":-1,""52"":-1,""53"":-1,""54"":-1}",2c177d80b94b585da09f37ff86ba986b432adbe9bf8bef7a486fa36654772d62,0b0c2592cfe43aa23a5e9ba2efd3be6be57e73453283eaa74f0a7f4fcc377eee,success
ABAAAAABA,9,7,2,8,12,18,"{""-36"":1,""-34"":-2,""-33"":9,""-32"":-4,""-31"":-10,""-30"":30,""-29"":-17,""-28"":-22,""-27"":63,""-26"":-42,""-25"":-26,""-24"":92,""-23"":-75,""-22"":-3,""-21"":57,""-20"":-27,""-19"":-33,""-18"":30,""-17"":23,""-16"":-45,""-15"":27,""-14"":-23,""-13"":53,""-12"":-35,""-11"":-31,""-10"":72,""-9"":-34,""-8"":-19,""-7"":24,""-6"":-2,""-5"":1,""-4"":-11,""-3"":-10,""-2"":47,""-1"":-34,""0"":-38,""1"":81,""2"":-22,""3"":-73,""4"":74,""5"":23,""6"":-80,""7"":36,""8"":36,""9"":-35,""11"":14,""12"":5,""13"":-9,""14"":1,""15"":6,""18"":2,""19"":1,""20"":1,""21"":1}","{""0"":1,""2"":-2,""3"":9,""4"":-4,""5"":-10,""6"":30,""7"":-17,""8"":-22,""9"":63,""10"":-42,""11"":-26,""12"":92,""13"":-75,""14"":-3,""15"":57,""16"":-27,""17"":-33,""18"":30,""19"":23,""20"":-45,""21"":27,""22"":-23,""23"":53,""24"":-35,""25"":-31,""26"":72,""27"":-34,""28"":-19,""29"":24,""30"":-2,""31"":1,""32"":-11,""33"":-10,""34"":47,""35"":-34,""36"":-38,""37"":81,""38"":-22,""39"":-73,""40"":74,""41"":23,""42"":-80,""43"":36,""44"":36,""45"":-35,""47"":14,""48"":5,""49"":-9,""50"":1,""51"":6,""54"":2,""55"":1,""56"":1,""57"":1}",6309c78caf7d34241ba921953151bb88baad2f2593e6c04591c2c1679a426e7a,0442ca6fb3ca26eaed03c0956b189c9c403770dee6ffe9288826edee3a62fa0e,success
ABAAAABAA,9,7,2,8,12,18,"{""-36"":1,""-35"":-1,""-34"":1,""-33"":6,""-32"":-11,""-31"":12,""-30"":14,""-29"":-45,""-28"":57,""-27"":3,""-26"":-88,""-25"":126,""-24"":-47,""-23"":-83,""-22"":151,""-21"":-113,""-20"":25,""-19"":43,""-18"":-75,""-17"":68,""-16"":-17,""-15"":-14,""-14"":-28,""-13"":97,""-12"":-56,""-11"":-67,""-10"":108,""-9"":-8,""-8"":-64,""-7"":-9,""-6"":106,""-5"":-43,""-4"":-118,""-3"":142,""-2"":33,""-1"":-187,""0"":100,""1"":122,""2"":-188,""3"":25,""4"":132,""5"":-89,""6"":-38,""7"":66,""8"":7,""9"":-36,""10"":7,""11"":18,""12"":-2,""13"":-8,""14"":3,""15"":5,""18"":2,""19"":1,""20"":1,""21"":1}","{""0"":1,""1"":-1,""2"":1,""3"":6,""4"":-11,""5"":12,""6"":14,""7"":-45,""8"":57,""9"":3,""10"":-88,""11"":126,""12"":-47,""13"":-83,""14"":151,""15"":-113,""16"":25,""17"":43,""18"":-75,""19"":68,""20"":-17,""21"":-14,""22"":-28,""23"":97,""24"":-56,""25"":-67,""26"":108,""27"":-8,""28"":-64,""29"":-9,""30"":106,""31"":-43,""32"":-118,""33"":142,""34"":33,""35"":-187,""36"":100,""37"":122,""38"":-188,""39"":25,""40"":132,""41"":-89,""42"":-38,""43"":66,""44"":7,""45"":-36,""46"":7,""47"":18,""48"":-2,""49"":-8,""50"":3,""51"":5,""54"":2,""55"":1,""56"":1,""57"":1}",d1491e0d9970a107985dc6648d34743664f56cb1d96344ae2da545b7795cb272,305a66b46d91de489b5100fb1f23be59cc3b8d87d60ffccc5ebda6ecea5de0c0,success
ABAAAABAB,9,6,3,8,12,18,"{""-35"":1,""-34"":-2,""-33"":2,""-32"":5,""-31"":-7,""-29"":22,""-28"":-23,""-27"":-4,""-26"":43,""-25"":-32,""-24"":-15,""-23"":57,""-22"":-37,""-21"":-17,""-20"":76,""-19"":-118,""-18"":104,""-17"":-1,""-16"":-122,""-15"":138,""-14"":-39,""-13"":-11,""-12"":-48,""-11"":89,""-10"":7,""-9"":-119,""-8"":85,""-7"":48,""-6"":-82,""-5"":-33,""-4"":127,""-3"":-48,""-2"":-110,""-1"":132,""0"":20,""1"":-128,""2"":60,""3"":70,""4"":-75,""5"":-5,""6"":37,""7"":1,""8"":-12,""9"":-12,""10"":20,""11"":2,""12"":-11,""13"":2,""14"":6,""15"":-1,""17"":2,""18"":1,""19"":1,""20"":1,""21"":1}","{""0"":-1,""1"":2,""2"":-2,""3"":-5,""4"":7,""6"":-22,""7"":23,""8"":4,""9"":-43,""10"":32,""11"":15,""12"":-57,""13"":37,""14"":17,""15"":-76,""16"":118,""17"":-104,""18"":1,""19"":122,""20"":-138,""21"":39,""22"":11,""23"":48,""24"":-89,""25"":-7,""26"":119,""27"":-85,""28"":-48,""29"":82,""30"":33,""31"":-127,""32"":48,""33"":110,""34"":-132,""35"":-20,""36"":128,""37"":-60,""38"":-70,""39"":75,""40"":5,""41"":-37,""42"":-1,""43"":12,""44"":12,""45"":-20,""46"":-2,""47"":11,""48"":-2,""49"":-6,""50"":1,""52"":-2,""53"":-1,""54"":-1,""55"":-1,""56"":-1}",0b8f3ffc2dcba66e718766ba2c2a3ec1184e48a4e5d62747e04051fc1af6e7cc,aa8eebdb0ae410ef11c8110e700d3beaaa9e798bfa5a2665a32fea129e43f58e,success
ABAABAABA,9,6,3,8,12,18,"{""-34"":1,""-33"":-1,""-32"":-2,""-31"":15,""-30"":-15,""-29"":-18,""-28"":86,""-27"":-71,""-26"":-98,""-25"":301,""-24"":-186,""-23"":-317,""-22"":691,""-21"":-298,""-20"":-637,""-19"":1024,""-18"":-252,""-17"":-836,""-16"":948,""-15"":-85,""-14"":-528,""-13"":266,""-12"":113,""-11"":192,""-10"":-657,""-9"":302,""-8"":715,""-7"":-1121,""-6"":294,""-5"":833,""-4"":-973,""-3"":126,""-2"":583,""-1"":-472,""0"":-11,""1"":196,""2"":-71,""3"":1,""4"":-33,""5"":14,""6"":58,""7"":-46,""8"":-19,""9"":35,""10"":3,""11"":-17,""12"":4,""13"":6,""14"":-2,""16"":2,""17"":1,""18"":1,""19"":1,""20"":1,""21"":1}","{""0"":1,""1"":-1,""2"":-2,""3"":15,""4"":-15,""5"":-18,""6"":86,""7"":-71,""8"":-98,""9"":301,""10"":-186,""11"":-317,""12"":691,""13"":-298,""14"":-637,""15"":1024,""16"":-252,""17"":-836,""18"":948,""19"":-85,""20"":-528,""21"":266,""22"":113,""23"":192,""24"":-657,""25"":302,""26"":715,""27"":-1121,""28"":294,""29"":833,""30"":-973,""31"":126,""32"":583,""33"":-472,""34"":-11,""35"":196,""36"":-71,""37"":1,""38"":-33,""39"":14,""40"":58,""41"":-46,""42"":-19,""43"":35,""44"":3,""45"":-17,""46"":4,""47"":6,""48"":-2,""50"":2,""51"":1,""52"":1,""53"":1,""54"":1,""55"":1}",041fb2950a63321a7fbf64fc5d7deb34c2116d2abd720b6e0f38661fb31c85b0,cdc7bcd1d96acbf14deb6f796e09f95f9d3dd310a6a146aa459b594acadc6343,success
ABAABABAA,9,6,3,8,12,18,"{""-34"":1,""-33"":-1,""-32"":1,""-31"":7,""-30"":-11,""-29"":10,""-28"":21,""-27"":-49,""-26"":39,""-25"":50,""-24"":-130,""-23"":78,""-22"":112,""-21"":-220,""-20"":61,""-19"":207,""-18"":-224,""-17"":-65,""-16"":292,""-15"":-171,""-14"":-84,""-13"":132,""-12"":-3,""-11"":18,""-10"":-208,""-9"":268,""-8"":-8,""-7"":-312,""-6"":321,""-5"":-15,""-4"":-232,""-3"":176,""-2"":23,""-1"":-94,""0"":30,""1"":8,""2"":21,""3"":-13,""4"":-28,""5"":29,""6"":19,""7"":-28,""8"":-2,""9"":19,""10"":-1,""11"":-9,""12"":3,""13"":4,""14"":-1,""16"":2,""17"":1,""18"":1,""19"":1,""20"":1,""21"":1}","{""0"":1,""1"":-1,""2"":1,""3"":7,""4"":-11,""5"":10,""6"":21,""7"":-49,""8"":39,""9"":50,""10"":-130,""11"":78,""12"":112,""13"":-220,""14"":61,""15"":207,""16"":-224,""17"":-65,""18"":292,""19"":-171,""20"":-84,""21"":132,""22"":-3,""23"":18,""24"":-208,""25"":268,""26"":-8,""27"":-312,""28"":321,""29"":-15,""30"":-232,""31"":176,""32"":23,""33"":-94,""34"":30,""35"":8,""36"":21,""37"":-13,""38"":-28,""39"":29,""40"":19,""41"":-28,""42"":-2,""43"":19,""44"":-1,""45"":-9,""46"":3,""47"":4,""48"":-1,""50"":2,""51"":1,""52"":1,""53"":1,""54"":1,""55"":1}",967977d57a33e84bb7f646c93c810b03a3ff20022e93a56871ce41cb26680c14,c1c0508c090f26383f1e0a5ada2887816ae6e83856955966824b6fc7dfab72a1,success
ABAABABAB,9,5,4,8,12,18,"{""-33"":1,""-32"":-2,""-31"":2,""-30"":6,""-29"":-8,""-28"":-1,""-27"":29,""-26"":-23,""-25"":-19,""-24"":58,""-23"":-16,""-22"":-57,""-21"":52,""-20"":44,""-19"":-93,""-18"":20,""-17"":60,""-16"":-21,""-15"":-67,""-14"":64,""-13"":25,""-12"":-68,""-11"":32,""-10"":1,""-9"":46,""-8"":-101,""-7"":75,""-6"":29,""-5"":-94,""-4"":70,""-3"":-12,""-2"":1,""-1"":2,""0"":-29,""1"":48,""2"":-4,""3"":-44,""4"":32,""5"":15,""6"":-18,""7"":-10,""8"":18,""9"":3,""10"":-11,""11"":2,""12"":6,""13"":-2,""14"":-1,""15"":2,""16"":1,""17"":1,""18"":1,""19"":1,""20"":1,""21"":1}","{""0"":-1,""1"":2,""2"":-2,""3"":-6,""4"":8,""5"":1,""6"":-29,""7"":23,""8"":19,""9"":-58,""10"":16,""11"":57,""12"":-52,""13"":-44,""14"":93,""15"":-20,""16"":-60,""17"":21,""18"":67,""19"":-64,""20"":-25,""21"":68,""22"":-32,""23"":-1,""24"":-46,""25"":101,""26"":-75,""27"":-29,""28"":94,""29"":-70,""30"":12,""31"":-1,""32"":-2,""33"":29,""34"":-48,""35"":4,""36"":44,""37"":-32,""38"":-15,""39"":18,""40"":10,""41"":-18,""42"":-3,""43"":11,""44"":-2,""45"":-6,""46"":2,""47"":1,""48"":-2,""49"":-1,""50"":-1,""51"":-1,""52"":-1,""53"":-1,""54"":-1}",ad10703bec177c5344f599c925a66e86a4d98b4a571ce9f010829e6da004e473,2e6e371220b73779397d1212667429021c9da10f9f0293f9345e533455eea27f,success
ABABAAABA,9,6,3,8,12,18,"{""-34"":1,""-32"":-2,""-31"":9,""-30"":-4,""-29"":-9,""-28"":28,""-27"":-13,""-26"":-25,""-25"":62,""-24"":-31,""-23"":-54,""-22"":112,""-21"":-40,""-20"":-115,""-19"":156,""-18"":26,""-17"":-239,""-16"":211,""-15"":34,""-14"":-184,""-13"":110,""-12"":-16,""-11"":89,""-10"":-173,""-9"":54,""-8"":195,""-7"":-268,""-6"":65,""-5"":174,""-4"":-170,""-3"":-29,""-2"":143,""-1"":-52,""0"":-70,""1"":65,""2"":8,""3"":-14,""4"":-14,""5"":3,""6"":34,""7"":-21,""8"":-12,""9"":17,""10"":5,""11"":-10,""12"":1,""13"":5,""14"":-1,""16"":2,""17"":1,""18"":1,""19"":1,""20"":1,""21"":1}","{""0"":1,""2"":-2,""3"":9,""4"":-4,""5"":-9,""6"":28,""7"":-13,""8"":-25,""9"":62,""10"":-31,""11"":-54,""12"":112,""13"":-40,""14"":-115,""15"":156,""16"":26,""17"":-239,""18"":211,""19"":34,""20"":-184,""21"":110,""22"":-16,""23"":89,""24"":-173,""25"":54,""26"":195,""27"":-268,""28"":65,""29"":174,""30"":-170,""31"":-29,""32"":143,""33"":-52,""34"":-70,""35"":65,""36"":8,""37"":-14,""38"":-14,""39"":3,""40"":34,""41"":-21,""42"":-12,""43"":17,""44"":5,""45"":-10,""46"":1,""47"":5,""48"":-1,""50"":2,""51"":1,""52"":1,""53"":1,""54"":1,""55"":1}",d388a2224fceb0b11df935e57917a8c55b05b322f5dd74e4d9c3e941948730a8,7cc882f2199bdb9567a92e85a3c214bbd57ba570e5a69f2926314342f5071a99,success
ABABAABAA,9,6,3,8,12,18,"{""-34"":1,""-33"":-1,""-32"":1,""-31"":7,""-30"":-11,""-29"":11,""-28"":17,""-27"":-41,""-26"":33,""-25"":41,""-24"":-101,""-23"":46,""-22"":112,""-21"":-176,""-20"":9,""-19"":215,""-18"":-179,""-17"":-110,""-16"":290,""-15"":-134,""-14"":-110,""-13"":132,""-12"":-2,""-11"":25,""-10"":-196,""-9"":219,""-8"":41,""-7"":-307,""-6"":259,""-5"":45,""-4"":-236,""-3"":136,""-2"":57,""-1"":-95,""0"":14,""1"":17,""2"":21,""3"":-14,""4"":-27,""5"":26,""6"":22,""7"":-28,""8"":-4,""9"":20,""10"":-1,""11"":-9,""12"":3,""13"":4,""14"":-1,""16"":2,""17"":1,""18"":1,""19"":1,""20"":1,""21"":1}","{""0"":1,""1"":-1,""2"":1,""3"":7,""4"":-11,""5"":11,""6"":17,""7"":-41,""8"":33,""9"":41,""10"":-101,""11"":46,""12"":112,""13"":-176,""14"":9,""15"":215,""16"":-179,""17"":-110,""18"":290,""19"":-134,""20"":-110,""21"":132,""22"":-2,""23"":25,""24"":-196,""25"":219,""26"":41,""27"":-307,""28"":259,""29"":45,""30"":-236,""31"":136,""32"":57,""33"":-95,""34"":14,""35"":17,""36"":21,""37"":-14,""38"":-27,""39"":26,""40"":22,""41"":-28,""42"":-4,""43"":20,""44"":-1,""45"":-9,""46"":3,""47"":4,""48"":-1,""50"":2,""51"":1,""52"":1,""53"":1,""54"":1,""55"":1}",879a0502f6fa5216cb2d674de34b15af6ac4b44e1fefff2c5faed76d4c6eacf4,60655c18921fb8810269190959b225271df24a53f1ee15fbde67632a12b29c9d,success
ABABAABAB,9,5,4,8,12,18,"{""-33"":1,""-32"":-2,""-31"":2,""-30"":6,""-29"":-8,""-28"":-1,""-27"":27,""-26"":-16,""-25"":-30,""-24"":59,""-23"":8,""-22"":-95,""-21"":65,""-20"":80,""-19"":-141,""-18"":25,""-17"":101,""-16"":-52,""-15"":-84,""-14"":100,""-13"":10,""-12"":-75,""-11"":32,""-10"":9,""-9"":61,""-8"":-149,""-7"":118,""-6"":42,""-5"":-155,""-4"":121,""-3"":-13,""-2"":-32,""-1"":28,""0"":-36,""1"":45,""2"":3,""3"":-51,""4"":34,""5"":20,""6"":-23,""7"":-11,""8"":21,""9"":2,""10"":-11,""11"":2,""12"":6,""13"":-2,""14"":-1,""15"":2,""16"":1,""17"":1,""18"":1,""19"":1,""20"":1,""21"":1}","{""0"":-1,""1"":2,""2"":-2,""3"":-6,""4"":8,""5"":1,""6"":-27,""7"":16,""8"":30,""9"":-59,""10"":-8,""11"":95,""12"":-65,""13"":-80,""14"":141,""15"":-25,""16"":-101,""17"":52,""18"":84,""19"":-100,""20"":-10,""21"":75,""22"":-32,""23"":-9,""24"":-61,""25"":149,""26"":-118,""27"":-42,""28"":155,""29"":-121,""30"":13,""31"":32,""32"":-28,""33"":36,""34"":-45,""35"":-3,""36"":51,""37"":-34,""38"":-20,""39"":23,""40"":11,""41"":-21,""42"":-2,""43"":11,""44"":-2,""45"":-6,""46"":2,""47"":1,""48"":-2,""49"":-1,""50"":-1,""51"":-1,""52"":-1,""53"":-1,""54"":-1}",1a98258b5b8c43c9c6096e27fc0903bc9d8710dbe2bd2f9e21b54aa8d67294a2,dde0ab56866fbd2fff01867698596cd3b4d0e5c052f7c0d2b157b4aa7e0c4d1f,success
ABABBAABA,9,5,4,8,12,18,"{""-34"":1,""-33"":-1,""-32"":-2,""-31"":14,""-30"":-14,""-29"":-14,""-28"":68,""-27"":-53,""-26"":-76,""-25"":215,""-24"":-116,""-23"":-235,""-22"":454,""-21"":-136,""-20"":-491,""-19"":660,""-18"":-35,""-17"":-703,""-16"":673,""-15"":19,""-14"":-438,""-13"":208,""-12"":53,""-11"":192,""-10"":-497,""-9"":177,""-8"":558,""-7"":-769,""-6"":122,""-5"":638,""-4"":-627,""-3"":-24,""-2"":479,""-1"":-311,""0"":-63,""1"":165,""2"":-45,""3"":-3,""4"":-31,""5"":8,""6"":54,""7"":-39,""8"":-20,""9"":31,""10"":4,""11"":-16,""12"":3,""13"":6,""14"":-2,""16"":2,""17"":1,""18"":1,""19"":1,""20"":1,""21"":1}","{""0"":1,""1"":-1,""2"":-2,""3"":14,""4"":-14,""5"":-14,""6"":68,""7"":-53,""8"":-76,""9"":215,""10"":-116,""11"":-235,""12"":454,""13"":-136,""14"":-491,""15"":660,""16"":-35,""17"":-703,""18"":673,""19"":19,""20"":-438,""21"":208,""22"":53,""23"":192,""24"":-497,""25"":177,""26"":558,""27"":-769,""28"":122,""29"":638,""30"":-627,""31"":-24,""32"":479,""33"":-311,""34"":-63,""35"":165,""36"":-45,""37"":-3,""38"":-31,""39"":8,""40"":54,""41"":-39,""42"":-20,""43"":31,""44"":4,""45"":-16,""46"":3,""47"":6,""48"":-2,""50"":2,""51"":1,""52"":1,""53"":1,""54"":1,""55"":1}",c970a2d23d4f178e55d7cc69bd4176da26a2d316189b73a746017f5dff987cc7,d75e3d9871e6a5478b0d1f5637b2aab7c462036a4a5b894bc66d0e6688bf5bca,success
ABABBABAA,9,5,4,8,12,18,"{""-34"":1,""-33"":-1,""-32"":1,""-31"":7,""-30"":-11,""-29"":10,""-28"":18,""-27"":-41,""-26"":21,""-25"":67,""-24"":-131,""-23"":43,""-22"":172,""-21"":-259,""-20"":40,""-19"":270,""-18"":-256,""-17"":-101,""-16"":350,""-15"":-181,""-14"":-125,""-13"":169,""-12"":-16,""-11"":37,""-10"":-248,""-9"":289,""-8"":38,""-7"":-396,""-6"":362,""-5"":26,""-4"":-300,""-3"":200,""-2"":58,""-1"":-128,""0"":34,""1"":21,""2"":17,""3"":-18,""4"":-28,""5"":29,""6"":19,""7"":-30,""8"":-4,""9"":21,""10"":-2,""11"":-9,""12"":3,""13"":4,""14"":-1,""16"":2,""17"":1,""18"":1,""19"":1,""20"":1,""21"":1}","{""0"":1,""1"":-1,""2"":1,""3"":7,""4"":-11,""5"":10,""6"":18,""7"":-41,""8"":21,""9"":67,""10"":-131,""11"":43,""12"":172,""13"":-259,""14"":40,""15"":270,""16"":-256,""17"":-101,""18"":350,""19"":-181,""20"":-125,""21"":169,""22"":-16,""23"":37,""24"":-248,""25"":289,""26"":38,""27"":-396,""28"":362,""29"":26,""30"":-300,""31"":200,""32"":58,""33"":-128,""34"":34,""35"":21,""36"":17,""37"":-18,""38"":-28,""39"":29,""40"":19,""41"":-30,""42"":-4,""43"":21,""44"":-2,""45"":-9,""46"":3,""47"":4,""48"":-1,""50"":2,""51"":1,""52"":1,""53"":1,""54"":1,""55"":1}",26008c3fda0af6e174d63c7606d731bb040f775e26fb735506ee1e6629c6b4a8,5f8ad6ff77415c97f80ef91a561f2c79fa2e0cf06a1a939a2410d219fa0b55ff,success
ABABBABAB,9,4,5,8,12,18,"{""-33"":1,""-32"":-2,""-31"":2,""-30"":6,""-29"":-8,""-28"":-1,""-27"":27,""-26"":-16,""-25"":-31,""-24"":61,""-23"":2,""-22"":-90,""-21"":62,""-20"":75,""-19"":-135,""-18"":22,""-17"":98,""-16"":-50,""-15"":-78,""-14"":95,""-13"":16,""-12"":-75,""-11"":33,""-10"":8,""-9"":58,""-8"":-142,""-7"":112,""-6"":42,""-5"":-148,""-4"":115,""-3"":-13,""-2"":-28,""-1"":25,""0"":-36,""1"":45,""2"":2,""3"":-51,""4"":34,""5"":19,""6"":-22,""7"":-11,""8"":21,""9"":2,""10"":-11,""11"":2,""12"":6,""13"":-2,""14"":-1,""15"":2,""16"":1,""17"":1,""18"":1,""19"":1,""20"":1,""21"":1}","{""0"":-1,""1"":2,""2"":-2,""3"":-6,""4"":8,""5"":1,""6"":-27,""7"":16,""8"":31,""9"":-61,""10"":-2,""11"":90,""12"":-62,""13"":-75,""14"":135,""15"":-22,""16"":-98,""17"":50,""18"":78,""19"":-95,""20"":-16,""21"":75,""22"":-33,""23"":-8,""24"":-58,""25"":142,""26"":-112,""27"":-42,""28"":148,""29"":-115,""30"":13,""31"":28,""32"":-25,""33"":36,""34"":-45,""35"":-2,""36"":51,""37"":-34,""38"":-19,""39"":22,""40"":11,""41"":-21,""42"":-2,""43"":11,""44"":-2,""45"":-6,""46"":2,""47"":1,""48"":-2,""49"":-1,""50"":-1,""51"":-1,""52"":-1,""53"":-1,""54"":-1}",7cd315f85b983d3e0ff2c234f8de99405ff0377fd61d8a31777b01efe970629e,361e629a3d5ebca93d92a9b4725d0a4d05df9c123813d37b5e63b426eaa542c1,success
