case,kind,generation_seed,generation_grid_size,generation_thickness_fraction,embedding_family,wl_hash,designed_crossings,reference_projection_crossings,crossing_gap_in_tube_radii,nodes,edges,genus_cycle_rank,max_degree,radius_world,radius_vox,spacing_world,input_topology_pass,thick_enough,beta0,beta1,beta2,chi
control_trivial_theta,control,20260824,200,0.9,baseline_control,,0,,,2,3,2,3,0.12901515562086804,9.948977890074238,0.012967679398461841,True,True,1,2,0,-1
control_trefoil_theta,control,20260824,200,0.9,knotted_crossing_control,,0,,,2,3,2,3,0.2564841814517642,10.724698531143337,0.023915281227436143,True,True,1,2,0,-1
control_k4_genus3,control,20260824,200,0.9,spatial_control,,0,,,4,6,3,3,0.11340578556669835,7.511368806672497,0.015097885416830785,True,True,1,3,0,-2
random_0000,random_cycle_chord,20260824,200,0.9,baseline,5ece6bdff7ea6a9025672e56fbda3d50,0,,,11,13,3,3,0.04589726038304204,4.099776194019209,0.01119506485500291,True,True,1,3,0,-2
random_0001,random_cycle_chord,20260824,200,0.9,baseline,5c25c6be641fc20f13f284ff50ca2a81,0,,,13,16,4,3,0.051844483003121104,4.565325347618296,0.011356142017385043,True,True,1,4,0,-3
random_0002,random_cycle_chord,20260824,200,0.9,crossing_rich,e4dfd7b460148a3915f7aca370896702,4,4.0,8.11360025326207,8,12,5,3,0.07887990288191585,6.6036482789631945,0.011944897661069917,True,True,1,5,0,-4
random_0003,random_cycle_chord,20260824,200,0.9,baseline,7e6bc2286a474f101d6d3fad2dea3b25,0,,,11,14,4,3,0.04603183382592394,4.11028561192136,0.011199181315384622,True,True,1,4,0,-3
random_0004,random_cycle_chord,20260824,200,0.9,baseline,4e9cca7c282396d17b6e561d68fe510e,0,,,10,13,4,3,0.05312403300577765,4.683058528605245,0.011343875520940709,True,True,1,4,0,-3
random_0005,random_cycle_chord,20260824,200,0.9,crossing_rich,9e29c665f19ef85c09f08031b7489ca3,6,6.0,10.624924182770748,11,16,6,3,0.060235723944065074,5.22107890211272,0.01153702617282619,True,True,1,6,0,-5
random_0006,random_cycle_chord,20260824,200,0.9,baseline,4ca7af1950eb0912a81fec832cb4eb96,0,,,10,12,3,3,0.06540941283231237,5.62151146390269,0.011635556247163179,True,True,1,3,0,-2
random_0007,random_cycle_chord,20260824,200,0.9,baseline,8f34f4541eedc7b1aecfd95c1d8d238c,0,,,11,14,4,3,0.045272764828904584,4.0425228010655365,0.011199136543391046,True,True,1,4,0,-3
random_0008,random_cycle_chord,20260824,200,0.9,baseline,b73291eb7126cc5eaf4780776629388d,0,,,8,10,3,3,0.07247527169934605,6.139995598227568,0.0118037986412022,True,True,1,3,0,-2
random_0009,random_cycle_chord,20260824,200,0.9,baseline,103a02ce2419501dbcecbb0b106c7128,0,,,9,11,3,3,0.06185774206627528,5.3600776851905865,0.011540456258158844,True,True,1,3,0,-2
random_0010,random_cycle_chord,20260824,200,0.9,baseline,3ddc013bba7f8602e9b01edf73e915d5,0,,,9,11,3,3,0.062455490387647826,5.39001619618171,0.01158725467873201,True,True,1,3,0,-2
random_0011,random_cycle_chord,20260824,200,0.9,crossing_rich,6cae8dd6dca8ab370494a907f81c49aa,3,3.0,13.657853305154779,8,11,4,3,0.046859487043871655,4.172939003587893,0.011229372632473627,True,True,1,4,0,-3
random_0012,random_cycle_chord,20260824,200,0.9,crossing_rich,f01bb47f0e11353dcd7e62b1e2f9df0e,4,4.0,8.918854484850176,9,13,5,3,0.07175809416860904,6.077208470709339,0.01180773944393475,True,True,1,5,0,-4
random_0013,random_cycle_chord,20260824,200,0.9,baseline,c9b2747d4897680c32f2a02811ccda66,0,,,11,13,3,3,0.06018761776272134,5.229702979573282,0.01150880231588838,True,True,1,3,0,-2
random_0014,random_cycle_chord,20260824,200,0.9,crossing_rich,5abff9f8eb816c43fa70e71b5218041d,8,8.0,11.498673359816353,12,18,7,3,0.055658594689415676,4.876096776192993,0.011414579579544577,True,True,1,7,0,-6
random_0015,random_cycle_chord,20260824,200,0.9,crossing_rich,9196592555d997b5ed44ca4d7cf63987,6,6.0,11.497604497339587,12,17,6,3,0.05566376893100546,4.880517712536488,0.011405300054136277,True,True,1,6,0,-5
random_0016,random_cycle_chord,20260824,200,0.9,baseline,efa81f8d435c5ba80e07756432e1f676,0,,,11,13,3,3,0.04616885448815768,4.121772190727345,0.01120121451448061,True,True,1,3,0,-2
random_0017,random_cycle_chord,20260824,200,0.9,crossing_rich,05dd62ad19ce4d5dd6bedfa658e868da,3,3.0,9.771899386919838,10,14,5,3,0.06549392033821706,5.624436438950143,0.011644530265229942,True,True,1,5,0,-4
random_0018,random_cycle_chord,20260824,200,0.9,baseline,237b03a6236ff83b0e5299ac7fc023ee,0,,,10,12,3,3,0.05266230767891701,4.641850867590307,0.011345109780800701,True,True,1,3,0,-2
random_0019,random_cycle_chord,20260824,200,0.9,crossing_rich,226d48fcb25dc01375a006b884ac6d23,4,4.0,10.616802001552406,11,15,5,3,0.060281806132055415,5.221738083006809,0.011544394830570213,True,True,1,5,0,-4
random_0020,random_cycle_chord,20260824,200,0.9,crossing_rich,7cd3e48f57694c7472e13344b0531152,3,3.0,11.06702414147224,11,14,4,3,0.05782945729752977,5.036507738508234,0.011482054689477814,True,True,1,4,0,-3
random_0021,random_cycle_chord,20260824,200,0.9,crossing_rich,f61befc086c76698e58b129c58523394,3,3.0,10.94216698830288,10,14,5,3,0.05848932854745836,5.09528309926177,0.011479112623974237,True,True,1,5,0,-4
random_0022,random_cycle_chord,20260824,200,0.9,baseline,8e55376de66b216997aaf035ce2ec164,0,,,15,18,4,3,0.04537099038862751,4.046892779455942,0.011211315164798391,True,True,1,4,0,-3
random_0023,random_cycle_chord,20260824,200,0.9,crossing_rich,bc0cf7ceb69e1836068831db1a5b7fb5,2,2.0,10.861684886447032,10,13,4,3,0.05892271840794956,5.120310153909821,0.011507646341102351,True,True,1,4,0,-3
random_0024,random_cycle_chord,20260824,200,0.9,crossing_rich,b497a8280ab5258c0901c20c694e809b,3,3.0,12.814942974165733,9,12,4,3,0.04994169707116194,4.425070599859432,0.011286079158318602,True,True,1,4,0,-3
random_0025,random_cycle_chord,20260824,200,0.9,crossing_rich,0d9383c252bac8778d9583a2a6ee796c,5,5.0,12.200324438664138,11,16,6,3,0.05245762137044252,4.620279139706771,0.011353777506562468,True,True,1,6,0,-5
random_0026,random_cycle_chord,20260824,200,0.9,crossing_rich,35e6984785cd33f6953165239be9a661,4,4.0,10.01686012212987,10,14,5,3,0.06389227684093064,5.5033902245081805,0.011609621385087313,True,True,1,5,0,-4
random_0027,random_cycle_chord,20260824,200,0.9,crossing_rich,cbd367df182ccb02b6db0d327f7ca73e,5,5.0,12.08864575924445,11,16,6,3,0.052942241235795835,4.661804662117212,0.011356597942855786,True,True,1,6,0,-5
random_0028,random_cycle_chord,20260824,200,0.9,baseline,bc0c53ec9fcf19b8932a465c5162b3af,0,,,12,15,4,3,0.05565702626983811,4.873823982263714,0.011419580697288014,True,True,1,4,0,-3
random_0029,random_cycle_chord,20260824,200,0.9,crossing_rich,07cadc4d29e0c123eb84295e0e6e93fb,3,3.0,12.088678581719567,11,15,5,3,0.052942097490109835,4.6665850732929695,0.011344933534609563,True,True,1,5,0,-4
random_0030,random_cycle_chord,20260824,200,0.9,crossing_rich,ef457cb883268cd546431e37c4eedca2,3,3.0,11.255580513157929,11,15,5,3,0.056860683396278956,4.964856986106345,0.011452632685170567,True,True,1,5,0,-4
random_0031,random_cycle_chord,20260824,200,0.9,crossing_rich,2c8b3e95d62a28423936c85308a28eeb,6,6.0,9.77724498375348,10,15,6,3,0.06545811228658652,5.621054727246577,0.01164516544720613,True,True,1,6,0,-5
random_0032,random_cycle_chord,20260824,200,0.9,crossing_rich,43af5ef3bcb3f3a536770324997157af,7,7.0,12.761474954869202,13,19,7,3,0.05015094276040599,4.431285769090507,0.011317469775978622,True,True,1,7,0,-6
random_0033,random_cycle_chord,20260824,200,0.9,baseline,78d712f24f5cff365e8a82f9a84c6043,0,,,10,12,3,3,0.053155390359089186,4.680518207546593,0.011356731883530449,True,True,1,3,0,-2
random_0034,random_cycle_chord,20260824,200,0.9,crossing_rich,d529fcf3dbfcc602f5ab87bdbeb0e162,8,8.0,12.371838053792924,13,19,7,3,0.05173038939058781,4.567059946038525,0.011326847031088091,True,True,1,7,0,-6
random_0035,random_cycle_chord,20260824,200,0.9,crossing_rich,8d92d8721dbd33134985bb942b070fe4,5,5.0,13.012139599866092,9,13,5,3,0.04918483967130096,4.365260710302114,0.011267331537661343,True,True,1,5,0,-4
random_0036,random_cycle_chord,20260824,200,0.9,crossing_rich,76f64aeb3bec290543374c9120128d8d,4,4.0,10.25048950181779,10,14,5,3,0.06243604267742573,5.396143710204601,0.011570492935418578,True,True,1,5,0,-4
random_0037,random_cycle_chord,20260824,200,0.9,baseline,ca62a37d3738941a9501a139c3aa3dc2,0,,,12,14,3,3,0.05566388626657264,4.880287240666901,0.011405862712901723,True,True,1,3,0,-2
random_0038,random_cycle_chord,20260824,200,0.9,baseline,19fca4749c1a57391a2f17cdb3a8fecb,0,,,11,13,3,3,0.060169555550811785,5.229601814781233,0.011505571108826154,True,True,1,3,0,-2
random_0039,random_cycle_chord,20260824,200,0.9,baseline,e756644711763e07d0e3622d4415d4c4,0,,,11,13,3,3,0.04516453251854786,4.031730454158889,0.011202269852132317,True,True,1,3,0,-2
random_0040,random_cycle_chord,20260824,200,0.9,crossing_rich,bb2c7ed8feef84917625e983562a84b2,5,5.0,14.072559203899836,10,14,5,3,0.04547857932071382,4.058116449620693,0.011206819687238067,True,True,1,5,0,-4
random_0041,random_cycle_chord,20260824,200,0.9,baseline,fcb06304329c3a95c9fc63ab6e3f83f6,0,,,10,12,3,3,0.05277578552617758,4.650636884985661,0.011348077012110202,True,True,1,3,0,-2
random_0042,random_cycle_chord,20260824,200,0.9,crossing_rich,ef708e22c6afb49a267da2ce884548df,2,2.0,9.221196603257923,9,12,4,3,0.06940530904350124,5.925186282349186,0.011713607933349869,True,True,1,4,0,-3
random_0043,random_cycle_chord,20260824,200,0.9,crossing_rich,3766c050500c74590e361b5f3d5119d1,2,2.0,9.362425138262472,9,12,4,3,0.06835835700137567,5.836994272037099,0.01171122564379676,True,True,1,4,0,-3
random_0044,random_cycle_chord,20260824,200,0.9,crossing_rich,748a628f2d4ade0213315cc4014b52e0,3,3.0,11.385606657491493,10,14,5,3,0.05621132182525323,4.909097542814352,0.01145043897274603,True,True,1,5,0,-4
random_0045,random_cycle_chord,20260824,200,0.9,baseline,3548961aa89bcaeb30f82f691c1470c0,0,,,14,17,4,3,0.048307769674783466,4.292586267132964,0.011253767931156436,True,True,1,4,0,-3
random_0046,random_cycle_chord,20260824,200,0.9,crossing_rich,160f71c8722822d99555e73577ebdb55,8,8.0,13.247808949047114,13,19,7,3,0.04830987542630843,4.2966109226748435,0.01124371657004336,True,True,1,7,0,-6
random_0047,random_cycle_chord,20260824,200,0.9,crossing_rich,d3b9e56b5337f4aa08cbf81ed5c2928d,2,2.0,8.334088957598519,8,11,4,3,0.07679303679815976,6.458778741196255,0.011889714739467391,True,True,1,4,0,-3
random_0048,random_cycle_chord,20260824,200,0.9,crossing_rich,a17d4027c28a77bd091908d86be3664e,2,2.0,8.943673099932175,9,12,4,3,0.07155896608126851,6.08182176125494,0.011766041309718166,True,True,1,4,0,-3
random_0049,random_cycle_chord,20260824,200,0.9,baseline,8c61f2de661654606954623865384556,0,,,13,15,3,3,0.05172905228764616,4.566996018149891,0.011326712806857629,True,True,1,3,0,-2
random_0050,random_cycle_chord,20260824,200,0.9,crossing_rich,9dd9b04322e6954f1b80935716054f95,11,11.0,14.117855430166799,15,22,8,3,0.045332664239673304,4.046148728732399,0.011203904571712414,True,True,1,8,0,-7
random_0051,random_cycle_chord,20260824,200,0.9,baseline,3a351d58f4eb5873cb60bb786dd613d2,0,,,14,17,4,3,0.04831441307681392,4.295411099392394,0.011247913635937712,True,True,1,4,0,-3
random_0052,random_cycle_chord,20260824,200,0.9,crossing_rich,430a013876eaf085a57ad818f2be85a2,4,4.0,11.499901823619767,12,16,5,3,0.05565264902396796,4.876997070197719,0.011411253323084678,True,True,1,5,0,-4
random_0053,random_cycle_chord,20260824,200,0.9,baseline,f8915e048c5e07d3dc0ece3ddaef1ca9,0,,,14,16,3,3,0.04830935670606767,4.290398415383268,0.011259876596274596,True,True,1,3,0,-2
random_0054,random_cycle_chord,20260824,200,0.9,crossing_rich,9864390659db0a33d7b4bc27549e7f6e,4,4.0,9.775918737127467,10,14,5,3,0.06546699263869454,5.621685019046552,0.011645439475333298,True,True,1,5,0,-4
random_0055,random_cycle_chord,20260824,200,0.9,crossing_rich,f8e101deee8812cdf51fe0521efd7a68,5,5.0,13.090277083293765,10,14,5,3,0.04889124927819814,4.339696459257426,0.01126605276134083,True,True,1,5,0,-4
random_0056,random_cycle_chord,20260824,200,0.9,baseline,b0621227ec7d34a9a637ad6d32a04aed,0,,,13,15,3,3,0.05183435069722139,4.564154385250104,0.011356835532280313,True,True,1,3,0,-2
random_0057,random_cycle_chord,20260824,200,0.9,crossing_rich,0ba4cef7d36938b0547a48dd8590384b,4,4.0,12.15174534921048,11,15,5,3,0.052667331449764286,4.637240065050111,0.01135747356422341,True,True,1,5,0,-4
random_0058,random_cycle_chord,20260824,200,0.9,baseline,79f3c24536f906e8e3af49b633b30c68,0,,,15,18,4,3,0.045282218773719525,4.049122048379719,0.011183219036788355,True,True,1,4,0,-3
random_0059,random_cycle_chord,20260824,200,0.9,crossing_rich,0ea767070aaa9d39f9740b10ad5b57da,3,3.0,12.263243011693627,11,15,5,3,0.05218847896838768,4.604027389799067,0.01133539715337474,True,True,1,5,0,-4
random_0060,random_cycle_chord,20260824,200,0.9,baseline,cbcdcec981f1dd5d52ceecf70d124d2f,0,,,12,14,3,3,0.05566410542839659,4.879931629633968,0.01140673879329982,True,True,1,3,0,-2
random_0061,random_cycle_chord,20260824,200,0.9,baseline,1837574bc7ed6a7228b5e0eb65ae216b,0,,,15,18,4,3,0.0452833820061303,4.047660933398457,0.011187543312356926,True,True,1,4,0,-3
random_0062,random_cycle_chord,20260824,200,0.9,baseline,ac248208ae374e8a4f8aa20e84131332,0,,,14,17,4,3,0.04830456271971683,4.289959876169119,0.011259910142295364,True,True,1,4,0,-3
random_0063,random_cycle_chord,20260824,200,0.9,crossing_rich,cb26cc24301cc90da9033428f0e0387b,2,2.0,8.95136271573112,9,12,4,3,0.07149749376988873,6.080918979866955,0.011757679062425698,True,True,1,4,0,-3
random_0064,random_cycle_chord,20260824,200,0.9,crossing_rich,4f5a61a4f571d85b5f4ecbbdca508b0d,3,3.0,9.785079319594498,10,13,4,3,0.06540570383710718,5.625930512976503,0.011625757496692415,True,True,1,4,0,-3
random_0065,random_cycle_chord,20260824,200,0.9,baseline,2628a87ca662ceb07ab825aa2ed1faee,0,,,11,13,3,3,0.04592547377629069,4.09597422930165,0.011212344415585065,True,True,1,3,0,-2
random_0066,random_cycle_chord,20260824,200,0.9,crossing_rich,f0ee0a7c5d7344e4976a3191bc56adbe,2,2.0,9.783311047641886,10,13,4,3,0.06541752550679271,5.62450426117343,0.011630807351036616,True,True,1,4,0,-3
random_0067,random_cycle_chord,20260824,200,0.9,baseline,8603424a32f201376c6da364b388d315,0,,,11,13,3,3,0.0455052172520573,4.063869887871233,0.011197508411346847,True,True,1,3,0,-2
random_0068,random_cycle_chord,20260824,200,0.9,baseline,f4c63b03cb04e53779a197f375d70184,0,,,12,14,3,3,0.055648949557466805,4.875359063665131,0.01141432842807516,True,True,1,3,0,-2
random_0069,random_cycle_chord,20260824,200,0.9,baseline,f2551d12306507df164d13e621c6cf57,0,,,10,12,3,3,0.053060071538374984,4.672832104443778,0.01135501348056478,True,True,1,3,0,-2
random_0070,random_cycle_chord,20260824,200,0.9,crossing_rich,544a2de3e86737771a60badf7d854343,2,2.0,8.921403505362678,9,12,4,3,0.07173759146924522,6.084512021877084,0.011790196356143286,True,True,1,4,0,-3
random_0071,random_cycle_chord,20260824,200,0.9,crossing_rich,c1a4b3143d45077c7153c3b7a674dbd0,11,11.0,14.111704532766797,15,22,8,3,0.045352423480377324,4.046107014438829,0.011208903600061462,True,True,1,8,0,-7
random_0072,random_cycle_chord,20260824,200,0.9,baseline,1d8c899343a1e845cae1da6413821259,0,,,14,16,3,3,0.048301398764996055,4.296001689248705,0.011243337935801213,True,True,1,3,0,-2
random_0073,random_cycle_chord,20260824,200,0.9,crossing_rich,c36c091e0a677f1e54f027fc8bbb4661,9,9.0,13.248798898824917,14,20,7,3,0.04830626571415193,4.297405095040499,0.011240798725235535,True,True,1,7,0,-6
random_0074,random_cycle_chord,20260824,200,0.9,crossing_rich,c87a2efe6cc18dd2d2f16e93c3b14a50,2,2.0,9.815395947876514,10,13,4,3,0.06520368647364237,5.608094971929429,0.011626708677369183,True,True,1,4,0,-3
random_0075,random_cycle_chord,20260824,200,0.9,crossing_rich,74b2009f75f7aa39b3078aa9dd4b778d,2,2.0,8.948013612454037,9,12,4,3,0.07152425417740026,6.074229116809655,0.011775033967596974,True,True,1,4,0,-3
random_0076,random_cycle_chord,20260824,200,0.9,crossing_rich,0fe2ecc105b7dafca4fbcce573bdc203,5,5.0,14.131884299144058,15,20,6,3,0.045287662030941166,4.048928012604849,0.01118509933739367,True,True,1,6,0,-5
random_0077,random_cycle_chord,20260824,200,0.9,crossing_rich,3fab4ef2f63da835bddba85944e4d7b7,4,4.0,12.250614216087927,11,15,5,3,0.05224227852669869,4.61034505427365,0.011331533304274412,True,True,1,5,0,-4
random_0078,random_cycle_chord,20260824,200,0.9,baseline,5a09f2d469638693e252e3673038fcb1,0,,,14,17,4,3,0.0483143064781897,4.292995539544082,0.011254217721204692,True,True,1,4,0,-3
random_0079,random_cycle_chord,20260824,200,0.9,crossing_rich,e6f3579f17341a66c381e2108d3e8d8f,5,5.0,14.138895432562618,12,17,6,3,0.04526520498383816,4.043717535385501,0.011193958180247343,True,True,1,6,0,-5
random_0080,random_cycle_chord,20260824,200,0.9,crossing_rich,b760840125e061ef715323aca4c53bb2,5,5.0,12.302626261782029,11,16,6,3,0.05202141285785075,4.586816940116728,0.011341506220330406,True,True,1,6,0,-5
random_0081,random_cycle_chord,20260824,200,0.9,baseline,b7f57d3553d50f25c5be44b65115c3b8,0,,,13,15,3,3,0.051732818114885885,4.564334338860598,0.0113341430040377,True,True,1,3,0,-2
random_0082,random_cycle_chord,20260824,200,0.9,crossing_rich,8f0fcd64f35ed098799bcfa36390d34a,4,4.0,11.833783149465587,11,15,5,3,0.05408245122599719,4.758171412633622,0.011366225916620109,True,True,1,5,0,-4
random_0083,random_cycle_chord,20260824,200,0.9,crossing_rich,3121daef6f57004910b13a12729ca2fa,6,6.0,12.971745381774852,13,18,6,3,0.049338002031645824,4.378113839348448,0.011269236900196343,True,True,1,6,0,-5
random_0084,random_cycle_chord,20260824,200,0.9,crossing_rich,67bd3f475c31a95ddcf874e77304dbc0,2,2.0,9.786698367159993,10,13,4,3,0.06539488354393025,5.624117309423912,0.01162758170679565,True,True,1,4,0,-3
random_0085,random_cycle_chord,20260824,200,0.9,baseline,59b8a3996410db2fb3f2d81dd28a72be,0,,,15,18,4,3,0.04530466483193503,4.046901681535816,0.011194901284268838,True,True,1,4,0,-3
random_0086,random_cycle_chord,20260824,200,0.9,crossing_rich,7272a6665a131dd6ed0f15277302953e,5,5.0,14.189917202065637,12,17,6,3,0.04510244780757669,4.037108091781537,0.011171969336018798,True,True,1,6,0,-5
random_0087,random_cycle_chord,20260824,200,0.9,baseline,9bbef8e001607652ee9387dc9d688c9c,0,,,12,14,3,3,0.0557024840682614,4.869684970306047,0.011438621678387675,True,True,1,3,0,-2
random_0088,random_cycle_chord,20260824,200,0.9,crossing_rich,903374818a4c6203cdd98492aba07cc5,6,6.0,13.697481664885604,12,17,6,3,0.046723917261424934,4.165146455751351,0.011217832976054717,True,True,1,6,0,-5
random_0089,random_cycle_chord,20260824,200,0.9,baseline,cbd8ea23fe0cce2b3ac0542bd6ba42a9,0,,,13,15,3,3,0.05177083291903727,4.5618601474584075,0.011348623422373184,True,True,1,3,0,-2
random_0090,random_cycle_chord,20260824,200,0.9,crossing_rich,4b011076f0b1f9550e5fa13ae5b0a0c2,3,3.0,14.226672298540965,10,13,4,3,0.0449859240846952,4.022754673401632,0.011182865408656702,True,True,1,4,0,-3
random_0091,random_cycle_chord,20260824,200,0.9,crossing_rich,424f7646e94f7765f921feee852c5612,2,2.0,10.170913109158233,10,13,4,3,0.06292453717097655,5.434355318582439,0.011579025198409466,True,True,1,4,0,-3
random_0092,random_cycle_chord,20260824,200,0.9,baseline,b368b74748fda659bbd4e4bd3936498d,0,,,13,15,3,3,0.05176908227647721,4.56244961150921,0.011346773484551985,True,True,1,3,0,-2
random_0093,random_cycle_chord,20260824,200,0.9,crossing_rich,40fefe67014c9d9fec69d338e16b2e23,4,4.0,11.497586044560096,12,16,5,3,0.05566385826725829,4.880745124788217,0.011404786942172816,True,True,1,5,0,-4
random_0094,random_cycle_chord,20260824,200,0.9,baseline,942675039b454c8ca47b08cbb49440d7,0,,,14,16,3,3,0.0483144499931357,4.295415962061426,0.011247909496976625,True,True,1,3,0,-2
random_0095,random_cycle_chord,20260824,200,0.9,baseline,4dd12823b4c3d089de2f1ce5c865f355,0,,,14,17,4,3,0.048303869712892966,4.292743201794593,0.011252448013358778,True,True,1,4,0,-3
random_0096,random_cycle_chord,20260824,200,0.9,crossing_rich,35ce512d813d2e0cbbfacd86ff8a5dfc,5,5.0,13.246570204636821,14,19,6,3,0.048314393092936225,4.295505310441275,0.011247662289113294,True,True,1,6,0,-5
random_0097,random_cycle_chord,20260824,200,0.9,crossing_rich,a80e9b3e3dc8eb9387cefc9f549c7f07,4,4.0,14.264341320670079,12,17,6,3,0.04486712604616331,4.014569200091867,0.01117607489369883,True,True,1,6,0,-5
random_0098,random_cycle_chord,20260824,200,0.9,crossing_rich,c3024cdf43e7f0d6ca675cff2f56acd5,4,4.0,10.635482839185414,11,15,5,3,0.060175923338617175,5.225497872805873,0.011515825822412062,True,True,1,5,0,-4
random_0099,random_cycle_chord,20260824,200,0.9,baseline,7c306ea22fa11127d6be2c859c9e00b5,0,,,13,16,4,3,0.05174378814076391,4.570487479523393,0.011321284299013048,True,True,1,4,0,-3
random_0100,random_cycle_chord,20260824,200,0.9,crossing_rich,3a49a0000461226249f1a48ca1897deb,2,2.0,13.890434209437256,11,15,5,3,0.0460748735676801,4.115986298613852,0.011194127051199567,True,True,1,5,0,-4
random_0101,random_cycle_chord,20260824,200,0.9,baseline,2226627352f2e0a6e64c2716162ef8cd,0,,,15,18,4,3,0.045316501304035944,4.046931512124425,0.011197743566519409,True,True,1,4,0,-3
random_0102,random_cycle_chord,20260824,200,0.9,baseline,3ca5a84a5a01a85355ed481307b72a5c,0,,,12,14,3,3,0.055664912932866,4.879021331872589,0.011409032497814796,True,True,1,3,0,-2
random_0103,random_cycle_chord,20260824,200,0.9,crossing_rich,9000479d2e59a126b74cc6270d44f3d5,4,4.0,10.626802405210016,11,15,5,3,0.06022507764764934,5.229188391282602,0.011517098475176086,True,True,1,5,0,-4
random_0104,random_cycle_chord,20260824,200,0.9,crossing_rich,f188d5f3d7508db672acba1e5e35a951,2,2.0,11.146147927935706,11,14,4,3,0.05741894008027306,4.999741351834933,0.011484382098925975,True,True,1,4,0,-3
random_0105,random_cycle_chord,20260824,200,0.9,crossing_rich,9a9d31dddbd26369d4b9887955f66826,5,5.0,14.05210258009983,12,17,6,3,0.04554478565409486,4.064418170154768,0.01120573320642363,True,True,1,6,0,-5
random_0106,random_cycle_chord,20260824,200,0.9,crossing_rich,4b515ee3d5d80da19bc67dc49bd87ed5,5,5.0,12.630053875842721,12,17,6,3,0.0506727846366607,4.476621788167238,0.01131942501164623,True,True,1,6,0,-5
random_0107,random_cycle_chord,20260824,200,0.9,crossing_rich,cef8e8826a17d803155f6dbb64f1a12f,3,3.0,11.233322295144259,11,15,5,3,0.05697334975216084,4.972654388217962,0.011457331498274152,True,True,1,5,0,-4
random_0108,random_cycle_chord,20260824,200,0.9,baseline,15690ba2e9cfb14a6cdecbf5ca5b8d49,0,,,13,15,3,3,0.05178523688383248,4.563169799555131,0.011348522881809282,True,True,1,3,0,-2
random_0109,random_cycle_chord,20260824,200,0.9,crossing_rich,ceefd8f4d6f9a7cc73afc7349328cf40,9,9.0,13.249704052226255,14,20,7,3,0.04830296567208724,4.293948302057691,0.011249079465847344,True,True,1,7,0,-6
random_0110,random_cycle_chord,20260824,200,0.9,crossing_rich,575fb17dc106cdae524c5b8821faae23,2,2.0,10.611330851841803,11,14,4,3,0.06031288713318326,5.223317906508876,0.011546853592431398,True,True,1,4,0,-3
random_0111,random_cycle_chord,20260824,200,0.9,crossing_rich,f9b901ec7382c723cafc32de5113e90c,6,6.0,11.489911600787243,12,17,6,3,0.05570103776569959,4.871722454015456,0.011433540865980309,True,True,1,6,0,-5
random_0112,random_cycle_chord,20260824,200,0.9,crossing_rich,70da9ce31b854287053639114322680a,6,6.0,11.499903926377007,12,17,6,3,0.05565263884788202,4.876993544323168,0.011411259486423112,True,True,1,6,0,-5
random_0113,random_cycle_chord,20260824,200,0.9,baseline,88d39fe6d7472f11b628dbcdfb9197a7,0,,,15,17,3,3,0.04537811278173987,4.047449544363884,0.011211532666276069,True,True,1,3,0,-2
random_0114,random_cycle_chord,20260824,200,0.9,crossing_rich,e4d407a5754b14e0d77d168a4e94f636,8,8.0,13.240022196325713,14,20,7,3,0.048338287542872005,4.289345421003061,0.01126938560512763,True,True,1,7,0,-6
random_0115,random_cycle_chord,20260824,200,0.9,crossing_rich,7fb768e017b3b1a07bb2dec1fbe50566,4,4.0,10.625697958020549,11,15,5,3,0.06023133751104901,5.226566881689719,0.01152407285211599,True,True,1,5,0,-4
random_0116,random_cycle_chord,20260824,200,0.9,crossing_rich,a8ced580481e578e4757ce5ccef9f4dc,7,7.0,13.975184383030737,13,19,7,3,0.045795460185635566,4.091775506169442,0.011192075449053035,True,True,1,7,0,-6
random_0117,random_cycle_chord,20260824,200,0.9,crossing_rich,6d7be31ac542a0764936711ec3c54ff3,5,5.0,12.886400792261668,12,17,6,3,0.049664759797345616,4.395856907194555,0.011298083819803354,True,True,1,6,0,-5
random_0118,random_cycle_chord,20260824,200,0.9,baseline,20c28f1a1912b71b12c741edcd739f5f,0,,,15,18,4,3,0.045348524056605395,4.048036292485917,0.011202598193297487,True,True,1,4,0,-3
random_0119,random_cycle_chord,20260824,200,0.9,crossing_rich,2a9302e169185c573c2e7215a2534a9b,4,4.0,12.368514362526106,13,17,5,3,0.05174429048156827,4.571024660151329,0.011320063733774567,True,True,1,5,0,-4
random_0120,random_cycle_chord,20260824,200,0.9,crossing_rich,01f1e0ddfc6103e0c7f99c04b3d36683,3,3.0,11.09231954078539,11,15,5,3,0.05769758053279855,5.028952301172117,0.011473081683306234,True,True,1,5,0,-4
random_0121,random_cycle_chord,20260824,200,0.9,crossing_rich,3fd2c2eb659a4ae21fb8db078f758c89,5,5.0,14.268882088691269,12,17,6,3,0.04485284803826565,4.013654361651658,0.011175064915108501,True,True,1,6,0,-5
random_0122,random_cycle_chord,20260824,200,0.9,crossing_rich,c55fd4e0b34b4d785a84453449ce91ea,3,3.0,12.197030733583466,11,15,5,3,0.052471787107809406,4.62649086578886,0.011341595310566442,True,True,1,5,0,-4
random_0123,random_cycle_chord,20260824,200,0.9,baseline,4037cfb9ac0f246d7e72353c4ec553cc,0,,,14,17,4,3,0.04832693487501599,4.291401515208911,0.011261340777306263,True,True,1,4,0,-3
random_0124,random_cycle_chord,20260824,200,0.9,crossing_rich,3ccf1ab183d9d1af797d2cff83852140,6,6.0,13.246494081875776,14,19,6,3,0.048314670738098614,4.291346967626136,0.011258626045058541,True,True,1,6,0,-5
random_0125,random_cycle_chord,20260824,200,0.9,crossing_rich,05d80196f323e04ff56b34017006403f,2,2.0,9.772991398173712,10,13,4,3,0.0654866022003864,5.617715995585077,0.011657157864842555,True,True,1,4,0,-3
random_0126,random_cycle_chord,20260824,200,0.9,crossing_rich,c66e503e4cefed994a264a48ab31b7a5,5,5.0,14.1361643577531,12,17,6,3,0.04527395011851192,4.047493376164131,0.011185676148386612,True,True,1,6,0,-5
random_0127,random_cycle_chord,20260824,200,0.9,crossing_rich,b9a7447ce037faba7523c9a69bab3e94,6,6.0,11.499548484408232,12,17,6,3,0.05565435902703048,4.877573276402427,0.011410255853312307,True,True,1,6,0,-5
random_0128,random_cycle_chord,20260824,200,0.9,crossing_rich,d357a12c7ca2c6575674ecb615719dcd,9,9.0,13.246738506667635,14,20,7,3,0.048313779250482025,4.295888711174507,0.011246515563777933,True,True,1,7,0,-6
random_0129,random_cycle_chord,20260824,200,0.9,baseline,36e1f5945e20d9ab08e180f10c149151,0,,,15,18,4,3,0.04528197966143042,4.051882747726204,0.011175540478519848,True,True,1,4,0,-3
random_0130,random_cycle_chord,20260824,200,0.9,crossing_rich,fada26ce68222f6c2a4088c8054107a1,6,6.0,13.79877862650476,13,18,6,3,0.04638091655233058,4.140839408227843,0.011200848905217563,True,True,1,6,0,-5
random_0131,random_cycle_chord,20260824,200,0.9,baseline,c18ac2ee1d30e6b17c0f69aceb06b3a0,0,,,14,16,3,3,0.048384383877629895,4.290176427936548,0.011277947350268156,True,True,1,3,0,-2
random_0132,random_cycle_chord,20260824,200,0.9,crossing_rich,3413ec26db867dbc204368c4635ec429,8,8.0,12.718845412774604,13,19,7,3,0.05031903283903383,4.4453910134942305,0.011319371611245809,True,True,1,7,0,-6
random_0133,random_cycle_chord,20260824,200,0.9,crossing_rich,220512b00397ad3ee46f54b86869922b,4,4.0,12.363403608945255,12,16,5,3,0.051765680409959505,4.571585762049141,0.011323353231102102,True,True,1,5,0,-4
random_0134,random_cycle_chord,20260824,200,0.9,crossing_rich,a9ca2a8949c4cb974344fa065ab4c92a,4,4.0,10.637162923817959,11,15,5,3,0.06016641886409004,5.223186204659375,0.011519102805566882,True,True,1,5,0,-4
random_0135,random_cycle_chord,20260824,200,0.9,crossing_rich,69b3e3dd7eb2f54db193b652ca130066,5,5.0,12.852140161381561,12,17,6,3,0.049797153778565875,4.411171569751423,0.011288872579801294,True,True,1,6,0,-5
random_0136,random_cycle_chord,20260824,200,0.9,crossing_rich,18e5020b14cea3b8ce7dd9567b78df27,5,5.0,12.371856059475203,13,18,6,3,0.05173031410350469,4.566907047869194,0.011327209763912487,True,True,1,6,0,-5
random_0137,random_cycle_chord,20260824,200,0.9,baseline,62c285453040d1bf75cf8872f45e6677,0,,,14,18,5,3,0.0483139818964296,4.295669173660039,0.011247137510653465,True,True,1,5,0,-4
random_0138,random_cycle_chord,20260824,200,0.9,crossing_rich,ad639fff94e4a66bf5a2227d94e1836d,5,5.0,14.295952274690215,12,17,6,3,0.04476791665939361,4.0041546288456376,0.01118036659645679,True,True,1,6,0,-5
random_0139,random_cycle_chord,20260824,200,0.9,crossing_rich,c9dfe3034a0e4af4e844f226a541b36e,9,9.0,13.247288783863068,14,20,7,3,0.04831177235145684,4.295436931543328,0.011247231218012242,True,True,1,7,0,-6
random_0140,random_cycle_chord,20260824,200,0.9,crossing_rich,8b8935ea945cc27aac069c85a801a65f,3,3.0,12.279650502750064,11,15,5,3,0.052118747179056124,4.602361921186695,0.011324347817830366,True,True,1,5,0,-4
random_0141,random_cycle_chord,20260824,200,0.9,crossing_rich,c8adcf4cfbfb7db13c37da4f58858f42,9,9.0,13.25021457303279,14,20,7,3,0.048301104595132066,4.293696563873924,0.011249305552126188,True,True,1,7,0,-6
random_0142,random_cycle_chord,20260824,200,0.9,crossing_rich,3d2696dd00af53f88fa8ff6595bb0df7,2,2.0,12.389717554941855,12,15,4,3,0.05165573768424808,4.559346853140806,0.011329635438607594,True,True,1,4,0,-3
random_0143,random_cycle_chord,20260824,200,0.9,baseline,cdb5c27d5dff0b0d326855a2ac7d7e4b,0,,,15,18,4,3,0.045307390991128134,4.045759407920302,0.011198735867098464,True,True,1,4,0,-3
random_0144,random_cycle_chord,20260824,200,0.9,crossing_rich,51c649782519fad82f174ab8ea47ce77,2,2.0,10.823320165881283,10,13,4,3,0.059131577943845146,5.1499066809601155,0.011482067852309322,True,True,1,4,0,-3
random_0145,random_cycle_chord,20260824,200,0.9,crossing_rich,3116bf58ed10c8f08a0864a083184f1d,2,2.0,9.852915535349979,10,13,4,3,0.0649553929193677,5.5914946017363265,0.01161682118036868,True,True,1,4,0,-3
random_0146,random_cycle_chord,20260824,200,0.9,crossing_rich,d225b8f4cd850922e71c75c0e5cd79de,4,4.0,10.620486997115524,11,15,5,3,0.060260890124324916,5.223209587784184,0.011537138058802096,True,True,1,5,0,-4
random_0147,random_cycle_chord,20260824,200,0.9,crossing_rich,efb1cb39d45657295accf77a74969e88,9,9.0,14.136926870358968,15,21,7,3,0.04527150814806111,4.039761983552414,0.011206479077822068,True,True,1,7,0,-6
random_0148,random_cycle_chord,20260824,200,0.9,baseline,56ff7b5b44056ba4d84195d67cb019a7,0,,,15,19,5,3,0.045285741372736416,4.046529343834296,0.0111912549063158,True,True,1,5,0,-4
random_0149,random_cycle_chord,20260824,200,0.9,baseline,fd67cdcaf26bf516990e805cc87b73f2,0,,,14,16,3,3,0.04830110176971391,4.295567457987001,0.011244405364861591,True,True,1,3,0,-2
random_0150,random_cycle_chord,20260824,200,0.9,crossing_rich,3d0413d4a1cb37376ec8849f5460f121,6,6.0,13.269860974678515,13,18,6,3,0.048229593454011684,4.27772688094093,0.011274584562398028,True,True,1,6,0,-5
random_0151,random_cycle_chord,20260824,200,0.9,crossing_rich,c4365d72dce08edef88398c38d8f58b5,2,2.0,9.770799679410604,10,13,4,3,0.06550129170579887,5.6178774691231625,0.011659437583999548,True,True,1,4,0,-3
random_0152,random_cycle_chord,20260824,200,0.9,crossing_rich,d5be314abd27fdbd8aa7a387dcc30d67,3,3.0,12.013465385572736,11,15,5,3,0.053273554254261356,4.691160728639793,0.011356156255534669,True,True,1,5,0,-4
random_0153,random_cycle_chord,20260824,200,0.9,crossing_rich,29eccc70a5cc9ece424f8c9ca0aaa40a,8,8.0,14.122958095608311,15,21,7,3,0.045316285417501524,4.044004705800209,0.011205794432559778,True,True,1,7,0,-6
random_0154,random_cycle_chord,20260824,200,0.9,crossing_rich,de1abbfd3d197891aa6af6a8b678ab3f,7,7.0,13.243786191188585,14,20,7,3,0.04832454939704536,4.293750623185373,0.011254624135855191,True,True,1,7,0,-6
random_0155,random_cycle_chord,20260824,200,0.9,baseline,a131a31a5c0b87130153642a4b62b6ed,0,,,15,17,3,3,0.045312138061820974,4.046207992161876,0.01119866753009176,True,True,1,3,0,-2
random_0156,random_cycle_chord,20260824,200,0.9,crossing_rich,138fcf60644ab758b7855d7e12429d99,2,2.0,10.635741249270357,11,14,4,3,0.060174461281098386,5.23004252054997,0.011505539590674433,True,True,1,4,0,-3
random_0157,random_cycle_chord,20260824,200,0.9,crossing_rich,fd65a7fc79b951e198d1689ddd9629ab,3,3.0,12.953783201492215,12,16,5,3,0.04940641587442,4.380321423499857,0.011279175909183509,True,True,1,5,0,-4
random_0158,random_cycle_chord,20260824,200,0.9,crossing_rich,b305b70f623a871a7070c53e144609b5,3,3.0,11.148104355042026,11,15,5,3,0.057408863392146396,5.006175147507171,0.011467609841963518,True,True,1,5,0,-4
random_0159,random_cycle_chord,20260824,200,0.9,crossing_rich,1e980ca8b3b9537471d99eab5e04d5cf,3,3.0,12.995988045995722,11,15,5,3,0.049245967119613855,4.36564313961794,0.011280346456335326,True,True,1,5,0,-4
random_0160,random_cycle_chord,20260824,200,0.9,crossing_rich,58df12548886d8bab7ac36163f349b90,4,4.0,10.609783806904344,11,15,5,3,0.06032168153921462,5.223567655925333,0.01154798511526676,True,True,1,5,0,-4
random_0161,random_cycle_chord,20260824,200,0.9,crossing_rich,c8281b74250482ec64f30f695c9107c9,9,9.0,13.243960451135278,14,20,7,3,0.048323913557529456,4.294335740866383,0.011252942590785903,True,True,1,7,0,-6
random_0162,random_cycle_chord,20260824,200,0.9,crossing_rich,6d1233519c230cbb3f48768e4f1dd4c4,3,3.0,12.826176964751346,11,15,5,3,0.049897954921317225,4.410486446508878,0.011313481069829377,True,True,1,5,0,-4
random_0163,random_cycle_chord,20260824,200,0.9,crossing_rich,0eec88d76046ce65103af1014c016587,9,9.0,13.24933123688765,14,20,7,3,0.0483043248415563,4.297807616898618,0.011239294344313542,True,True,1,7,0,-6
random_0164,random_cycle_chord,20260824,200,0.9,crossing_rich,6b7f16b2cf53d00a6966ec7ac1369396,8,8.0,14.302162135809485,12,17,6,3,0.044748478860939495,4.006912120547641,0.011167821383320864,True,True,1,6,0,-5
random_0165,random_cycle_chord,20260824,200,0.9,crossing_rich,addd12b33e8d04357a695b01b2e9b854,4,4.0,12.433609043640809,12,16,5,3,0.05147338940396627,4.54700905477296,0.011320274225083202,True,True,1,5,0,-4
random_0166,random_cycle_chord,20260824,200,0.9,crossing_rich,e7776783807ce23ed507aaa65b87c906,4,4.0,10.614712840181049,11,15,5,3,0.060293670647154685,5.222917129161992,0.011544060370115176,True,True,1,5,0,-4
random_0167,random_cycle_chord,20260824,200,0.9,crossing_rich,e756d46da8759e602b7402a988779cfd,12,12.0,13.249191607663136,14,21,8,3,0.04830483390623119,4.2926491777586016,0.011252919096326775,True,True,1,8,0,-7
random_0168,random_cycle_chord,20260824,200,0.9,crossing_rich,e524468240874c83e768c076d3cf7886,5,5.0,13.249115456169664,14,19,6,3,0.04830511154629374,4.296945004544336,0.011241733719004438,True,True,1,6,0,-5
random_0169,random_cycle_chord,20260824,200,0.9,baseline,e94f867d27077466c90decafe235e8cb,0,,,15,17,3,3,0.04530919591788509,4.044960445936868,0.011201394061442016,True,True,1,3,0,-2
random_0170,random_cycle_chord,20260824,200,0.9,crossing_rich,a5ca592011300b095e110ef0ced8438c,9,9.0,13.241742826493121,14,20,7,3,0.04833200647270798,4.289890414080723,0.011266489771875677,True,True,1,7,0,-6
random_0171,random_cycle_chord,20260824,200,0.9,crossing_rich,a2e312c80792e1f56e615b43281f7702,4,4.0,12.480541561411888,12,17,6,3,0.05127982602764544,4.53382855089594,0.011310490781022569,True,True,1,6,0,-5
random_0172,random_cycle_chord,20260824,200,0.9,crossing_rich,c383854da246cfd06414750915e8fc8f,3,3.0,12.847736408183678,12,16,5,3,0.04981422249543791,4.413229371823495,0.011287476425648653,True,True,1,5,0,-4
random_0173,random_cycle_chord,20260824,200,0.9,baseline,7b500e1aa37ad85385a5873be11c8e1c,0,,,14,16,3,3,0.048309543923550746,4.2964316510716625,0.011244108564254911,True,True,1,3,0,-2
random_0174,random_cycle_chord,20260824,200,0.9,baseline,f861b6c294536387412623a8370c9896,0,,,14,16,3,3,0.048302070222431756,4.2922693236199985,0.011253271074261233,True,True,1,3,0,-2
random_0175,random_cycle_chord,20260824,200,0.9,crossing_rich,9e66b0fa81952d5b2891447f79eb22f8,2,2.0,9.786766249571823,10,13,4,3,0.06539442995565573,5.6245445873132605,0.011626617753757272,True,True,1,4,0,-3
random_0176,random_cycle_chord,20260824,200,0.9,crossing_rich,d86c5f9e478e64f89adb822abc677322,4,4.0,10.634555854107358,11,15,5,3,0.06018116870887602,5.227774734636688,0.011511813680521643,True,True,1,5,0,-4
random_0177,random_cycle_chord,20260824,200,0.9,baseline,e6355c3d0fa65e467c10944d3c9c4dc9,0,,,14,16,3,3,0.048302163976697746,4.296864754168436,0.011241257693726404,True,True,1,3,0,-2
random_0178,random_cycle_chord,20260824,200,0.9,crossing_rich,e385cb3400b8d099ae09b57f8e571803,3,3.0,12.944058463110519,12,16,5,3,0.049443534408002435,4.375683173923444,0.011299614812758263,True,True,1,5,0,-4
random_0179,random_cycle_chord,20260824,200,0.9,crossing_rich,648d8ef4081e2275138b6441a5636b21,8,8.0,13.247988139435334,14,20,7,3,0.04830922199385956,4.296483355036822,0.011243898323782876,True,True,1,7,0,-6
random_0180,random_cycle_chord,20260824,200,0.9,baseline,81e5278df3f8e320a85c07960e14ee58,0,,,14,17,4,3,0.048300852775518315,4.2950547238226315,0.011245689724886715,True,True,1,4,0,-3
random_0181,random_cycle_chord,20260824,200,0.9,baseline,db66966f42fa5c2f6d83cadf8fe17186,0,,,15,19,5,3,0.04528605855527297,4.0493248566423885,0.011183607183549897,True,True,1,5,0,-4
random_0182,random_cycle_chord,20260824,200,0.9,baseline,9e7c203bbd0aae55bad8bf7d22d16691,0,,,14,16,3,3,0.04830075076035786,4.294543010219189,0.011247005943454888,True,True,1,3,0,-2
random_0183,random_cycle_chord,20260824,200,0.9,crossing_rich,62ceed91122ba634418f3451ac5a93b5,6,6.0,11.49737158946123,12,17,6,3,0.055664896539191586,4.879056532943647,0.011408946824727132,True,True,1,6,0,-5
random_0184,random_cycle_chord,20260824,200,0.9,crossing_rich,789ee8cd1e3f8635a6c7952abf77c8df,4,4.0,14.091357708335797,13,18,6,3,0.04541790885213321,4.051507152987461,0.011210126784212487,True,True,1,6,0,-5
random_0185,random_cycle_chord,20260824,200,0.9,crossing_rich,e2e4547f237f4b7d6245ef6308d564b1,3,3.0,11.076021639316757,11,15,5,3,0.057782480103522035,5.039915580509973,0.011464969835402522,True,True,1,5,0,-4
random_0186,random_cycle_chord,20260824,200,0.9,crossing_rich,1bd7a88747bdc961e21c3ee07c2e7c28,5,5.0,14.139135118637435,12,17,6,3,0.04526443764982393,4.04238976353344,0.011197445149440124,True,True,1,6,0,-5
random_0187,random_cycle_chord,20260824,200,0.9,crossing_rich,1a8b3b760602c501f86d5dd9bb35a807,6,6.0,13.247900266027505,14,19,6,3,0.04830954242924033,4.292644418013497,0.011254028455400574,True,True,1,6,0,-5
random_0188,random_cycle_chord,20260824,200,0.9,crossing_rich,7098e12f2c1ffb07fc9bc06a5d65efd0,4,4.0,11.500014747187382,12,16,5,3,0.05565210254678396,4.876805638993751,0.011411589197199758,True,True,1,5,0,-4
random_0189,random_cycle_chord,20260824,200,0.9,crossing_rich,a90d9ad1a2bf25ca375cad6f63aa03ff,4,4.0,13.250000311081633,14,18,5,3,0.04830188565842797,4.291184004408097,0.011256074223060604,True,True,1,5,0,-4
random_0190,random_cycle_chord,20260824,200,0.9,crossing_rich,f119d9aa78d77bc03bb4602f6e07751f,3,3.0,13.14918471809649,13,17,5,3,0.048672219131517994,4.31676304895336,0.011275165808167079,True,True,1,5,0,-4
random_0191,random_cycle_chord,20260824,200,0.9,crossing_rich,a51f209ae39a56fb708ea506a898b2e0,6,6.0,13.878341945857603,13,18,6,3,0.04611501881829816,4.116056324467752,0.011203689935963474,True,True,1,6,0,-5
random_0192,random_cycle_chord,20260824,200,0.9,crossing_rich,0b41205c17a4bb7d4c07126bb8995d97,3,3.0,11.95501856792213,10,13,4,3,0.05353400301002098,4.702640600943084,0.011383817636262715,True,True,1,4,0,-3
random_0193,random_cycle_chord,20260824,200,0.9,crossing_rich,7e34be1a88a2550a4be4d370c1ec57a1,4,4.0,11.046554445643883,11,15,5,3,0.057936617535287546,5.05562383297021,0.011459835511782812,True,True,1,5,0,-4
random_0194,random_cycle_chord,20260824,200,0.9,crossing_rich,d371ad1b1762d15fee4b18c643434bfd,2,2.0,14.1457736439278,11,15,5,3,0.04524319532532077,4.038042218175761,0.011204240292901143,True,True,1,5,0,-4
random_0195,random_cycle_chord,20260824,200,0.9,crossing_rich,6131b4a2508794607a78bcc22975067c,8,8.0,13.062321634933118,13,19,7,3,0.04899588433716262,4.342748822992914,0.011282228453497313,True,True,1,7,0,-6
random_0196,random_cycle_chord,20260824,200,0.9,crossing_rich,fa5ad0dbca8e8ac23d6d5fb1f00cf849,6,6.0,11.48313910520923,12,17,6,3,0.055733888977245724,4.870689987107235,0.01144270916949629,True,True,1,6,0,-5
random_0197,random_cycle_chord,20260824,200,0.9,crossing_rich,abd746e482f4f756f2952f875de5a898,6,6.0,13.339476228418253,13,18,6,3,0.047977895761495644,4.268701786915765,0.011239458307571488,True,True,1,6,0,-5
random_0198,random_cycle_chord,20260824,200,0.9,crossing_rich,8c0af09334e90c0dcd050a290d79e6f5,5,5.0,13.412656298102563,13,18,6,3,0.047716126155453516,4.241892200068833,0.011248783303517057,True,True,1,6,0,-5
random_0199,random_cycle_chord,20260824,200,0.9,crossing_rich,f57eeb29ecd3774cc3f8c63513aebae3,6,6.0,13.09264248129068,13,18,6,3,0.04888241628185882,4.3446250689813075,0.011251239291246913,True,True,1,6,0,-5
random_0200,random_cycle_chord,20260824,200,0.9,crossing_rich,fae36ee7f76a92113e0c83a20912d0aa,2,2.0,10.210041848514924,10,13,4,3,0.06268338656154378,5.40521525691084,0.011596834461199284,True,True,1,4,0,-3
random_0201,random_cycle_chord,20260824,200,0.9,crossing_rich,84616684ba6ae8a13a75a646a9534e02,7,7.0,14.319436827524097,12,17,6,3,0.04469449516127788,4.002434947844254,0.011166826130516056,True,True,1,6,0,-5
random_0202,random_cycle_chord,20260824,200,0.9,crossing_rich,0b02e1f0246c8dc1db108a62b2a581aa,9,9.0,14.131127646559358,15,21,7,3,0.04529008696314671,4.0488308381260785,0.011185966708381507,True,True,1,7,0,-6
random_0203,random_cycle_chord,20260824,200,0.9,crossing_rich,11ff92b909908f11810d96187ae2e39a,6,6.0,13.512913454051505,13,18,6,3,0.0473621030857792,4.22175787916019,0.011218573978288085,True,True,1,6,0,-5
random_0204,random_cycle_chord,20260824,200,0.9,crossing_rich,fe4862362a6626967e0cc9665214f1ff,5,5.0,14.27210938216178,12,17,6,3,0.04484270564797619,4.00766371877466,0.01118923861747732,True,True,1,6,0,-5
random_0205,random_cycle_chord,20260824,200,0.9,baseline,13d07bf53ced6b7924ec4c5f8f39b04c,0,,,15,18,4,3,0.04533479315122783,4.045769960649166,0.011205479696614685,True,True,1,4,0,-3
random_0206,random_cycle_chord,20260824,200,0.9,crossing_rich,f1d21bb4d9595abebfacc89e53dbe7e9,9,9.0,14.21106630482654,15,21,7,3,0.04503532572940253,4.021887127393637,0.011197560822296731,True,True,1,7,0,-6
random_0207,random_cycle_chord,20260824,200,0.9,crossing_rich,0c4ab11ed1a92e2d4ff47ffd92f9e158,7,7.0,13.265980929806481,14,19,6,3,0.048243699684659205,4.283808279597645,0.011261871805614623,True,True,1,6,0,-5
random_0208,random_cycle_chord,20260824,200,0.9,crossing_rich,6c56fb5e1c1d260e392b9205b0f2027c,4,4.0,12.365798675217746,13,17,5,3,0.05175565418856622,4.566611422814691,0.011333492035253122,True,True,1,5,0,-4
random_0209,random_cycle_chord,20260824,200,0.9,crossing_rich,f1d2308685a736fdeec8f1e4f66b0a36,12,12.0,14.11135131938562,15,22,8,3,0.04535355867164849,4.045871000930136,0.01120983804506417,True,True,1,8,0,-7
random_0210,random_cycle_chord,20260824,200,0.9,crossing_rich,46351e73333da2182e6f35d4e194ca60,2,2.0,12.228886355604924,11,14,4,3,0.052335100792449976,4.6073565191329555,0.011359029971984621,True,True,1,4,0,-3
random_0211,random_cycle_chord,20260824,200,0.9,crossing_rich,7ed8a524f788aeaba025b2660e322486,5,5.0,13.246505360190184,14,19,6,3,0.04831462960211352,4.295442062493406,0.011247882965058076,True,True,1,6,0,-5
random_0212,random_cycle_chord,20260824,200,0.9,crossing_rich,8b831f8e412e4a3d567adf85696c93ab,8,8.0,13.247316277973212,14,20,7,3,0.04831167208290716,4.295450579584771,0.01124717213894178,True,True,1,7,0,-6
random_0213,random_cycle_chord,20260824,200,0.9,crossing_rich,7e4a50685ef75bd50022d036157f3cc3,3,3.0,12.274120741649913,12,16,5,3,0.05214222781989432,4.598537092696389,0.01133887294346479,True,True,1,5,0,-4
random_0214,random_cycle_chord,20260824,200,0.9,crossing_rich,d2e831f521a66349f116299a349eb204,9,9.0,13.2500029743415,14,20,7,3,0.048301875949715155,4.291438276862128,0.011255405025895693,True,True,1,7,0,-6
random_0215,random_cycle_chord,20260824,200,0.9,crossing_rich,888cf69773cfdfab6ab07bf60198473d,3,3.0,12.777787565360189,12,16,5,3,0.050086918155925635,4.438349022837525,0.011285033668646471,True,True,1,5,0,-4
random_0216,random_cycle_chord,20260824,200,0.9,crossing_rich,6b591a661b40bd4c815a8d730fe384bc,6,6.0,13.250206961402903,14,19,6,3,0.0483011323418784,4.295617457072879,0.011244281602019507,True,True,1,6,0,-5
random_0217,random_cycle_chord,20260824,200,0.9,crossing_rich,54949258b87cb182dbc4bda05188186a,3,3.0,12.951214086796197,11,15,5,3,0.04941621655783468,4.379036765578329,0.011284722920408823,True,True,1,5,0,-4
random_0218,random_cycle_chord,20260824,200,0.9,crossing_rich,3037236e0d53cede6895bdd0d0e733ff,6,6.0,13.247014808728956,14,19,6,3,0.04831277153689599,4.292858682251861,0.011254218951263741,True,True,1,6,0,-5
random_0219,random_cycle_chord,20260824,200,0.9,crossing_rich,03b79184f1a02553e9ec4d2faf0e1dfe,4,4.0,12.917138256366199,13,17,5,3,0.049546578142769096,4.394562430239132,0.011274519119773433,True,True,1,5,0,-4
random_0220,random_cycle_chord,20260824,200,0.9,crossing_rich,a4d41efd91ad8c878553d49658f59268,5,5.0,13.991789895018972,13,18,6,3,0.0457411099510462,4.086704610429817,0.011192663603410133,True,True,1,6,0,-5
random_0221,random_cycle_chord,20260824,200,0.9,crossing_rich,8d581796e28242a4a10f54d71e8ef107,3,3.0,12.532490191859607,12,16,5,3,0.05106726518052315,4.504188310759512,0.011337728722072902,True,True,1,5,0,-4
random_0222,random_cycle_chord,20260824,200,0.9,crossing_rich,3327b69a1457b550b124e42938803b20,6,6.0,13.191131058132566,13,18,6,3,0.04851744684967167,4.313472757429698,0.011247885306822279,True,True,1,6,0,-5
random_0223,random_cycle_chord,20260824,200,0.9,crossing_rich,92ed612add55cd89419c8ddbaf61e3a7,6,6.0,12.367787952903797,13,18,6,3,0.051747329630577654,4.57007891992362,0.011323071337998364,True,True,1,6,0,-5
random_0224,random_cycle_chord,20260824,200,0.9,crossing_rich,0df41eb2ae0636a4941059140d5ea5d1,3,3.0,13.90788668582915,12,16,5,3,0.046017055966676865,4.102998175666109,0.011215470735422919,True,True,1,5,0,-4
random_0225,random_cycle_chord,20260824,200,0.9,crossing_rich,11d791503c3a667541544086d31d8d36,2,2.0,10.983533465562736,11,14,4,3,0.058269044475225254,5.07957833803787,0.011471236507739993,True,True,1,4,0,-3
random_0226,random_cycle_chord,20260824,200,0.9,crossing_rich,e2ee3f2d0611d0a02c29055d1e7b5634,6,6.0,12.353184907264955,13,18,6,3,0.05180850159731792,4.562554874941132,0.011355151448559041,True,True,1,6,0,-5
random_0227,random_cycle_chord,20260824,200,0.9,crossing_rich,017b8ff54db2c1be058353f756f0a764,5,5.0,13.244939223248616,14,19,6,3,0.04832034252574137,4.293677166159861,0.01125383689919046,True,True,1,6,0,-5
random_0228,random_cycle_chord,20260824,200,0.9,baseline,946bafcc7406212e8232b67daff06ec3,0,,,15,17,3,3,0.045373676549576206,4.04734131145759,0.011210736396539672,True,True,1,3,0,-2
random_0229,random_cycle_chord,20260824,200,0.9,crossing_rich,da3139facf0fa1e39dc94863b59d6e4e,2,2.0,14.005386051545033,12,16,5,3,0.045696705370673954,4.076461994374006,0.011209893636624294,True,True,1,5,0,-4
random_0230,random_cycle_chord,20260824,200,0.9,crossing_rich,2c3157971cd10ac78a4d83c4e6d486ee,3,3.0,12.47143655930309,12,16,5,3,0.05131726380972454,4.538584194076947,0.011306888142935817,True,True,1,5,0,-4
random_0231,random_cycle_chord,20260824,200,0.9,baseline,3e0db153ae04214574c8c982b8d2f4f0,0,,,11,13,3,3,0.04510497535239937,4.031008396285696,0.011189501712266486,True,True,1,3,0,-2
random_0232,random_cycle_chord,20260824,200,0.9,crossing_rich,f02317bb044204b5a850cb20568ed5f1,2,2.0,10.644628083494268,11,14,4,3,0.06012422369104604,5.223413428952055,0.011510523627670887,True,True,1,4,0,-3
random_0233,random_cycle_chord,20260824,200,0.9,crossing_rich,2c353de2f7250d812096900d3c5deb87,3,3.0,14.094066478618034,12,16,5,3,0.04540917988225311,4.056632584331618,0.011193811354186234,True,True,1,5,0,-4
random_0234,random_cycle_chord,20260824,200,0.9,crossing_rich,cbaf1e371925cd13b01bcc294c94af92,6,6.0,11.496430782635585,12,17,6,3,0.055669451858629676,4.876289703748809,0.011416354490963065,True,True,1,6,0,-5
random_0235,random_cycle_chord,20260824,200,0.9,baseline,a82f7962bbd40f22b8276d5785511f99,0,,,15,18,4,3,0.04535336442587917,4.0459413579403805,0.011209595101241575,True,True,1,4,0,-3
random_0236,random_cycle_chord,20260824,200,0.9,crossing_rich,75e45a8f168b44bb06b3d8fb9873a2dd,6,6.0,12.348472826189772,13,18,6,3,0.05182827131810416,4.566721024862351,0.011349121401534783,True,True,1,6,0,-5
random_0237,random_cycle_chord,20260824,200,0.9,crossing_rich,e9197ff029e74839300ac41cd1da94ed,2,2.0,10.629224790201167,11,14,4,3,0.06021135243936143,5.22645600987468,0.011520493490349913,True,True,1,4,0,-3
random_0238,random_cycle_chord,20260824,200,0.9,crossing_rich,6df50fb4b82e5679900e584ad36b1649,9,9.0,14.131361860005198,15,21,7,3,0.045289336324430135,4.048826637390126,0.011185792917432406,True,True,1,7,0,-6
random_0239,random_cycle_chord,20260824,200,0.9,crossing_rich,cb3687284204b54a1f6026fa8a861744,2,2.0,10.02732897113631,10,13,4,3,0.06382557128047175,5.5017313970505075,0.011600997335982053,True,True,1,4,0,-3
random_0240,random_cycle_chord,20260824,200,0.9,crossing_rich,17d5be3190928ac65b932e0450ca81fd,5,5.0,13.243710002883569,14,19,6,3,0.04832482739811216,4.2933954597036745,0.011255619905427368,True,True,1,6,0,-5
random_0241,random_cycle_chord,20260824,200,0.9,crossing_rich,df8c0405d2c086a2f72eede416d50ac9,7,7.0,13.961329778075616,13,19,7,3,0.04584090557083134,4.096108678706264,0.01119133039832087,True,True,1,7,0,-6
random_0242,random_cycle_chord,20260824,200,0.9,crossing_rich,f02e99943ada11435c1f354c1371d333,6,6.0,12.86822388831409,13,18,6,3,0.04973491334582683,4.398404139824935,0.011307490572661743,True,True,1,6,0,-5
random_0243,random_cycle_chord,20260824,200,0.9,crossing_rich,9415cf06f1f21c14eee7e8e5f3b68da5,5,5.0,13.230800217062216,14,19,6,3,0.048371979736695506,4.28920828002088,0.01127760103467394,True,True,1,6,0,-5
random_0244,random_cycle_chord,20260824,200,0.9,baseline,828fd9d8f74b408aca56451cee5062d9,0,,,15,17,3,3,0.04528204252852217,4.051312901570229,0.01117712791598287,True,True,1,3,0,-2
random_0245,random_cycle_chord,20260824,200,0.9,crossing_rich,e66f2023342c38a1862f7f32954705ca,2,2.0,11.046485265968949,11,14,4,3,0.057936980368919366,5.051895248143253,0.011468365340752705,True,True,1,4,0,-3
random_0246,random_cycle_chord,20260824,200,0.9,crossing_rich,3d907658b061c947608e4508213c1474,6,6.0,12.61492892138514,13,18,6,3,0.050733539918330905,4.477017066939742,0.011331996094669734,True,True,1,6,0,-5
random_0247,random_cycle_chord,20260824,200,0.9,crossing_rich,d220f63baa57a77dced5879392b2ebb0,5,5.0,13.247942939071711,14,19,6,3,0.04830938681902604,4.295979797189536,0.011245254656604862,True,True,1,6,0,-5
random_0248,random_cycle_chord,20260824,200,0.9,baseline,2e9a4ce6f7c202cdd356e54ca85c8107,0,,,15,18,4,3,0.04535123231053919,4.04648554569688,0.011207560684052527,True,True,1,4,0,-3
random_0249,random_cycle_chord,20260824,200,0.9,crossing_rich,2142728dca8c155b0eb12854cf4815f0,2,2.0,10.632566676279058,11,14,4,3,0.060192427612781506,5.222033918374475,0.011526625172039926,True,True,1,4,0,-3
random_0250,random_cycle_chord,20260824,200,0.9,crossing_rich,81fe6e12228ca2916c7cff1c6f217b6f,6,6.0,14.279552002990842,12,17,6,3,0.044819333258210935,4.007983763327158,0.011182513678898973,True,True,1,6,0,-5
random_0251,random_cycle_chord,20260824,200,0.9,baseline,f6cb2ecb86208aa52b318c5c3087775d,0,,,13,15,3,3,0.05173807971107344,4.573343185717652,0.011312966818814116,True,True,1,3,0,-2
random_0252,random_cycle_chord,20260824,200,0.9,baseline,0cc2dea1c592c810d97e1a2b8cd499ac,0,,,15,19,5,3,0.045326194000746875,4.0454822222304765,0.01120415107787973,True,True,1,5,0,-4
random_0253,random_cycle_chord,20260824,200,0.9,baseline,e1049936c0149cf8e7fa6c9be31cc6cf,0,,,15,18,4,3,0.04528627426547169,4.050000439019254,0.011181794902826774,True,True,1,4,0,-3
random_0254,random_cycle_chord,20260824,200,0.9,crossing_rich,c842e44f7bd7eb990214d1e7c8c93acb,6,6.0,13.058183378546111,13,18,6,3,0.0490114115759383,4.351396579020999,0.011263375030497715,True,True,1,6,0,-5
random_0255,random_cycle_chord,20260824,200,0.9,crossing_rich,67525500a69e949f7574fcc131f48d90,6,6.0,13.249970738921583,14,19,6,3,0.048301993461767424,4.292047868884962,0.011253833819499286,True,True,1,6,0,-5
random_0256,random_cycle_chord,20260824,200,0.9,crossing_rich,37090a7e97dbb43c8e0b888e8d68bb98,7,7.0,13.719163824514178,13,18,6,3,0.046650073443719055,4.158933946012067,0.01121683442182366,True,True,1,6,0,-5
random_0257,random_cycle_chord,20260824,200,0.9,crossing_rich,79911bed486f52f2f6a291f36c1173e2,4,4.0,14.165987512389677,12,16,5,3,0.04517863646570713,4.035965051333066,0.011194010822959127,True,True,1,5,0,-4
random_0258,random_cycle_chord,20260824,200,0.9,crossing_rich,522b0736f8cee6921e9cb151cabd9c39,4,4.0,13.858276990948648,12,16,5,3,0.046181787275431686,4.123262600830696,0.011200302223323744,True,True,1,5,0,-4
random_0259,random_cycle_chord,20260824,200,0.9,crossing_rich,50000f533be57d613267a2ac73e30903,4,4.0,14.118583432387657,12,17,6,3,0.04533032673319456,4.046761798182371,0.011201629597658792,True,True,1,6,0,-5
random_0260,random_cycle_chord,20260824,200,0.9,crossing_rich,d5fdeadb175aae8480364a69686816cc,8,8.0,13.226751810042124,14,20,7,3,0.04838678529630335,4.291458296392403,0.011275138182510013,True,True,1,7,0,-6
random_0261,random_cycle_chord,20260824,200,0.9,crossing_rich,d3cf03558c65238450b3afd083147d65,6,6.0,14.106041113447713,14,19,6,3,0.04537063197624377,4.0498558500918085,0.011203023923731813,True,True,1,6,0,-5
random_0262,random_cycle_chord,20260824,200,0.9,crossing_rich,b18be795f697f84657a69db1e5dbf2c6,9,9.0,13.246589949898405,14,20,7,3,0.04831432107588629,4.295522229771095,0.011247601220879009,True,True,1,7,0,-6
random_0263,random_cycle_chord,20260824,200,0.9,crossing_rich,715031cabd083c87bcee8536a62842e6,4,4.0,12.782091472442358,13,17,5,3,0.050070053197460884,4.427342490566209,0.011309279393710845,True,True,1,5,0,-4
random_0264,random_cycle_chord,20260824,200,0.9,crossing_rich,03196bebf08fc35c7591560a92b3fae9,2,2.0,11.073406769015174,10,13,4,3,0.05779612483764282,5.036038249646342,0.011476506327508846,True,True,1,4,0,-3
random_0265,random_cycle_chord,20260824,200,0.9,crossing_rich,b056bb068a40804dfb0d10e18d9c3285,5,5.0,13.800815032622161,13,18,6,3,0.04637407272593521,4.138484144462575,0.011205569746590718,True,True,1,6,0,-5
random_0266,random_cycle_chord,20260824,200,0.9,crossing_rich,089153bca7c3e8234db7c476c084d30c,2,2.0,12.449250276635198,12,15,4,3,0.05140871825841228,4.542592877890366,0.01131704285203016,True,True,1,4,0,-3
random_0267,random_cycle_chord,20260824,200,0.9,crossing_rich,3ef24118d64b4d1f9919248661b3fd3a,6,6.0,13.249832712195767,14,19,6,3,0.04830249663536612,4.290341046519521,0.011258428202240668,True,True,1,6,0,-5
random_0268,random_cycle_chord,20260824,200,0.9,crossing_rich,8dd52f10281d855ed4013ea5125b4a3b,8,8.0,14.129179418547453,15,21,7,3,0.045296331870474264,4.046250689093034,0.011194642979628982,True,True,1,7,0,-6
random_0269,random_cycle_chord,20260824,200,0.9,crossing_rich,28443a4ad08d47a92d180435b7b6280d,5,5.0,10.698507131705911,11,15,5,3,0.05982143042212937,5.195400629478645,0.01151430557302997,True,True,1,5,0,-4
random_0270,random_cycle_chord,20260824,200,0.9,crossing_rich,27f866a1f6592038ad202b4addaf9d44,6,6.0,13.250077620469847,14,19,6,3,0.04830160383447668,4.296257562324655,0.011242716046181656,True,True,1,6,0,-5
random_0271,random_cycle_chord,20260824,200,0.9,baseline,cadc64a3b00e5151a2d01be4fe4bca74,0,,,14,17,4,3,0.048391153812233356,4.294042416739221,0.011269370238075171,True,True,1,4,0,-3
random_0272,random_cycle_chord,20260824,200,0.9,crossing_rich,e3b08eea87be93bd83c285e2f935612f,4,4.0,12.89225347846191,13,17,5,3,0.04964221352529241,4.393100588674193,0.011300040261603498,True,True,1,5,0,-4
random_0273,random_cycle_chord,20260824,200,0.9,crossing_rich,442d7cee7eb93a52a4fc0461eb304484,7,7.0,13.249845832350093,14,20,7,3,0.04830244880566167,4.293079177991155,0.011251236421002526,True,True,1,7,0,-6
random_0274,random_cycle_chord,20260824,200,0.9,crossing_rich,94dee43e3665152c8ed8e5faa960901f,6,6.0,11.495206150638031,12,17,6,3,0.05567538255627345,4.875278302373489,0.01141993935590679,True,True,1,6,0,-5
random_0275,random_cycle_chord,20260824,200,0.9,crossing_rich,f07a4280131a43f78383ab3c664bd25d,4,4.0,14.23879375547767,12,16,5,3,0.04494762765657672,4.020292204790541,0.011180189241721674,True,True,1,5,0,-4
random_0276,random_cycle_chord,20260824,200,0.9,crossing_rich,a4e1c0fea5b1b2e2160d2f7f7bff3cbb,6,6.0,12.368224796173806,13,18,6,3,0.051745501925061096,4.569341922513409,0.011324497663461788,True,True,1,6,0,-5
random_0277,random_cycle_chord,20260824,200,0.9,crossing_rich,99a64eed4ffb91c69fe777b09b4a245a,5,5.0,14.1655598839241,12,17,6,3,0.045180000313740455,4.035879443277338,0.011194586198306263,True,True,1,6,0,-5
random_0278,random_cycle_chord,20260824,200,0.9,crossing_rich,5a9ceb9b072b0ab0f4f1364f8d76ff04,5,5.0,13.31294602078021,13,18,6,3,0.04807350672052771,4.271734326558323,0.01125386155727055,True,True,1,6,0,-5
random_0279,random_cycle_chord,20260824,200,0.9,crossing_rich,2692af162322201ef3eacb0bace19aaf,3,3.0,11.489421680521815,12,16,5,3,0.05570341291285369,4.872211235996497,0.01143288133759678,True,True,1,5,0,-4
random_0280,random_cycle_chord,20260824,200,0.9,crossing_rich,d93dc5737402ba1469b50ab1b8e3029c,7,7.0,13.872320128128111,13,18,6,3,0.046135036827928196,4.122220611558668,0.011191792282675504,True,True,1,6,0,-5
random_0281,random_cycle_chord,20260824,200,0.9,baseline,b42a45c489fa0fcd81f063a063f5fa49,0,,,13,15,3,3,0.05173169772133537,4.568065036056608,0.011324641245912048,True,True,1,3,0,-2
random_0282,random_cycle_chord,20260824,200,0.9,crossing_rich,c2ea48e4ecc2f9114a26888d5b22779a,2,2.0,12.71736226934618,12,15,4,3,0.05032490122127373,4.455689878091695,0.011294525112422574,True,True,1,4,0,-3
random_0283,random_cycle_chord,20260824,200,0.9,crossing_rich,a7acac58d231b0fe4fd469b494526667,3,3.0,12.719514778897627,12,16,5,3,0.050316384793372394,4.444900321726569,0.01132002545646009,True,True,1,5,0,-4
random_0284,random_cycle_chord,20260824,200,0.9,crossing_rich,42dce6ec0b9523fb3e7c859ae698e337,5,5.0,14.1510439664048,13,18,6,3,0.04522634524487297,4.037112435215888,0.011202646934071445,True,True,1,6,0,-5
random_0285,random_cycle_chord,20260824,200,0.9,crossing_rich,72ef74d557b06956ea26da6588bd6c40,2,2.0,9.98856889326269,10,13,4,3,0.0640732428077541,5.514613331016121,0.011618809690134338,True,True,1,4,0,-3
random_0286,random_cycle_chord,20260824,200,0.9,crossing_rich,5088d3c2e654a561a5ac920df42be306,5,5.0,13.247917976446937,14,19,6,3,0.04830947784684629,4.29041686011607,0.011259856424659714,True,True,1,6,0,-5
random_0287,random_cycle_chord,20260824,200,0.9,crossing_rich,6174ade157bbc623a62388caebb046ff,7,7.0,14.00655244442185,13,18,6,3,0.04569289998659748,4.079686684821603,0.011200100281376276,True,True,1,6,0,-5
random_0288,random_cycle_chord,20260824,200,0.9,baseline,298a1c05836dda9b7e05736406f3e23a,0,,,15,17,3,3,0.04536485594669038,4.047947358100227,0.011206878927393192,True,True,1,3,0,-2
random_0289,random_cycle_chord,20260824,200,0.9,crossing_rich,da266b2b199d8442cfc8e5d1f7726ae6,6,6.0,12.364265258309686,13,18,6,3,0.051762072927857436,4.56641455156372,0.011335386295607364,True,True,1,6,0,-5
random_0290,random_cycle_chord,20260824,200,0.9,crossing_rich,9236a479f157d648c750f5dca50e5358,4,4.0,11.498364019742686,12,16,5,3,0.05566009207058676,4.877683465413825,0.011411173452573461,True,True,1,5,0,-4
random_0291,random_cycle_chord,20260824,200,0.9,crossing_rich,b878865dc29da29e076e67c6e864d35a,3,3.0,12.556408466408023,12,16,5,3,0.050969988887521675,4.500816719762668,0.011324608856814185,True,True,1,5,0,-4
random_0292,random_cycle_chord,20260824,200,0.9,crossing_rich,2c16f012313864a3339bd8303487ec31,4,4.0,13.400624470262748,13,17,5,3,0.04775896835406592,4.253184745646625,0.011228989853532679,True,True,1,5,0,-4
random_0293,random_cycle_chord,20260824,200,0.9,crossing_rich,ea4e9e20f1e69fb97740ea580a58af91,2,2.0,10.768703753163104,11,14,4,3,0.059431479839160035,5.158677880060531,0.011520680535002251,True,True,1,4,0,-3
random_0294,random_cycle_chord,20260824,200,0.9,crossing_rich,19254df60ba6a6a59a4812173038ed58,9,9.0,14.118013522162597,15,21,7,3,0.04533215660937863,4.045838673617188,0.011204637719489034,True,True,1,7,0,-6
random_0295,random_cycle_chord,20260824,200,0.9,baseline,3d7e91941584d93f787d03fbadb804ee,0,,,15,18,4,3,0.04536358005512947,4.047526232235855,0.011207729722376774,True,True,1,4,0,-3
random_0296,random_cycle_chord,20260824,200,0.9,crossing_rich,291233223ee47b2016a098de364b747f,6,6.0,13.16388347062831,13,18,6,3,0.048617871878613106,4.316523883413994,0.01126320001736226,True,True,1,6,0,-5
random_0297,random_cycle_chord,20260824,200,0.9,crossing_rich,3ab52c99ac2f4477f7d23dbb180c937e,12,12.0,14.130349036046681,15,22,8,3,0.045292582537582955,4.045992981969559,0.011194429337723385,True,True,1,8,0,-7
random_0298,random_cycle_chord,20260824,200,0.9,baseline,4a5fafade3490f5ea5fbe3facbe39ac4,0,,,15,18,4,3,0.045289945349187115,4.054454449185941,0.011170416616292358,True,True,1,4,0,-3
random_0299,random_cycle_chord,20260824,200,0.9,crossing_rich,ffbc427ca5a02dd30886efff9152aca8,3,3.0,12.876187445539722,11,15,5,3,0.04970415371063073,4.400536903272992,0.011295020313012763,True,True,1,5,0,-4
random_0300,random_cycle_chord,20260824,200,0.9,crossing_rich,f5c441c4d415d7d1594a484fef57e457,2,2.0,11.475711486484073,11,14,4,3,0.0557699625643066,4.883641404564493,0.011419749720399462,True,True,1,4,0,-3
random_0301,random_cycle_chord,20260824,200,0.9,crossing_rich,daaa9490df95a78bfb693c26a97d5f8d,6,6.0,13.470092725722132,13,18,6,3,0.04751266476272082,4.230682368212705,0.011230496791654212,True,True,1,6,0,-5
random_0302,random_cycle_chord,20260824,200,0.9,crossing_rich,e2e8feb0a47d88aea3ac55077a8c7825,3,3.0,11.133645535525277,11,15,5,3,0.057483417983614234,5.013653623880632,0.011465374813651633,True,True,1,5,0,-4
random_0303,random_cycle_chord,20260824,200,0.9,crossing_rich,efee0e22eba1d2df64f3624d343b5132,2,2.0,13.07809437897511,11,14,4,3,0.04893679319434265,4.345778548711768,0.011260765509749486,True,True,1,4,0,-3
random_0304,random_cycle_chord,20260824,200,0.9,crossing_rich,2f11ee0313f5efde30a3f9b354422a89,2,2.0,12.325538553108593,11,14,4,3,0.05192470878593676,4.586823720728899,0.01132040643970624,True,True,1,4,0,-3
random_0305,random_cycle_chord,20260824,200,0.9,crossing_rich,446d9b57e293a11aabe1228e0ed6c041,6,6.0,13.247326960864891,14,19,6,3,0.04831163312347322,4.290774856474062,0.011259419274954274,True,True,1,6,0,-5
random_0306,random_cycle_chord,20260824,200,0.9,crossing_rich,d4627c1bcf9f36c916ab60d95b5ec6ec,4,4.0,14.167427881674838,12,16,5,3,0.04517404325931468,4.035148299252182,0.011195138297069926,True,True,1,5,0,-4
random_0307,random_cycle_chord,20260824,200,0.9,crossing_rich,ff587984f4a19ee4e703477d4bf758a1,6,6.0,12.880751499004361,13,18,6,3,0.049686541973072755,4.3937364491199435,0.011308493931861768,True,True,1,6,0,-5
random_0308,random_cycle_chord,20260824,200,0.9,crossing_rich,dff411908415c31419fb1ad564ce747c,9,9.0,13.247525451964759,14,20,7,3,0.04831090925777997,4.295581287403506,0.011246652321409529,True,True,1,7,0,-6
random_0309,random_cycle_chord,20260824,200,0.9,crossing_rich,8fd0e168c00a7b5ee9a514ed80293db5,3,3.0,11.52290946827817,12,16,5,3,0.055541528097732516,4.869197394768877,0.011406711126027142,True,True,1,5,0,-4
random_0310,random_cycle_chord,20260824,200,0.9,baseline,c9f2675ee0b6395902479bbe287f8514,0,,,15,17,3,3,0.0453542074443402,4.04578468894211,0.011210237551272012,True,True,1,3,0,-2
random_0311,random_cycle_chord,20260824,200,0.9,crossing_rich,1e5670f4e688074a396a1e1b5fbf2e5c,6,6.0,12.369681199958588,13,18,6,3,0.05173940942003765,4.5690792375326135,0.011323815309444684,True,True,1,6,0,-5
random_0312,random_cycle_chord,20260824,200,0.9,crossing_rich,b4a806aabb048e87faaaa60247f40a18,3,3.0,14.142212836244918,12,16,5,3,0.045254586917243336,4.04883918956306,0.011177175678870834,True,True,1,5,0,-4
random_0313,random_cycle_chord,20260824,200,0.9,crossing_rich,af5d8009e7006a6de62c593903e46287,5,5.0,14.172247467606686,13,18,6,3,0.04515868082764144,4.029966653044399,0.011205720720673149,True,True,1,6,0,-5
random_0314,random_cycle_chord,20260824,200,0.9,crossing_rich,5747ed94a1995b553bdbf0eb7907a4dc,4,4.0,11.499523362809825,12,16,5,3,0.05565448060828329,4.877613215340674,0.01141018735008412,True,True,1,5,0,-4
random_0315,random_cycle_chord,20260824,200,0.9,crossing_rich,950b2b089df75f3cfd15257e678d9347,5,5.0,13.985216142514457,12,17,6,3,0.04576261056519731,4.083148699540026,0.01120767670556611,True,True,1,6,0,-5
random_0316,random_cycle_chord,20260824,200,0.9,crossing_rich,46943d4208caa8daef1779ab60666bbe,5,5.0,11.497490560185453,12,17,6,3,0.055664320544541235,4.879645001622816,0.011407452904059423,True,True,1,6,0,-5
random_0317,random_cycle_chord,20260824,200,0.9,crossing_rich,d5a06f9f5fa1e83ac731040004e026d1,9,9.0,14.105059163681753,15,21,7,3,0.04537379053665344,4.04733955190949,0.011210769433774487,True,True,1,7,0,-6
random_0318,random_cycle_chord,20260824,200,0.9,crossing_rich,bcd8e7d4d9a2bf1cc00ec049bd7d9538,3,3.0,13.249825078682699,14,18,5,3,0.04830252446348741,4.293216575331262,0.01125089396631718,True,True,1,5,0,-4
random_0319,random_cycle_chord,20260824,200,0.9,crossing_rich,c64d3116289e992b64bf3e8a7e5d154c,5,5.0,13.249976510400092,14,19,6,3,0.048301972422189206,4.290873405438565,0.011256909225279816,True,True,1,6,0,-5
random_0320,random_cycle_chord,20260824,200,0.9,crossing_rich,70b57d3f4ed019d1556d804d4ae0ae14,7,7.0,13.248097438401654,14,20,7,3,0.04830882343489272,4.2961736191660345,0.011244616190411397,True,True,1,7,0,-6
random_0321,random_cycle_chord,20260824,200,0.9,baseline,7cb7e0da54d5372fa15978edde91c811,0,,,15,17,3,3,0.04537259145042152,4.047370912512971,0.011210386305378212,True,True,1,3,0,-2
random_0322,random_cycle_chord,20260824,200,0.9,crossing_rich,473583e4495e7f023c4ef7b0b9e1db49,5,5.0,14.025537768478038,13,18,6,3,0.045631048916953486,4.070115121940381,0.011211242814969666,True,True,1,6,0,-5
random_0323,random_cycle_chord,20260824,200,0.9,crossing_rich,d1bce565667ffa3c2cb8aec95985a8d6,2,2.0,11.077226711956556,11,14,4,3,0.0577761940458613,5.031419323764203,0.011483080683212993,True,True,1,4,0,-3
random_0324,random_cycle_chord,20260824,200,0.9,crossing_rich,c38a7307c5b61d8d1515239f0cc501e6,6,6.0,11.500299117231325,12,17,6,3,0.0556507264268513,4.876297943026225,0.011412495109417888,True,True,1,6,0,-5
random_0325,random_cycle_chord,20260824,200,0.9,crossing_rich,e63b6c2b69bf4bf0f11f1c1c2c346b18,7,7.0,13.980813488420425,13,18,6,3,0.045777021525255195,4.083561119604458,0.011210073801880365,True,True,1,6,0,-5
random_0326,random_cycle_chord,20260824,200,0.9,crossing_rich,5bd07dd4a48e67852723bedee14e1ed8,4,4.0,13.250002914865549,14,19,6,3,0.04830187616653021,4.291288944409737,0.011255796752966977,True,True,1,6,0,-5
random_0327,random_cycle_chord,20260824,200,0.9,crossing_rich,6d874bcfc7ffa650b637f987a4867714,3,3.0,12.572779893800591,12,16,5,3,0.0509036192000444,4.491201661580026,0.011334075607314474,True,True,1,5,0,-4
random_0328,random_cycle_chord,20260824,200,0.9,crossing_rich,e86654c0a62de58ec5458401e2ab9ff7,5,5.0,14.018631073633017,13,18,6,3,0.04565353040809711,4.071703627582836,0.01121239033676901,True,True,1,6,0,-5
random_0329,random_cycle_chord,20260824,200,0.9,crossing_rich,cf86ae347ea5e2e3fee5901403be42d2,2,2.0,11.242291825383337,11,14,4,3,0.05692789423549566,4.968980777790653,0.011456654147252986,True,True,1,4,0,-3
random_0330,random_cycle_chord,20260824,200,0.9,crossing_rich,9462b91a1770c221b0d0d55b5754feec,8,8.0,14.108224644951411,15,21,7,3,0.04536360995846648,4.047535749696944,0.01120771075631958,True,True,1,7,0,-6
random_0331,random_cycle_chord,20260824,200,0.9,crossing_rich,d2912623da59418146b416ce54d8bcd5,8,8.0,13.36239439315551,14,20,7,3,0.04789560771592111,4.2641111623514325,0.011232260579602058,True,True,1,7,0,-6
random_0332,random_cycle_chord,20260824,200,0.9,baseline,292e753404d93c067cd5c374eaffaa1b,0,,,15,17,3,3,0.04530806403366648,4.046236854905481,0.011197580778974162,True,True,1,3,0,-2
random_0333,random_cycle_chord,20260824,200,0.9,crossing_rich,b9ba40de6e8e84afc0c09d85ab4f20ff,6,6.0,13.246560889473516,14,19,6,3,0.04831442706828012,4.295498463355288,0.011247688127570854,True,True,1,6,0,-5
random_0334,random_cycle_chord,20260824,200,0.9,baseline,ede1667d49b7784adfd5a7c11bbb1814,0,,,14,16,3,3,0.048313756001837925,4.295935222471373,0.01124638838805486,True,True,1,3,0,-2
random_0335,random_cycle_chord,20260824,200,0.9,crossing_rich,4011cc34edddc6d5161f585c38000109,4,4.0,12.425000536274116,12,16,5,3,0.051509052102778966,4.545727016548484,0.011331312222503227,True,True,1,5,0,-4
random_0336,random_cycle_chord,20260824,200,0.9,baseline,fcc97aa77af2b9378d96ad655d102264,0,,,15,18,4,3,0.0453514353913939,4.046404881037522,0.011207834293578038,True,True,1,4,0,-3
random_0337,random_cycle_chord,20260824,200,0.9,crossing_rich,443fb0fb6b4ecd9cac2738809e88c258,6,6.0,13.248010410329252,14,19,6,3,0.048309140782453096,4.296061309146255,0.01124498402283124,True,True,1,6,0,-5
random_0338,random_cycle_chord,20260824,200,0.9,crossing_rich,abb2bf68fc5b61fe904dc17fa8d76ee6,6,6.0,12.37183403443976,13,18,6,3,0.05173040619672211,4.567076224675358,0.011326810338139095,True,True,1,6,0,-5
random_0339,random_cycle_chord,20260824,200,0.9,crossing_rich,784a8ccb97aa6796bef7ae6d2fc47fb2,6,6.0,12.369794952142081,13,18,6,3,0.05173893362631456,4.567482963914263,0.011327668660196837,True,True,1,6,0,-5
random_0340,random_cycle_chord,20260824,200,0.9,crossing_rich,fe6f94f810ca298f11550ede99b7e61f,3,3.0,14.115993987941938,13,17,5,3,0.045338642149231306,4.055702405126079,0.011178986429558278,True,True,1,5,0,-4
random_0341,random_cycle_chord,20260824,200,0.9,crossing_rich,47916c5400b685a03665d6b786a8cb7e,4,4.0,14.028362344903462,13,18,6,3,0.04562186121693054,4.082378315273557,0.011175314410779555,True,True,1,6,0,-5
random_0342,random_cycle_chord,20260824,200,0.9,crossing_rich,0c9256263d52f2359285d248c637755c,6,6.0,13.242821526500773,14,19,6,3,0.048328069567294914,4.290666055065601,0.011263535532027327,True,True,1,6,0,-5
random_0343,random_cycle_chord,20260824,200,0.9,crossing_rich,b7bc268839897e41b76d1d38d956dd17,3,3.0,12.739191115734856,12,16,5,3,0.050238668545407233,4.443493527332024,0.011306119438767739,True,True,1,5,0,-4
random_0344,random_cycle_chord,20260824,200,0.9,crossing_rich,be90d2d4faee542362b994fe99c13972,6,6.0,13.247977048815239,14,19,6,3,0.04830926243620229,4.290384209337144,0.011259891906898934,True,True,1,6,0,-5
random_0345,random_cycle_chord,20260824,200,0.9,crossing_rich,a5dd423bd85cacbaf3e9825e6bc2b424,3,3.0,12.814825430241601,11,15,5,3,0.0499421551611362,4.431037705436102,0.011270984018002368,True,True,1,5,0,-4
random_0346,random_cycle_chord,20260824,200,0.9,crossing_rich,4ac56a58514d2622de10903d88e5629d,8,8.0,14.193099388062388,15,21,7,3,0.04509233554288324,4.030474404973866,0.01118784813203041,True,True,1,7,0,-6
random_0347,random_cycle_chord,20260824,200,0.9,crossing_rich,502cb13340387492a8ad2a1150d302af,3,3.0,14.158769524607884,12,16,5,3,0.04520166804662528,4.035528778174831,0.011200928188416703,True,True,1,5,0,-4
random_0348,random_cycle_chord,20260824,200,0.9,crossing_rich,ca6aeacb3fb03dbd74c60e3f97fb9e30,4,4.0,11.500667916497965,12,16,5,3,0.05564894183944792,4.875384141544571,0.011414268132278449,True,True,1,5,0,-4
random_0349,random_cycle_chord,20260824,200,0.9,baseline,af91c62380e640eca01573c090d6b0a4,0,,,14,16,3,3,0.0483015755461641,4.293356567225842,0.011250306092646349,True,True,1,3,0,-2
random_0350,random_cycle_chord,20260824,200,0.9,crossing_rich,e0afc5a2694aa0cb41fccaf0a002297b,6,6.0,13.24229714618408,14,19,6,3,0.048329983305383184,4.290123317735541,0.011265406545677861,True,True,1,6,0,-5
random_0351,random_cycle_chord,20260824,200,0.9,crossing_rich,6cdd77b034b6c692ed46c16cef903bd4,7,7.0,14.268046462265337,12,17,6,3,0.04485547490279109,4.01463720100526,0.011172983424644034,True,True,1,6,0,-5
random_0352,random_cycle_chord,20260824,200,0.9,baseline,6067302021b41d904f9582b39b8588d1,0,,,15,18,4,3,0.04531434087775493,4.046430361559622,0.011198596498344123,True,True,1,4,0,-3
random_0353,random_cycle_chord,20260824,200,0.9,crossing_rich,fe8210629dee402f85496c4a0a6e444d,4,4.0,11.552266783691653,12,16,5,3,0.05540038262477531,4.858354317557494,0.01140311698234218,True,True,1,5,0,-4
random_0354,random_cycle_chord,20260824,200,0.9,crossing_rich,23b27ad0a00bcdced8d405bfd70ef079,4,4.0,13.837563280894933,13,18,6,3,0.04625091766580225,4.128407957904034,0.011203088003270769,True,True,1,6,0,-5
random_0355,random_cycle_chord,20260824,200,0.9,crossing_rich,748236bad10452c0d6e88b7ffbf71ced,7,7.0,13.396065821599185,13,19,7,3,0.04777522061500281,4.250281386894437,0.011240484162369977,True,True,1,7,0,-6
random_0356,random_cycle_chord,20260824,200,0.9,crossing_rich,9161795f81d8ef7b0382769c22bdc5aa,5,5.0,13.322436177809536,13,18,6,3,0.048039261848070516,4.273499371396128,0.011241200167153964,True,True,1,6,0,-5
random_0357,random_cycle_chord,20260824,200,0.9,crossing_rich,f60e95ca03dc1dadd11021c8da73f957,2,2.0,11.011161638878587,11,14,4,3,0.05812284125775305,5.062369906056591,0.01148135010604721,True,True,1,4,0,-3
random_0358,random_cycle_chord,20260824,200,0.9,crossing_rich,08ef0105740c00d79ef58a63219645b8,3,3.0,12.611583153685928,12,16,5,3,0.05074699918328257,4.4848369404884485,0.011315238403685566,True,True,1,5,0,-4
random_0359,random_cycle_chord,20260824,200,0.9,crossing_rich,348b592bba8ee123c99aaf65c69515c7,6,6.0,13.247149492141796,14,19,6,3,0.04831228034224629,4.295380836193347,0.011247496365202767,True,True,1,6,0,-5
random_0360,random_cycle_chord,20260824,200,0.9,crossing_rich,2ff24e4d0c3958d2b86162c69e8f830f,6,6.0,13.250002771660151,14,19,6,3,0.04830187668857458,4.291279419929926,0.011255821856821275,True,True,1,6,0,-5
random_0361,random_cycle_chord,20260824,200,0.9,crossing_rich,33c1e9818f2e5db2639716bbaaa74997,4,4.0,13.802087472665006,12,16,5,3,0.046369797414160585,4.134238645865602,0.01121604275566728,True,True,1,5,0,-4
random_0362,random_cycle_chord,20260824,200,0.9,crossing_rich,e8f56e56146fa881a8d54b33dbb114b4,6,6.0,13.803493304015158,13,18,6,3,0.046365074833182765,4.131496369665975,0.011222344323863294,True,True,1,6,0,-5
random_0363,random_cycle_chord,20260824,200,0.9,crossing_rich,1d892b4cbc320218ebc8a9e1e6b64be4,6,6.0,13.244106758489405,14,19,6,3,0.048323379724326314,4.29113751005408,0.011261205125938114,True,True,1,6,0,-5
random_0364,random_cycle_chord,20260824,200,0.9,crossing_rich,7549048e7df9e7b60f34267b3d4189ec,4,4.0,11.497571872460506,12,16,5,3,0.05566392687946195,4.880583099610271,0.011405179615506779,True,True,1,5,0,-4
random_0365,random_cycle_chord,20260824,200,0.9,crossing_rich,a13453a1ee312d35060d2a6f031103b6,2,2.0,12.31025019373612,11,14,4,3,0.05198919517701225,4.5910797054473935,0.011323958308832276,True,True,1,4,0,-3
random_0366,random_cycle_chord,20260824,200,0.9,crossing_rich,6fc14f6569722c48236777a5d0c1e8d5,5,5.0,13.246705451396863,14,19,6,3,0.04831389981065157,4.295734954230839,0.011246946174616185,True,True,1,6,0,-5
random_0367,random_cycle_chord,20260824,200,0.9,crossing_rich,dbd9c50253fea283ba4f6385b748a796,5,5.0,14.12203239417363,15,20,6,3,0.045319255907106316,4.045456848399945,0.01120250631891697,True,True,1,6,0,-5
random_0368,random_cycle_chord,20260824,200,0.9,crossing_rich,6cc30e036e209976af035d3ee009e03a,3,3.0,12.370698489507436,12,16,5,3,0.05173515469177706,4.566189736781964,0.011330049269533326,True,True,1,5,0,-4
random_0369,random_cycle_chord,20260824,200,0.9,crossing_rich,a6f617316919de930421b3a8f8d7c743,3,3.0,12.547895111323205,12,16,5,3,0.051004570433686905,4.508077583376512,0.011314040073703638,True,True,1,5,0,-4
random_0370,random_cycle_chord,20260824,200,0.9,crossing_rich,d7d184db6315661bdac9cfde1790bff7,4,4.0,11.497002694596112,12,16,5,3,0.055666682612922805,4.874487075362484,0.011420008249541463,True,True,1,5,0,-4
random_0371,random_cycle_chord,20260824,200,0.9,crossing_rich,e639d786283c9628f30f2b58fa8c4d66,6,6.0,12.365506127288036,13,18,6,3,0.05175687864386371,4.567578380112761,0.0113313608079969,True,True,1,6,0,-5
random_0372,random_cycle_chord,20260824,200,0.9,crossing_rich,0a5d1a60fa40a746bf3d7ec802f48aca,5,5.0,12.368266506630306,13,18,6,3,0.051745327419724714,4.569281167178362,0.011324610048385066,True,True,1,6,0,-5
random_0373,random_cycle_chord,20260824,200,0.9,crossing_rich,7da3637517e7d71448681796d7a33fe0,9,9.0,14.13328033374905,15,21,7,3,0.045283188678550114,4.047824366380793,0.011187043848702938,True,True,1,7,0,-6
random_0374,random_cycle_chord,20260824,200,0.9,crossing_rich,a4f42d9f888770eaac6edd702246672c,2,2.0,11.128839390771232,11,14,4,3,0.057508243000678964,5.018640019652303,0.011458929665304665,True,True,1,4,0,-3
random_0375,random_cycle_chord,20260824,200,0.9,crossing_rich,7a7f2c03b74a497d033eba158f203b39,2,2.0,11.080979480894412,11,14,4,3,0.05775662711978434,5.03855545393336,0.011462933701502977,True,True,1,4,0,-3
random_0376,random_cycle_chord,20260824,200,0.9,crossing_rich,9c7f5e8c613a6d0a76a47b4baf7c299a,4,4.0,14.193631685226293,12,16,5,3,0.04509064446600766,4.032609631028919,0.011181504928981385,True,True,1,5,0,-4
random_0377,random_cycle_chord,20260824,200,0.9,crossing_rich,04a999cd9b534baf13f26c6fe693dced,6,6.0,14.016667515670129,12,17,6,3,0.04565992589069428,4.082222089498501,0.011185066586199279,True,True,1,6,0,-5
random_0378,random_cycle_chord,20260824,200,0.9,crossing_rich,34ad0f2d3b81a6839e28becf759fcc77,2,2.0,9.779473143738272,10,13,4,3,0.06544319827799594,5.6216435008689,0.011641292847524184,True,True,1,4,0,-3
random_0379,random_cycle_chord,20260824,200,0.9,crossing_rich,780e5d2a395f7c34b077dcebfe97d13c,4,4.0,14.222519935558156,12,16,5,3,0.044999058036116125,4.022833227529166,0.011185911891195813,True,True,1,5,0,-4
random_0380,random_cycle_chord,20260824,200,0.9,crossing_rich,d00421d10495c2eb3e533e247d77f13e,7,7.0,14.18464317422808,15,21,7,3,0.045119217462079614,4.0293729378614795,0.011197577925369665,True,True,1,7,0,-6
random_0381,random_cycle_chord,20260824,200,0.9,crossing_rich,abaeee29357e044dd49d787960bf59a0,9,9.0,14.124945069273917,15,21,7,3,0.045309910719029706,4.044205166607263,0.011203662735301035,True,True,1,7,0,-6
random_0382,random_cycle_chord,20260824,200,0.9,crossing_rich,d9d06d2da807a1e58139afc7690e6aa5,7,7.0,14.120696580265493,15,21,7,3,0.04532354309591481,4.045230091402653,0.011204194093246057,True,True,1,7,0,-6
random_0383,random_cycle_chord,20260824,200,0.9,crossing_rich,adfc2dcae6dc8202a31b937ff3533042,6,6.0,13.246818066161602,14,19,6,3,0.04831348908118932,4.295340896921471,0.011247882354533549,True,True,1,6,0,-5
random_0384,random_cycle_chord,20260824,200,0.9,crossing_rich,2efcfc9bff55e506daa3eaffe717fe60,6,6.0,12.347854815737072,13,18,6,3,0.05183086532442331,4.563843938265551,0.011356844367496313,True,True,1,6,0,-5
random_0385,random_cycle_chord,20260824,200,0.9,crossing_rich,65db0b078622d2e96061c36bf41bb7e9,2,2.0,11.130978096100424,11,14,4,3,0.05749719337101334,5.018525182837241,0.011456990106903698,True,True,1,4,0,-3
random_0386,random_cycle_chord,20260824,200,0.9,crossing_rich,59ecc603d27ba67697cc708814bc7aba,4,4.0,14.107266358123582,12,16,5,3,0.04536669144489924,4.055961121097883,0.011185188933127449,True,True,1,5,0,-4
random_0387,random_cycle_chord,20260824,200,0.9,crossing_rich,3544813ee8c3135af029517e56fe6861,5,5.0,13.249033941377053,14,19,6,3,0.048305408743898264,4.297397448396378,0.01124061931063043,True,True,1,6,0,-5
random_0388,random_cycle_chord,20260824,200,0.9,crossing_rich,498e67b6785d95bdff96c42ea50d114d,5,5.0,13.244678711431188,14,19,6,3,0.04832129294670094,4.293800240738262,0.011253735674110619,True,True,1,6,0,-5
random_0389,random_cycle_chord,20260824,200,0.9,crossing_rich,d1299e1ebf4274c638790f7cb6398f0a,5,5.0,14.095505781076382,12,17,6,3,0.045404543117510424,4.054163581451647,0.011199484728549786,True,True,1,6,0,-5
random_0390,random_cycle_chord,20260824,200,0.9,crossing_rich,72ba22311784c5d2ff057e1839039143,6,6.0,12.36231389653802,13,18,6,3,0.05177024344764677,4.561830923290112,0.011348566906181764,True,True,1,6,0,-5
random_0391,random_cycle_chord,20260824,200,0.9,baseline,306c04f96eca75425a8cb09361c0962f,0,,,15,17,3,3,0.04528176953874493,4.050943791762698,0.011178078953063268,True,True,1,3,0,-2
random_0392,random_cycle_chord,20260824,200,0.9,crossing_rich,aa410a26f20c13c8621f46348619397d,4,4.0,14.215390137565587,13,17,5,3,0.04502162753231346,4.028748888255554,0.011175089036588677,True,True,1,5,0,-4
random_0393,random_cycle_chord,20260824,200,0.9,crossing_rich,eb12f089da6cc258338d5ebebf89e59b,3,3.0,14.319492965037746,11,14,4,3,0.04469431994293473,4.005619275498385,0.011157905149978038,True,True,1,4,0,-3
random_0394,random_cycle_chord,20260824,200,0.9,crossing_rich,a278092259b4438c60dfc80eecf2227e,8,8.0,14.111883232142233,15,21,7,3,0.04535184918071674,4.045890193553977,0.011209362343291606,True,True,1,7,0,-6
random_0395,random_cycle_chord,20260824,200,0.9,crossing_rich,66f8361e68254053548b61bcf8022e32,3,3.0,12.551501153242551,12,16,5,3,0.05098991683832675,4.5013524095080815,0.01132768825889352,True,True,1,5,0,-4
random_0396,random_cycle_chord,20260824,200,0.9,crossing_rich,a3b0ac55de03d774b647eb7e1c5c1c1b,2,2.0,10.636571860946479,11,14,4,3,0.060169762247349746,5.226627318987375,0.01151215852501365,True,True,1,4,0,-3
random_0397,random_cycle_chord,20260824,200,0.9,crossing_rich,7f8500c9edcde7a7b3bd82198a242149,2,2.0,11.009281199557535,11,14,4,3,0.05813276892461623,5.0613899810605405,0.011485534436616433,True,True,1,4,0,-3
random_0398,random_cycle_chord,20260824,200,0.9,crossing_rich,86297938ddc8086c539316a09d984173,5,5.0,14.09794277989627,13,18,6,3,0.04539669439662097,4.053958848196169,0.011198114262265014,True,True,1,6,0,-5
random_0399,random_cycle_chord,20260824,200,0.9,crossing_rich,019b6352669089658d7373c4befa9816,3,3.0,13.036007298700335,12,16,5,3,0.04909478687264979,4.357851128698048,0.011265824697255629,True,True,1,5,0,-4
random_0400,random_cycle_chord,20260824,200,0.9,crossing_rich,5acff05da65e23e4548f5514e55ac767,3,3.0,13.129537606390192,12,16,5,3,0.04874505250577216,4.3282120968891125,0.011262168168886061,True,True,1,5,0,-4
random_0401,random_cycle_chord,20260824,200,0.9,crossing_rich,c5da22f75f7ca8ce97a68676ce75dd9c,5,5.0,12.120988647147767,12,16,5,3,0.05280097347097183,4.648556210880961,0.011358574808104852,True,True,1,5,0,-4
random_0402,random_cycle_chord,20260824,200,0.9,crossing_rich,5dacca6a7c6b589d3d4a90c9c02b5ff9,2,2.0,9.785267611313085,10,13,4,3,0.06540444527649647,5.6209974730330154,0.011635736466752955,True,True,1,4,0,-3
random_0403,random_cycle_chord,20260824,200,0.9,crossing_rich,04f5fde7e993a0e0bd469296ddadb2ff,9,9.0,14.118010174997961,15,21,7,3,0.045332167356940754,4.045838337115165,0.011204641307854209,True,True,1,7,0,-6
random_0404,random_cycle_chord,20260824,200,0.9,crossing_rich,0ed46316b5b789f912b6152079be6f74,5,5.0,14.095675060012006,12,16,5,3,0.04540399784155175,4.058161802585335,0.01118831629942064,True,True,1,5,0,-4
random_0405,random_cycle_chord,20260824,200,0.9,crossing_rich,1bec79aacbdc6de7851c0a3a2f288be1,5,5.0,14.259050050019754,11,15,5,3,0.04488377540964683,4.009641766583746,0.011193961461521847,True,True,1,5,0,-4
random_0406,random_cycle_chord,20260824,200,0.9,crossing_rich,cd15be2a1cefc99825e783084f4ba97a,5,5.0,14.146157307242277,13,18,6,3,0.045241968267406805,4.039281981795945,0.01120049763084164,True,True,1,6,0,-5
random_0407,random_cycle_chord,20260824,200,0.9,crossing_rich,345035e2930e29482eb4726c57d06f16,5,5.0,14.218407984239391,12,16,5,3,0.04501207172486664,4.024609232278856,0.011184209230514398,True,True,1,5,0,-4
random_0408,random_cycle_chord,20260824,200,0.9,crossing_rich,c9d0145bab91963736f942ffb2b877e7,4,4.0,13.107494052544581,12,16,5,3,0.04882702959348326,4.32914128042223,0.011278687026060986,True,True,1,5,0,-4
random_0409,random_cycle_chord,20260824,200,0.9,crossing_rich,fd36c8995e4f6b7213e80e89c65bc528,5,5.0,13.244680602496288,14,19,6,3,0.048321286047424666,4.291560632565297,0.011259606978578427,True,True,1,6,0,-5
random_0410,random_cycle_chord,20260824,200,0.9,crossing_rich,429df70666ac31be119e0f8ea771ce6f,6,6.0,12.364340584287904,13,18,6,3,0.05176175758319742,4.5655949486538,0.01133735212285088,True,True,1,6,0,-5
random_0411,random_cycle_chord,20260824,200,0.9,crossing_rich,b20074d419ed267ce40ce628ec4eb3cb,5,5.0,13.249245770373683,14,19,6,3,0.04830463643682182,4.292664328851661,0.011252833377200936,True,True,1,6,0,-5
random_0412,random_cycle_chord,20260824,200,0.9,crossing_rich,322606bbd5415d39807468a3403cfcf7,3,3.0,12.409029521546836,12,16,5,3,0.05157534671738144,4.559385850329023,0.011311906561639122,True,True,1,5,0,-4
random_0413,random_cycle_chord,20260824,200,0.9,crossing_rich,ba53b17c7e6c0cdbf4b9bf6bc764e778,4,4.0,11.515052331235829,12,16,5,3,0.05557942609291758,4.873648881948239,0.011404068581711148,True,True,1,5,0,-4
random_0414,random_cycle_chord,20260824,200,0.9,crossing_rich,998e44cd1be74ce251191b6a3c792d89,8,8.0,14.121723330895847,15,21,7,3,0.045320247749068454,4.0451938210711615,0.01120347992054129,True,True,1,7,0,-6
random_0415,random_cycle_chord,20260824,200,0.9,crossing_rich,86cb4973bb5680e65f9ef206849dfa3c,5,5.0,12.820292534209152,13,18,6,3,0.049920857756736034,4.412595422974887,0.01131326418388939,True,True,1,6,0,-5
random_0416,random_cycle_chord,20260824,200,0.9,baseline,efce64ac055c175d9c7cb04841efdbc7,0,,,15,17,3,3,0.045285523117221685,4.052900246858165,0.01117360910926128,True,True,1,3,0,-2
random_0417,random_cycle_chord,20260824,200,0.9,crossing_rich,3978ce21e829616ab054f1fdb8f8d904,5,5.0,13.187020453435267,13,18,6,3,0.04853257051203539,4.313697193549275,0.011250806056718875,True,True,1,6,0,-5
random_0418,random_cycle_chord,20260824,200,0.9,crossing_rich,e4ab56580d94aa68514e96273eb4e7ec,6,6.0,13.246806372286184,14,19,6,3,0.04831353173085948,4.295342083063842,0.011247889177757344,True,True,1,6,0,-5
random_0419,random_cycle_chord,20260824,200,0.9,crossing_rich,1fea8fa66b1477450a910854c926e957,2,2.0,11.104407337547649,11,14,4,3,0.057634773342288136,5.0216172967670625,0.011477332886238392,True,True,1,4,0,-3
random_0420,random_cycle_chord,20260824,200,0.9,crossing_rich,ec78b0e3d7d9688e1a7bdfd7e5a43401,5,5.0,14.03596325948641,13,18,6,3,0.045597155547371974,4.068940579483965,0.011206149280546814,True,True,1,6,0,-5
random_0421,random_cycle_chord,20260824,200,0.9,crossing_rich,c22a8c1df2a27af25fb58b2ace4e6c90,2,2.0,10.988266653504915,11,14,4,3,0.058243945126309794,5.075432869392634,0.011475660623461212,True,True,1,4,0,-3
random_0422,random_cycle_chord,20260824,200,0.9,crossing_rich,2b18c6ca86009f9b982691d74bb4b2d7,2,2.0,12.348372966875338,13,16,4,3,0.051828690445033354,4.565862522285616,0.011351347131470032,True,True,1,4,0,-3
random_0423,random_cycle_chord,20260824,200,0.9,crossing_rich,99896318c0ca2a15108f38d8c23923a1,5,5.0,13.968785264164742,12,16,5,3,0.04581643914606118,4.092876103069123,0.011194191564143568,True,True,1,5,0,-4
random_0424,random_cycle_chord,20260824,200,0.9,crossing_rich,2869ffe2be461b3b7206d96e128a0980,5,5.0,14.131284364532544,13,17,5,3,0.04528958468957757,4.046938214796679,0.011191073914592233,True,True,1,5,0,-4
random_0425,random_cycle_chord,20260824,200,0.9,crossing_rich,c079fa538be31b4a8553584bccff0784,5,5.0,13.248880262589163,14,19,6,3,0.04830596905665808,4.297218959239334,0.011241216590277934,True,True,1,6,0,-5
random_0426,random_cycle_chord,20260824,200,0.9,crossing_rich,8d3a60f0eec9e9ff88211203235b3920,9,9.0,13.250038680958246,14,20,7,3,0.048301745784316084,4.296421842758042,0.011242319202368942,True,True,1,7,0,-6
random_0427,random_cycle_chord,20260824,200,0.9,crossing_rich,9c8200e942512d251e59c8513563443a,3,3.0,13.015660209915362,13,17,5,3,0.049171535648452655,4.368123449695066,0.011256901553889295,True,True,1,5,0,-4
random_0428,random_cycle_chord,20260824,200,0.9,crossing_rich,190511b78a5d8243460942aefdfc3f43,4,4.0,14.276732439138932,12,17,6,3,0.044828184791463395,4.006615787680774,0.01118854094502836,True,True,1,6,0,-5
random_0429,random_cycle_chord,20260824,200,0.9,crossing_rich,a3826756d5dfd0d450c1a14cf955fa3c,2,2.0,11.105148683470086,11,14,4,3,0.05763092582025798,5.024265099593082,0.01147051850924935,True,True,1,4,0,-3
random_0430,random_cycle_chord,20260824,200,0.9,crossing_rich,6621f4b4f14ad200e9bf21ab210950ad,6,6.0,14.116940465324596,15,20,6,3,0.045335602397136285,4.045754259463155,0.011205723207506929,True,True,1,6,0,-5
random_0431,random_cycle_chord,20260824,200,0.9,crossing_rich,09500b242d88a53069949e92fd3522a2,6,6.0,12.347409403996709,13,18,6,3,0.051832735034511745,4.563757595950354,0.011357468915637737,True,True,1,6,0,-5
random_0432,random_cycle_chord,20260824,200,0.9,crossing_rich,356435b57d4455f6cc025db9687a1e5f,4,4.0,13.742851602392658,12,16,5,3,0.04656966534431433,4.154585776456942,0.01120921984767137,True,True,1,5,0,-4
random_0433,random_cycle_chord,20260824,200,0.9,crossing_rich,236013ee328e524aa2fa9320e2dc806a,6,6.0,13.40563008987665,14,19,6,3,0.04774113530726916,4.252181357432336,0.011227445702385907,True,True,1,6,0,-5
random_0434,random_cycle_chord,20260824,200,0.9,baseline,0419b2ac4e61057051ccb335ed3db8e8,0,,,14,16,3,3,0.048302039427518165,4.290749575513223,0.011257249713003977,True,True,1,3,0,-2
random_0435,random_cycle_chord,20260824,200,0.9,crossing_rich,11619dcdb7c3a684a5e5c72738977165,5,5.0,14.03655924612188,13,18,6,3,0.045595219510566574,4.068793923921902,0.011206077369142706,True,True,1,6,0,-5
random_0436,random_cycle_chord,20260824,200,0.9,baseline,f5674b1fa009ce402c82274027f15c8d,0,,,15,17,3,3,0.045303592618328725,4.0472881520692985,0.011193567375519308,True,True,1,3,0,-2
random_0437,random_cycle_chord,20260824,200,0.9,crossing_rich,84567a6e31a89606b6e4b06240b3c7c5,3,3.0,14.067434770331648,13,17,5,3,0.045495146090868396,4.057448148432801,0.011212748611079848,True,True,1,5,0,-4
random_0438,random_cycle_chord,20260824,200,0.9,crossing_rich,9e2f3039ab75c6711fa4756fd3db9b3a,5,5.0,14.132670500437122,13,18,6,3,0.04528514267563267,4.040421998295762,0.011208022997284395,True,True,1,6,0,-5
random_0439,random_cycle_chord,20260824,200,0.9,crossing_rich,438314a155c83a83b109a3f43e95e259,3,3.0,13.057112125182735,13,17,5,3,0.049015432651884586,4.3487643711676345,0.011271117142344514,True,True,1,5,0,-4
random_0440,random_cycle_chord,20260824,200,0.9,crossing_rich,178f01189e5468c39a09749cacf3fc47,4,4.0,11.497554804801473,12,16,5,3,0.05566400951032917,4.880403159639434,0.011405617054481548,True,True,1,5,0,-4
random_0441,random_cycle_chord,20260824,200,0.9,crossing_rich,9358aa1149bacf06d6a8385c92fd2607,6,6.0,13.229541481264006,14,19,6,3,0.04837658212919801,4.28942052156004,0.011278115980012072,True,True,1,6,0,-5
random_0442,random_cycle_chord,20260824,200,0.9,crossing_rich,22e2640cf0d3d30e4004a424ef0307e1,4,4.0,11.497681279135534,12,16,5,3,0.05566339720699921,4.8818048086434205,0.011402216882667054,True,True,1,5,0,-4
random_0443,random_cycle_chord,20260824,200,0.9,crossing_rich,c086538f249c9c8fa306f8c42905b021,3,3.0,12.612633035489944,12,16,5,3,0.050742774978003544,4.494330659081517,0.011290396463257463,True,True,1,5,0,-4
random_0444,random_cycle_chord,20260824,200,0.9,crossing_rich,a46ca595aeea82ca47adf9d497127daf,4,4.0,12.371731386141468,13,17,5,3,0.05173083540408204,4.566487785715172,0.01132836390494808,True,True,1,5,0,-4
random_0445,random_cycle_chord,20260824,200,0.9,crossing_rich,a4f7d8477a0525516554ce9fe3f8d1bb,6,6.0,12.351788188615638,13,18,6,3,0.051814360012250975,4.56290750940826,0.011355557811639824,True,True,1,6,0,-5
random_0446,random_cycle_chord,20260824,200,0.9,crossing_rich,a80a87ed6a398622e09e4789c36540b3,9,9.0,14.123773835373466,15,21,7,3,0.0453136681073934,4.046347905467134,0.011198658436208323,True,True,1,7,0,-6
random_0447,random_cycle_chord,20260824,200,0.9,crossing_rich,dda0733a0ad2060aa1290572f796ea9b,4,4.0,12.367557218210983,13,17,5,3,0.05174829505196165,4.570518130393215,0.011322194459276675,True,True,1,5,0,-4
random_0448,random_cycle_chord,20260824,200,0.9,crossing_rich,cefb2f0b5ccd7d0f7af0ed0b0f62d43f,9,9.0,14.121696364656799,15,21,7,3,0.04532033429084099,4.046536122111102,0.01119978493289641,True,True,1,7,0,-6
random_0449,random_cycle_chord,20260824,200,0.9,crossing_rich,f0c6244ee2bfda76b29f23c6919864e8,5,5.0,13.248720943501047,14,19,6,3,0.048306549947671897,4.290048536962872,0.011260140656093926,True,True,1,6,0,-5
random_0450,random_cycle_chord,20260824,200,0.9,crossing_rich,d3a409298b01e9eb7c65326a705cfc1f,6,6.0,13.250044170257052,14,19,6,3,0.04830172577361182,4.296399205708145,0.011242373778823606,True,True,1,6,0,-5
random_0451,random_cycle_chord,20260824,200,0.9,crossing_rich,7406c3b2370fffc472ac7a3c84623606,6,6.0,14.107019505786516,15,20,6,3,0.045367485296059905,4.047855892727188,0.011207781724041112,True,True,1,6,0,-5
random_0452,random_cycle_chord,20260824,200,0.9,crossing_rich,466e5b725e29ac81686f2e8d6e4f96f5,4,4.0,14.097177402902052,12,16,5,3,0.04539915911594113,4.0528769306670975,0.011201711745159874,True,True,1,5,0,-4
random_0453,random_cycle_chord,20260824,200,0.9,crossing_rich,6cb5d267f79288cff564e8dc2517bcd4,6,6.0,12.371520395137416,13,18,6,3,0.05173171765141735,4.568078860334581,0.011324611337298224,True,True,1,6,0,-5
random_0454,random_cycle_chord,20260824,200,0.9,crossing_rich,39c1df77e959b3c04c8e372c9f24dc6b,4,4.0,14.222335831158604,13,18,6,3,0.04499964053709617,4.024171180134986,0.01118233756039839,True,True,1,6,0,-5
random_0455,random_cycle_chord,20260824,200,0.9,crossing_rich,0effb6e73627c689fd917a766c2ab59e,7,7.0,14.024867150160356,13,18,6,3,0.045633230828334974,4.069444955784477,0.011213625279160002,True,True,1,6,0,-5
random_0456,random_cycle_chord,20260824,200,0.9,crossing_rich,891d744e4352299e0c1c98024a0fa8cf,5,5.0,14.130124108106026,15,20,6,3,0.04529330351973705,4.050615632009759,0.01118183200642621,True,True,1,6,0,-5
random_0457,random_cycle_chord,20260824,200,0.9,crossing_rich,1eb92059722ffc2888a39f0742dd1196,6,6.0,13.249986432293346,14,19,6,3,0.04830193625256618,4.290964771715055,0.01125666110590332,True,True,1,6,0,-5
random_0458,random_cycle_chord,20260824,200,0.9,crossing_rich,4569dc2587a25c2b09adfe1a87f96293,5,5.0,14.121674697241717,13,18,6,3,0.0453204038275295,4.0429056499913445,0.011209859381117768,True,True,1,6,0,-5
random_0459,random_cycle_chord,20260824,200,0.9,crossing_rich,1c44d8b954ae4143d1b4fdbdf23d2706,4,4.0,11.489334973843768,12,16,5,3,0.055703833290351654,4.8723320224398545,0.011432684191841583,True,True,1,5,0,-4
random_0460,random_cycle_chord,20260824,200,0.9,crossing_rich,1374429828aca38bc7ea7eb9ae590e77,3,3.0,12.510976938358395,12,16,5,3,0.05115507790904588,4.519053263003731,0.011319866116170547,True,True,1,5,0,-4
random_0461,random_cycle_chord,20260824,200,0.9,crossing_rich,e62a6b066078b004e9fbdcc3ed1e09f2,3,3.0,14.159989054865953,13,17,5,3,0.04519777504913182,4.047269713703137,0.011167472949999455,True,True,1,5,0,-4
random_0462,random_cycle_chord,20260824,200,0.9,crossing_rich,648e3abd92399ac4dc27917713512496,6,6.0,12.368253590829081,13,18,6,3,0.0517453814558389,4.564315392721172,0.01133694256500297,True,True,1,6,0,-5
random_0463,random_cycle_chord,20260824,200,0.9,crossing_rich,3bb2b51e0e27e27dd377eadc5e7898eb,3,3.0,13.885214488684062,12,16,5,3,0.04609219400403043,4.106802385637266,0.01122337762470111,True,True,1,5,0,-4
random_0464,random_cycle_chord,20260824,200,0.9,crossing_rich,085f2d3bd2464dd6a2178b7ffff3d2b8,5,5.0,13.244548484864847,13,18,6,3,0.048321768064147855,4.295576124349558,0.011249193743822852,True,True,1,6,0,-5
random_0465,random_cycle_chord,20260824,200,0.9,crossing_rich,f901beda05025885377f8ed6589f9151,11,11.0,14.112647751815574,15,22,8,3,0.04534939235039469,4.047652669568681,0.011203874455766268,True,True,1,8,0,-7
random_0466,random_cycle_chord,20260824,200,0.9,crossing_rich,bb401616b490c605c5376603b67847de,4,4.0,12.691403771864707,13,17,5,3,0.05042783379241325,4.455045267659929,0.011319264061911796,True,True,1,5,0,-4
random_0467,random_cycle_chord,20260824,200,0.9,crossing_rich,b6bbb1402661354151e7f8e43af45905,2,2.0,10.942557015872463,11,14,4,3,0.058487243801577944,5.098659626438675,0.011471101835921193,True,True,1,4,0,-3
random_0468,random_cycle_chord,20260824,200,0.9,crossing_rich,44bd44246509f4cb6468822aafac87fc,6,6.0,12.370779707893256,13,18,6,3,0.05173481503285067,4.564784822744738,0.011333461935615026,True,True,1,6,0,-5
random_0469,random_cycle_chord,20260824,200,0.9,crossing_rich,df0768bcc017887d2ce47d08b8eb8f0b,6,6.0,13.22566444494586,14,19,6,3,0.0483907634783955,4.2940183303473685,0.01126934254947181,True,True,1,6,0,-5
random_0470,random_cycle_chord,20260824,200,0.9,crossing_rich,95357a28cb4b877aabc78009d94afbe1,9,9.0,14.131047291099437,15,21,7,3,0.04529034450285292,4.0492945818376365,0.011184749241508484,True,True,1,7,0,-6
random_0471,random_cycle_chord,20260824,200,0.9,crossing_rich,a038f326dd2d5be3e40ea8f8d4ab7e9e,3,3.0,12.754365062843844,12,16,5,3,0.05017889929028729,4.443083687279948,0.011293710139636549,True,True,1,5,0,-4
random_0472,random_cycle_chord,20260824,200,0.9,crossing_rich,fe65076eb841859796bf931b8ad6af1b,2,2.0,11.164146443740796,11,14,4,3,0.05732637091649917,5.0042014038759435,0.011455648222331284,True,True,1,4,0,-3
random_0473,random_cycle_chord,20260824,200,0.9,crossing_rich,2d14c5692180cbc4948046d58ec68ad0,4,4.0,14.09668714097083,13,18,6,3,0.045400738031554526,4.056953587164689,0.011190844818928295,True,True,1,6,0,-5
random_0474,random_cycle_chord,20260824,200,0.9,crossing_rich,ae5e91a41a04fa3f5e5a5de7c48f8dff,9,9.0,14.130651967263892,15,21,7,3,0.04529161156064639,4.048903339587101,0.011186142953283034,True,True,1,7,0,-6
random_0475,random_cycle_chord,20260824,200,0.9,crossing_rich,4b0582c6d56597c322cc6a71a08c13e9,6,6.0,13.972225282608262,13,18,6,3,0.04580515895321494,4.093129009843569,0.011190744011014088,True,True,1,6,0,-5
random_0476,random_cycle_chord,20260824,200,0.9,crossing_rich,86513cbd4095537ad01134fdd371c3b8,6,6.0,14.111219864038855,15,20,6,3,0.045353981170046194,4.045794980301877,0.011210153107328763,True,True,1,6,0,-5
random_0477,random_cycle_chord,20260824,200,0.9,crossing_rich,799b01601b2f76f164e74d2da353371a,4,4.0,12.371821505059991,13,17,5,3,0.05173045858592806,4.566965466579443,0.011327096507404301,True,True,1,5,0,-4
random_0478,random_cycle_chord,20260824,200,0.9,crossing_rich,1c87ece1f6873a94be83c6d9a0945a0a,6,6.0,13.346762315311732,14,19,6,3,0.047951704307027054,4.26568718407774,0.011241261310959072,True,True,1,6,0,-5
random_0479,random_cycle_chord,20260824,200,0.9,crossing_rich,d8fcc16ca0825179fa0fde19c1a26059,3,3.0,12.434336112513872,12,16,5,3,0.051470379617284616,4.546829053725821,0.011320060422132672,True,True,1,5,0,-4
random_0480,random_cycle_chord,20260824,200,0.9,crossing_rich,78faf14be49f88b5074b59c6a6602096,2,2.0,10.632301100777832,11,14,4,3,0.06019393110990613,5.227590249577786,0.011514661294421035,True,True,1,4,0,-3
random_0481,random_cycle_chord,20260824,200,0.9,crossing_rich,ed82af94b4a640a2662899958e329743,8,8.0,14.174811243008246,15,21,7,3,0.04515051304938408,4.029987755767921,0.011203635292628964,True,True,1,7,0,-6
random_0482,random_cycle_chord,20260824,200,0.9,crossing_rich,9eaad2c0fb4508a3e43640206b9b9ac2,3,3.0,12.467370640770515,12,16,5,3,0.051333999641198315,4.535493474234666,0.01131828321059608,True,True,1,5,0,-4
random_0483,random_cycle_chord,20260824,200,0.9,crossing_rich,744c436ed1b6b88a85e5d2859bdfd6b3,3,3.0,12.487173128095982,12,16,5,3,0.05125259283544392,4.521116369498364,0.011336269329676778,True,True,1,5,0,-4
random_0484,random_cycle_chord,20260824,200,0.9,crossing_rich,826ab04f953da1d84c5fb18e8caa4ec9,10,10.0,14.125395821336951,15,22,8,3,0.045308464845512895,4.045224058262954,0.011200483383105522,True,True,1,8,0,-7
random_0485,random_cycle_chord,20260824,200,0.9,crossing_rich,a6dc35edd72ca25e1faace1c851c6714,9,9.0,14.106956569200188,15,21,7,3,0.0453676876979487,4.047824602959628,0.011207918363057883,True,True,1,7,0,-6
random_0486,random_cycle_chord,20260824,200,0.9,crossing_rich,4c7fa8f21d8bf9e639dfc72a086a984d,7,7.0,14.128632524167777,15,21,7,3,0.0452980852113781,4.0462888826116306,0.011194970632482613,True,True,1,7,0,-6
random_0487,random_cycle_chord,20260824,200,0.9,crossing_rich,6124c7aa49b2c5666d3193040ded5372,3,3.0,12.801789850863548,12,16,5,3,0.04999300937257837,4.422435795547162,0.011304405916512132,True,True,1,5,0,-4
random_0488,random_cycle_chord,20260824,200,0.9,crossing_rich,a4f0b832a123cc8bff26a48e80242c94,5,5.0,14.048846540662879,13,18,6,3,0.04555534136895785,4.066063244299301,0.01120379557126351,True,True,1,6,0,-5
random_0489,random_cycle_chord,20260824,200,0.9,crossing_rich,31bd268cb762d7c96bf118503d0a7324,5,5.0,13.335639941790607,14,19,6,3,0.047991697645824845,4.2725090899003115,0.011232673034978755,True,True,1,6,0,-5
random_0490,random_cycle_chord,20260824,200,0.9,crossing_rich,bf820f103305d352b34032b0ca7bb49a,4,4.0,12.349724754865148,13,17,5,3,0.05182301733063916,4.567273296816759,0.011346598717172918,True,True,1,5,0,-4
random_0491,random_cycle_chord,20260824,200,0.9,crossing_rich,0b98a0df93b07b735a7dd102891a678c,8,8.0,14.133701139146604,15,21,7,3,0.045281840453479646,4.051795663612077,0.011175746314193939,True,True,1,7,0,-6
random_0492,random_cycle_chord,20260824,200,0.9,crossing_rich,1e4faa117311aef1112a85eec3115b9b,5,5.0,13.244554093250745,14,19,6,3,0.04832174760237008,4.293860328725717,0.011253684075166566,True,True,1,6,0,-5
random_0493,random_cycle_chord,20260824,200,0.9,crossing_rich,3b53ec814bd3668cf4b08e3430f84e27,9,9.0,14.111024445174046,15,21,7,3,0.04535460926218431,4.04578955014128,0.01121032339919918,True,True,1,7,0,-6
random_0494,random_cycle_chord,20260824,200,0.9,crossing_rich,e3667a1e56ef182b09ca2f15c3e6ebbf,4,4.0,14.175609041530231,12,16,5,3,0.045147971993654334,4.039159252732046,0.011177566708496752,True,True,1,5,0,-4
random_0495,random_cycle_chord,20260824,200,0.9,baseline,6549b7283e05a5771e94d87526f007ac,0,,,15,17,3,3,0.04535365902649009,4.045841291458585,0.011209945165728296,True,True,1,3,0,-2
random_0496,random_cycle_chord,20260824,200,0.9,crossing_rich,c0b0d919a53901ec4a8854a91193b6dc,5,5.0,14.193862751459331,13,18,6,3,0.045089910421615066,4.025207983523814,0.011201883382468528,True,True,1,6,0,-5
random_0497,random_cycle_chord,20260824,200,0.9,crossing_rich,897e81cbcc8831163b16a91783ac69d4,9,9.0,14.111793323240711,15,21,7,3,0.045352138125916576,4.046178404911598,0.011208635306556,True,True,1,7,0,-6
random_0498,random_cycle_chord,20260824,200,0.9,crossing_rich,245a1af1f73453385ecdf4bb231e1fbb,6,6.0,12.354504148827738,13,18,6,3,0.05180296936973603,4.562266402594006,0.011354656830272336,True,True,1,6,0,-5
random_0499,random_cycle_chord,20260824,200,0.9,crossing_rich,d65b8cce06c85030a8e9e9b6bdf71a11,4,4.0,13.246576398137524,14,18,5,3,0.04831437050330864,4.2930016414511645,0.011254216638728541,True,True,1,5,0,-4
random_0500,random_cycle_chord,20260824,200,0.9,crossing_rich,efb9a09603cfda5a2e56c1ee014c9eb9,6,6.0,13.243997309867142,14,19,6,3,0.04832377906957006,4.294260654418928,0.01125310803382263,True,True,1,6,0,-5
random_0501,random_cycle_chord,20260824,200,0.9,crossing_rich,915947bca9b0cd965b059260a099427e,2,2.0,14.000195219398398,13,16,4,3,0.04571364827207756,4.08514027728585,0.0111902273041281,True,True,1,4,0,-3
random_0502,random_cycle_chord,20260824,200,0.9,crossing_rich,57e4876e364ce3a95a0cae23e1d5fd5f,4,4.0,11.497895012633734,12,16,5,3,0.055662362484330964,4.878300906497432,0.011410194563888833,True,True,1,5,0,-4
random_0503,random_cycle_chord,20260824,200,0.9,crossing_rich,1e64f4d33fba76b837567e9ac9c67712,6,6.0,13.249929509461872,14,19,6,3,0.04830214376181936,4.290612677499346,0.01125763320821837,True,True,1,6,0,-5
random_0504,random_cycle_chord,20260824,200,0.9,crossing_rich,10dcbb082454d7818e1cb8b6962bec8a,3,3.0,12.959148057720402,11,15,5,3,0.049385962499187634,4.379207428538472,0.011277374571788628,True,True,1,5,0,-4
random_0505,random_cycle_chord,20260824,200,0.9,crossing_rich,0135796671415bf5f59dd82de37e14d1,8,8.0,14.12694570918543,15,21,7,3,0.04530349398765424,4.047165807969902,0.01119388138198838,True,True,1,7,0,-6
random_0506,random_cycle_chord,20260824,200,0.9,crossing_rich,002b757f333f574be259199485ec07de,3,3.0,11.499782275692967,12,16,5,3,0.05565322757047017,4.877195418018477,0.011410907868252109,True,True,1,5,0,-4
random_0507,random_cycle_chord,20260824,200,0.9,crossing_rich,cd12a5d0402f6b20ac26898b8e6dde49,2,2.0,11.124557345043248,11,14,4,3,0.05753037897594764,5.020585545175216,0.011458898261624953,True,True,1,4,0,-3
random_0508,random_cycle_chord,20260824,200,0.9,crossing_rich,a7e2bb9fefa22be1ccf327675d541898,4,4.0,12.195752875320037,12,16,5,3,0.05247728504692297,4.627259016696858,0.011340900705485811,True,True,1,5,0,-4
random_0509,random_cycle_chord,20260824,200,0.9,baseline,a25a3f30bd228caacbec915d450f2009,0,,,14,16,3,3,0.048329336575505824,4.290023032224696,0.011265519138819976,True,True,1,3,0,-2
random_0510,random_cycle_chord,20260824,200,0.9,crossing_rich,02518508aaf5bcc0acdfb5f0dead6f1d,5,5.0,13.246692060998557,14,19,6,3,0.04831394864868292,4.295693464408891,0.011247066171964661,True,True,1,6,0,-5
random_0511,random_cycle_chord,20260824,200,0.9,crossing_rich,9ffa2763b4de513abefd24181e9b8893,5,5.0,13.250146632228528,14,19,6,3,0.048301352261515246,4.295939729066652,0.01124348927306979,True,True,1,6,0,-5
random_0512,random_cycle_chord,20260824,200,0.9,crossing_rich,fcce495ff95b8653070122607abbe27b,6,6.0,13.246609508702344,14,19,6,3,0.04831424973911647,4.29299015683227,0.0112542186154852,True,True,1,6,0,-5
random_0513,random_cycle_chord,20260824,200,0.9,crossing_rich,e8131ce4a047242deb52e1416fef5717,4,4.0,11.497624806615645,12,16,5,3,0.05566367060714565,4.880744041137513,0.011404751025249954,True,True,1,5,0,-4
random_0514,random_cycle_chord,20260824,200,0.9,crossing_rich,d98ac25f28a8fe00068cfb47a0b08842,3,3.0,12.722552787507738,12,16,5,3,0.050304369782487,4.448135394686294,0.011309091409982751,True,True,1,5,0,-4
random_0515,random_cycle_chord,20260824,200,0.9,crossing_rich,7184d32212f2feba8c5c3324bdece8da,3,3.0,14.15782211252412,12,16,5,3,0.04520469284847498,4.046007470266136,0.011172666679604903,True,True,1,5,0,-4
random_0516,random_cycle_chord,20260824,200,0.9,crossing_rich,9d558121a470a51a0ead33679f3f3eed,3,3.0,12.878326919263385,12,16,5,3,0.04969589637010137,4.396848772732259,0.011302616700919576,True,True,1,5,0,-4
random_0517,random_cycle_chord,20260824,200,0.9,crossing_rich,b0f0358ccfc8e6ebe656158a722177f6,5,5.0,14.29978463634281,15,20,6,3,0.044755918797087624,4.007539894453767,0.01116792844882906,True,True,1,6,0,-5
random_0518,random_cycle_chord,20260824,200,0.9,crossing_rich,4f2378b76b4b0a1099efec086a558cca,7,7.0,12.34840618651557,13,18,6,3,0.05182855101566698,4.566127526172595,0.011350657798887746,True,True,1,6,0,-5
random_0519,random_cycle_chord,20260824,200,0.9,crossing_rich,dbec1ea82e3f9ba8d179a5d6d80d891f,7,7.0,14.273064461504099,11,16,6,3,0.04483970500701828,4.016552319316133,0.011163729846460156,True,True,1,6,0,-5
random_0520,random_cycle_chord,20260824,200,0.9,crossing_rich,46ffcc638c94ea2cdfde029fcd933492,3,3.0,13.09040283024342,12,16,5,3,0.048890779626840485,4.341888284762767,0.011260257385805076,True,True,1,5,0,-4
random_0521,random_cycle_chord,20260824,200,0.9,crossing_rich,200feb1abbc6a2415ae9a1820375e9e8,4,4.0,12.348248008670787,13,17,5,3,0.05182921492592309,4.5650453514923335,0.01135349398204333,True,True,1,5,0,-4
random_0522,random_cycle_chord,20260824,200,0.9,crossing_rich,d3958c35cdcbf50f38540a37dcb26ac4,8,8.0,13.226985557234162,14,20,7,3,0.04838593020538745,4.290961009392007,0.011276245600806175,True,True,1,7,0,-6
random_0523,random_cycle_chord,20260824,200,0.9,crossing_rich,5213c1d0d9f137456d11109cf6b93dfe,2,2.0,12.891293814177889,12,15,4,3,0.04964590903173162,4.392484112820021,0.011302467523293652,True,True,1,4,0,-3
random_0524,random_cycle_chord,20260824,200,0.9,crossing_rich,b72e49aa7209e4f953415d61b17a2bd2,12,12.0,14.122538850602654,15,22,8,3,0.045317630687395076,4.043981883256385,0.011206190333103917,True,True,1,8,0,-7
random_0525,random_cycle_chord,20260824,200,0.9,crossing_rich,0305e4e57fb456ab80fb38792f59a7ca,5,5.0,12.80873768833984,13,18,6,3,0.04996589168834415,4.417480166711883,0.011310948731556135,True,True,1,6,0,-5
random_0526,random_cycle_chord,20260824,200,0.9,crossing_rich,d69213cda7c3194cab09bee2cddeb6a4,3,3.0,14.238725461998742,12,16,5,3,0.04494784323976711,4.01639255546737,0.01119109813570918,True,True,1,5,0,-4
random_0527,random_cycle_chord,20260824,200,0.9,crossing_rich,d46e10eea0e92a62646448c1bc2d21e3,6,6.0,13.227101508988934,14,19,6,3,0.048385506043411394,4.290728391543308,0.01127675807650176,True,True,1,6,0,-5
random_0528,random_cycle_chord,20260824,200,0.9,crossing_rich,ee544e725a281667255ae53c219c46ba,4,4.0,12.368247789123803,13,17,5,3,0.05174540572859425,4.572063315029193,0.01131773603364105,True,True,1,5,0,-4
random_0529,random_cycle_chord,20260824,200,0.9,crossing_rich,6b67339f8f89cb95c2d054586baa8e2d,4,4.0,13.885317444596884,12,16,5,3,0.04609185224274722,4.113926885216341,0.011203857902380626,True,True,1,5,0,-4
random_0530,random_cycle_chord,20260824,200,0.9,crossing_rich,6732288f48696afa04e2f30247a9d47c,5,5.0,13.243206219272816,14,19,6,3,0.048326665718503206,4.291603901894923,0.011260746989526447,True,True,1,6,0,-5
random_0531,random_cycle_chord,20260824,200,0.9,crossing_rich,7321014f5f3c429d2fc79dd046f5036a,6,6.0,13.24770418437583,14,19,6,3,0.048310257467464264,4.296327669583265,0.011244546781076933,True,True,1,6,0,-5
random_0532,random_cycle_chord,20260824,200,0.9,crossing_rich,bc99653d9e41c1b29283637a89d3d6f6,6,6.0,12.355374823970784,13,18,6,3,0.051799318848533005,4.565637894687262,0.011345472427589699,True,True,1,6,0,-5
random_0533,random_cycle_chord,20260824,200,0.9,crossing_rich,52d28e205827fd2ff5d30a3196ef6dec,3,3.0,12.368150241131648,13,17,5,3,0.051745813846245936,4.564587171192354,0.011336362283279383,True,True,1,5,0,-4
random_0534,random_cycle_chord,20260824,200,0.9,crossing_rich,72383d155c6a79ff9ad1728d0fc2e672,3,3.0,12.529929170122152,12,16,5,3,0.05107770293914285,4.509038555973011,0.011327847900409166,True,True,1,5,0,-4
random_0535,random_cycle_chord,20260824,200,0.9,crossing_rich,86d83e62f43d037514715eaf40d0acd0,4,4.0,11.497639512070847,12,16,5,3,0.05566359941343553,4.880935705948205,0.011404288596877128,True,True,1,5,0,-4
random_0536,random_cycle_chord,20260824,200,0.9,crossing_rich,736df1867eb2eb1471344cd44907f742,5,5.0,12.725856602536984,13,18,6,3,0.05029131004606886,4.4461460406221445,0.011311214158640559,True,True,1,6,0,-5
random_0537,random_cycle_chord,20260823,200,0.9,baseline,4ca7af1950eb0912a81fec832cb4eb96,0,,,10,12,3,3,0.06551119881152093,5.621635004475262,0.011653406661828609,True,True,1,3,0,-2
random_0538,random_cycle_chord,20260823,200,0.9,crossing_rich,35e6984785cd33f6953165239be9a661,4,4.0,9.85085558334318,10,14,5,3,0.06496897600267093,5.588414145293055,0.011625655206207695,True,True,1,5,0,-4
random_0539,random_cycle_chord,20260823,200,0.9,baseline,5a09f2d469638693e252e3673038fcb1,0,,,14,17,4,3,0.04838600411980268,4.291002600752198,0.011276153529089164,True,True,1,4,0,-3
random_0540,random_cycle_chord,20260823,200,0.9,baseline,b73291eb7126cc5eaf4780776629388d,0,,,8,10,3,3,0.07251147286148084,6.143890753982057,0.011802207390241074,True,True,1,3,0,-2
random_0541,random_cycle_chord,20260823,200,0.9,crossing_rich,51c649782519fad82f174ab8ea47ce77,2,2.0,10.908263786331963,10,13,4,3,0.05867111508633656,5.099935296986621,0.011504286166336919,True,True,1,4,0,-3
random_0542,random_cycle_chord,20260823,200,0.9,baseline,b73291eb7126cc5eaf4780776629388d,0,,,8,10,3,3,0.07238952182298147,6.139029091686609,0.011791689001931982,True,True,1,3,0,-2
random_0543,random_cycle_chord,20260823,200,0.9,baseline,237b03a6236ff83b0e5299ac7fc023ee,0,,,10,12,3,3,0.053479749039329845,4.702701196562059,0.011372134185014045,True,True,1,3,0,-2
random_0544,random_cycle_chord,20260823,200,0.9,baseline,4ca7af1950eb0912a81fec832cb4eb96,0,,,10,12,3,3,0.0655188892835321,5.618694644456293,0.011660873820252283,True,True,1,3,0,-2
random_0545,random_cycle_chord,20260823,200,0.9,baseline,4e9cca7c282396d17b6e561d68fe510e,0,,,10,13,4,3,0.05308996786565556,4.667011583875877,0.01137558090686486,True,True,1,4,0,-3
random_0546,random_cycle_chord,20260823,200,0.9,baseline,19fca4749c1a57391a2f17cdb3a8fecb,0,,,11,13,3,3,0.060185419057912574,5.2241517830360245,0.011520610724471662,True,True,1,3,0,-2
random_0547,random_cycle_chord,20260823,200,0.9,baseline,b73291eb7126cc5eaf4780776629388d,0,,,8,10,3,3,0.07277909198100993,6.173273987204637,0.011789383094263977,True,True,1,3,0,-2
random_0548,random_cycle_chord,20260823,200,0.9,crossing_rich,bb2c7ed8feef84917625e983562a84b2,5,5.0,14.194896837043398,10,14,5,3,0.045086625661825044,4.028874068717481,0.011190874892790472,True,True,1,5,0,-4
random_0549,random_cycle_chord,20260823,200,0.9,baseline,b73291eb7126cc5eaf4780776629388d,0,,,8,10,3,3,0.07278202976601757,6.173547723394714,0.011789336217521963,True,True,1,3,0,-2
random_0550,random_cycle_chord,20260823,200,0.9,crossing_rich,e4dfd7b460148a3915f7aca370896702,5,5.0,13.840617792102655,8,12,5,3,0.04624071046634774,4.122345477894912,0.011217087629919048,True,True,1,5,0,-4
random_0551,random_cycle_chord,20260823,200,0.9,crossing_rich,e4dfd7b460148a3915f7aca370896702,5,5.0,13.559505917433308,8,12,5,3,0.047199359910095176,4.199618996085038,0.011238962380657696,True,True,1,5,0,-4
random_0552,random_cycle_chord,20260823,200,0.9,baseline,8f34f4541eedc7b1aecfd95c1d8d238c,0,,,11,14,4,3,0.045239151110521215,4.045713314152445,0.011181996250764638,True,True,1,4,0,-3
random_0553,random_cycle_chord,20260823,200,0.9,baseline,292e753404d93c067cd5c374eaffaa1b,0,,,15,17,3,3,0.04535495288041535,4.045808571008379,0.011210355627159854,True,True,1,3,0,-2
random_0554,random_cycle_chord,20260823,200,0.9,crossing_rich,d3b9e56b5337f4aa08cbf81ed5c2928d,2,2.0,8.568437525406601,8,11,4,3,0.07469273109622514,6.296958774158315,0.0118617151191702,True,True,1,4,0,-3
random_0555,random_cycle_chord,20260823,200,0.9,baseline,103a02ce2419501dbcecbb0b106c7128,0,,,9,11,3,3,0.06171764883836543,5.346909644058,0.01154267660141817,True,True,1,3,0,-2
random_0556,random_cycle_chord,20260823,200,0.9,baseline,4dd12823b4c3d089de2f1ce5c865f355,0,,,14,17,4,3,0.04830487425888443,4.297587728147767,0.011239997252994653,True,True,1,4,0,-3
random_0557,random_cycle_chord,20260823,200,0.9,crossing_rich,bb2c7ed8feef84917625e983562a84b2,5,5.0,13.828640391079116,10,14,5,3,0.04628076093531692,4.131405878845025,0.01120218208825688,True,True,1,5,0,-4
random_0558,random_cycle_chord,20260823,200,0.9,baseline,b73291eb7126cc5eaf4780776629388d,0,,,8,10,3,3,0.07279487848840577,6.160632606394468,0.011816136935815303,True,True,1,3,0,-2
random_0559,random_cycle_chord,20260823,200,0.9,baseline,103a02ce2419501dbcecbb0b106c7128,0,,,9,11,3,3,0.06188684644626783,5.36277298411246,0.011540083205015646,True,True,1,3,0,-2
random_0560,random_cycle_chord,20260823,200,0.9,baseline,3ddc013bba7f8602e9b01edf73e915d5,0,,,9,11,3,3,0.06166736567337181,5.332832776148421,0.01156371637025348,True,True,1,3,0,-2
random_0561,random_cycle_chord,20260823,200,0.9,crossing_rich,e4dfd7b460148a3915f7aca370896702,5,5.0,13.353026456866509,8,12,5,3,0.04792920931201283,4.269747486782226,0.011225303009226272,True,True,1,5,0,-4
random_0562,random_cycle_chord,20260823,200,0.9,crossing_rich,8d92d8721dbd33134985bb942b070fe4,5,5.0,13.004952267384988,9,13,5,3,0.04921202222364558,4.36498077268479,0.011274281557344983,True,True,1,5,0,-4
random_0563,random_cycle_chord,20260823,200,0.9,baseline,b73291eb7126cc5eaf4780776629388d,0,,,8,10,3,3,0.07261263776810421,6.164893622499692,0.011778408876852902,True,True,1,3,0,-2
random_0564,random_cycle_chord,20260823,200,0.9,baseline,78d712f24f5cff365e8a82f9a84c6043,0,,,10,12,3,3,0.05342041740308639,4.701311357139701,0.011362875875463736,True,True,1,3,0,-2
random_0565,random_cycle_chord,20260823,200,0.9,crossing_rich,748a628f2d4ade0213315cc4014b52e0,3,3.0,11.416115462060645,10,14,5,3,0.05606110082951789,4.9025041042398545,0.011435197123248569,True,True,1,5,0,-4
random_0566,random_cycle_chord,20260823,200,0.9,baseline,4e9cca7c282396d17b6e561d68fe510e,0,,,10,13,4,3,0.053130741809617785,4.6802546718684885,0.011352104860654197,True,True,1,4,0,-3
random_0567,random_cycle_chord,20260823,200,0.9,crossing_rich,e4dfd7b460148a3915f7aca370896702,5,5.0,13.839102531010015,8,12,5,3,0.04624577342106671,4.122372652727727,0.01121824185168374,True,True,1,5,0,-4
random_0568,random_cycle_chord,20260823,200,0.9,crossing_rich,9e29c665f19ef85c09f08031b7489ca3,6,6.0,10.637130874487644,11,16,6,3,0.06016660014355861,5.224580086710942,0.011516064285548279,True,True,1,6,0,-5
random_0569,random_cycle_chord,20260823,200,0.9,baseline,c9b2747d4897680c32f2a02811ccda66,0,,,11,13,3,3,0.06018928448591741,5.225581485092044,0.011518198435452631,True,True,1,3,0,-2
random_0570,random_cycle_chord,20260823,200,0.9,crossing_rich,05dd62ad19ce4d5dd6bedfa658e868da,3,3.0,9.757277944994703,10,14,5,3,0.06559206405802018,5.626604339348005,0.0116574864877776,True,True,1,5,0,-4
random_0571,random_cycle_chord,20260823,200,0.9,baseline,b73291eb7126cc5eaf4780776629388d,0,,,8,10,3,3,0.07267553403992523,6.16375849053676,0.011790782223460609,True,True,1,3,0,-2
random_0572,random_cycle_chord,20260823,200,0.9,crossing_rich,447cbd472322ec97024f7dd449aad9b0,7,7.0,13.439283979540942,13,18,6,3,0.047621584674770824,4.242216133197256,0.011225638482233478,True,True,1,6,0,-5
random_0573,random_cycle_chord,20260823,200,0.9,crossing_rich,8d92d8721dbd33134985bb942b070fe4,5,5.0,13.207335076183817,9,13,5,3,0.0484579210195161,4.30457228218944,0.011257313814897514,True,True,1,5,0,-4
random_0574,random_cycle_chord,20260823,200,0.9,baseline,3ddc013bba7f8602e9b01edf73e915d5,0,,,9,11,3,3,0.06268911132523272,5.408763960657218,0.011590284172359295,True,True,1,3,0,-2
random_0575,random_cycle_chord,20260823,200,0.9,baseline,ca62a37d3738941a9501a139c3aa3dc2,0,,,12,14,3,3,0.05569773387397837,4.869703282097638,0.011437603206490728,True,True,1,3,0,-2
random_0576,random_cycle_chord,20260823,200,0.9,baseline,b368b74748fda659bbd4e4bd3936498d,0,,,13,15,3,3,0.05174854246355345,4.570634606766122,0.01132196005932036,True,True,1,3,0,-2
random_0577,random_cycle_chord,20260823,200,0.9,crossing_rich,e4dfd7b460148a3915f7aca370896702,5,5.0,13.457224244291929,8,12,5,3,0.04755809878634259,4.22916487881934,0.011245269491507608,True,True,1,5,0,-4
random_0578,random_cycle_chord,20260823,200,0.9,crossing_rich,e4dfd7b460148a3915f7aca370896702,5,5.0,13.409990962338233,8,12,5,3,0.04772561009156761,4.258526468342515,0.011207071377002187,True,True,1,5,0,-4
random_0579,random_cycle_chord,20260823,200,0.9,crossing_rich,d3b9e56b5337f4aa08cbf81ed5c2928d,2,2.0,8.379872183261664,8,11,4,3,0.07637347992948687,6.428104989160526,0.011881181165875887,True,True,1,4,0,-3
random_0580,random_cycle_chord,20260823,200,0.9,baseline,b73291eb7126cc5eaf4780776629388d,0,,,8,10,3,3,0.07339993916127861,6.2007187664624634,0.011837327562455084,True,True,1,3,0,-2
random_0581,random_cycle_chord,20260823,200,0.9,crossing_rich,bb2c7ed8feef84917625e983562a84b2,5,5.0,13.916503970887199,10,14,5,3,0.045988561591248485,4.107738734477108,0.011195590704261908,True,True,1,5,0,-4
random_0582,random_cycle_chord,20260823,200,0.9,crossing_rich,e4dfd7b460148a3915f7aca370896702,5,5.0,13.667340012745571,8,12,5,3,0.04682696116458387,4.178783401434878,0.011205883786296458,True,True,1,5,0,-4
random_0583,random_cycle_chord,20260823,200,0.9,crossing_rich,cef8e8826a17d803155f6dbb64f1a12f,3,3.0,11.079771072931672,11,15,5,3,0.0577629263084276,5.041258563237014,0.011458036834226129,True,True,1,5,0,-4
random_0584,random_cycle_chord,20260823,200,0.9,baseline,8f34f4541eedc7b1aecfd95c1d8d238c,0,,,11,14,4,3,0.04535426942809139,4.051368934992603,0.011194801104475122,True,True,1,4,0,-3
random_0585,random_cycle_chord,20260823,200,0.9,baseline,8f34f4541eedc7b1aecfd95c1d8d238c,0,,,11,14,4,3,0.0450941863690233,4.02892497649124,0.01119261009627821,True,True,1,4,0,-3
random_0586,random_cycle_chord,20260823,200,0.9,baseline,1837574bc7ed6a7228b5e0eb65ae216b,0,,,15,18,4,3,0.04531148603425916,4.0442938877821595,0.011203806471914783,True,True,1,4,0,-3
random_0587,random_cycle_chord,20260823,200,0.9,crossing_rich,424f7646e94f7765f921feee852c5612,2,2.0,10.081087153906763,10,13,4,3,0.06348521644830521,5.4684354471539525,0.011609393045198348,True,True,1,4,0,-3
random_0588,random_cycle_chord,20260823,200,0.9,baseline,78d712f24f5cff365e8a82f9a84c6043,0,,,10,12,3,3,0.0530413604833965,4.676308688184253,0.011342570394768301,True,True,1,3,0,-2
random_0589,random_cycle_chord,20260823,200,0.9,baseline,3ddc013bba7f8602e9b01edf73e915d5,0,,,9,11,3,3,0.06188600212018061,5.359619238562245,0.011546716168737009,True,True,1,3,0,-2
random_0590,random_cycle_chord,20260823,200,0.9,baseline,3ddc013bba7f8602e9b01edf73e915d5,0,,,9,11,3,3,0.06149523755471732,5.323942399328982,0.011550695507612563,True,True,1,3,0,-2
random_0591,random_cycle_chord,20260823,200,0.9,baseline,b73291eb7126cc5eaf4780776629388d,0,,,8,10,3,3,0.07275389720486539,6.178707821228306,0.01177493730240867,True,True,1,3,0,-2
random_0592,random_cycle_chord,20260823,200,0.9,crossing_rich,0d9383c252bac8778d9583a2a6ee796c,6,6.0,10.609958092548078,11,16,6,3,0.060320690658477255,5.225582313200777,0.011543343314312771,True,True,1,6,0,-5
random_0593,random_cycle_chord,20260823,200,0.9,crossing_rich,e4dfd7b460148a3915f7aca370896702,5,5.0,13.807726446392659,8,12,5,3,0.04635086033060884,4.131633406137643,0.011218531697839767,True,True,1,5,0,-4
random_0594,random_cycle_chord,20260823,200,0.9,baseline,f2551d12306507df164d13e621c6cf57,0,,,10,12,3,3,0.05267789091287687,4.6332083784644995,0.011369635598029147,True,True,1,3,0,-2
random_0595,random_cycle_chord,20260823,200,0.9,baseline,103a02ce2419501dbcecbb0b106c7128,0,,,9,11,3,3,0.06174261990534332,5.3420912334720425,0.011557762158474833,True,True,1,3,0,-2
random_0596,random_cycle_chord,20260823,200,0.9,baseline,b73291eb7126cc5eaf4780776629388d,0,,,8,10,3,3,0.07278380101844832,6.161803491207712,0.011812093832966867,True,True,1,3,0,-2
random_0597,random_cycle_chord,20260823,200,0.9,crossing_rich,8d92d8721dbd33134985bb942b070fe4,5,5.0,13.22366184498812,9,13,5,3,0.04839809180711661,4.3003685726452305,0.011254405521186783,True,True,1,5,0,-4
random_0598,random_cycle_chord,20260823,200,0.9,baseline,b73291eb7126cc5eaf4780776629388d,0,,,8,10,3,3,0.07280524655266321,6.175718207623129,0.01178895216799149,True,True,1,3,0,-2
random_0599,random_cycle_chord,20260823,200,0.9,crossing_rich,e4dfd7b460148a3915f7aca370896702,4,4.0,8.106220595866773,8,12,5,3,0.07895171275332988,6.6021234518161656,0.011958533240030706,True,True,1,5,0,-4
random_0600,random_cycle_chord,20260823,200,0.9,baseline,3ddc013bba7f8602e9b01edf73e915d5,0,,,9,11,3,3,0.062193248513668295,5.368106303942226,0.011585696145397653,True,True,1,3,0,-2
random_0601,random_cycle_chord,20260823,200,0.9,crossing_rich,e4dfd7b460148a3915f7aca370896702,4,4.0,8.124863017141202,8,12,5,3,0.07877055879585637,6.599676657635207,0.011935517887035604,True,True,1,5,0,-4
random_0602,random_cycle_chord,20260823,200,0.9,baseline,b73291eb7126cc5eaf4780776629388d,0,,,8,10,3,3,0.07297235403809796,6.171031449599899,0.011824984953338578,True,True,1,3,0,-2
random_0603,random_cycle_chord,20260823,200,0.9,baseline,b73291eb7126cc5eaf4780776629388d,0,,,8,10,3,3,0.07287276829104851,6.174187685296433,0.01180281067007275,True,True,1,3,0,-2
random_0604,random_cycle_chord,20260823,200,0.9,baseline,4e9cca7c282396d17b6e561d68fe510e,0,,,10,13,4,3,0.05251634315488198,4.6268157535908125,0.011350428880623726,True,True,1,4,0,-3
random_0605,random_cycle_chord,20260823,200,0.9,crossing_rich,e4dfd7b460148a3915f7aca370896702,5,5.0,13.909446380643072,8,12,5,3,0.04601189597960196,4.106734411507534,0.011204010624760983,True,True,1,5,0,-4
random_0606,random_cycle_chord,20260823,200,0.9,crossing_rich,e4dfd7b460148a3915f7aca370896702,5,5.0,13.290984406804606,8,12,5,3,0.0481529419049155,4.2728656779606,0.011269472418308845,True,True,1,5,0,-4
random_0607,random_cycle_chord,20260823,200,0.9,crossing_rich,6cae8dd6dca8ab370494a907f81c49aa,2,2.0,8.137137909016008,8,11,4,3,0.07865173322070347,6.584581922268889,0.011944833270994064,True,True,1,4,0,-3
random_0608,random_cycle_chord,20260823,200,0.9,baseline,3ddc013bba7f8602e9b01edf73e915d5,0,,,9,11,3,3,0.061573628870716254,5.331760280396241,0.01154846160227974,True,True,1,3,0,-2
random_0609,random_cycle_chord,20260823,200,0.9,baseline,103a02ce2419501dbcecbb0b106c7128,0,,,9,11,3,3,0.061758854385662094,5.351820675761722,0.011539783959011665,True,True,1,3,0,-2
random_0610,random_cycle_chord,20260823,200,0.9,crossing_rich,e4dfd7b460148a3915f7aca370896702,4,4.0,8.104595778714364,8,12,5,3,0.07896754106859645,6.6022117474808235,0.011960770736977308,True,True,1,5,0,-4
random_0611,random_cycle_chord,20260823,200,0.9,baseline,f2551d12306507df164d13e621c6cf57,0,,,10,12,3,3,0.05331785173935157,4.694660519184176,0.011357126148200591,True,True,1,3,0,-2
random_0612,random_cycle_chord,20260823,200,0.9,crossing_rich,b497a8280ab5258c0901c20c694e809b,3,3.0,12.34807080294355,9,12,4,3,0.0518299587209555,4.5797492113659475,0.0113172045736314,True,True,1,4,0,-3
random_0613,random_cycle_chord,20260823,200,0.9,baseline,4e9cca7c282396d17b6e561d68fe510e,0,,,10,13,4,3,0.05300827982176076,4.670393685637598,0.011349852579831097,True,True,1,4,0,-3
random_0614,random_cycle_chord,20260823,200,0.9,baseline,4ca7af1950eb0912a81fec832cb4eb96,0,,,10,12,3,3,0.0654150465517254,5.625536723505436,0.011628232072221436,True,True,1,3,0,-2
random_0615,random_cycle_chord,20260823,200,0.9,crossing_rich,6cae8dd6dca8ab370494a907f81c49aa,2,2.0,8.124621856563458,8,11,4,3,0.07877289691740882,6.599602709967063,0.01193600590508909,True,True,1,4,0,-3
random_0616,random_cycle_chord,20260823,200,0.9,crossing_rich,e4dfd7b460148a3915f7aca370896702,5,5.0,13.862119526801107,8,12,5,3,0.04616898582952052,4.117615061528806,0.011212555117373867,True,True,1,5,0,-4
random_0617,random_cycle_chord,20260823,200,0.9,crossing_rich,8d92d8721dbd33134985bb942b070fe4,5,5.0,13.34101563192698,9,13,5,3,0.04797235965066913,4.263426805507851,0.011252065964565038,True,True,1,5,0,-4
random_0618,random_cycle_chord,20260823,200,0.9,baseline,9bbef8e001607652ee9387dc9d688c9c,0,,,12,14,3,3,0.05566458863914363,4.8793452925795995,0.01140820854055914,True,True,1,3,0,-2
random_0619,random_cycle_chord,20260823,200,0.9,baseline,3ddc013bba7f8602e9b01edf73e915d5,0,,,9,11,3,3,0.06208782304184982,5.372539793665482,0.011556512455255288,True,True,1,3,0,-2
random_0620,random_cycle_chord,20260823,200,0.9,baseline,b73291eb7126cc5eaf4780776629388d,0,,,8,10,3,3,0.07205266298150541,6.115492210876066,0.011781989167341873,True,True,1,3,0,-2
random_0621,random_cycle_chord,20260823,200,0.9,baseline,ac248208ae374e8a4f8aa20e84131332,0,,,14,17,4,3,0.04832502329702869,4.293161633810367,0.011256278570191668,True,True,1,4,0,-3
random_0622,random_cycle_chord,20260823,200,0.9,baseline,b73291eb7126cc5eaf4780776629388d,0,,,8,10,3,3,0.07251807523378802,6.139239061742185,0.011812225343316236,True,True,1,3,0,-2
random_0623,random_cycle_chord,20260823,200,0.9,baseline,2628a87ca662ceb07ab825aa2ed1faee,0,,,11,13,3,3,0.04624070974208602,4.1293104975092945,0.011198167289666728,True,True,1,3,0,-2
random_0624,random_cycle_chord,20260823,200,0.9,baseline,b73291eb7126cc5eaf4780776629388d,0,,,8,10,3,3,0.0725608709110715,6.155676799360213,0.01178763493863308,True,True,1,3,0,-2
random_0625,random_cycle_chord,20260823,200,0.9,crossing_rich,6cb5d267f79288cff564e8dc2517bcd4,6,6.0,12.3591368641225,13,18,6,3,0.05178355147582065,4.563084205639749,0.011348366399160181,True,True,1,6,0,-5
random_0626,random_cycle_chord,20260823,200,0.9,baseline,3ddc013bba7f8602e9b01edf73e915d5,0,,,9,11,3,3,0.06234992639229753,5.398564025881216,0.011549353882511387,True,True,1,3,0,-2
random_0627,random_cycle_chord,20260823,200,0.9,baseline,b73291eb7126cc5eaf4780776629388d,0,,,8,10,3,3,0.07305750896332197,6.1881073860794125,0.011806115247396972,True,True,1,3,0,-2
random_0628,random_cycle_chord,20260823,200,0.9,crossing_rich,6cae8dd6dca8ab370494a907f81c49aa,3,3.0,13.461081685258447,8,11,4,3,0.0475444704195562,4.2338108574766515,0.011229710542122014,True,True,1,4,0,-3
random_0629,random_cycle_chord,20260823,200,0.9,crossing_rich,9e29c665f19ef85c09f08031b7489ca3,6,6.0,10.609867455796243,11,16,6,3,0.06032120595911532,5.222619689300365,0.011549990148180997,True,True,1,6,0,-5
random_0630,random_cycle_chord,20260823,200,0.9,baseline,ca62a37d3738941a9501a139c3aa3dc2,0,,,12,14,3,3,0.05577499287890354,4.876285447787686,0.011438008188016968,True,True,1,3,0,-2
random_0631,random_cycle_chord,20260823,200,0.9,crossing_rich,e4dfd7b460148a3915f7aca370896702,5,5.0,13.550818118804603,8,12,5,3,0.04722962070547355,4.208368926387237,0.011222785248064932,True,True,1,5,0,-4
random_0632,random_cycle_chord,20260823,200,0.9,baseline,5ece6bdff7ea6a9025672e56fbda3d50,0,,,11,13,3,3,0.0457755045362356,4.08994492439905,0.01119220561214808,True,True,1,3,0,-2
random_0633,random_cycle_chord,20260823,200,0.9,crossing_rich,e3b08eea87be93bd83c285e2f935612f,4,4.0,13.081521646851538,13,17,5,3,0.04892397209418182,4.343538905140975,0.011263620094728708,True,True,1,5,0,-4
random_0634,random_cycle_chord,20260823,200,0.9,baseline,b73291eb7126cc5eaf4780776629388d,0,,,8,10,3,3,0.0725670292867858,6.159116172581079,0.011782052368136349,True,True,1,3,0,-2
random_0635,random_cycle_chord,20260823,200,0.9,crossing_rich,e4dfd7b460148a3915f7aca370896702,4,4.0,8.138820254526431,8,12,5,3,0.0786354754110784,6.588973105059116,0.011934405279435858,True,True,1,5,0,-4
random_0636,random_cycle_chord,20260823,200,0.9,crossing_rich,cb26cc24301cc90da9033428f0e0387b,2,2.0,8.936318509248586,9,12,4,3,0.07161785911476141,6.07352829762219,0.011791804632374907,True,True,1,4,0,-3
random_0637,random_cycle_chord,20260823,200,0.9,crossing_rich,cbd367df182ccb02b6db0d327f7ca73e,5,5.0,12.062992764769657,11,16,6,3,0.053054827477733366,4.673194669744744,0.011353010355254748,True,True,1,6,0,-5
random_0638,random_cycle_chord,20260823,200,0.9,baseline,4ca7af1950eb0912a81fec832cb4eb96,0,,,10,12,3,3,0.06539610552695468,5.629123305122795,0.011617458346922481,True,True,1,3,0,-2
random_0639,random_cycle_chord,20260823,200,0.9,crossing_rich,e4dfd7b460148a3915f7aca370896702,5,5.0,13.366966735712683,8,12,5,3,0.04787922440848936,4.25597918231631,0.01124987279247714,True,True,1,5,0,-4
random_0640,random_cycle_chord,20260823,200,0.9,baseline,b73291eb7126cc5eaf4780776629388d,0,,,8,10,3,3,0.07284030950967844,6.172749181844871,0.011800302808984118,True,True,1,3,0,-2
random_0641,random_cycle_chord,20260823,200,0.9,baseline,b73291eb7126cc5eaf4780776629388d,0,,,8,10,3,3,0.07198090244035509,6.108402004002539,0.011783917036434324,True,True,1,3,0,-2
random_0642,random_cycle_chord,20260823,200,0.9,baseline,3ddc013bba7f8602e9b01edf73e915d5,0,,,9,11,3,3,0.062230456766483644,5.391945590536684,0.011541373280120502,True,True,1,3,0,-2
random_0643,random_cycle_chord,20260823,200,0.9,crossing_rich,e4dfd7b460148a3915f7aca370896702,5,5.0,13.57367921041525,8,12,5,3,0.047150075530657906,4.198976555210571,0.01122894469895258,True,True,1,5,0,-4
random_0644,random_cycle_chord,20260823,200,0.9,crossing_rich,e4dfd7b460148a3915f7aca370896702,5,5.0,13.750146696273259,8,12,5,3,0.046544957965682,4.156129128456721,0.011199112570153795,True,True,1,5,0,-4
random_0645,random_cycle_chord,20260823,200,0.9,crossing_rich,6cae8dd6dca8ab370494a907f81c49aa,2,2.0,8.121855222955585,8,11,4,3,0.07879973016400318,6.587139050603003,0.011962663845207527,True,True,1,4,0,-3
random_0646,random_cycle_chord,20260823,200,0.9,baseline,8f34f4541eedc7b1aecfd95c1d8d238c,0,,,11,14,4,3,0.04509127292695914,4.02795080471334,0.011194593755761668,True,True,1,4,0,-3
random_0647,random_cycle_chord,20260823,200,0.9,baseline,fcb06304329c3a95c9fc63ab6e3f83f6,0,,,10,12,3,3,0.052840444158958555,4.6550057858751135,0.011351316537413253,True,True,1,3,0,-2
random_0648,random_cycle_chord,20260823,200,0.9,crossing_rich,226d48fcb25dc01375a006b884ac6d23,4,4.0,10.63365570625972,11,15,5,3,0.06018626309513207,5.226935166114345,0.011514637389289446,True,True,1,5,0,-4
random_0649,random_cycle_chord,20260823,200,0.9,baseline,237b03a6236ff83b0e5299ac7fc023ee,0,,,10,12,3,3,0.05315078443723492,4.686219357914844,0.01134193267062185,True,True,1,3,0,-2
random_0650,random_cycle_chord,20260823,200,0.9,baseline,5ece6bdff7ea6a9025672e56fbda3d50,0,,,11,13,3,3,0.04534038362203876,4.0508171950688645,0.011192897985431792,True,True,1,3,0,-2
random_0651,random_cycle_chord,20260823,200,0.9,baseline,3ddc013bba7f8602e9b01edf73e915d5,0,,,9,11,3,3,0.06191436217638768,5.359566836123665,0.011552120548079138,True,True,1,3,0,-2
random_0652,random_cycle_chord,20260823,200,0.9,baseline,5ece6bdff7ea6a9025672e56fbda3d50,0,,,11,13,3,3,0.045505801793874846,4.063316121817464,0.011199178313874516,True,True,1,3,0,-2
random_0653,random_cycle_chord,20260823,200,0.9,baseline,3ddc013bba7f8602e9b01edf73e915d5,0,,,9,11,3,3,0.06185673704215343,5.33949986498894,0.011584743628845762,True,True,1,3,0,-2
random_0654,random_cycle_chord,20260823,200,0.9,baseline,103a02ce2419501dbcecbb0b106c7128,0,,,9,11,3,3,0.06234351703277573,5.39828296885697,0.011548767893872804,True,True,1,3,0,-2
random_0655,random_cycle_chord,20260823,200,0.9,crossing_rich,76f64aeb3bec290543374c9120128d8d,4,4.0,10.1051189359092,10,14,5,3,0.06333423723749734,5.465246518811148,0.011588541709784466,True,True,1,5,0,-4
random_0656,random_cycle_chord,20260823,200,0.9,crossing_rich,f01bb47f0e11353dcd7e62b1e2f9df0e,4,4.0,8.952258179112569,9,13,5,3,0.07149034212320302,6.074089722340286,0.011769721125498702,True,True,1,5,0,-4
random_0657,random_cycle_chord,20260823,200,0.9,baseline,8603424a32f201376c6da364b388d315,0,,,11,13,3,3,0.045354930834425385,4.048259850419758,0.011203562150221804,True,True,1,3,0,-2
random_0658,random_cycle_chord,20260823,200,0.9,crossing_rich,e4dfd7b460148a3915f7aca370896702,5,5.0,13.520709985025645,8,12,5,3,0.04733479238211662,4.2102764610198715,0.011242680337112716,True,True,1,5,0,-4
random_0659,random_cycle_chord,20260823,200,0.9,baseline,103a02ce2419501dbcecbb0b106c7128,0,,,9,11,3,3,0.061802979758387826,5.335810090908125,0.011582679800335493,True,True,1,3,0,-2
random_0660,random_cycle_chord,20260823,200,0.9,baseline,8f34f4541eedc7b1aecfd95c1d8d238c,0,,,11,14,4,3,0.04533835812429928,4.0516374975695975,0.011190131928509352,True,True,1,4,0,-3
random_0661,random_cycle_chord,20260823,200,0.9,crossing_rich,8d92d8721dbd33134985bb942b070fe4,5,5.0,13.015694383835196,9,13,5,3,0.04917140654399862,4.368564948597393,0.011255734348137824,True,True,1,5,0,-4
random_0662,random_cycle_chord,20260823,200,0.9,baseline,237b03a6236ff83b0e5299ac7fc023ee,0,,,10,12,3,3,0.05355138049097638,4.70322833754458,0.011386089861614929,True,True,1,3,0,-2
random_0663,random_cycle_chord,20260823,200,0.9,crossing_rich,9864390659db0a33d7b4bc27549e7f6e,3,3.0,9.81107054181661,10,14,5,3,0.06523243281884487,5.605286244258753,0.011637663087350725,True,True,1,5,0,-4
random_0664,random_cycle_chord,20260823,200,0.9,baseline,237b03a6236ff83b0e5299ac7fc023ee,0,,,10,12,3,3,0.052625337877304786,4.63984485713965,0.01134204687821114,True,True,1,3,0,-2
random_0665,random_cycle_chord,20260823,200,0.9,crossing_rich,35e6984785cd33f6953165239be9a661,4,4.0,10.06827480681588,10,14,5,3,0.06356600433340792,5.482729380572979,0.011593861363765666,True,True,1,5,0,-4
random_0666,random_cycle_chord,20260823,200,0.9,crossing_rich,8d92d8721dbd33134985bb942b070fe4,5,5.0,13.476259251645697,9,13,5,3,0.04749092370880623,4.222673963490801,0.011246647058099277,True,True,1,5,0,-4
random_0667,random_cycle_chord,20260823,200,0.9,baseline,b73291eb7126cc5eaf4780776629388d,0,,,8,10,3,3,0.0724436735122132,6.143957680101798,0.011791043702471091,True,True,1,3,0,-2
random_0668,random_cycle_chord,20260823,200,0.9,baseline,7e6bc2286a474f101d6d3fad2dea3b25,0,,,11,14,4,3,0.04566242142967343,4.0773480303211915,0.01119904925704279,True,True,1,4,0,-3
random_0669,random_cycle_chord,20260823,200,0.9,crossing_rich,9864390659db0a33d7b4bc27549e7f6e,4,4.0,9.786452229272268,10,14,5,3,0.06539652828281278,5.628866213508586,0.01161806406516985,True,True,1,5,0,-4
random_0670,random_cycle_chord,20260823,200,0.9,baseline,cbcdcec981f1dd5d52ceecf70d124d2f,0,,,12,14,3,3,0.05565987090391636,4.878128986280181,0.011410085928531342,True,True,1,3,0,-2
random_0671,random_cycle_chord,20260823,200,0.9,crossing_rich,9864390659db0a33d7b4bc27549e7f6e,4,4.0,9.78667656947695,10,14,5,3,0.06539502919674037,5.629562454872986,0.011616360902104212,True,True,1,5,0,-4
random_0672,random_cycle_chord,20260823,200,0.9,crossing_rich,8b8935ea945cc27aac069c85a801a65f,3,3.0,12.255960938052105,11,15,5,3,0.05221948758117681,4.605451503839945,0.011338625005091706,True,True,1,5,0,-4
random_0673,random_cycle_chord,20260823,200,0.9,crossing_rich,0d9383c252bac8778d9583a2a6ee796c,5,5.0,12.115464389974496,11,16,6,3,0.0528250489951997,4.649976572440541,0.011360282825570122,True,True,1,6,0,-5
random_0674,random_cycle_chord,20260823,200,0.9,baseline,b7f57d3553d50f25c5be44b65115c3b8,0,,,13,15,3,3,0.05175778531218867,4.562639342965938,0.011343825672301239,True,True,1,3,0,-2
random_0675,random_cycle_chord,20260823,200,0.9,baseline,103a02ce2419501dbcecbb0b106c7128,0,,,9,11,3,3,0.06211418081813921,5.378633341816378,0.011548320339152008,True,True,1,3,0,-2
random_0676,random_cycle_chord,20260823,200,0.9,baseline,b73291eb7126cc5eaf4780776629388d,0,,,8,10,3,3,0.07232134132257101,6.124759817890422,0.011808028963245282,True,True,1,3,0,-2
random_0677,random_cycle_chord,20260823,200,0.9,baseline,f2551d12306507df164d13e621c6cf57,0,,,10,12,3,3,0.05269746855279857,4.644346578227748,0.011346583995225347,True,True,1,3,0,-2
random_0678,random_cycle_chord,20260823,200,0.9,baseline,bc0c53ec9fcf19b8932a465c5162b3af,0,,,12,15,4,3,0.055656374380328485,4.874480895385806,0.011417907993651782,True,True,1,4,0,-3
random_0679,random_cycle_chord,20260823,200,0.9,baseline,237b03a6236ff83b0e5299ac7fc023ee,0,,,10,12,3,3,0.05353315301433058,4.7051837075605745,0.011377484141227103,True,True,1,3,0,-2
random_0680,random_cycle_chord,20260823,200,0.9,crossing_rich,e4dfd7b460148a3915f7aca370896702,5,5.0,13.214521525768694,8,12,5,3,0.048431568161736445,4.299216833861878,0.011265207137326821,True,True,1,5,0,-4
random_0681,random_cycle_chord,20260823,200,0.9,crossing_rich,10dcbb082454d7818e1cb8b6962bec8a,3,3.0,12.994926540871573,11,15,5,3,0.049249989831575844,4.360305814233986,0.01129507698079384,True,True,1,5,0,-4
random_0682,random_cycle_chord,20260823,200,0.9,baseline,b73291eb7126cc5eaf4780776629388d,0,,,8,10,3,3,0.07294829039238421,6.169390722536644,0.011824229275332776,True,True,1,3,0,-2
random_0683,random_cycle_chord,20260823,200,0.9,crossing_rich,cb26cc24301cc90da9033428f0e0387b,2,2.0,8.934622934829855,9,12,4,3,0.07163145044488525,6.07545728307721,0.011790297768105454,True,True,1,4,0,-3
random_0684,random_cycle_chord,20260823,200,0.9,baseline,e756644711763e07d0e3622d4415d4c4,0,,,11,13,3,3,0.045555623080235454,4.073223231274547,0.011184170494377914,True,True,1,3,0,-2
random_0685,random_cycle_chord,20260823,200,0.9,crossing_rich,f01bb47f0e11353dcd7e62b1e2f9df0e,4,4.0,8.942793838527816,9,13,5,3,0.07156600180613784,6.084320798726428,0.011762364966212508,True,True,1,5,0,-4
random_0686,random_cycle_chord,20260823,200,0.9,crossing_rich,e4dfd7b460148a3915f7aca370896702,5,5.0,13.548680895185322,8,12,5,3,0.0472370708965056,4.206060038014074,0.011230717219816238,True,True,1,5,0,-4
random_0687,random_cycle_chord,20260823,200,0.9,crossing_rich,e4dfd7b460148a3915f7aca370896702,5,5.0,13.668268099084278,8,12,5,3,0.04682378157645866,4.18017892767044,0.011201382138575813,True,True,1,5,0,-4
random_0688,random_cycle_chord,20260823,200,0.9,baseline,8f34f4541eedc7b1aecfd95c1d8d238c,0,,,11,14,4,3,0.04571653261125819,4.080713853697166,0.01120307236682096,True,True,1,4,0,-3
random_0689,random_cycle_chord,20260823,200,0.9,baseline,103a02ce2419501dbcecbb0b106c7128,0,,,9,11,3,3,0.06167348403171107,5.341750203285217,0.011545557482972792,True,True,1,3,0,-2
random_0690,random_cycle_chord,20260823,200,0.9,crossing_rich,7f8500c9edcde7a7b3bd82198a242149,2,2.0,11.029522117807595,11,14,4,3,0.05802608609548867,5.048734673916495,0.011493193808593557,True,True,1,4,0,-3
random_0691,random_cycle_chord,20260823,200,0.9,baseline,3ddc013bba7f8602e9b01edf73e915d5,0,,,9,11,3,3,0.06232481058072713,5.383635368017368,0.01157671467703421,True,True,1,3,0,-2
random_0692,random_cycle_chord,20260823,200,0.9,crossing_rich,6cae8dd6dca8ab370494a907f81c49aa,3,3.0,13.648110699063126,8,11,4,3,0.046892937353148284,4.1720527569548365,0.011239775737489773,True,True,1,4,0,-3
random_0693,random_cycle_chord,20260823,200,0.9,baseline,4e9cca7c282396d17b6e561d68fe510e,0,,,10,13,4,3,0.05312463342165188,4.681002005741495,0.011348987536534213,True,True,1,4,0,-3
random_0694,random_cycle_chord,20260823,200,0.9,crossing_rich,e4dfd7b460148a3915f7aca370896702,5,5.0,13.557651323150429,8,12,5,3,0.04720581646078809,4.20752383431415,0.011219381831138908,True,True,1,5,0,-4
random_0695,random_cycle_chord,20260823,200,0.9,crossing_rich,ef708e22c6afb49a267da2ce884548df,2,2.0,9.155877375202358,9,12,4,3,0.06990045560607512,5.968411979176206,0.011711734352447161,True,True,1,4,0,-3
random_0696,random_cycle_chord,20260823,200,0.9,crossing_rich,e4dfd7b460148a3915f7aca370896702,4,4.0,8.122965166843189,8,12,5,3,0.07878896275616086,6.5964165847028395,0.011944206637718016,True,True,1,5,0,-4
random_0697,random_cycle_chord,20260823,200,0.9,baseline,b73291eb7126cc5eaf4780776629388d,0,,,8,10,3,3,0.0729929638244761,6.182524036971287,0.011806337248020488,True,True,1,3,0,-2
random_0698,random_cycle_chord,20260823,200,0.9,baseline,c9b2747d4897680c32f2a02811ccda66,0,,,11,13,3,3,0.0601768673459691,5.226942415665115,0.011512823857714481,True,True,1,3,0,-2
random_0699,random_cycle_chord,20260823,200,0.9,crossing_rich,8d92d8721dbd33134985bb942b070fe4,5,5.0,13.185033680556288,9,13,5,3,0.04853988359118078,4.31218096143002,0.011256457932851644,True,True,1,5,0,-4
random_0700,random_cycle_chord,20260823,200,0.9,crossing_rich,8b8935ea945cc27aac069c85a801a65f,3,3.0,12.142441433311046,11,15,5,3,0.052707686795527946,4.6436599045358635,0.01135046232478046,True,True,1,5,0,-4
random_0701,random_cycle_chord,20260823,200,0.9,crossing_rich,ef708e22c6afb49a267da2ce884548df,2,2.0,9.259964836218494,9,12,4,3,0.0691147332975573,5.895812425213991,0.011722681848218525,True,True,1,4,0,-3
random_0702,random_cycle_chord,20260823,200,0.9,baseline,c18ac2ee1d30e6b17c0f69aceb06b3a0,0,,,14,16,3,3,0.04832542239238448,4.292722212655131,0.011257523780578914,True,True,1,3,0,-2
random_0703,random_cycle_chord,20260823,200,0.9,baseline,4e9cca7c282396d17b6e561d68fe510e,0,,,10,13,4,3,0.0525283418054969,4.621577828235421,0.011365889260714431,True,True,1,4,0,-3
random_0704,random_cycle_chord,20260823,200,0.9,crossing_rich,8d92d8721dbd33134985bb942b070fe4,5,5.0,13.045943084266012,9,13,5,3,0.04905739630060693,4.358732358505514,0.011254968707789007,True,True,1,5,0,-4
random_0705,random_cycle_chord,20260823,200,0.9,crossing_rich,544a2de3e86737771a60badf7d854343,2,2.0,8.92148851041829,9,12,4,3,0.07173690794452339,6.084736872685899,0.011789648335747605,True,True,1,4,0,-3
random_0706,random_cycle_chord,20260823,200,0.9,baseline,3ddc013bba7f8602e9b01edf73e915d5,0,,,9,11,3,3,0.061925139341602264,5.3620392267992925,0.011548803864041593,True,True,1,3,0,-2
random_0707,random_cycle_chord,20260823,200,0.9,crossing_rich,903374818a4c6203cdd98492aba07cc5,6,6.0,13.55787745264068,12,17,6,3,0.047205029123149854,4.203856510230868,0.011228982009321112,True,True,1,6,0,-5
random_0708,random_cycle_chord,20260823,200,0.9,baseline,fcb06304329c3a95c9fc63ab6e3f83f6,0,,,10,12,3,3,0.05313134935019366,4.685849033476902,0.011338681415173586,True,True,1,3,0,-2
random_0709,random_cycle_chord,20260823,200,0.9,baseline,3ddc013bba7f8602e9b01edf73e915d5,0,,,9,11,3,3,0.06212500096242656,5.372401760456745,0.011563729544520306,True,True,1,3,0,-2
random_0710,random_cycle_chord,20260823,200,0.9,baseline,4ca7af1950eb0912a81fec832cb4eb96,0,,,10,12,3,3,0.06558930659807881,5.628248751289817,0.01165359057434123,True,True,1,3,0,-2
random_0711,random_cycle_chord,20260823,200,0.9,baseline,b73291eb7126cc5eaf4780776629388d,0,,,8,10,3,3,0.07340554247380646,6.221068367320257,0.011799507438209702,True,True,1,3,0,-2
random_0712,random_cycle_chord,20260823,200,0.9,baseline,c9b2747d4897680c32f2a02811ccda66,0,,,11,13,3,3,0.06032085689326597,5.226434792933842,0.01154149229505742,True,True,1,3,0,-2
random_0713,random_cycle_chord,20260823,200,0.9,baseline,19fca4749c1a57391a2f17cdb3a8fecb,0,,,11,13,3,3,0.060180188412235984,5.2241004018051385,0.011519722781637445,True,True,1,3,0,-2
random_0714,random_cycle_chord,20260823,200,0.9,baseline,b73291eb7126cc5eaf4780776629388d,0,,,8,10,3,3,0.07319850516071079,6.20205350196545,0.01180230146958809,True,True,1,3,0,-2
random_0715,random_cycle_chord,20260823,200,0.9,crossing_rich,9e29c665f19ef85c09f08031b7489ca3,6,6.0,10.637559367059087,11,16,6,3,0.06016417656684135,5.225982253486779,0.011512510691497233,True,True,1,6,0,-5
random_0716,random_cycle_chord,20260823,200,0.9,baseline,5ece6bdff7ea6a9025672e56fbda3d50,0,,,11,13,3,3,0.0451469638849005,4.02903050257453,0.01120541625486623,True,True,1,3,0,-2
random_0717,random_cycle_chord,20260823,200,0.9,baseline,5ece6bdff7ea6a9025672e56fbda3d50,0,,,11,13,3,3,0.045168118420944633,4.036998982879517,0.011188538469416965,True,True,1,3,0,-2
random_0718,random_cycle_chord,20260823,200,0.9,baseline,b73291eb7126cc5eaf4780776629388d,0,,,8,10,3,3,0.07265187438764482,6.164897837094405,0.011784765345257785,True,True,1,3,0,-2
random_0719,random_cycle_chord,20260823,200,0.9,baseline,4ca7af1950eb0912a81fec832cb4eb96,0,,,10,12,3,3,0.06539447736284841,5.624494184684709,0.011626730371757725,True,True,1,3,0,-2
random_0720,random_cycle_chord,20260823,200,0.9,baseline,19fca4749c1a57391a2f17cdb3a8fecb,0,,,11,13,3,3,0.060168629463370406,5.227022696206348,0.011511071016974806,True,True,1,3,0,-2
random_0721,random_cycle_chord,20260823,200,0.9,baseline,f4c63b03cb04e53779a197f375d70184,0,,,12,14,3,3,0.05566350665146429,4.881914229565828,0.011401983737107711,True,True,1,3,0,-2
random_0722,random_cycle_chord,20260823,200,0.9,crossing_rich,ef457cb883268cd546431e37c4eedca2,3,3.0,10.998886112044087,11,15,5,3,0.058187710417256,5.0717910549459,0.01147281301356305,True,True,1,5,0,-4
random_0723,random_cycle_chord,20260823,200,0.9,crossing_rich,bb2c7ed8feef84917625e983562a84b2,5,5.0,14.051178496648921,10,14,5,3,0.04554778093187231,4.07174587591387,0.011186302465806385,True,True,1,5,0,-4
random_0724,random_cycle_chord,20260823,200,0.9,baseline,19fca4749c1a57391a2f17cdb3a8fecb,0,,,11,13,3,3,0.06022962670536332,5.223642176849065,0.011530197641082342,True,True,1,3,0,-2
random_0725,random_cycle_chord,20260823,200,0.9,baseline,7e6bc2286a474f101d6d3fad2dea3b25,0,,,11,14,4,3,0.045577115175845666,4.070617234643987,0.011196610378384497,True,True,1,4,0,-3
random_0726,random_cycle_chord,20260823,200,0.9,crossing_rich,e4dfd7b460148a3915f7aca370896702,5,5.0,13.33678694981523,8,12,5,3,0.04798757020024727,4.262660352499771,0.01125765747958448,True,True,1,5,0,-4
random_0727,random_cycle_chord,20260823,200,0.9,crossing_rich,6cae8dd6dca8ab370494a907f81c49aa,2,2.0,8.128698926216893,8,11,4,3,0.07873338720122297,6.587094891141339,0.011952672384772784,True,True,1,4,0,-3
random_0728,random_cycle_chord,20260823,200,0.9,baseline,3ddc013bba7f8602e9b01edf73e915d5,0,,,9,11,3,3,0.062136433411658615,5.362092397469403,0.01158809449851767,True,True,1,3,0,-2
random_0729,random_cycle_chord,20260823,200,0.9,baseline,3ddc013bba7f8602e9b01edf73e915d5,0,,,9,11,3,3,0.061938073192601834,5.345631388176641,0.01158667118903769,True,True,1,3,0,-2
random_0730,random_cycle_chord,20260823,200,0.9,baseline,b73291eb7126cc5eaf4780776629388d,0,,,8,10,3,3,0.07232445323370754,6.137738702804137,0.011783566674264709,True,True,1,3,0,-2
random_0731,random_cycle_chord,20260823,200,0.9,baseline,b73291eb7126cc5eaf4780776629388d,0,,,8,10,3,3,0.07243239141214823,6.135445219997371,0.01180556403243044,True,True,1,3,0,-2
random_0732,random_cycle_chord,20260823,200,0.9,crossing_rich,e4dfd7b460148a3915f7aca370896702,4,4.0,8.123093376208423,8,12,5,3,0.07878771920491325,6.597505939399123,0.011942045968372247,True,True,1,5,0,-4
random_0733,random_cycle_chord,20260823,200,0.9,crossing_rich,e4dfd7b460148a3915f7aca370896702,4,4.0,8.122986408325602,8,12,5,3,0.07878875672425553,6.596598962410632,0.011943845180405406,True,True,1,5,0,-4
random_0734,random_cycle_chord,20260823,200,0.9,crossing_rich,9e29c665f19ef85c09f08031b7489ca3,6,6.0,10.637823925115505,11,16,6,3,0.06016268030992541,5.228625764551395,0.011506403980527997,True,True,1,6,0,-5
random_0735,random_cycle_chord,20260823,200,0.9,crossing_rich,6cae8dd6dca8ab370494a907f81c49aa,3,3.0,13.529257100467744,8,11,4,3,0.0473048886015976,4.207177937407511,0.011243852602713343,True,True,1,4,0,-3
random_0736,random_cycle_chord,20260823,200,0.9,baseline,237b03a6236ff83b0e5299ac7fc023ee,0,,,10,12,3,3,0.05308863835473197,4.6711247362729615,0.011365279531603947,True,True,1,3,0,-2
random_0737,random_cycle_chord,20260823,200,0.9,crossing_rich,f8e101deee8812cdf51fe0521efd7a68,4,4.0,9.780939710813387,10,14,5,3,0.06543338563803267,5.624171197786556,0.011634316121775344,True,True,1,5,0,-4
random_0738,random_cycle_chord,20260823,200,0.9,crossing_rich,8d92d8721dbd33134985bb942b070fe4,5,5.0,12.923386473996443,9,13,5,3,0.049522623291330364,4.396341660923098,0.01126450742705291,True,True,1,5,0,-4
random_0739,random_cycle_chord,20260823,200,0.9,crossing_rich,f01bb47f0e11353dcd7e62b1e2f9df0e,4,4.0,8.939374320215983,9,13,5,3,0.07159337746408824,6.074983882356951,0.011784949367851112,True,True,1,5,0,-4
random_0740,random_cycle_chord,20260823,200,0.9,crossing_rich,e4dfd7b460148a3915f7aca370896702,5,5.0,13.431380810447743,8,12,5,3,0.04764960572796575,4.249063901250543,0.011214141946404238,True,True,1,5,0,-4
random_0741,random_cycle_chord,20260823,200,0.9,baseline,19fca4749c1a57391a2f17cdb3a8fecb,0,,,11,13,3,3,0.060175439794094426,5.229612600966313,0.011506672556008332,True,True,1,3,0,-2
random_0742,random_cycle_chord,20260823,200,0.9,crossing_rich,e4dfd7b460148a3915f7aca370896702,5,5.0,13.601682039680203,8,12,5,3,0.047053004042656436,4.1936293288469955,0.011220115168260061,True,True,1,5,0,-4
random_0743,random_cycle_chord,20260823,200,0.9,crossing_rich,9e29c665f19ef85c09f08031b7489ca3,6,6.0,10.636981006080482,11,16,6,3,0.060167447853310345,5.226534761603351,0.011511919579169257,True,True,1,6,0,-5
random_0744,random_cycle_chord,20260823,200,0.9,baseline,f2551d12306507df164d13e621c6cf57,0,,,10,12,3,3,0.05252215756977656,4.62647540342157,0.011352520653396992,True,True,1,3,0,-2
random_0745,random_cycle_chord,20260823,200,0.9,crossing_rich,01f1e0ddfc6103e0c7f99c04b3d36683,3,3.0,11.176026576058764,11,15,5,3,0.057265432901797614,5.006166399829685,0.011438979116584267,True,True,1,5,0,-4
random_0746,random_cycle_chord,20260823,200,0.9,crossing_rich,9e29c665f19ef85c09f08031b7489ca3,6,6.0,10.634761428376788,11,16,6,3,0.06018000538237603,5.225816163185629,0.011515905554873295,True,True,1,6,0,-5
random_0747,random_cycle_chord,20260823,200,0.9,crossing_rich,d3b9e56b5337f4aa08cbf81ed5c2928d,2,2.0,8.337909910962294,8,11,4,3,0.07675784541142115,6.45217685438755,0.011896426143251947,True,True,1,4,0,-3
random_0748,random_cycle_chord,20260823,200,0.9,baseline,4ca7af1950eb0912a81fec832cb4eb96,0,,,10,12,3,3,0.06540724008445593,5.620630250268327,0.011636993926318746,True,True,1,3,0,-2
random_0749,random_cycle_chord,20260823,200,0.9,baseline,237b03a6236ff83b0e5299ac7fc023ee,0,,,10,12,3,3,0.05356211263845047,4.7048039939431945,0.011384557721725395,True,True,1,3,0,-2
random_0750,random_cycle_chord,20260823,200,0.9,crossing_rich,3766c050500c74590e361b5f3d5119d1,2,2.0,9.281019632400175,9,12,4,3,0.0689579405441349,5.876000589570279,0.011735523081214989,True,True,1,4,0,-3
random_0751,random_cycle_chord,20260823,200,0.9,baseline,b73291eb7126cc5eaf4780776629388d,0,,,8,10,3,3,0.072391055640293,6.130151129045016,0.01180901646899045,True,True,1,3,0,-2
random_0752,random_cycle_chord,20260823,200,0.9,crossing_rich,e4dfd7b460148a3915f7aca370896702,5,5.0,13.371081424343057,8,12,5,3,0.04786449051419521,4.266408543713005,0.011218918681552075,True,True,1,5,0,-4
random_0753,random_cycle_chord,20260823,200,0.9,baseline,f2551d12306507df164d13e621c6cf57,0,,,10,12,3,3,0.05289542623994079,4.652757936344153,0.011368617702364874,True,True,1,3,0,-2
random_0754,random_cycle_chord,20260823,200,0.9,crossing_rich,bb2c7ed8feef84917625e983562a84b2,5,5.0,13.9090981355074,10,14,5,3,0.046013047989516755,4.109508967061792,0.01119672650876707,True,True,1,5,0,-4
random_0755,random_cycle_chord,20260823,200,0.9,crossing_rich,7fb768e017b3b1a07bb2dec1fbe50566,3,3.0,11.011866631848319,11,15,5,3,0.05811912016342476,5.0667096086404415,0.011470781760279323,True,True,1,5,0,-4
random_0756,random_cycle_chord,20260823,200,0.9,baseline,b73291eb7126cc5eaf4780776629388d,0,,,8,10,3,3,0.07281603871317235,6.161215331068759,0.011818453795306855,True,True,1,3,0,-2
random_0757,random_cycle_chord,20260823,200,0.9,baseline,4ca7af1950eb0912a81fec832cb4eb96,0,,,10,12,3,3,0.06544524991002483,5.6212296852511905,0.01164251481873051,True,True,1,3,0,-2
random_0758,random_cycle_chord,20260823,200,0.9,baseline,3ddc013bba7f8602e9b01edf73e915d5,0,,,9,11,3,3,0.062332495066485534,5.3804471576630934,0.01158500274047085,True,True,1,3,0,-2
random_0759,random_cycle_chord,20260823,200,0.9,baseline,b73291eb7126cc5eaf4780776629388d,0,,,8,10,3,3,0.07241342537393305,6.1364597502397915,0.011800521525640805,True,True,1,3,0,-2
random_0760,random_cycle_chord,20260823,200,0.9,baseline,8603424a32f201376c6da364b388d315,0,,,11,13,3,3,0.0453790796189319,4.057734308568274,0.011183354100614686,True,True,1,3,0,-2
random_0761,random_cycle_chord,20260823,200,0.9,baseline,4e9cca7c282396d17b6e561d68fe510e,0,,,10,13,4,3,0.05308609520161106,4.679648840185507,0.01134403392531194,True,True,1,4,0,-3
random_0762,random_cycle_chord,20260823,200,0.9,baseline,0cc2dea1c592c810d97e1a2b8cd499ac,0,,,15,19,5,3,0.04528605545468631,4.046643056888184,0.01119101804089207,True,True,1,5,0,-4
random_0763,random_cycle_chord,20260823,200,0.9,baseline,4ca7af1950eb0912a81fec832cb4eb96,0,,,10,12,3,3,0.06544513156200102,5.621252650143545,0.0116424462010847,True,True,1,3,0,-2
random_0764,random_cycle_chord,20260823,200,0.9,baseline,3ddc013bba7f8602e9b01edf73e915d5,0,,,9,11,3,3,0.062136956132682095,5.381168477654826,0.01154711219147,True,True,1,3,0,-2
random_0765,random_cycle_chord,20260823,200,0.9,baseline,5ece6bdff7ea6a9025672e56fbda3d50,0,,,11,13,3,3,0.04608897848291578,4.1158152056317965,0.011198019391116204,True,True,1,3,0,-2
random_0766,random_cycle_chord,20260823,200,0.9,crossing_rich,2c8b3e95d62a28423936c85308a28eeb,6,6.0,9.784221462885853,10,15,6,3,0.06541143844992571,5.6235059474186295,0.011631789680946575,True,True,1,6,0,-5
random_0767,random_cycle_chord,20260823,200,0.9,crossing_rich,76f64aeb3bec290543374c9120128d8d,4,4.0,10.191657868908019,10,14,5,3,0.06279645649727571,5.426633746125872,0.011571898793078992,True,True,1,5,0,-4
random_0768,random_cycle_chord,20260823,200,0.9,crossing_rich,b497a8280ab5258c0901c20c694e809b,3,3.0,12.610085435371875,9,12,4,3,0.05075302647869223,4.489040073468596,0.011305986502249317,True,True,1,4,0,-3
random_0769,random_cycle_chord,20260823,200,0.9,baseline,5ece6bdff7ea6a9025672e56fbda3d50,0,,,11,13,3,3,0.04581296562856183,4.094370223544302,0.01118925820755499,True,True,1,3,0,-2
random_0770,random_cycle_chord,20260823,200,0.9,crossing_rich,cb3687284204b54a1f6026fa8a861744,2,2.0,10.108081378914925,10,13,4,3,0.06331567544905364,5.463774566482926,0.01158826644083349,True,True,1,4,0,-3
random_0771,random_cycle_chord,20260823,200,0.9,baseline,3ddc013bba7f8602e9b01edf73e915d5,0,,,9,11,3,3,0.061520464157312466,5.327337065131369,0.011548070528515622,True,True,1,3,0,-2
random_0772,random_cycle_chord,20260823,200,0.9,baseline,e756644711763e07d0e3622d4415d4c4,0,,,11,13,3,3,0.04543862024013011,4.054304128484451,0.011207501657532443,True,True,1,3,0,-2
random_0773,random_cycle_chord,20260823,200,0.9,baseline,19fca4749c1a57391a2f17cdb3a8fecb,0,,,11,13,3,3,0.06025318640133345,5.2212095279366855,0.011540082059327788,True,True,1,3,0,-2
random_0774,random_cycle_chord,20260823,200,0.9,crossing_rich,2c8b3e95d62a28423936c85308a28eeb,6,6.0,9.757481247296457,10,15,6,3,0.06559069741254459,5.627167341047315,0.011656077283164108,True,True,1,6,0,-5
random_0775,random_cycle_chord,20260823,200,0.9,baseline,4e9cca7c282396d17b6e561d68fe510e,0,,,10,13,4,3,0.052524539836463394,4.6353218357677015,0.011331368499845337,True,True,1,4,0,-3
random_0776,random_cycle_chord,20260823,200,0.9,crossing_rich,f01bb47f0e11353dcd7e62b1e2f9df0e,4,4.0,8.934191335513699,9,13,5,3,0.07163491086831546,6.0774449307564735,0.011787011101620776,True,True,1,5,0,-4
random_0777,random_cycle_chord,20260823,200,0.9,baseline,e756644711763e07d0e3622d4415d4c4,0,,,11,13,3,3,0.04608195580954928,4.110113343626007,0.011211845503242267,True,True,1,3,0,-2
random_0778,random_cycle_chord,20260823,200,0.9,baseline,3ddc013bba7f8602e9b01edf73e915d5,0,,,9,11,3,3,0.0621016916855499,5.3648020327275825,0.011575765761104152,True,True,1,3,0,-2
random_0779,random_cycle_chord,20260823,200,0.9,baseline,237b03a6236ff83b0e5299ac7fc023ee,0,,,10,12,3,3,0.05286578045192016,4.654830208908254,0.011357187712399788,True,True,1,3,0,-2
random_0780,random_cycle_chord,20260823,200,0.9,crossing_rich,f01bb47f0e11353dcd7e62b1e2f9df0e,4,4.0,8.919791195217247,9,13,5,3,0.07175055850445974,6.081057059470003,0.011799027340604036,True,True,1,5,0,-4
random_0781,random_cycle_chord,20260823,200,0.9,crossing_rich,f8e101deee8812cdf51fe0521efd7a68,4,4.0,9.76108244768297,10,14,5,3,0.06556649873927861,5.623430887579547,0.011659518904036879,True,True,1,5,0,-4
random_0782,random_cycle_chord,20260823,200,0.9,baseline,3a351d58f4eb5873cb60bb786dd613d2,0,,,14,17,4,3,0.04832960149992629,4.289907693995619,0.01126588377823862,True,True,1,4,0,-3
random_0783,random_cycle_chord,20260823,200,0.9,crossing_rich,e4dfd7b460148a3915f7aca370896702,5,5.0,13.342521662167822,8,12,5,3,0.04796694479535259,4.272205737794115,0.011227676694268838,True,True,1,5,0,-4
random_0784,random_cycle_chord,20260823,200,0.9,baseline,4a5fafade3490f5ea5fbe3facbe39ac4,0,,,15,18,4,3,0.04534894954002209,4.04809789478411,0.011202532823737605,True,True,1,4,0,-3
random_0785,random_cycle_chord,20260823,200,0.9,baseline,237b03a6236ff83b0e5299ac7fc023ee,0,,,10,12,3,3,0.052465246403410055,4.624121486159086,0.011345992219375932,True,True,1,3,0,-2
random_0786,random_cycle_chord,20260823,200,0.9,baseline,f5674b1fa009ce402c82274027f15c8d,0,,,15,17,3,3,0.045374520696316326,4.0473342101921395,0.011210964634957155,True,True,1,3,0,-2
random_0787,random_cycle_chord,20260823,200,0.9,crossing_rich,e639d786283c9628f30f2b58fa8c4d66,6,6.0,12.368089069930525,13,18,6,3,0.051746069775320196,4.572628428142743,0.01131648254138546,True,True,1,6,0,-5
random_0788,random_cycle_chord,20260823,200,0.9,baseline,5ece6bdff7ea6a9025672e56fbda3d50,0,,,11,13,3,3,0.0452480884663872,4.0425773950235415,0.011192881185673305,True,True,1,3,0,-2
random_0789,random_cycle_chord,20260823,200,0.9,crossing_rich,d225b8f4cd850922e71c75c0e5cd79de,4,4.0,10.62290556405009,11,15,5,3,0.06024717024369306,5.222673246860253,0.01153569587756849,True,True,1,5,0,-4
random_0790,random_cycle_chord,20260823,200,0.9,baseline,4e9cca7c282396d17b6e561d68fe510e,0,,,10,13,4,3,0.0526551295173545,4.640979932673736,0.011345692134251292,True,True,1,4,0,-3
random_0791,random_cycle_chord,20260823,200,0.9,crossing_rich,35e6984785cd33f6953165239be9a661,4,4.0,10.222577736234323,10,14,5,3,0.06260651828858148,5.399693606674132,0.011594457546850165,True,True,1,5,0,-4
random_0792,random_cycle_chord,20260823,200,0.9,crossing_rich,35e6984785cd33f6953165239be9a661,4,4.0,9.878202232226542,10,14,5,3,0.06478911698244756,5.583642773640695,0.011603377867994088,True,True,1,5,0,-4
random_0793,random_cycle_chord,20260823,200,0.9,baseline,b73291eb7126cc5eaf4780776629388d,0,,,8,10,3,3,0.07232325575006927,6.124875536759957,0.011808118437020206,True,True,1,3,0,-2
random_0794,random_cycle_chord,20260823,200,0.9,baseline,5ece6bdff7ea6a9025672e56fbda3d50,0,,,11,13,3,3,0.045598975410157117,4.066758075701502,0.011212610772843046,True,True,1,3,0,-2
random_0795,random_cycle_chord,20260823,200,0.9,crossing_rich,f01bb47f0e11353dcd7e62b1e2f9df0e,4,4.0,8.948510918233291,9,13,5,3,0.07152027927863953,6.075775773673513,0.01177138227986271,True,True,1,5,0,-4
random_0796,random_cycle_chord,20260823,200,0.9,crossing_rich,f01bb47f0e11353dcd7e62b1e2f9df0e,4,4.0,8.933204308579299,9,13,5,3,0.0716428257870868,6.073773524932129,0.011795439110958187,True,True,1,5,0,-4
random_0797,random_cycle_chord,20260823,200,0.9,baseline,103a02ce2419501dbcecbb0b106c7128,0,,,9,11,3,3,0.06152270742177188,5.327815044681694,0.011547455552756993,True,True,1,3,0,-2
random_0798,random_cycle_chord,20260823,200,0.9,crossing_rich,e4dfd7b460148a3915f7aca370896702,4,4.0,8.12114725934942,8,12,5,3,0.07880659955564824,6.595280306007205,0.011948938619616897,True,True,1,5,0,-4
random_0799,random_cycle_chord,20260823,200,0.9,baseline,f4c63b03cb04e53779a197f375d70184,0,,,12,14,3,3,0.055659963433534146,4.8736578101118475,0.011420572720155087,True,True,1,3,0,-2
random_0800,random_cycle_chord,20260823,200,0.9,baseline,237b03a6236ff83b0e5299ac7fc023ee,0,,,10,12,3,3,0.053162886814433895,4.677668018370111,0.011365254354446042,True,True,1,3,0,-2
random_0801,random_cycle_chord,20260823,200,0.9,crossing_rich,0ba4cef7d36938b0547a48dd8590384b,4,4.0,12.112727417642743,11,15,5,3,0.05283698525798662,4.656910562201909,0.011345930859579127,True,True,1,5,0,-4
random_0802,random_cycle_chord,20260823,200,0.9,baseline,103a02ce2419501dbcecbb0b106c7128,0,,,9,11,3,3,0.06251271872967248,5.403235448429624,0.011569497447652581,True,True,1,3,0,-2
random_0803,random_cycle_chord,20260823,200,0.9,baseline,cbcdcec981f1dd5d52ceecf70d124d2f,0,,,12,14,3,3,0.05566178443793933,4.878141859546192,0.011410448084656046,True,True,1,3,0,-2
random_0804,random_cycle_chord,20260823,200,0.9,baseline,b73291eb7126cc5eaf4780776629388d,0,,,8,10,3,3,0.07270346746015642,6.149856263404512,0.011821978327003753,True,True,1,3,0,-2
random_0805,random_cycle_chord,20260823,200,0.9,crossing_rich,e4dfd7b460148a3915f7aca370896702,4,4.0,8.121855826936745,8,12,5,3,0.07879972430406755,6.587142464416721,0.01196265675590563,True,True,1,5,0,-4
random_0806,random_cycle_chord,20260823,200,0.9,baseline,4e9cca7c282396d17b6e561d68fe510e,0,,,10,13,4,3,0.05255549047594239,4.629486630696116,0.011352336591161048,True,True,1,4,0,-3
random_0807,random_cycle_chord,20260823,200,0.9,crossing_rich,76f64aeb3bec290543374c9120128d8d,4,4.0,10.178559237481396,10,14,5,3,0.06287726829188872,5.424919464538796,0.0115904519325863,True,True,1,5,0,-4
random_0808,random_cycle_chord,20260823,200,0.9,crossing_rich,9864390659db0a33d7b4bc27549e7f6e,4,4.0,9.783825677866862,10,14,5,3,0.06541408453830275,5.625025617357228,0.011629117623296416,True,True,1,5,0,-4
random_0809,random_cycle_chord,20260823,200,0.9,baseline,3ddc013bba7f8602e9b01edf73e915d5,0,,,9,11,3,3,0.06228180745269766,5.382890006359571,0.01157032883434648,True,True,1,3,0,-2
random_0810,random_cycle_chord,20260823,200,0.9,baseline,b73291eb7126cc5eaf4780776629388d,0,,,8,10,3,3,0.07283644933522525,6.162359997458467,0.011819570645867018,True,True,1,3,0,-2
random_0811,random_cycle_chord,20260823,200,0.9,crossing_rich,99a64eed4ffb91c69fe777b09b4a245a,5,5.0,14.231994919919945,12,17,6,3,0.04496909980653647,4.017995806865966,0.011191923030306082,True,True,1,6,0,-5
random_0812,random_cycle_chord,20260823,200,0.9,crossing_rich,0ba4cef7d36938b0547a48dd8590384b,4,4.0,11.929694032137595,11,15,5,3,0.053647645805155915,4.719186422172208,0.011367986132758513,True,True,1,5,0,-4
random_0813,random_cycle_chord,20260823,200,0.9,baseline,b73291eb7126cc5eaf4780776629388d,0,,,8,10,3,3,0.07241663133229936,6.140256781731566,0.01179374640287889,True,True,1,3,0,-2
random_0814,random_cycle_chord,20260823,200,0.9,crossing_rich,0d9383c252bac8778d9583a2a6ee796c,6,6.0,10.609977564472839,11,16,6,3,0.0603205799551376,5.22466370197573,0.011545351700306971,True,True,1,6,0,-5
random_0815,random_cycle_chord,20260823,200,0.9,baseline,4e9cca7c282396d17b6e561d68fe510e,0,,,10,13,4,3,0.05251584620311636,4.626788651612068,0.011350387959652916,True,True,1,4,0,-3
random_0816,random_cycle_chord,20260823,200,0.9,crossing_rich,748236bad10452c0d6e88b7ffbf71ced,7,7.0,13.40230022288482,13,19,7,3,0.0477529968256629,4.245279328469241,0.011248493474958604,True,True,1,7,0,-6
random_0817,random_cycle_chord,20260823,200,0.9,crossing_rich,6cae8dd6dca8ab370494a907f81c49aa,2,2.0,8.121764766705144,8,11,4,3,0.07880060779692301,6.586675323449128,0.011963639306219648,True,True,1,4,0,-3
random_0818,random_cycle_chord,20260823,200,0.9,crossing_rich,6cae8dd6dca8ab370494a907f81c49aa,3,3.0,13.44603155591629,8,11,4,3,0.047597686896577174,4.23234398332614,0.01124617637037404,True,True,1,4,0,-3
random_0819,random_cycle_chord,20260823,200,0.9,baseline,3ddc013bba7f8602e9b01edf73e915d5,0,,,9,11,3,3,0.061673577299148456,5.333646459039946,0.01156311686062703,True,True,1,3,0,-2
random_0820,random_cycle_chord,20260823,200,0.9,baseline,b73291eb7126cc5eaf4780776629388d,0,,,8,10,3,3,0.07344378790357452,6.212633125068133,0.011821684368778668,True,True,1,3,0,-2
random_0821,random_cycle_chord,20260823,200,0.9,baseline,4e9cca7c282396d17b6e561d68fe510e,0,,,10,13,4,3,0.05253671378155596,4.62760787739561,0.011352887965763277,True,True,1,4,0,-3
random_0822,random_cycle_chord,20260823,200,0.9,crossing_rich,e4dfd7b460148a3915f7aca370896702,4,4.0,8.10717268008707,8,12,5,3,0.07894244087978727,6.602698742478579,0.011956087042395208,True,True,1,5,0,-4
random_0823,random_cycle_chord,20260823,200,0.9,crossing_rich,8d92d8721dbd33134985bb942b070fe4,5,5.0,13.11096434064343,9,13,5,3,0.04881410576459485,4.334671224389487,0.011261316772985483,True,True,1,5,0,-4
random_0824,random_cycle_chord,20260823,200,0.9,baseline,3ddc013bba7f8602e9b01edf73e915d5,0,,,9,11,3,3,0.06220314963886593,5.37022872156203,0.01158296096200033,True,True,1,3,0,-2
random_0825,random_cycle_chord,20260823,200,0.9,crossing_rich,e4dfd7b460148a3915f7aca370896702,5,5.0,13.499617022097905,8,12,5,3,0.047408752333667384,4.216111904606566,0.011244661765706007,True,True,1,5,0,-4
random_0826,random_cycle_chord,20260823,200,0.9,baseline,b0621227ec7d34a9a637ad6d32a04aed,0,,,13,15,3,3,0.05173067731957522,4.567089090106181,0.011326837795137587,True,True,1,3,0,-2
random_0827,random_cycle_chord,20260823,200,0.9,crossing_rich,b497a8280ab5258c0901c20c694e809b,3,3.0,12.522732548660471,9,12,4,3,0.05110705650808293,4.521194212451838,0.011303884351468202,True,True,1,4,0,-3
random_0828,random_cycle_chord,20260823,200,0.9,crossing_rich,d3b9e56b5337f4aa08cbf81ed5c2928d,2,2.0,8.340746600871444,8,11,4,3,0.07673174004988145,6.453433203921366,0.01189006496623474,True,True,1,4,0,-3
random_0829,random_cycle_chord,20260823,200,0.9,crossing_rich,6cae8dd6dca8ab370494a907f81c49aa,3,3.0,13.53686683541877,8,11,4,3,0.04727829620998124,4.212408332855687,0.011223578645313858,True,True,1,4,0,-3
random_0830,random_cycle_chord,20260823,200,0.9,baseline,4ca7af1950eb0912a81fec832cb4eb96,0,,,10,12,3,3,0.06542403068694494,5.627827575637601,0.011625095084675328,True,True,1,3,0,-2
random_0831,random_cycle_chord,20260823,200,0.9,baseline,f2551d12306507df164d13e621c6cf57,0,,,10,12,3,3,0.05301609947294737,4.67061554405043,0.011350987674522016,True,True,1,3,0,-2
random_0832,random_cycle_chord,20260823,200,0.9,crossing_rich,e4dfd7b460148a3915f7aca370896702,5,5.0,13.356413037161788,8,12,5,3,0.04791705663933247,4.257682198786351,0.01125425863231201,True,True,1,5,0,-4
random_0833,random_cycle_chord,20260823,200,0.9,baseline,b73291eb7126cc5eaf4780776629388d,0,,,8,10,3,3,0.07299073098573858,6.175560019572496,0.01181928938499595,True,True,1,3,0,-2
random_0834,random_cycle_chord,20260823,200,0.9,crossing_rich,e4dfd7b460148a3915f7aca370896702,5,5.0,13.531597732502163,8,12,5,3,0.04729670602479962,4.2141741585799055,0.011223244281090103,True,True,1,5,0,-4
random_0835,random_cycle_chord,20260823,200,0.9,crossing_rich,9864390659db0a33d7b4bc27549e7f6e,3,3.0,9.786889436932649,10,14,5,3,0.0653936068374126,5.626697111453197,0.011622023638753058,True,True,1,5,0,-4
random_0836,random_cycle_chord,20260823,200,0.9,crossing_rich,6cae8dd6dca8ab370494a907f81c49aa,2,2.0,8.122827970135676,8,11,4,3,0.07879029352252921,6.595221615788945,0.011946572550936794,True,True,1,4,0,-3
random_0837,random_cycle_chord,20260823,200,0.9,baseline,103a02ce2419501dbcecbb0b106c7128,0,,,9,11,3,3,0.06143515347536409,5.327144093508898,0.011532474511102966,True,True,1,3,0,-2
random_0838,random_cycle_chord,20260823,200,0.9,crossing_rich,d3b9e56b5337f4aa08cbf81ed5c2928d,2,2.0,8.423331709726424,8,11,4,3,0.07597943688493138,6.400090444327841,0.011871619244423192,True,True,1,4,0,-3
random_0839,random_cycle_chord,20260823,200,0.9,crossing_rich,6cae8dd6dca8ab370494a907f81c49aa,3,3.0,13.850906951515228,8,11,4,3,0.04620636051056475,4.1196256700175855,0.011216155110123758,True,True,1,4,0,-3
random_0840,random_cycle_chord,20260823,200,0.9,baseline,3ddc013bba7f8602e9b01edf73e915d5,0,,,9,11,3,3,0.06204016620157387,5.359719919433725,0.011575262725319545,True,True,1,3,0,-2
random_0841,random_cycle_chord,20260823,200,0.9,crossing_rich,e4dfd7b460148a3915f7aca370896702,4,4.0,8.106142208014598,8,12,5,3,0.07895247623058324,6.602095219699708,0.011958700019200018,True,True,1,5,0,-4
random_0842,random_cycle_chord,20260823,200,0.9,baseline,4e9cca7c282396d17b6e561d68fe510e,0,,,10,13,4,3,0.05308028789549013,4.675171968327224,0.011353654636683289,True,True,1,4,0,-3
random_0843,random_cycle_chord,20260823,200,0.9,baseline,e756644711763e07d0e3622d4415d4c4,0,,,11,13,3,3,0.04610560857720405,4.112337889471584,0.011211532178628542,True,True,1,3,0,-2
random_0844,random_cycle_chord,20260823,200,0.9,baseline,7c306ea22fa11127d6be2c859c9e00b5,0,,,13,16,4,3,0.051744955107253784,4.569159904987654,0.011324829111533053,True,True,1,4,0,-3
random_0845,random_cycle_chord,20260823,200,0.9,baseline,3ddc013bba7f8602e9b01edf73e915d5,0,,,9,11,3,3,0.06252130417244618,5.394302782768033,0.011590247468527154,True,True,1,3,0,-2
random_0846,random_cycle_chord,20260823,200,0.9,baseline,b73291eb7126cc5eaf4780776629388d,0,,,8,10,3,3,0.0731043582697867,6.185391059772744,0.011818874112136188,True,True,1,3,0,-2
random_0847,random_cycle_chord,20260823,200,0.9,crossing_rich,cbd367df182ccb02b6db0d327f7ca73e,5,5.0,12.124447472848276,11,16,6,3,0.052785910568974664,4.6482674528688825,0.01135603988027744,True,True,1,6,0,-5
random_0848,random_cycle_chord,20260823,200,0.9,crossing_rich,e4dfd7b460148a3915f7aca370896702,5,5.0,13.52720700302286,8,12,5,3,0.04731205782960091,4.223991699257992,0.011200793277579592,True,True,1,5,0,-4
random_0849,random_cycle_chord,20260823,200,0.9,crossing_rich,9864390659db0a33d7b4bc27549e7f6e,3,3.0,9.795787990481834,10,14,5,3,0.06533420288616514,5.61690332064952,0.011631712200916092,True,True,1,5,0,-4
random_0850,random_cycle_chord,20260823,200,0.9,baseline,f2551d12306507df164d13e621c6cf57,0,,,10,12,3,3,0.05303733044596593,4.673091864108352,0.011349515906870729,True,True,1,3,0,-2
random_0851,random_cycle_chord,20260823,200,0.9,crossing_rich,1182ee17ed2517d58658560043dc3b07,9,9.0,14.111102675901641,15,21,7,3,0.0453543578201699,4.045783716843304,0.011210277413335712,True,True,1,7,0,-6
random_0852,random_cycle_chord,20260823,200,0.9,baseline,4ca7af1950eb0912a81fec832cb4eb96,0,,,10,12,3,3,0.06556705746309434,5.623504304650171,0.011659466039507753,True,True,1,3,0,-2
random_0853,random_cycle_chord,20260823,200,0.9,baseline,3ddc013bba7f8602e9b01edf73e915d5,0,,,9,11,3,3,0.06243085214595823,5.402312426253895,0.011556320186622272,True,True,1,3,0,-2
random_0854,random_cycle_chord,20260823,200,0.9,crossing_rich,cb26cc24301cc90da9033428f0e0387b,2,2.0,8.939194599900155,9,12,4,3,0.07159481683138975,6.076697189616544,0.011781863502056053,True,True,1,4,0,-3
random_0855,random_cycle_chord,20260823,200,0.9,baseline,f2551d12306507df164d13e621c6cf57,0,,,10,12,3,3,0.052562143040266955,4.639955413714035,0.011328156922567018,True,True,1,3,0,-2
random_0856,random_cycle_chord,20260823,200,0.9,crossing_rich,cbd367df182ccb02b6db0d327f7ca73e,5,5.0,12.123489331628287,11,16,6,3,0.052790082334657575,4.646070612135054,0.01136230736501838,True,True,1,6,0,-5
random_0857,random_cycle_chord,20260823,200,0.9,baseline,103a02ce2419501dbcecbb0b106c7128,0,,,9,11,3,3,0.06227487961018938,5.380803539831353,0.01157352784750458,True,True,1,3,0,-2
random_0858,random_cycle_chord,20260823,200,0.9,crossing_rich,e4dfd7b460148a3915f7aca370896702,4,4.0,8.1347257862285,8,12,5,3,0.0786750551670068,6.583676355579578,0.011950018639711952,True,True,1,5,0,-4
random_0859,random_cycle_chord,20260823,200,0.9,baseline,e756644711763e07d0e3622d4415d4c4,0,,,11,13,3,3,0.04595143887517198,4.0999104236206945,0.011207912887665372,True,True,1,3,0,-2
random_0860,random_cycle_chord,20260823,200,0.9,baseline,237b03a6236ff83b0e5299ac7fc023ee,0,,,10,12,3,3,0.0534273721020837,4.693071804128974,0.011384307407160954,True,True,1,3,0,-2
random_0861,random_cycle_chord,20260823,200,0.9,baseline,c9b2747d4897680c32f2a02811ccda66,0,,,11,13,3,3,0.06028698851172756,5.222081868121047,0.011544627226118032,True,True,1,3,0,-2
random_0862,random_cycle_chord,20260823,200,0.9,baseline,3ddc013bba7f8602e9b01edf73e915d5,0,,,9,11,3,3,0.062325545613210055,5.387100153355846,0.011569405401602737,True,True,1,3,0,-2
random_0863,random_cycle_chord,20260823,200,0.9,baseline,f2551d12306507df164d13e621c6cf57,0,,,10,12,3,3,0.052918020802053545,4.662836642451189,0.011348890141310049,True,True,1,3,0,-2
random_0864,random_cycle_chord,20260823,200,0.9,baseline,5ece6bdff7ea6a9025672e56fbda3d50,0,,,11,13,3,3,0.045881086039636136,4.097227178438193,0.011198082029985307,True,True,1,3,0,-2
random_0865,random_cycle_chord,20260823,200,0.9,crossing_rich,9e29c665f19ef85c09f08031b7489ca3,6,6.0,10.635107277044042,11,16,6,3,0.060178048357015144,5.219277408127369,0.011529957818165962,True,True,1,6,0,-5
random_0866,random_cycle_chord,20260823,200,0.9,crossing_rich,9864390659db0a33d7b4bc27549e7f6e,4,4.0,10.048720255153782,10,14,5,3,0.06368970214607747,5.49322836693862,0.011594220718985289,True,True,1,5,0,-4
random_0867,random_cycle_chord,20260823,200,0.9,baseline,fcb06304329c3a95c9fc63ab6e3f83f6,0,,,10,12,3,3,0.05255526048007524,4.639778953226056,0.011327104374990401,True,True,1,3,0,-2
random_0868,random_cycle_chord,20260823,200,0.9,baseline,ede1667d49b7784adfd5a7c11bbb1814,0,,,14,16,3,3,0.04830189270478706,4.291137275861503,0.011256198438697072,True,True,1,3,0,-2
random_0869,random_cycle_chord,20260823,200,0.9,crossing_rich,8d92d8721dbd33134985bb942b070fe4,5,5.0,13.283749930411473,9,13,5,3,0.048179166526975986,4.282424757744806,0.01125044087227534,True,True,1,5,0,-4
random_0870,random_cycle_chord,20260823,200,0.9,crossing_rich,74b2009f75f7aa39b3078aa9dd4b778d,3,3.0,9.162028208187804,9,12,4,3,0.06985352865733954,5.942784209242859,0.011754343788673296,True,True,1,4,0,-3
random_0871,random_cycle_chord,20260823,200,0.9,baseline,4e9cca7c282396d17b6e561d68fe510e,0,,,10,13,4,3,0.05255491713995172,4.629211141924948,0.011352888327771976,True,True,1,4,0,-3
random_0872,random_cycle_chord,20260823,200,0.9,baseline,3ddc013bba7f8602e9b01edf73e915d5,0,,,9,11,3,3,0.06199274848745954,5.3551230668867635,0.011576344317983982,True,True,1,3,0,-2
random_0873,random_cycle_chord,20260823,200,0.9,baseline,e756644711763e07d0e3622d4415d4c4,0,,,11,13,3,3,0.04555172580692787,4.06320537925067,0.011210785957201222,True,True,1,3,0,-2
random_0874,random_cycle_chord,20260823,200,0.9,baseline,4ca7af1950eb0912a81fec832cb4eb96,0,,,10,12,3,3,0.06546832672100392,5.621787216463927,0.011645465080797408,True,True,1,3,0,-2
random_0875,random_cycle_chord,20260823,200,0.9,crossing_rich,e4dfd7b460148a3915f7aca370896702,5,5.0,13.411560893878471,8,12,5,3,0.0477200234233824,4.241193833202314,0.011251554467943613,True,True,1,5,0,-4
random_0876,random_cycle_chord,20260823,200,0.9,crossing_rich,d3b9e56b5337f4aa08cbf81ed5c2928d,2,2.0,8.382068853116538,8,11,4,3,0.07635346490407813,6.421450328990832,0.011890376938581337,True,True,1,4,0,-3
random_0877,random_cycle_chord,20260823,200,0.9,crossing_rich,e4dfd7b460148a3915f7aca370896702,5,5.0,13.918574953663661,8,12,5,3,0.04598171882758289,4.100932585113887,0.011212502979076874,True,True,1,5,0,-4
random_0878,random_cycle_chord,20260823,200,0.9,baseline,4dd12823b4c3d089de2f1ce5c865f355,0,,,14,17,4,3,0.048312696184872175,4.2953516850802576,0.01124766951043485,True,True,1,4,0,-3
random_0879,random_cycle_chord,20260823,200,0.9,baseline,4e9cca7c282396d17b6e561d68fe510e,0,,,10,13,4,3,0.052943873990261146,4.666230004705566,0.01134617752165473,True,True,1,4,0,-3
random_0880,random_cycle_chord,20260823,200,0.9,crossing_rich,d3b9e56b5337f4aa08cbf81ed5c2928d,2,2.0,8.165611667759993,8,11,4,3,0.07837747201803512,6.560197260119791,0.011947426107824679,True,True,1,4,0,-3
random_0881,random_cycle_chord,20260823,200,0.9,crossing_rich,e4dfd7b460148a3915f7aca370896702,5,5.0,13.924914984339724,8,12,5,3,0.04596078329524874,4.09840147245176,0.01121431943751326,True,True,1,5,0,-4
random_0882,random_cycle_chord,20260823,200,0.9,baseline,4e9cca7c282396d17b6e561d68fe510e,0,,,10,13,4,3,0.05265103389335328,4.641363493924273,0.011343872110485539,True,True,1,4,0,-3
random_0883,random_cycle_chord,20260823,200,0.9,crossing_rich,e4dfd7b460148a3915f7aca370896702,4,4.0,8.107053067425955,8,12,5,3,0.07894360560824655,6.602603407397117,0.011956436080925805,True,True,1,5,0,-4
random_0884,random_cycle_chord,20260823,200,0.9,baseline,8f34f4541eedc7b1aecfd95c1d8d238c,0,,,11,14,4,3,0.04511156115656042,4.031596661501903,0.011189502557965426,True,True,1,4,0,-3
random_0885,random_cycle_chord,20260823,200,0.9,crossing_rich,2c8b3e95d62a28423936c85308a28eeb,6,6.0,9.757442639320262,10,15,6,3,0.06559095693998204,5.627029586376192,0.01165640875583571,True,True,1,6,0,-5
random_0886,random_cycle_chord,20260823,200,0.9,baseline,cbcdcec981f1dd5d52ceecf70d124d2f,0,,,12,14,3,3,0.05566346883730467,4.881398250754375,0.011403181215280354,True,True,1,3,0,-2
random_0887,random_cycle_chord,20260823,200,0.9,crossing_rich,e4dfd7b460148a3915f7aca370896702,5,5.0,13.455569278043749,8,12,5,3,0.04756394818941819,4.2295154856304364,0.011245720307920443,True,True,1,5,0,-4
random_0888,random_cycle_chord,20260823,200,0.9,baseline,b73291eb7126cc5eaf4780776629388d,0,,,8,10,3,3,0.07343170578829077,6.224055402091165,0.011798048224895155,True,True,1,3,0,-2
random_0889,random_cycle_chord,20260823,200,0.9,crossing_rich,f01bb47f0e11353dcd7e62b1e2f9df0e,4,4.0,8.933638013998515,9,13,5,3,0.07163934770998731,6.075084305783268,0.011792321571865126,True,True,1,5,0,-4
random_0890,random_cycle_chord,20260823,200,0.9,baseline,b73291eb7126cc5eaf4780776629388d,0,,,8,10,3,3,0.07276779785244651,6.1685558459365,0.011796569516409885,True,True,1,3,0,-2
random_0891,random_cycle_chord,20260823,200,0.9,baseline,b73291eb7126cc5eaf4780776629388d,0,,,8,10,3,3,0.07284032652918464,6.162609790564985,0.01181972070350842,True,True,1,3,0,-2
random_0892,random_cycle_chord,20260823,200,0.9,crossing_rich,9e29c665f19ef85c09f08031b7489ca3,6,6.0,10.620343214698549,11,16,6,3,0.06026170596014641,5.220593987294853,0.011543074620781251,True,True,1,6,0,-5
random_0893,random_cycle_chord,20260823,200,0.9,baseline,237b03a6236ff83b0e5299ac7fc023ee,0,,,10,12,3,3,0.05290533451884148,4.6539469640930555,0.011367842162153105,True,True,1,3,0,-2
random_0894,random_cycle_chord,20260823,200,0.9,baseline,b7f57d3553d50f25c5be44b65115c3b8,0,,,13,15,3,3,0.05176839002978389,4.566464499578747,0.011336645677319835,True,True,1,3,0,-2
random_0895,random_cycle_chord,20260823,200,0.9,crossing_rich,e4dfd7b460148a3915f7aca370896702,5,5.0,13.292192002556044,8,12,5,3,0.04814856720975217,4.277206352281769,0.011257012929494568,True,True,1,5,0,-4
random_0896,random_cycle_chord,20260823,200,0.9,crossing_rich,e4dfd7b460148a3915f7aca370896702,5,5.0,13.510079010407885,8,12,5,3,0.047372039756907215,4.2286463974963056,0.01120264862650971,True,True,1,5,0,-4
random_0897,random_cycle_chord,20260823,200,0.9,baseline,e756644711763e07d0e3622d4415d4c4,0,,,11,13,3,3,0.04591991544866946,4.095094971108089,0.011213394505535492,True,True,1,3,0,-2
random_0898,random_cycle_chord,20260823,200,0.9,baseline,8603424a32f201376c6da364b388d315,0,,,11,13,3,3,0.0449206380454819,4.012111441201781,0.011196258803824863,True,True,1,3,0,-2
random_0899,random_cycle_chord,20260823,200,0.9,baseline,4e9cca7c282396d17b6e561d68fe510e,0,,,10,13,4,3,0.05339252457766651,4.6949298062689815,0.011372379733212043,True,True,1,4,0,-3
random_0900,random_cycle_chord,20260823,200,0.9,baseline,b73291eb7126cc5eaf4780776629388d,0,,,8,10,3,3,0.0728152608063594,6.164884781312465,0.011811293055643692,True,True,1,3,0,-2
random_0901,random_cycle_chord,20260823,200,0.9,baseline,4e9cca7c282396d17b6e561d68fe510e,0,,,10,13,4,3,0.0526611710869101,4.641712715426039,0.011345202582636913,True,True,1,4,0,-3
random_0902,random_cycle_chord,20260823,200,0.9,baseline,3ddc013bba7f8602e9b01edf73e915d5,0,,,9,11,3,3,0.06233534170068597,5.39657223063139,0.011550913994417681,True,True,1,3,0,-2
random_0903,random_cycle_chord,20260823,200,0.9,baseline,4e9cca7c282396d17b6e561d68fe510e,0,,,10,13,4,3,0.053353917053887256,4.691981783880345,0.011371296716706922,True,True,1,4,0,-3
random_0904,random_cycle_chord,20260823,200,0.9,baseline,b73291eb7126cc5eaf4780776629388d,0,,,8,10,3,3,0.07230336506204343,6.132372952128357,0.011790438322403268,True,True,1,3,0,-2
random_0905,random_cycle_chord,20260823,200,0.9,crossing_rich,ef708e22c6afb49a267da2ce884548df,2,2.0,9.185905884268928,9,12,4,3,0.06967195267001532,5.936889701835368,0.011735429857906318,True,True,1,4,0,-3
random_0906,random_cycle_chord,20260823,200,0.9,crossing_rich,e4dfd7b460148a3915f7aca370896702,5,5.0,13.342171397897975,8,12,5,3,0.047968204043670915,4.2716215656537475,0.011229506946346182,True,True,1,5,0,-4
random_0907,random_cycle_chord,20260823,200,0.9,baseline,78d712f24f5cff365e8a82f9a84c6043,0,,,10,12,3,3,0.05268588527812893,4.633912553082978,0.011369633042185183,True,True,1,3,0,-2
random_0908,random_cycle_chord,20260823,200,0.9,baseline,8603424a32f201376c6da364b388d315,0,,,11,13,3,3,0.0460272856734879,4.114856230618922,0.011185636409601815,True,True,1,3,0,-2
random_0909,random_cycle_chord,20260823,200,0.9,baseline,b73291eb7126cc5eaf4780776629388d,0,,,8,10,3,3,0.07273071862538695,6.16853267389849,0.0117906028013987,True,True,1,3,0,-2
random_0910,random_cycle_chord,20260823,200,0.9,crossing_rich,d3b9e56b5337f4aa08cbf81ed5c2928d,2,2.0,8.368275002360862,8,11,4,3,0.0764793221804306,6.427887205151875,0.0118980498162963,True,True,1,4,0,-3
random_0911,random_cycle_chord,20260823,200,0.9,baseline,c9b2747d4897680c32f2a02811ccda66,0,,,11,13,3,3,0.060188152999107805,5.2199129077322866,0.011530489888049809,True,True,1,3,0,-2
random_0912,random_cycle_chord,20260823,200,0.9,baseline,3ddc013bba7f8602e9b01edf73e915d5,0,,,9,11,3,3,0.06229162313783418,5.38198857417959,0.011574090557657804,True,True,1,3,0,-2
random_0913,random_cycle_chord,20260823,200,0.9,crossing_rich,0d9383c252bac8778d9583a2a6ee796c,5,5.0,12.240410805345133,11,16,6,3,0.05228582685480828,4.613574059326926,0.011333041625094504,True,True,1,6,0,-5
random_0914,random_cycle_chord,20260823,200,0.9,baseline,4e9cca7c282396d17b6e561d68fe510e,0,,,10,13,4,3,0.05250624933788549,4.627430072800752,0.011346740742017542,True,True,1,4,0,-3
random_0915,random_cycle_chord,20260823,200,0.9,baseline,3ddc013bba7f8602e9b01edf73e915d5,0,,,9,11,3,3,0.06272465356010412,5.427071064996078,0.011557735804248116,True,True,1,3,0,-2
random_0916,random_cycle_chord,20260823,200,0.9,crossing_rich,cb26cc24301cc90da9033428f0e0387b,2,2.0,8.920495378431482,9,12,4,3,0.07174489452092886,6.082760031677689,0.011794792848525517,True,True,1,4,0,-3
random_0917,random_cycle_chord,20260823,200,0.9,baseline,237b03a6236ff83b0e5299ac7fc023ee,0,,,10,12,3,3,0.05300616298169864,4.664721121051488,0.011363200844416263,True,True,1,3,0,-2
random_0918,random_cycle_chord,20260823,200,0.9,baseline,3ddc013bba7f8602e9b01edf73e915d5,0,,,9,11,3,3,0.061794585024449386,5.339347644475276,0.011573433523922986,True,True,1,3,0,-2
random_0919,random_cycle_chord,20260823,200,0.9,crossing_rich,b497a8280ab5258c0901c20c694e809b,3,3.0,12.70774562950975,9,12,4,3,0.05036298480147422,4.461862445303889,0.011287435553841709,True,True,1,4,0,-3
random_0920,random_cycle_chord,20260823,200,0.9,crossing_rich,6cae8dd6dca8ab370494a907f81c49aa,3,3.0,13.396111926836337,8,11,4,3,0.04777505618760116,4.246839031760616,0.011249556630309817,True,True,1,4,0,-3
random_0921,random_cycle_chord,20260823,200,0.9,crossing_rich,c55fd4e0b34b4d785a84453449ce91ea,3,3.0,12.197166616030682,11,15,5,3,0.05247120254624142,4.626461732097157,0.011341540378948824,True,True,1,5,0,-4
random_0922,random_cycle_chord,20260823,200,0.9,crossing_rich,8d92d8721dbd33134985bb942b070fe4,5,5.0,13.324723886326778,9,13,5,3,0.04803101403525057,4.273581515523526,0.011239054142475302,True,True,1,5,0,-4
random_0923,random_cycle_chord,20260823,200,0.9,baseline,78d712f24f5cff365e8a82f9a84c6043,0,,,10,12,3,3,0.052848169680706776,4.649141412074471,0.011367296667606773,True,True,1,3,0,-2
random_0924,random_cycle_chord,20260823,200,0.9,baseline,b368b74748fda659bbd4e4bd3936498d,0,,,13,15,3,3,0.051735911367480035,4.57131737282995,0.011317505906498035,True,True,1,3,0,-2
random_0925,random_cycle_chord,20260823,200,0.9,crossing_rich,f01bb47f0e11353dcd7e62b1e2f9df0e,4,4.0,8.933509301233817,9,13,5,3,0.07164037987978687,6.075357664850176,0.011791960874052276,True,True,1,5,0,-4
random_0926,random_cycle_chord,20260823,200,0.9,baseline,237b03a6236ff83b0e5299ac7fc023ee,0,,,10,12,3,3,0.052979818969745324,4.668091608685131,0.011349352885700595,True,True,1,3,0,-2
random_0927,random_cycle_chord,20260823,200,0.9,crossing_rich,f61befc086c76698e58b129c58523394,3,3.0,11.478417571248865,10,14,5,3,0.05575681456327845,4.883877667927451,0.011416505153156245,True,True,1,5,0,-4
random_0928,random_cycle_chord,20260823,200,0.9,baseline,5c25c6be641fc20f13f284ff50ca2a81,0,,,13,16,4,3,0.05173146177273344,4.567899450557781,0.011325000108401373,True,True,1,4,0,-3
random_0929,random_cycle_chord,20260823,200,0.9,baseline,237b03a6236ff83b0e5299ac7fc023ee,0,,,10,12,3,3,0.05323925628189214,4.6887804409674265,0.011354606374127297,True,True,1,3,0,-2
random_0930,random_cycle_chord,20260823,200,0.9,crossing_rich,9e29c665f19ef85c09f08031b7489ca3,6,6.0,10.635214698073444,11,16,6,3,0.060177440528392454,5.228291344577527,0.011509963114585211,True,True,1,6,0,-5
random_0931,random_cycle_chord,20260823,200,0.9,baseline,3ddc013bba7f8602e9b01edf73e915d5,0,,,9,11,3,3,0.06262616234999657,5.403272338993564,0.011590413812393839,True,True,1,3,0,-2
random_0932,random_cycle_chord,20260823,200,0.9,crossing_rich,8d92d8721dbd33134985bb942b070fe4,5,5.0,12.92871249498178,9,13,5,3,0.049502222301595226,4.392657801697379,0.01126930995682544,True,True,1,5,0,-4
random_0933,random_cycle_chord,20260823,200,0.9,crossing_rich,2c8b3e95d62a28423936c85308a28eeb,5,5.0,10.230964454013,10,15,6,3,0.06255519730097059,5.403740256090924,0.011576277603361924,True,True,1,6,0,-5
random_0934,random_cycle_chord,20260823,200,0.9,baseline,237b03a6236ff83b0e5299ac7fc023ee,0,,,10,12,3,3,0.05260429585195264,4.634939403095673,0.01134951102420417,True,True,1,3,0,-2
random_0935,random_cycle_chord,20260823,200,0.9,baseline,fcb06304329c3a95c9fc63ab6e3f83f6,0,,,10,12,3,3,0.05288949361526782,4.6517479027199355,0.011369810815487802,True,True,1,3,0,-2
random_0936,random_cycle_chord,20260823,200,0.9,crossing_rich,9000479d2e59a126b74cc6270d44f3d5,4,4.0,10.634369729663106,11,15,5,3,0.06018222200934093,5.224185749374501,0.011519923849672962,True,True,1,5,0,-4
random_0937,random_cycle_chord,20260823,200,0.9,baseline,b73291eb7126cc5eaf4780776629388d,0,,,8,10,3,3,0.07292484109880899,6.1773863608998765,0.01180512871274994,True,True,1,3,0,-2
random_0938,random_cycle_chord,20260823,200,0.9,crossing_rich,d3b9e56b5337f4aa08cbf81ed5c2928d,2,2.0,8.366050524636655,8,11,4,3,0.07649965752840057,6.441462969348874,0.011876130918149706,True,True,1,4,0,-3
random_0939,random_cycle_chord,20260823,200,0.9,baseline,8f34f4541eedc7b1aecfd95c1d8d238c,0,,,11,14,4,3,0.04548753668302954,4.0604541399972875,0.011202573681341942,True,True,1,4,0,-3
random_0940,random_cycle_chord,20260823,200,0.9,crossing_rich,2c8b3e95d62a28423936c85308a28eeb,6,6.0,9.780898688809778,10,15,6,3,0.06543366007177001,5.624085726649491,0.011634541728572059,True,True,1,6,0,-5
random_0941,random_cycle_chord,20260823,200,0.9,crossing_rich,6cae8dd6dca8ab370494a907f81c49aa,2,2.0,8.13381020554184,8,11,4,3,0.07868391120854361,6.58384862963568,0.011951051069790105,True,True,1,4,0,-3
random_0942,random_cycle_chord,20260823,200,0.9,crossing_rich,c0b0d919a53901ec4a8854a91193b6dc,5,5.0,14.160887562173459,13,18,6,3,0.04519490725352322,4.043211395687693,0.011177972861306751,True,True,1,6,0,-5
random_0943,random_cycle_chord,20260823,200,0.9,crossing_rich,d3b9e56b5337f4aa08cbf81ed5c2928d,2,2.0,8.491338745440432,8,11,4,3,0.07537091843658443,6.358802593641389,0.011853004921390872,True,True,1,4,0,-3
random_0944,random_cycle_chord,20260823,200,0.9,crossing_rich,9000479d2e59a126b74cc6270d44f3d5,4,4.0,10.634998250045179,11,15,5,3,0.060178665285373335,5.230165552632039,0.011506072738957355,True,True,1,5,0,-4
random_0945,random_cycle_chord,20260823,200,0.9,baseline,f2551d12306507df164d13e621c6cf57,0,,,10,12,3,3,0.05251895956552179,4.626960310421676,0.011350639737978539,True,True,1,3,0,-2
random_0946,random_cycle_chord,20260823,200,0.9,baseline,e756644711763e07d0e3622d4415d4c4,0,,,11,13,3,3,0.045766048154350134,4.08121490877277,0.011213829503556351,True,True,1,3,0,-2
random_0947,random_cycle_chord,20260823,200,0.9,baseline,19fca4749c1a57391a2f17cdb3a8fecb,0,,,11,13,3,3,0.060190237872307636,5.225216712218246,0.01151918498070394,True,True,1,3,0,-2
random_0948,random_cycle_chord,20260823,200,0.9,baseline,b73291eb7126cc5eaf4780776629388d,0,,,8,10,3,3,0.07264964085599229,6.147447151077844,0.011817855293518788,True,True,1,3,0,-2
random_0949,random_cycle_chord,20260823,200,0.9,baseline,e756644711763e07d0e3622d4415d4c4,0,,,11,13,3,3,0.045883344846229246,4.098454508062255,0.011195279770940498,True,True,1,3,0,-2
random_0950,random_cycle_chord,20260823,200,0.9,baseline,f4c63b03cb04e53779a197f375d70184,0,,,12,14,3,3,0.05577420489004235,4.874386149366368,0.011442303334398848,True,True,1,3,0,-2
random_0951,random_cycle_chord,20260823,200,0.9,baseline,3ddc013bba7f8602e9b01edf73e915d5,0,,,9,11,3,3,0.06162376352686927,5.33346041994919,0.011554180339723294,True,True,1,3,0,-2
random_0952,random_cycle_chord,20260823,200,0.9,baseline,7e6bc2286a474f101d6d3fad2dea3b25,0,,,11,14,4,3,0.04553610540609234,4.064612470386346,0.011203061974014975,True,True,1,4,0,-3
random_0953,random_cycle_chord,20260823,200,0.9,crossing_rich,ef708e22c6afb49a267da2ce884548df,2,2.0,9.259933744582417,9,12,4,3,0.06911496536078739,5.894756977596784,0.011724820144996827,True,True,1,4,0,-3
random_0954,random_cycle_chord,20260823,200,0.9,crossing_rich,2c353de2f7250d812096900d3c5deb87,3,3.0,13.993665558023237,12,16,5,3,0.045734978969327836,4.080524266646304,0.01120811346305666,True,True,1,5,0,-4
random_0955,random_cycle_chord,20260823,200,0.9,crossing_rich,fe4862362a6626967e0cc9665214f1ff,5,5.0,14.256661934277632,12,17,6,3,0.04489129383514613,4.011972813049039,0.011189331515192752,True,True,1,6,0,-5
random_0956,random_cycle_chord,20260823,200,0.9,baseline,1837574bc7ed6a7228b5e0eb65ae216b,0,,,15,18,4,3,0.04530254407506273,4.04777508153987,0.011191961796906109,True,True,1,4,0,-3
random_0957,random_cycle_chord,20260823,200,0.9,baseline,78d712f24f5cff365e8a82f9a84c6043,0,,,10,12,3,3,0.05275409319102995,4.648328107812392,0.01134904679004194,True,True,1,3,0,-2
random_0958,random_cycle_chord,20260823,200,0.9,baseline,cbcdcec981f1dd5d52ceecf70d124d2f,0,,,12,14,3,3,0.05566201860541851,4.878206144126664,0.011410345721538501,True,True,1,3,0,-2
random_0959,random_cycle_chord,20260823,200,0.9,crossing_rich,e4dfd7b460148a3915f7aca370896702,5,5.0,13.493208103377507,8,12,5,3,0.047431270243271546,4.217082338985993,0.011247413835101097,True,True,1,5,0,-4
random_0960,random_cycle_chord,20260823,200,0.9,crossing_rich,2c8b3e95d62a28423936c85308a28eeb,5,5.0,10.213761627340176,10,15,6,3,0.06266055772114842,5.41037002365733,0.011581566038396543,True,True,1,6,0,-5
random_0961,random_cycle_chord,20260823,200,0.9,baseline,7e6bc2286a474f101d6d3fad2dea3b25,0,,,11,14,4,3,0.04507006873709325,4.033206579652587,0.01117474839113634,True,True,1,4,0,-3
random_0962,random_cycle_chord,20260823,200,0.9,baseline,103a02ce2419501dbcecbb0b106c7128,0,,,9,11,3,3,0.061857553824680805,5.36277771753493,0.011534610808578214,True,True,1,3,0,-2
random_0963,random_cycle_chord,20260823,200,0.9,baseline,b73291eb7126cc5eaf4780776629388d,0,,,8,10,3,3,0.07308160400235311,6.189238464994074,0.011807850742170925,True,True,1,3,0,-2
random_0964,random_cycle_chord,20260823,200,0.9,crossing_rich,e4dfd7b460148a3915f7aca370896702,5,5.0,13.493987476189703,8,12,5,3,0.047428530753366074,4.217836618203907,0.011244752949573162,True,True,1,5,0,-4
random_0965,random_cycle_chord,20260823,200,0.9,baseline,3ddc013bba7f8602e9b01edf73e915d5,0,,,9,11,3,3,0.06210696237909727,5.365318344500805,0.011575634173273975,True,True,1,3,0,-2
random_0966,random_cycle_chord,20260823,200,0.9,baseline,b73291eb7126cc5eaf4780776629388d,0,,,8,10,3,3,0.07259441087900718,6.145343777406864,0.011812912915612294,True,True,1,3,0,-2
random_0967,random_cycle_chord,20260823,200,0.9,crossing_rich,9e29c665f19ef85c09f08031b7489ca3,6,6.0,10.623997663261557,11,16,6,3,0.06024097710536588,5.223519408482913,0.011532641576393013,True,True,1,6,0,-5
random_0968,random_cycle_chord,20260823,200,0.9,crossing_rich,2c8b3e95d62a28423936c85308a28eeb,6,6.0,9.783372903677666,10,15,6,3,0.06541711190007055,5.624216764104433,0.01163132835092411,True,True,1,6,0,-5
random_0969,random_cycle_chord,20260823,200,0.9,baseline,b73291eb7126cc5eaf4780776629388d,0,,,8,10,3,3,0.0724698123000659,6.137319064697047,0.011808056830045741,True,True,1,3,0,-2
random_0970,random_cycle_chord,20260823,200,0.9,baseline,78d712f24f5cff365e8a82f9a84c6043,0,,,10,12,3,3,0.05290667215872011,4.651778217430268,0.011373429618909643,True,True,1,3,0,-2
random_0971,random_cycle_chord,20260823,200,0.9,baseline,19fca4749c1a57391a2f17cdb3a8fecb,0,,,11,13,3,3,0.06017682916809977,5.225534795328311,0.011515917800776784,True,True,1,3,0,-2
random_0972,random_cycle_chord,20260823,200,0.9,crossing_rich,e4dfd7b460148a3915f7aca370896702,4,4.0,8.105032316203815,8,12,5,3,0.07896328787246086,6.602037744092759,0.011960441750445016,True,True,1,5,0,-4
random_0973,random_cycle_chord,20260823,200,0.9,baseline,8f34f4541eedc7b1aecfd95c1d8d238c,0,,,11,14,4,3,0.0454329908098899,4.0620977493158765,0.01118461288075639,True,True,1,4,0,-3
random_0974,random_cycle_chord,20260823,200,0.9,crossing_rich,e4dfd7b460148a3915f7aca370896702,5,5.0,13.920768650998456,8,12,5,3,0.04597447282152028,4.102002399991709,0.011207812267884877,True,True,1,5,0,-4
random_0975,random_cycle_chord,20260823,200,0.9,crossing_rich,e4dfd7b460148a3915f7aca370896702,5,5.0,13.503680351156294,8,12,5,3,0.047394486788573754,4.217928645643835,0.011236436357813101,True,True,1,5,0,-4
random_0976,random_cycle_chord,20260823,200,0.9,baseline,b73291eb7126cc5eaf4780776629388d,0,,,8,10,3,3,0.07278846011496083,6.160833126040107,0.01181471054739407,True,True,1,3,0,-2
random_0977,random_cycle_chord,20260823,200,0.9,crossing_rich,6cae8dd6dca8ab370494a907f81c49aa,3,3.0,13.616847427204183,8,11,4,3,0.04700060005970157,4.191360624564382,0.011213685547419687,True,True,1,4,0,-3
random_0978,random_cycle_chord,20260823,200,0.9,crossing_rich,e4dfd7b460148a3915f7aca370896702,5,5.0,13.386456502168688,8,12,5,3,0.047809515527601806,4.262851771899421,0.011215383054780502,True,True,1,5,0,-4
random_0979,random_cycle_chord,20260823,200,0.9,baseline,103a02ce2419501dbcecbb0b106c7128,0,,,9,11,3,3,0.06210525402938854,5.358341650239276,0.011590387116621284,True,True,1,3,0,-2
random_0980,random_cycle_chord,20260823,200,0.9,crossing_rich,e4dfd7b460148a3915f7aca370896702,5,5.0,13.545904721655544,8,12,5,3,0.04724675192619995,4.202150975238837,0.011243468453323382,True,True,1,5,0,-4
random_0981,random_cycle_chord,20260823,200,0.9,baseline,237b03a6236ff83b0e5299ac7fc023ee,0,,,10,12,3,3,0.05252803018117334,4.626858497087878,0.011352849933542212,True,True,1,3,0,-2
random_0982,random_cycle_chord,20260823,200,0.9,baseline,237b03a6236ff83b0e5299ac7fc023ee,0,,,10,12,3,3,0.05312522572942442,4.680856750839384,0.011349466253137925,True,True,1,3,0,-2
random_0983,random_cycle_chord,20260823,200,0.9,crossing_rich,e4dfd7b460148a3915f7aca370896702,5,5.0,13.430444130460875,8,12,5,3,0.04765292895626959,4.242412028175904,0.011232508450330497,True,True,1,5,0,-4
random_0984,random_cycle_chord,20260823,200,0.9,crossing_rich,fe65076eb841859796bf931b8ad6af1b,2,2.0,10.976990429437754,11,14,4,3,0.05830377680604219,5.070794775838429,0.011497956313249133,True,True,1,4,0,-3
random_0985,random_cycle_chord,20260823,200,0.9,baseline,e756644711763e07d0e3622d4415d4c4,0,,,11,13,3,3,0.04594971388524517,4.095671743191154,0.011219090973692955,True,True,1,3,0,-2
random_0986,random_cycle_chord,20260823,200,0.9,baseline,b73291eb7126cc5eaf4780776629388d,0,,,8,10,3,3,0.07230214295411401,6.133493302235253,0.011788085417451202,True,True,1,3,0,-2
random_0987,random_cycle_chord,20260823,200,0.9,crossing_rich,8d92d8721dbd33134985bb942b070fe4,5,5.0,13.087651018193238,9,13,5,3,0.04890105941167987,4.332972588404334,0.011285799393826361,True,True,1,5,0,-4
random_0988,random_cycle_chord,20260823,200,0.9,baseline,78d712f24f5cff365e8a82f9a84c6043,0,,,10,12,3,3,0.05291254864223255,4.655536722036525,0.011365509886706768,True,True,1,3,0,-2
random_0989,random_cycle_chord,20260823,200,0.9,crossing_rich,8d92d8721dbd33134985bb942b070fe4,5,5.0,13.491044400674651,9,13,5,3,0.04743887730204159,4.22271289295485,0.011234218026328131,True,True,1,5,0,-4
random_0990,random_cycle_chord,20260823,200,0.9,baseline,3ddc013bba7f8602e9b01edf73e915d5,0,,,9,11,3,3,0.06237602530373167,5.399844059360847,0.011551449378542761,True,True,1,3,0,-2
random_0991,random_cycle_chord,20260823,200,0.9,baseline,f2551d12306507df164d13e621c6cf57,0,,,10,12,3,3,0.05246354524463555,4.61982978494109,0.011356164120082302,True,True,1,3,0,-2
random_0992,random_cycle_chord,20260823,200,0.9,baseline,8603424a32f201376c6da364b388d315,0,,,11,13,3,3,0.045496389173083095,4.060345440926005,0.011205053815004262,True,True,1,3,0,-2
random_0993,random_cycle_chord,20260823,200,0.9,baseline,b73291eb7126cc5eaf4780776629388d,0,,,8,10,3,3,0.07234482516165038,6.127215414639943,0.011807129383568704,True,True,1,3,0,-2
random_0994,random_cycle_chord,20260823,200,0.9,crossing_rich,5abff9f8eb816c43fa70e71b5218041d,9,9.0,11.497601419595888,12,18,7,3,0.055663783831401456,4.880936873194078,0.01140432365292509,True,True,1,7,0,-6
random_0995,random_cycle_chord,20260823,200,0.9,baseline,56ff7b5b44056ba4d84195d67cb019a7,0,,,15,19,5,3,0.04531523885010962,4.047084219612363,0.011197009103618307,True,True,1,5,0,-4
random_0996,random_cycle_chord,20260823,200,0.9,crossing_rich,35e6984785cd33f6953165239be9a661,4,4.0,9.968869919586266,10,14,5,3,0.06419985466382348,5.530708168467236,0.011607890474108243,True,True,1,5,0,-4
random_0997,random_cycle_chord,20260823,200,0.9,baseline,3ddc013bba7f8602e9b01edf73e915d5,0,,,9,11,3,3,0.06181920479742089,5.342111798554812,0.011572053736154433,True,True,1,3,0,-2
random_0998,random_cycle_chord,20260823,200,0.9,crossing_rich,e4dfd7b460148a3915f7aca370896702,5,5.0,13.854830132077883,8,12,5,3,0.04619327656123459,4.118086091164315,0.011217171166077849,True,True,1,5,0,-4
random_0999,random_cycle_chord,20260823,200,0.9,baseline,19fca4749c1a57391a2f17cdb3a8fecb,0,,,11,13,3,3,0.06018928025589199,5.225615253402291,0.011518123194527953,True,True,1,3,0,-2
random_1000,random_cycle_chord,20260823,200,0.9,crossing_rich,0d9383c252bac8778d9583a2a6ee796c,6,6.0,10.621936505300793,11,16,6,3,0.060252666703535,5.220918066061958,0.011540626752065174,True,True,1,6,0,-5
random_1001,random_cycle_chord,20260823,200,0.9,baseline,b73291eb7126cc5eaf4780776629388d,0,,,8,10,3,3,0.07343287291018027,6.224188890947761,0.011797982708554755,True,True,1,3,0,-2
random_1002,random_cycle_chord,20260823,200,0.9,crossing_rich,e4dfd7b460148a3915f7aca370896702,5,5.0,13.677589742498403,8,12,5,3,0.04679186991633623,4.168124712400029,0.011226120412647924,True,True,1,5,0,-4
random_1003,random_cycle_chord,20260823,200,0.9,baseline,b73291eb7126cc5eaf4780776629388d,0,,,8,10,3,3,0.07304986833165206,6.18666945507813,0.011807624257619163,True,True,1,3,0,-2
random_1004,random_cycle_chord,20260823,200,0.9,crossing_rich,9000479d2e59a126b74cc6270d44f3d5,4,4.0,10.625135330205469,11,15,5,3,0.060234526912856155,5.221616929353188,0.01153560817038287,True,True,1,5,0,-4
random_1005,random_cycle_chord,20260823,200,0.9,crossing_rich,ef708e22c6afb49a267da2ce884548df,2,2.0,9.077085026713451,9,12,4,3,0.0705072165917262,6.006006290493096,0.011739451006458654,True,True,1,4,0,-3
random_1006,random_cycle_chord,20260823,200,0.9,baseline,8f34f4541eedc7b1aecfd95c1d8d238c,0,,,11,14,4,3,0.04532925527654896,4.049486880917459,0.011193826924135902,True,True,1,4,0,-3
random_1007,random_cycle_chord,20260823,200,0.9,baseline,4e9cca7c282396d17b6e561d68fe510e,0,,,10,13,4,3,0.05292258293807843,4.661473416471828,0.011353187760563146,True,True,1,4,0,-3
random_1008,random_cycle_chord,20260823,200,0.9,crossing_rich,35e6984785cd33f6953165239be9a661,4,4.0,9.99262535660845,10,14,5,3,0.06404723255002721,5.526060266160497,0.011590035118188674,True,True,1,5,0,-4
random_1009,random_cycle_chord,20260823,200,0.9,crossing_rich,74b2009f75f7aa39b3078aa9dd4b778d,2,2.0,8.921558569699567,9,12,4,3,0.07173634460840086,6.084930808930641,0.01178918000236189,True,True,1,4,0,-3
random_1010,random_cycle_chord,20260823,200,0.9,crossing_rich,e4dfd7b460148a3915f7aca370896702,5,5.0,13.325151416011913,8,12,5,3,0.04802947298827361,4.282942464923692,0.011214129860866423,True,True,1,5,0,-4
random_1011,random_cycle_chord,20260823,200,0.9,baseline,7e6bc2286a474f101d6d3fad2dea3b25,0,,,11,14,4,3,0.04537888320834221,4.04730665891885,0.011212118831752717,True,True,1,4,0,-3
random_1012,random_cycle_chord,20260823,200,0.9,crossing_rich,8d92d8721dbd33134985bb942b070fe4,5,5.0,13.53734427178757,9,13,5,3,0.04727662879445185,4.216118620256746,0.011213306135958025,True,True,1,5,0,-4
random_1013,random_cycle_chord,20260823,200,0.9,baseline,4e9cca7c282396d17b6e561d68fe510e,0,,,10,13,4,3,0.05282683391262466,4.653908501254964,0.011351068440296899,True,True,1,4,0,-3
random_1014,random_cycle_chord,20260823,200,0.9,baseline,7e6bc2286a474f101d6d3fad2dea3b25,0,,,11,14,4,3,0.04603181092150366,4.111501364459845,0.01119586419681297,True,True,1,4,0,-3
random_1015,random_cycle_chord,20260823,200,0.9,baseline,b73291eb7126cc5eaf4780776629388d,0,,,8,10,3,3,0.07271271285745289,6.1671443105822945,0.011790337503969878,True,True,1,3,0,-2
random_1016,random_cycle_chord,20260823,200,0.9,crossing_rich,5dacca6a7c6b589d3d4a90c9c02b5ff9,2,2.0,9.77984675221687,10,13,4,3,0.06544069822514617,5.622195598502815,0.011639705001116106,True,True,1,4,0,-3
random_1017,random_cycle_chord,20260823,200,0.9,crossing_rich,f61befc086c76698e58b129c58523394,3,3.0,10.754321707798114,10,14,5,3,0.059510959164995665,5.178264721783319,0.011492452078521965,True,True,1,5,0,-4
random_1018,random_cycle_chord,20260823,200,0.9,baseline,b73291eb7126cc5eaf4780776629388d,0,,,8,10,3,3,0.07237201021613447,6.137856809349076,0.011791088072614971,True,True,1,3,0,-2
random_1019,random_cycle_chord,20260823,200,0.9,baseline,3ddc013bba7f8602e9b01edf73e915d5,0,,,9,11,3,3,0.06252472251462021,5.396956329132226,0.011585182221526987,True,True,1,3,0,-2
random_1020,random_cycle_chord,20260823,200,0.9,crossing_rich,76f64aeb3bec290543374c9120128d8d,4,4.0,10.192271009894027,10,14,5,3,0.06279267882287741,5.424191370025576,0.011576412876926451,True,True,1,5,0,-4
random_1021,random_cycle_chord,20260823,200,0.9,baseline,5c25c6be641fc20f13f284ff50ca2a81,0,,,13,16,4,3,0.0517290538854881,4.566818812754861,0.01132715266500432,True,True,1,4,0,-3
random_1022,random_cycle_chord,20260823,200,0.9,baseline,3ddc013bba7f8602e9b01edf73e915d5,0,,,9,11,3,3,0.06265510798125756,5.412301404744875,0.011576426236411901,True,True,1,3,0,-2
random_1023,random_cycle_chord,20260823,200,0.9,baseline,3a351d58f4eb5873cb60bb786dd613d2,0,,,14,17,4,3,0.04839014365883303,4.293626613372345,0.011270226318265235,True,True,1,4,0,-3
random_1024,random_cycle_chord,20260823,200,0.9,baseline,8f34f4541eedc7b1aecfd95c1d8d238c,0,,,11,14,4,3,0.04512232596253207,4.03163342820655,0.011192070600179663,True,True,1,4,0,-3
random_1025,random_cycle_chord,20260823,200,0.9,baseline,7e6bc2286a474f101d6d3fad2dea3b25,0,,,11,14,4,3,0.04572511285089218,4.087115175426898,0.011187625229111927,True,True,1,4,0,-3
random_1026,random_cycle_chord,20260823,200,0.9,baseline,4ca7af1950eb0912a81fec832cb4eb96,0,,,10,12,3,3,0.06544476260194008,5.621324942711308,0.011642230838620479,True,True,1,3,0,-2
random_1027,random_cycle_chord,20260823,200,0.9,crossing_rich,9e29c665f19ef85c09f08031b7489ca3,6,6.0,10.627615925428675,11,16,6,3,0.0602204675527155,5.222913601239932,0.011530052409524642,True,True,1,6,0,-5
random_1028,random_cycle_chord,20260823,200,0.9,crossing_rich,e4dfd7b460148a3915f7aca370896702,4,4.0,8.122235184966698,8,12,5,3,0.07879604387528259,6.589928292207313,0.011957041166663388,True,True,1,5,0,-4
random_1029,random_cycle_chord,20260823,200,0.9,crossing_rich,ef708e22c6afb49a267da2ce884548df,2,2.0,9.328922832272061,9,12,4,3,0.06860384757241345,5.848433040039672,0.011730295465936989,True,True,1,4,0,-3
random_1030,random_cycle_chord,20260823,200,0.9,baseline,5ece6bdff7ea6a9025672e56fbda3d50,0,,,11,13,3,3,0.045510595541850746,4.0700424553753125,0.011181847865430696,True,True,1,3,0,-2
random_1031,random_cycle_chord,20260823,200,0.9,crossing_rich,f01bb47f0e11353dcd7e62b1e2f9df0e,4,4.0,8.919528198334241,9,13,5,3,0.07175267410663298,6.080276603972508,0.011800889791716689,True,True,1,5,0,-4
random_1032,random_cycle_chord,20260823,200,0.9,baseline,103a02ce2419501dbcecbb0b106c7128,0,,,9,11,3,3,0.062236592561572386,5.39267519138066,0.01154094959419172,True,True,1,3,0,-2
random_1033,random_cycle_chord,20260823,200,0.9,baseline,b73291eb7126cc5eaf4780776629388d,0,,,8,10,3,3,0.07344027404965894,6.20640588754778,0.011832979566645134,True,True,1,3,0,-2
random_1034,random_cycle_chord,20260823,200,0.9,baseline,237b03a6236ff83b0e5299ac7fc023ee,0,,,10,12,3,3,0.052676225917335145,4.645197655660665,0.011339932080854211,True,True,1,3,0,-2
random_1035,random_cycle_chord,20260823,200,0.9,baseline,237b03a6236ff83b0e5299ac7fc023ee,0,,,10,12,3,3,0.05305915750928997,4.6727730578689926,0.011354961358531602,True,True,1,3,0,-2
random_1036,random_cycle_chord,20260823,200,0.9,crossing_rich,d5fdeadb175aae8480364a69686816cc,8,8.0,13.249388669349736,14,20,7,3,0.04830411545557071,4.28997653344139,0.011259762163971903,True,True,1,7,0,-6
random_1037,random_cycle_chord,20260823,200,0.9,baseline,103a02ce2419501dbcecbb0b106c7128,0,,,9,11,3,3,0.062038599685482074,5.35814184969129,0.011578379487854814,True,True,1,3,0,-2
random_1038,random_cycle_chord,20260823,200,0.9,baseline,b73291eb7126cc5eaf4780776629388d,0,,,8,10,3,3,0.07323936553344326,6.206484718131017,0.01180045853000958,True,True,1,3,0,-2
random_1039,random_cycle_chord,20260823,200,0.9,crossing_rich,e4dfd7b460148a3915f7aca370896702,5,5.0,13.42908044767062,8,12,5,3,0.047657767968097405,4.239564245337103,0.01124119489886583,True,True,1,5,0,-4
random_1040,random_cycle_chord,20260823,200,0.9,baseline,7e6bc2286a474f101d6d3fad2dea3b25,0,,,11,14,4,3,0.045766057690051765,4.090819471841519,0.011187503629792237,True,True,1,4,0,-3
random_1041,random_cycle_chord,20260823,200,0.9,baseline,e756644711763e07d0e3622d4415d4c4,0,,,11,13,3,3,0.045565604589727825,4.068227137114943,0.011200359039451642,True,True,1,3,0,-2
random_1042,random_cycle_chord,20260823,200,0.9,crossing_rich,0d9383c252bac8778d9583a2a6ee796c,6,6.0,10.62177376372722,11,16,6,3,0.060253589865147124,5.221431877880347,0.011539667906116055,True,True,1,6,0,-5
random_1043,random_cycle_chord,20260823,200,0.9,crossing_rich,0d9383c252bac8778d9583a2a6ee796c,6,6.0,10.609785562071115,11,16,6,3,0.06032167156025601,5.223503055814694,0.01154812602112048,True,True,1,6,0,-5
random_1044,random_cycle_chord,20260823,200,0.9,crossing_rich,2c8b3e95d62a28423936c85308a28eeb,6,6.0,9.771722659100023,10,15,6,3,0.06549510483742527,5.617745130042095,0.011658610941100937,True,True,1,6,0,-5
random_1045,random_cycle_chord,20260823,200,0.9,crossing_rich,f01bb47f0e11353dcd7e62b1e2f9df0e,4,4.0,8.948425336684162,9,13,5,3,0.07152096328907316,6.0760651654322,0.011770934205243298,True,True,1,5,0,-4
random_1046,random_cycle_chord,20260823,200,0.9,baseline,4ca7af1950eb0912a81fec832cb4eb96,0,,,10,12,3,3,0.06546870218681676,5.618349423157615,0.011652657614524473,True,True,1,3,0,-2
random_1047,random_cycle_chord,20260823,200,0.9,crossing_rich,8d92d8721dbd33134985bb942b070fe4,5,5.0,13.046862854763711,9,13,5,3,0.049053937879504975,4.356987139361742,0.011258683193334125,True,True,1,5,0,-4
random_1048,random_cycle_chord,20260823,200,0.9,crossing_rich,3413ec26db867dbc204368c4635ec429,8,8.0,12.954017087195423,13,19,7,3,0.0494055238380546,4.372959733408069,0.011297959928743814,True,True,1,7,0,-6
random_1049,random_cycle_chord,20260823,200,0.9,crossing_rich,6cae8dd6dca8ab370494a907f81c49aa,2,2.0,8.140151668616657,8,11,4,3,0.07862261368758526,6.5886042352635155,0.011933121322841255,True,True,1,4,0,-3
random_1050,random_cycle_chord,20260823,200,0.9,baseline,e756644711763e07d0e3622d4415d4c4,0,,,11,13,3,3,0.04556381434493897,4.072239339443143,0.011188884185566947,True,True,1,3,0,-2
random_1051,random_cycle_chord,20260823,200,0.9,baseline,19fca4749c1a57391a2f17cdb3a8fecb,0,,,11,13,3,3,0.06018263285214196,5.225912821705058,0.011516195333795519,True,True,1,3,0,-2
random_1052,random_cycle_chord,20260823,200,0.9,baseline,237b03a6236ff83b0e5299ac7fc023ee,0,,,10,12,3,3,0.05337863886501476,4.6900248567935945,0.0113813125718715,True,True,1,3,0,-2
random_1053,random_cycle_chord,20260823,200,0.9,crossing_rich,9864390659db0a33d7b4bc27549e7f6e,3,3.0,10.282896651659712,10,14,5,3,0.06223927183948705,5.377289934438147,0.01157446829133832,True,True,1,5,0,-4
random_1054,random_cycle_chord,20260823,200,0.9,baseline,b7f57d3553d50f25c5be44b65115c3b8,0,,,13,15,3,3,0.05184075446337558,4.567296247013838,0.011350425209941175,True,True,1,3,0,-2
random_1055,random_cycle_chord,20260823,200,0.9,crossing_rich,b760840125e061ef715323aca4c53bb2,5,5.0,12.254974086052044,11,16,6,3,0.05222369264153841,4.6039942960218685,0.011343127137812239,True,True,1,6,0,-5
random_1056,random_cycle_chord,20260823,200,0.9,baseline,e756644711763e07d0e3622d4415d4c4,0,,,11,13,3,3,0.045639581364040165,4.080043393294701,0.011186052932438415,True,True,1,3,0,-2
random_1057,random_cycle_chord,20260823,200,0.9,baseline,c9b2747d4897680c32f2a02811ccda66,0,,,11,13,3,3,0.0601831751429269,5.232186895039514,0.011502489561293162,True,True,1,3,0,-2
random_1058,random_cycle_chord,20260823,200,0.9,crossing_rich,f01bb47f0e11353dcd7e62b1e2f9df0e,4,4.0,8.920136789903554,9,13,5,3,0.07174777865787861,6.082193463586837,0.01179636574986008,True,True,1,5,0,-4
random_1059,random_cycle_chord,20260823,200,0.9,baseline,3ddc013bba7f8602e9b01edf73e915d5,0,,,9,11,3,3,0.06257315990086036,5.40786827189897,0.01157076259161317,True,True,1,3,0,-2
random_1060,random_cycle_chord,20260823,200,0.9,baseline,8603424a32f201376c6da364b388d315,0,,,11,13,3,3,0.04511986425961676,4.032434558135118,0.01118923657882829,True,True,1,3,0,-2
random_1061,random_cycle_chord,20260823,200,0.9,crossing_rich,8d92d8721dbd33134985bb942b070fe4,5,5.0,13.478767364899463,9,13,5,3,0.04748208665331273,4.221495616382832,0.011247692990380866,True,True,1,5,0,-4
random_1062,random_cycle_chord,20260823,200,0.9,baseline,3ddc013bba7f8602e9b01edf73e915d5,0,,,9,11,3,3,0.0623021214984372,5.390812421950548,0.011557093184090894,True,True,1,3,0,-2
random_1063,random_cycle_chord,20260823,200,0.9,baseline,19fca4749c1a57391a2f17cdb3a8fecb,0,,,11,13,3,3,0.060225463710785784,5.219660196887189,0.011538196250150921,True,True,1,3,0,-2
random_1064,random_cycle_chord,20260823,200,0.9,baseline,237b03a6236ff83b0e5299ac7fc023ee,0,,,10,12,3,3,0.0532790537613143,4.68024482152966,0.011383817683259767,True,True,1,3,0,-2
random_1065,random_cycle_chord,20260823,200,0.9,baseline,4e9cca7c282396d17b6e561d68fe510e,0,,,10,13,4,3,0.05249009112737104,4.628996538250223,0.011339410322223416,True,True,1,4,0,-3
random_1066,random_cycle_chord,20260823,200,0.9,crossing_rich,0d9383c252bac8778d9583a2a6ee796c,6,6.0,10.609820545038627,11,16,6,3,0.060321472666121326,5.222882361471021,0.011549460334605703,True,True,1,6,0,-5
random_1067,random_cycle_chord,20260823,200,0.9,baseline,237b03a6236ff83b0e5299ac7fc023ee,0,,,10,12,3,3,0.052873271177948836,4.648453485021201,0.011374378887155347,True,True,1,3,0,-2
random_1068,random_cycle_chord,20260823,200,0.9,baseline,e756644711763e07d0e3622d4415d4c4,0,,,11,13,3,3,0.04627874280336793,4.13384845551073,0.011195074831946221,True,True,1,3,0,-2
random_1069,random_cycle_chord,20260823,200,0.9,baseline,c9b2747d4897680c32f2a02811ccda66,0,,,11,13,3,3,0.06025540052671852,5.223407622495467,0.011535649691059663,True,True,1,3,0,-2
random_1070,random_cycle_chord,20260823,200,0.9,crossing_rich,e4dfd7b460148a3915f7aca370896702,4,4.0,8.13278378487059,8,12,5,3,0.07869384173111689,6.584237965916564,0.011951852612022392,True,True,1,5,0,-4
random_1071,random_cycle_chord,20260823,200,0.9,baseline,7e6bc2286a474f101d6d3fad2dea3b25,0,,,11,14,4,3,0.04571151637646704,4.080227527944668,0.011203178269691565,True,True,1,4,0,-3
random_1072,random_cycle_chord,20260823,200,0.9,crossing_rich,6cae8dd6dca8ab370494a907f81c49aa,3,3.0,13.698559477134593,8,11,4,3,0.046720240990906915,4.168825240133584,0.011207051939027752,True,True,1,4,0,-3
random_1073,random_cycle_chord,20260823,200,0.9,crossing_rich,d3b9e56b5337f4aa08cbf81ed5c2928d,2,2.0,8.461159534244512,8,11,4,3,0.07563975095963546,6.3761981250699815,0.011862829459805295,True,True,1,4,0,-3
random_1074,random_cycle_chord,20260823,200,0.9,baseline,237b03a6236ff83b0e5299ac7fc023ee,0,,,10,12,3,3,0.05306688327786699,4.673938661280933,0.011353782564044937,True,True,1,3,0,-2
random_1075,random_cycle_chord,20260823,200,0.9,baseline,b73291eb7126cc5eaf4780776629388d,0,,,8,10,3,3,0.07243096950215928,6.135295884849907,0.011805619624803348,True,True,1,3,0,-2
random_1076,random_cycle_chord,20260823,200,0.9,baseline,19fca4749c1a57391a2f17cdb3a8fecb,0,,,11,13,3,3,0.06024216050472613,5.223320396279255,0.01153330753894374,True,True,1,3,0,-2
random_1077,random_cycle_chord,20260823,200,0.9,baseline,4ca7af1950eb0912a81fec832cb4eb96,0,,,10,12,3,3,0.06541350607691968,5.622669984767195,0.011633886792953598,True,True,1,3,0,-2
random_1078,random_cycle_chord,20260823,200,0.9,baseline,8f34f4541eedc7b1aecfd95c1d8d238c,0,,,11,14,4,3,0.04542417023220578,4.0574756997260115,0.011195179859061911,True,True,1,4,0,-3
random_1079,random_cycle_chord,20260823,200,0.9,crossing_rich,72ef74d557b06956ea26da6588bd6c40,2,2.0,9.784448799841943,10,13,4,3,0.06540991864665269,5.625257889738853,0.011627896876686888,True,True,1,4,0,-3
random_1080,random_cycle_chord,20260823,200,0.9,baseline,4e9cca7c282396d17b6e561d68fe510e,0,,,10,13,4,3,0.052948697518905345,4.655774448818468,0.011372693866719113,True,True,1,4,0,-3
random_1081,random_cycle_chord,20260823,200,0.9,baseline,8f34f4541eedc7b1aecfd95c1d8d238c,0,,,11,14,4,3,0.04518066192392725,4.038477681455387,0.011187547756273607,True,True,1,4,0,-3
random_1082,random_cycle_chord,20260823,200,0.9,crossing_rich,e4dfd7b460148a3915f7aca370896702,5,5.0,13.663259463125934,8,12,5,3,0.046840946095418605,4.176498662681881,0.011215362407261094,True,True,1,5,0,-4
random_1083,random_cycle_chord,20260823,200,0.9,baseline,fcb06304329c3a95c9fc63ab6e3f83f6,0,,,10,12,3,3,0.053172436335552596,4.673476199189524,0.011377491629201786,True,True,1,3,0,-2
random_1084,random_cycle_chord,20260823,200,0.9,crossing_rich,a06138db5cffcd0a50a7926fa26925ed,8,8.0,14.110756137706975,15,21,7,3,0.04535547165256314,4.045854011506745,0.011210357942616912,True,True,1,7,0,-6
random_1085,random_cycle_chord,20260823,200,0.9,baseline,3ddc013bba7f8602e9b01edf73e915d5,0,,,9,11,3,3,0.06271237919250529,5.4110457730010815,0.011589696672945286,True,True,1,3,0,-2
random_1086,random_cycle_chord,20260823,200,0.9,baseline,fcb06304329c3a95c9fc63ab6e3f83f6,0,,,10,12,3,3,0.05249044619937812,4.628171649607608,0.01134150808858363,True,True,1,3,0,-2
random_1087,random_cycle_chord,20260823,200,0.9,baseline,3548961aa89bcaeb30f82f691c1470c0,0,,,14,17,4,3,0.04833766616797962,4.2882513650298115,0.011272115847071754,True,True,1,4,0,-3
random_1088,random_cycle_chord,20260823,200,0.9,baseline,237b03a6236ff83b0e5299ac7fc023ee,0,,,10,12,3,3,0.05274361359304092,4.64862904535769,0.011346057747006687,True,True,1,3,0,-2
random_1089,random_cycle_chord,20260823,200,0.9,baseline,b73291eb7126cc5eaf4780776629388d,0,,,8,10,3,3,0.07231655407449107,6.124614340590667,0.011807527797336665,True,True,1,3,0,-2
random_1090,random_cycle_chord,20260823,200,0.9,baseline,103a02ce2419501dbcecbb0b106c7128,0,,,9,11,3,3,0.0618836695130144,5.355836334792019,0.011554436253216371,True,True,1,3,0,-2
random_1091,random_cycle_chord,20260823,200,0.9,baseline,f2551d12306507df164d13e621c6cf57,0,,,10,12,3,3,0.052877467879487876,4.649548520613088,0.011372602661325807,True,True,1,3,0,-2
random_1092,random_cycle_chord,20260823,200,0.9,baseline,b73291eb7126cc5eaf4780776629388d,0,,,8,10,3,3,0.07245685510176536,6.144612464169698,0.011791932448836093,True,True,1,3,0,-2
random_1093,random_cycle_chord,20260823,200,0.9,baseline,4e9cca7c282396d17b6e561d68fe510e,0,,,10,13,4,3,0.05335413481721451,4.687740181007886,0.011381632248599394,True,True,1,4,0,-3
random_1094,random_cycle_chord,20260823,200,0.9,crossing_rich,6cae8dd6dca8ab370494a907f81c49aa,2,2.0,8.140535014021868,8,11,4,3,0.07861891127519458,6.588136773001817,0.011933406057593531,True,True,1,4,0,-3
random_1095,random_cycle_chord,20260823,200,0.9,crossing_rich,d3b9e56b5337f4aa08cbf81ed5c2928d,2,2.0,8.107067162567862,8,11,4,3,0.0789434683549956,6.6026143024064785,0.011956395563833374,True,True,1,4,0,-3
random_1096,random_cycle_chord,20260823,200,0.9,crossing_rich,2c8b3e95d62a28423936c85308a28eeb,6,6.0,9.780898214946173,10,15,6,3,0.06543366324189093,5.619907881299059,0.011643191423053314,True,True,1,6,0,-5
random_1097,random_cycle_chord,20260823,200,0.9,crossing_rich,e4dfd7b460148a3915f7aca370896702,5,5.0,13.545717717761518,8,12,5,3,0.04724740418596014,4.20743836952952,0.011229494061785484,True,True,1,5,0,-4
random_1098,random_cycle_chord,20260823,200,0.9,crossing_rich,b9a7447ce037faba7523c9a69bab3e94,6,6.0,11.695411757829794,12,17,6,3,0.05472231446417743,4.8023399148055415,0.01139492735519811,True,True,1,6,0,-5
random_1099,random_cycle_chord,20260823,200,0.9,baseline,4e9cca7c282396d17b6e561d68fe510e,0,,,10,13,4,3,0.05287428721136876,4.64833584898577,0.01137488532006686,True,True,1,4,0,-3
random_1100,random_cycle_chord,20260823,200,0.9,baseline,b73291eb7126cc5eaf4780776629388d,0,,,8,10,3,3,0.07247771678989608,6.13909927842546,0.011805920299188413,True,True,1,3,0,-2
random_1101,random_cycle_chord,20260823,200,0.9,baseline,f2551d12306507df164d13e621c6cf57,0,,,10,12,3,3,0.05286028906047392,4.654403038559714,0.011357050221596478,True,True,1,3,0,-2
random_1102,random_cycle_chord,20260823,200,0.9,baseline,7e6bc2286a474f101d6d3fad2dea3b25,0,,,11,14,4,3,0.04540382865687938,4.055488576879521,0.011195649499724437,True,True,1,4,0,-3
random_1103,random_cycle_chord,20260823,200,0.9,crossing_rich,76f64aeb3bec290543374c9120128d8d,4,4.0,9.758593306294852,10,14,5,3,0.06558322290028865,5.625781019553049,0.011657620990285014,True,True,1,5,0,-4
random_1104,random_cycle_chord,20260823,200,0.9,baseline,3ddc013bba7f8602e9b01edf73e915d5,0,,,9,11,3,3,0.06238797250763938,5.384292374384374,0.011587032829875377,True,True,1,3,0,-2
random_1105,random_cycle_chord,20260823,200,0.9,crossing_rich,3fab4ef2f63da835bddba85944e4d7b7,3,3.0,12.196353026977633,11,15,5,3,0.05247470277257117,4.628762163555855,0.011336659979146489,True,True,1,5,0,-4
random_1106,random_cycle_chord,20260823,200,0.9,baseline,237b03a6236ff83b0e5299ac7fc023ee,0,,,10,12,3,3,0.05352323461883909,4.701596104375613,0.011384056271662056,True,True,1,3,0,-2
random_1107,random_cycle_chord,20260823,200,0.9,crossing_rich,c22a8c1df2a27af25fb58b2ace4e6c90,2,2.0,11.080271710703865,11,14,4,3,0.05776031641730783,5.044324622093027,0.011450554979021454,True,True,1,4,0,-3
random_1108,random_cycle_chord,20260823,200,0.9,baseline,8f34f4541eedc7b1aecfd95c1d8d238c,0,,,11,14,4,3,0.045119447341908245,4.032515494540895,0.011188908611260059,True,True,1,4,0,-3
random_1109,random_cycle_chord,20260823,200,0.9,baseline,b73291eb7126cc5eaf4780776629388d,0,,,8,10,3,3,0.07271396976928424,6.166401633088776,0.011791961357025899,True,True,1,3,0,-2
random_1110,random_cycle_chord,20260823,200,0.9,crossing_rich,8d92d8721dbd33134985bb942b070fe4,5,5.0,13.513775910483867,9,13,5,3,0.04735908041093783,4.207066476823138,0.011257031632811249,True,True,1,5,0,-4
random_1111,random_cycle_chord,20260823,200,0.9,crossing_rich,e4dfd7b460148a3915f7aca370896702,5,5.0,13.448686463050532,8,12,5,3,0.04758829063034238,4.238191312370799,0.011228443249231711,True,True,1,5,0,-4
random_1112,random_cycle_chord,20260823,200,0.9,crossing_rich,8d92d8721dbd33134985bb942b070fe4,5,5.0,13.745336988344238,9,13,5,3,0.04656124477287874,4.148978708418978,0.011222338807957272,True,True,1,5,0,-4
random_1113,random_cycle_chord,20260823,200,0.9,crossing_rich,8d92d8721dbd33134985bb942b070fe4,5,5.0,13.48042685783925,9,13,5,3,0.04747624142389986,4.219780623116093,0.011250879053717506,True,True,1,5,0,-4
random_1114,random_cycle_chord,20260823,200,0.9,baseline,b73291eb7126cc5eaf4780776629388d,0,,,8,10,3,3,0.0731036905597352,6.187479568600145,0.011814776881158118,True,True,1,3,0,-2
random_1115,random_cycle_chord,20260823,200,0.9,baseline,3ddc013bba7f8602e9b01edf73e915d5,0,,,9,11,3,3,0.06242024885691544,5.384954963940251,0.011591600909367982,True,True,1,3,0,-2
random_1116,random_cycle_chord,20260823,200,0.9,baseline,f2551d12306507df164d13e621c6cf57,0,,,10,12,3,3,0.05280592100625499,4.659891863109565,0.011332005668264023,True,True,1,3,0,-2
random_1117,random_cycle_chord,20260823,200,0.9,baseline,4ca7af1950eb0912a81fec832cb4eb96,0,,,10,12,3,3,0.06540922885393853,5.621679710602971,0.011635175289437267,True,True,1,3,0,-2
random_1118,random_cycle_chord,20260823,200,0.9,baseline,ac248208ae374e8a4f8aa20e84131332,0,,,14,17,4,3,0.04830212294255516,4.290636472220774,0.011257565924142404,True,True,1,4,0,-3
random_1119,random_cycle_chord,20260823,200,0.9,baseline,4ca7af1950eb0912a81fec832cb4eb96,0,,,10,12,3,3,0.06543089935964722,5.619853024872162,0.01164281326754726,True,True,1,3,0,-2
random_1120,random_cycle_chord,20260823,200,0.9,baseline,e756644711763e07d0e3622d4415d4c4,0,,,11,13,3,3,0.04558733563663455,4.07120771802165,0.011197496859429987,True,True,1,3,0,-2
random_1121,random_cycle_chord,20260823,200,0.9,crossing_rich,8d92d8721dbd33134985bb942b070fe4,5,5.0,13.553865220160416,9,13,5,3,0.04721900281611516,4.201629294256714,0.011238260091307841,True,True,1,5,0,-4
random_1122,random_cycle_chord,20260823,200,0.9,baseline,b73291eb7126cc5eaf4780776629388d,0,,,8,10,3,3,0.07259707858737727,6.152691393581853,0.011799239380526466,True,True,1,3,0,-2
random_1123,random_cycle_chord,20260823,200,0.9,crossing_rich,6cae8dd6dca8ab370494a907f81c49aa,3,3.0,13.734988060205575,8,11,4,3,0.046596327364439,4.14810217055787,0.01123316771104805,True,True,1,4,0,-3
random_1124,random_cycle_chord,20260823,200,0.9,baseline,4ca7af1950eb0912a81fec832cb4eb96,0,,,10,12,3,3,0.06558921525822085,5.628346283428152,0.011653372403780267,True,True,1,3,0,-2
random_1125,random_cycle_chord,20260823,200,0.9,crossing_rich,9e29c665f19ef85c09f08031b7489ca3,6,6.0,10.609973352960326,11,16,6,3,0.060320603898729994,5.223484228384635,0.011547963248543045,True,True,1,6,0,-5
random_1126,random_cycle_chord,20260823,200,0.9,baseline,8f34f4541eedc7b1aecfd95c1d8d238c,0,,,11,14,4,3,0.045358914205885885,4.051690023588878,0.011195060318486105,True,True,1,4,0,-3
random_1127,random_cycle_chord,20260823,200,0.9,baseline,b73291eb7126cc5eaf4780776629388d,0,,,8,10,3,3,0.072513699116219,6.143094076913457,0.011804100378135972,True,True,1,3,0,-2
random_1128,random_cycle_chord,20260823,200,0.9,crossing_rich,d3b9e56b5337f4aa08cbf81ed5c2928d,2,2.0,8.146345343173792,8,11,4,3,0.07856283683532841,6.575010566535224,0.011948701228738555,True,True,1,4,0,-3
random_1129,random_cycle_chord,20260823,200,0.9,crossing_rich,f01bb47f0e11353dcd7e62b1e2f9df0e,4,4.0,8.950839470264082,9,13,5,3,0.07150167334875884,6.082752070192239,0.011754822903130279,True,True,1,5,0,-4
random_1130,random_cycle_chord,20260823,200,0.9,crossing_rich,b760840125e061ef715323aca4c53bb2,5,5.0,12.165025291749252,11,16,6,3,0.05260983718908258,4.636593218978732,0.011346657924127871,True,True,1,6,0,-5
random_1131,random_cycle_chord,20260823,200,0.9,crossing_rich,6cae8dd6dca8ab370494a907f81c49aa,3,3.0,13.516451452421437,8,11,4,3,0.0473497058198175,4.222803785832456,0.011212859564698738,True,True,1,4,0,-3
random_1132,random_cycle_chord,20260823,200,0.9,baseline,3ddc013bba7f8602e9b01edf73e915d5,0,,,9,11,3,3,0.062353725315892485,5.395936971000245,0.011555680811507695,True,True,1,3,0,-2
random_1133,random_cycle_chord,20260823,200,0.9,baseline,b73291eb7126cc5eaf4780776629388d,0,,,8,10,3,3,0.0728466381961786,6.163009999399396,0.011819977284359061,True,True,1,3,0,-2
random_1134,random_cycle_chord,20260823,200,0.9,baseline,cbd8ea23fe0cce2b3ac0542bd6ba42a9,0,,,13,15,3,3,0.05173872382445881,4.567591419756412,0.011327353756001673,True,True,1,3,0,-2
random_1135,random_cycle_chord,20260823,200,0.9,crossing_rich,d3b9e56b5337f4aa08cbf81ed5c2928d,2,2.0,8.378193353269193,8,11,4,3,0.07638878371675085,6.419980030069067,0.011898601453426803,True,True,1,4,0,-3
random_1136,random_cycle_chord,20260823,200,0.9,baseline,efa81f8d435c5ba80e07756432e1f676,0,,,11,13,3,3,0.04556262453098492,4.073403328009313,0.01118539483131702,True,True,1,3,0,-2
random_1137,random_cycle_chord,20260823,200,0.9,baseline,19fca4749c1a57391a2f17cdb3a8fecb,0,,,11,13,3,3,0.06018034324643695,5.227990095707577,0.01151118157164219,True,True,1,3,0,-2
random_1138,random_cycle_chord,20260823,200,0.9,crossing_rich,424f7646e94f7765f921feee852c5612,2,2.0,10.160517663711039,10,13,4,3,0.06298891662634497,5.440353727504367,0.011578092120719445,True,True,1,4,0,-3
random_1139,random_cycle_chord,20260823,200,0.9,crossing_rich,8d92d8721dbd33134985bb942b070fe4,5,5.0,13.366298172156226,9,13,5,3,0.04788161926038767,4.253089718749662,0.011258078814867813,True,True,1,5,0,-4
random_1140,random_cycle_chord,20260823,200,0.9,crossing_rich,6cae8dd6dca8ab370494a907f81c49aa,3,3.0,13.520419356039293,8,11,4,3,0.047335809869989365,4.211299195157338,0.011240191607478713,True,True,1,4,0,-3
random_1141,random_cycle_chord,20260823,200,0.9,baseline,4e9cca7c282396d17b6e561d68fe510e,0,,,10,13,4,3,0.05312646214786395,4.68178301452286,0.011347484918259992,True,True,1,4,0,-3
random_1142,random_cycle_chord,20260823,200,0.9,crossing_rich,9864390659db0a33d7b4bc27549e7f6e,4,4.0,10.185504211793685,10,14,5,3,0.06283439549894358,5.427693491218722,0.01157662929946232,True,True,1,5,0,-4
random_1143,random_cycle_chord,20260823,200,0.9,baseline,19fca4749c1a57391a2f17cdb3a8fecb,0,,,11,13,3,3,0.060181563935810096,5.227282391545584,0.011512973554508086,True,True,1,3,0,-2
random_1144,random_cycle_chord,20260823,200,0.9,baseline,4e9cca7c282396d17b6e561d68fe510e,0,,,10,13,4,3,0.053088702081359386,4.666915627140159,0.011375543575852395,True,True,1,4,0,-3
random_1145,random_cycle_chord,20260823,200,0.9,baseline,103a02ce2419501dbcecbb0b106c7128,0,,,9,11,3,3,0.06201020270542937,5.362914283292836,0.011562780874311313,True,True,1,3,0,-2
random_1146,random_cycle_chord,20260823,200,0.9,crossing_rich,e4dfd7b460148a3915f7aca370896702,5,5.0,13.683787544842545,8,12,5,3,0.046770676459473214,4.1666351341818935,0.0112250472991455,True,True,1,5,0,-4
random_1147,random_cycle_chord,20260823,200,0.9,crossing_rich,f01bb47f0e11353dcd7e62b1e2f9df0e,4,4.0,8.949806715041063,9,13,5,3,0.07150992422265552,6.080548163627631,0.01176044039095202,True,True,1,5,0,-4
random_1148,random_cycle_chord,20260823,200,0.9,baseline,c9b2747d4897680c32f2a02811ccda66,0,,,11,13,3,3,0.06032057779242955,5.223710091741057,0.011547458938772149,True,True,1,3,0,-2
random_1149,random_cycle_chord,20260823,200,0.9,baseline,237b03a6236ff83b0e5299ac7fc023ee,0,,,10,12,3,3,0.0533259035752505,4.685567481796135,0.01138088476634401,True,True,1,3,0,-2
random_1150,random_cycle_chord,20260823,200,0.9,baseline,103a02ce2419501dbcecbb0b106c7128,0,,,9,11,3,3,0.061744572434503084,5.339796424706656,0.01156309483051033,True,True,1,3,0,-2
random_1151,random_cycle_chord,20260823,200,0.9,crossing_rich,03196bebf08fc35c7591560a92b3fae9,2,2.0,11.275873298474666,10,13,4,3,0.056758353260902235,4.965602718969444,0.011430304934399144,True,True,1,4,0,-3
random_1152,random_cycle_chord,20260823,200,0.9,crossing_rich,e7776783807ce23ed507aaa65b87c906,4,4.0,10.62446812774047,11,15,5,3,0.06023830956101803,5.224377090713646,0.011530237675242068,True,True,1,5,0,-4
random_1153,random_cycle_chord,20260823,200,0.9,crossing_rich,6cae8dd6dca8ab370494a907f81c49aa,3,3.0,13.418807364479727,8,11,4,3,0.04769425349186492,4.247926745999405,0.011227654416776894,True,True,1,4,0,-3
random_1154,random_cycle_chord,20260823,200,0.9,baseline,e756644711763e07d0e3622d4415d4c4,0,,,11,13,3,3,0.045475586123414,4.057045496526885,0.011209040214694236,True,True,1,3,0,-2
random_1155,random_cycle_chord,20260823,200,0.9,crossing_rich,6cae8dd6dca8ab370494a907f81c49aa,3,3.0,13.824983492738719,8,11,4,3,0.0462930028333232,4.12611363738825,0.011219517178064386,True,True,1,4,0,-3
random_1156,random_cycle_chord,20260823,200,0.9,crossing_rich,e4dfd7b460148a3915f7aca370896702,5,5.0,13.701634110674119,8,12,5,3,0.04670975701368456,4.166860673904986,0.01120981973460379,True,True,1,5,0,-4
random_1157,random_cycle_chord,20260823,200,0.9,crossing_rich,e4dfd7b460148a3915f7aca370896702,4,4.0,8.104664930779714,8,12,5,3,0.0789668672876805,6.60217574006046,0.011960733915113467,True,True,1,5,0,-4
random_1158,random_cycle_chord,20260823,200,0.9,crossing_rich,8d92d8721dbd33134985bb942b070fe4,5,5.0,13.521584273587521,9,13,5,3,0.04733173177422326,4.213970975760942,0.011232097241883893,True,True,1,5,0,-4
random_1159,random_cycle_chord,20260823,200,0.9,crossing_rich,e4dfd7b460148a3915f7aca370896702,5,5.0,13.830655800013172,8,12,5,3,0.04627401688352265,4.1256702436411725,0.01121612105447449,True,True,1,5,0,-4
random_1160,random_cycle_chord,20260823,200,0.9,crossing_rich,3766c050500c74590e361b5f3d5119d1,2,2.0,9.393625515952447,9,12,4,3,0.06813130871708042,5.823342578972144,0.01169969099243789,True,True,1,4,0,-3
random_1161,random_cycle_chord,20260823,200,0.9,baseline,3ddc013bba7f8602e9b01edf73e915d5,0,,,9,11,3,3,0.062387000422793736,5.38526534601016,0.01158475885854261,True,True,1,3,0,-2
random_1162,random_cycle_chord,20260823,200,0.9,baseline,3ddc013bba7f8602e9b01edf73e915d5,0,,,9,11,3,3,0.06188115131321544,5.355663086681038,0.011554339829013377,True,True,1,3,0,-2
random_1163,random_cycle_chord,20260823,200,0.9,baseline,3ddc013bba7f8602e9b01edf73e915d5,0,,,9,11,3,3,0.06263689886389948,5.402651437956673,0.01159373311108689,True,True,1,3,0,-2
random_1164,random_cycle_chord,20260823,200,0.9,baseline,b73291eb7126cc5eaf4780776629388d,0,,,8,10,3,3,0.0727047563861951,6.154351731213451,0.011813552354743288,True,True,1,3,0,-2
random_1165,random_cycle_chord,20260823,200,0.9,crossing_rich,e4dfd7b460148a3915f7aca370896702,5,5.0,13.542515305696114,8,12,5,3,0.047258576826626125,4.2047607960574025,0.011239302095600342,True,True,1,5,0,-4
random_1166,random_cycle_chord,20260823,200,0.9,crossing_rich,e4dfd7b460148a3915f7aca370896702,5,5.0,13.654597459182567,8,12,5,3,0.04687066037011637,4.180757920806061,0.011211043848499028,True,True,1,5,0,-4
random_1167,random_cycle_chord,20260823,200,0.9,crossing_rich,e4dfd7b460148a3915f7aca370896702,5,5.0,13.681962416853453,8,12,5,3,0.04677691551115851,4.1619768833011905,0.01123910988041242,True,True,1,5,0,-4
random_1168,random_cycle_chord,20260823,200,0.9,crossing_rich,35e6984785cd33f6953165239be9a661,4,4.0,10.065572363370464,10,14,5,3,0.06358307077787433,5.489933403899536,0.011581756298302427,True,True,1,5,0,-4
random_1169,random_cycle_chord,20260823,200,0.9,crossing_rich,cb26cc24301cc90da9033428f0e0387b,2,2.0,8.947597900815056,9,12,4,3,0.07152757724413399,6.084676605932151,0.011755362178887108,True,True,1,4,0,-3
random_1170,random_cycle_chord,20260823,200,0.9,baseline,b73291eb7126cc5eaf4780776629388d,0,,,8,10,3,3,0.07325586848351287,6.2041905288017825,0.011807482078997468,True,True,1,3,0,-2
random_1171,random_cycle_chord,20260823,200,0.9,baseline,c9b2747d4897680c32f2a02811ccda66,0,,,11,13,3,3,0.060323259134238534,5.226401885378074,0.011542024600711468,True,True,1,3,0,-2
random_1172,random_cycle_chord,20260823,200,0.9,crossing_rich,8d92d8721dbd33134985bb942b070fe4,5,5.0,13.014162770498531,9,13,5,3,0.049177193438121075,4.362204668775034,0.011273472285730852,True,True,1,5,0,-4
random_1173,random_cycle_chord,20260823,200,0.9,crossing_rich,35e6984785cd33f6953165239be9a661,4,4.0,10.277082730067582,10,14,5,3,0.062274481660788514,5.378226614725175,0.011578999198413417,True,True,1,5,0,-4
random_1174,random_cycle_chord,20260823,200,0.9,crossing_rich,6cae8dd6dca8ab370494a907f81c49aa,3,3.0,13.491448443229446,8,11,4,3,0.047437456600234636,4.221808155970755,0.011236289013546365,True,True,1,4,0,-3
random_1175,random_cycle_chord,20260823,200,0.9,crossing_rich,d529fcf3dbfcc602f5ab87bdbeb0e162,8,8.0,12.371816496036645,13,19,7,3,0.05173047953023117,4.566976263280145,0.011327074315266252,True,True,1,7,0,-6
random_1176,random_cycle_chord,20260823,200,0.9,baseline,4ca7af1950eb0912a81fec832cb4eb96,0,,,10,12,3,3,0.06544879605974072,5.6205895428475685,0.011644471733935277,True,True,1,3,0,-2
random_1177,random_cycle_chord,20260823,200,0.9,baseline,3ddc013bba7f8602e9b01edf73e915d5,0,,,9,11,3,3,0.06281832177448532,5.416805450682564,0.011596931502601717,True,True,1,3,0,-2
random_1178,random_cycle_chord,20260823,200,0.9,crossing_rich,d46e10eea0e92a62646448c1bc2d21e3,6,6.0,13.249743272895598,14,19,6,3,0.04830282269009839,4.293721144164207,0.011249641294416374,True,True,1,6,0,-5
random_1179,random_cycle_chord,20260823,200,0.9,crossing_rich,6cae8dd6dca8ab370494a907f81c49aa,2,2.0,8.133240707250236,8,11,4,3,0.07868942074092104,6.584042430846661,0.011951536091604766,True,True,1,4,0,-3
random_1180,random_cycle_chord,20260823,200,0.9,baseline,3ddc013bba7f8602e9b01edf73e915d5,0,,,9,11,3,3,0.061798279754607444,5.351287117530087,0.011548302006103298,True,True,1,3,0,-2
random_1181,random_cycle_chord,20260823,200,0.9,crossing_rich,07cadc4d29e0c123eb84295e0e6e93fb,3,3.0,12.033365575113779,11,15,5,3,0.05318545306423541,4.683324777372708,0.011356345244557616,True,True,1,5,0,-4
random_1182,random_cycle_chord,20260823,200,0.9,crossing_rich,6cae8dd6dca8ab370494a907f81c49aa,3,3.0,13.386685134311609,8,11,4,3,0.04780869898550214,4.2596514747886935,0.011223617535017641,True,True,1,4,0,-3
random_1183,random_cycle_chord,20260823,200,0.9,baseline,19fca4749c1a57391a2f17cdb3a8fecb,0,,,11,13,3,3,0.06032219890337201,5.227521814381216,0.011539349053967052,True,True,1,3,0,-2
random_1184,random_cycle_chord,20260823,200,0.9,crossing_rich,d1299e1ebf4274c638790f7cb6398f0a,5,5.0,14.02437246498305,12,17,6,3,0.04563484046063329,4.074501040724194,0.011200105240989763,True,True,1,6,0,-5
random_1185,random_cycle_chord,20260823,200,0.9,baseline,8f34f4541eedc7b1aecfd95c1d8d238c,0,,,11,14,4,3,0.04492065081078559,4.01210998671298,0.011196266044438113,True,True,1,4,0,-3
random_1186,random_cycle_chord,20260823,200,0.9,baseline,5c25c6be641fc20f13f284ff50ca2a81,0,,,13,16,4,3,0.051731102100641566,4.567364738805248,0.0113262472035841,True,True,1,4,0,-3
random_1187,random_cycle_chord,20260823,200,0.9,baseline,ac248208ae374e8a4f8aa20e84131332,0,,,14,17,4,3,0.04830190413391108,4.291687408352246,0.011254758219321514,True,True,1,4,0,-3
random_1188,random_cycle_chord,20260823,200,0.9,crossing_rich,295ae66acc3fd6ac0be2c27b4c39c752,6,6.0,13.249730355705758,14,19,6,3,0.048302869780621274,4.2975256709009875,0.011239693134978867,True,True,1,6,0,-5
random_1189,random_cycle_chord,20260823,200,0.9,crossing_rich,b497a8280ab5258c0901c20c694e809b,3,3.0,12.414340774595628,9,12,4,3,0.05155328113029399,4.555780153852421,0.01131601600369147,True,True,1,4,0,-3
random_1190,random_cycle_chord,20260823,200,0.9,crossing_rich,6cae8dd6dca8ab370494a907f81c49aa,3,3.0,13.42857032573052,8,11,4,3,0.047659578382197115,4.242480684868231,0.011233894016815633,True,True,1,4,0,-3
random_1191,random_cycle_chord,20260823,200,0.9,baseline,b73291eb7126cc5eaf4780776629388d,0,,,8,10,3,3,0.0734447751224561,6.2138823799912455,0.011819466580015887,True,True,1,3,0,-2
random_1192,random_cycle_chord,20260823,200,0.9,crossing_rich,8d92d8721dbd33134985bb942b070fe4,5,5.0,13.739179807724529,9,13,5,3,0.04658211108352881,4.148059248863632,0.011229856732709414,True,True,1,5,0,-4
random_1193,random_cycle_chord,20260823,200,0.9,baseline,b73291eb7126cc5eaf4780776629388d,0,,,8,10,3,3,0.0726075496446116,6.152004919030015,0.011802258060622555,True,True,1,3,0,-2
random_1194,random_cycle_chord,20260823,200,0.9,crossing_rich,0d9383c252bac8778d9583a2a6ee796c,6,6.0,10.617883470278661,11,16,6,3,0.0602756662183639,5.22290454666598,0.011540640974731318,True,True,1,6,0,-5
random_1195,random_cycle_chord,20260823,200,0.9,baseline,3ddc013bba7f8602e9b01edf73e915d5,0,,,9,11,3,3,0.06276884180238133,5.414206139863231,0.01159336016784299,True,True,1,3,0,-2
random_1196,random_cycle_chord,20260823,200,0.9,baseline,19fca4749c1a57391a2f17cdb3a8fecb,0,,,11,13,3,3,0.060250769657525766,5.2196916592043605,0.011542974871184213,True,True,1,3,0,-2
random_1197,random_cycle_chord,20260823,200,0.9,crossing_rich,7f8500c9edcde7a7b3bd82198a242149,2,2.0,11.154552010841094,11,14,4,3,0.05737567939779068,5.00159323035852,0.01147148053734828,True,True,1,4,0,-3
random_1198,random_cycle_chord,20260823,200,0.9,baseline,237b03a6236ff83b0e5299ac7fc023ee,0,,,10,12,3,3,0.053034166004220236,4.666761129315033,0.011364234108979212,True,True,1,3,0,-2
random_1199,random_cycle_chord,20260823,200,0.9,baseline,8f34f4541eedc7b1aecfd95c1d8d238c,0,,,11,14,4,3,0.04566527616837517,4.082579289613507,0.011185398477024619,True,True,1,4,0,-3
random_1200,random_cycle_chord,20260823,200,0.9,crossing_rich,f01bb47f0e11353dcd7e62b1e2f9df0e,4,4.0,8.949236366956347,9,13,5,3,0.0715144816560103,6.079088270852916,0.011764014350457291,True,True,1,5,0,-4
random_1201,random_cycle_chord,20260823,200,0.9,baseline,7e6bc2286a474f101d6d3fad2dea3b25,0,,,11,14,4,3,0.04575311609903424,4.094791938894302,0.01117348983337814,True,True,1,4,0,-3
random_1202,random_cycle_chord,20260823,200,0.9,baseline,237b03a6236ff83b0e5299ac7fc023ee,0,,,10,12,3,3,0.05270272269212189,4.646385214052645,0.011342736399196182,True,True,1,3,0,-2
random_1203,random_cycle_chord,20260823,200,0.9,baseline,5ece6bdff7ea6a9025672e56fbda3d50,0,,,11,13,3,3,0.04568020061337441,4.07213372690045,0.011217755524974964,True,True,1,3,0,-2
random_1204,random_cycle_chord,20260823,200,0.9,baseline,3ddc013bba7f8602e9b01edf73e915d5,0,,,9,11,3,3,0.06196351882214061,5.351988643515874,0.011577662612795645,True,True,1,3,0,-2
random_1205,random_cycle_chord,20260823,200,0.9,baseline,3ddc013bba7f8602e9b01edf73e915d5,0,,,9,11,3,3,0.061271657152953435,5.301072112459092,0.011558351943363845,True,True,1,3,0,-2
random_1206,random_cycle_chord,20260823,200,0.9,baseline,103a02ce2419501dbcecbb0b106c7128,0,,,9,11,3,3,0.062012682208213925,5.355950714870598,0.011578277230228803,True,True,1,3,0,-2
random_1207,random_cycle_chord,20260823,200,0.9,baseline,19fca4749c1a57391a2f17cdb3a8fecb,0,,,11,13,3,3,0.06017869104380174,5.230200042686186,0.011506001788202058,True,True,1,3,0,-2
random_1208,random_cycle_chord,20260823,200,0.9,baseline,3ddc013bba7f8602e9b01edf73e915d5,0,,,9,11,3,3,0.06208125155322413,5.356785241664788,0.011589273930632778,True,True,1,3,0,-2
random_1209,random_cycle_chord,20260823,200,0.9,baseline,b73291eb7126cc5eaf4780776629388d,0,,,8,10,3,3,0.07255237308009918,6.15856689853248,0.011780723385076425,True,True,1,3,0,-2
random_1210,random_cycle_chord,20260823,200,0.9,crossing_rich,748a628f2d4ade0213315cc4014b52e0,3,3.0,11.554636121995141,10,14,5,3,0.055389022487840237,4.845138109243405,0.011431876912274342,True,True,1,5,0,-4
random_1211,random_cycle_chord,20260823,200,0.9,baseline,56ff7b5b44056ba4d84195d67cb019a7,0,,,15,19,5,3,0.045301742990036344,4.043940928316725,0.01120237505766263,True,True,1,5,0,-4
random_1212,random_cycle_chord,20260823,200,0.9,crossing_rich,e4dfd7b460148a3915f7aca370896702,5,5.0,13.253345397566887,8,12,5,3,0.04828969447347945,4.28733476170523,0.011263336584958641,True,True,1,5,0,-4
random_1213,random_cycle_chord,20260823,200,0.9,baseline,4e9cca7c282396d17b6e561d68fe510e,0,,,10,13,4,3,0.053240997472693556,4.685398285043173,0.011363174320238813,True,True,1,4,0,-3
random_1214,random_cycle_chord,20260823,200,0.9,baseline,4e9cca7c282396d17b6e561d68fe510e,0,,,10,13,4,3,0.05252475045123452,4.627232950428097,0.0113512224290275,True,True,1,4,0,-3
random_1215,random_cycle_chord,20260823,200,0.9,baseline,237b03a6236ff83b0e5299ac7fc023ee,0,,,10,12,3,3,0.05295857616068834,4.662862502706698,0.011357524724339811,True,True,1,3,0,-2
random_1216,random_cycle_chord,20260823,200,0.9,crossing_rich,9864390659db0a33d7b4bc27549e7f6e,3,3.0,9.786294824931707,10,14,5,3,0.06539758013109585,5.628317686897609,0.01161938322766278,True,True,1,5,0,-4
random_1217,random_cycle_chord,20260823,200,0.9,crossing_rich,3766c050500c74590e361b5f3d5119d1,2,2.0,9.399987259239465,9,12,4,3,0.06808519866566087,5.80675382427925,0.011725173948477451,True,True,1,4,0,-3
random_1218,random_cycle_chord,20260823,200,0.9,crossing_rich,e4dfd7b460148a3915f7aca370896702,5,5.0,13.709143407459642,8,12,5,3,0.04668417135761763,4.1688629156002275,0.01119829850555211,True,True,1,5,0,-4
random_1219,random_cycle_chord,20260823,200,0.9,baseline,8f34f4541eedc7b1aecfd95c1d8d238c,0,,,11,14,4,3,0.045547286785295515,4.070768915478396,0.011188865723158544,True,True,1,4,0,-3
random_1220,random_cycle_chord,20260823,200,0.9,crossing_rich,e4dfd7b460148a3915f7aca370896702,5,5.0,13.45159223549574,8,12,5,3,0.04757801075111267,4.235929357332215,0.011232012325407915,True,True,1,5,0,-4
random_1221,random_cycle_chord,20260823,200,0.9,crossing_rich,cbd367df182ccb02b6db0d327f7ca73e,5,5.0,12.112746258064622,11,16,6,3,0.052836903074221536,4.653821705198749,0.011353443776154517,True,True,1,6,0,-5
random_1222,random_cycle_chord,20260823,200,0.9,baseline,8603424a32f201376c6da364b388d315,0,,,11,13,3,3,0.04590359475863355,4.100001938469529,0.011195993428180838,True,True,1,3,0,-2
random_1223,random_cycle_chord,20260823,200,0.9,baseline,3ddc013bba7f8602e9b01edf73e915d5,0,,,9,11,3,3,0.06239482513001826,5.4005688228466,0.011553380241366948,True,True,1,3,0,-2
random_1224,random_cycle_chord,20260823,200,0.9,baseline,103a02ce2419501dbcecbb0b106c7128,0,,,9,11,3,3,0.062036601167020373,5.354879563797972,0.011585060023837518,True,True,1,3,0,-2
random_1225,random_cycle_chord,20260823,200,0.9,baseline,ca62a37d3738941a9501a139c3aa3dc2,0,,,12,14,3,3,0.05565193602694738,4.876746378062576,0.011411693722128045,True,True,1,3,0,-2
random_1226,random_cycle_chord,20260823,200,0.9,baseline,4e9cca7c282396d17b6e561d68fe510e,0,,,10,13,4,3,0.053221878414725,4.68581041200916,0.011358094701894857,True,True,1,4,0,-3
random_1227,random_cycle_chord,20260823,200,0.9,baseline,4ca7af1950eb0912a81fec832cb4eb96,0,,,10,12,3,3,0.06539402549114497,5.628104153044649,0.011619192487006233,True,True,1,3,0,-2
random_1228,random_cycle_chord,20260823,200,0.9,baseline,b73291eb7126cc5eaf4780776629388d,0,,,8,10,3,3,0.07255671149766003,6.157893223942051,0.01178271672778567,True,True,1,3,0,-2
random_1229,random_cycle_chord,20260823,200,0.9,crossing_rich,8d92d8721dbd33134985bb942b070fe4,5,5.0,13.177208969842214,9,13,5,3,0.04856870688358397,4.315199317193573,0.011255263850748624,True,True,1,5,0,-4
random_1230,random_cycle_chord,20260823,200,0.9,crossing_rich,bb2c7ed8feef84917625e983562a84b2,5,5.0,13.97882868932422,10,14,5,3,0.04578352122512058,4.087860821866949,0.01119987279904774,True,True,1,5,0,-4
random_1231,random_cycle_chord,20260823,200,0.9,baseline,b73291eb7126cc5eaf4780776629388d,0,,,8,10,3,3,0.07283830187386817,6.172166078641061,0.011801092346806251,True,True,1,3,0,-2
random_1232,random_cycle_chord,20260823,200,0.9,crossing_rich,8d92d8721dbd33134985bb942b070fe4,5,5.0,13.174314327236349,9,13,5,3,0.048579378334466725,4.316784914673292,0.011253601764901314,True,True,1,5,0,-4
random_1233,random_cycle_chord,20260823,200,0.9,baseline,78d712f24f5cff365e8a82f9a84c6043,0,,,10,12,3,3,0.052504471507204824,4.626201960075073,0.011349368652801487,True,True,1,3,0,-2
random_1234,random_cycle_chord,20260823,200,0.9,baseline,b73291eb7126cc5eaf4780776629388d,0,,,8,10,3,3,0.07280257591302298,6.165365023073558,0.01180831558886832,True,True,1,3,0,-2
random_1235,random_cycle_chord,20260823,200,0.9,baseline,2226627352f2e0a6e64c2716162ef8cd,0,,,15,18,4,3,0.04535183601075969,4.046266397014704,0.011208316892881754,True,True,1,4,0,-3
random_1236,random_cycle_chord,20260823,200,0.9,crossing_rich,d3b9e56b5337f4aa08cbf81ed5c2928d,2,2.0,8.14056106249829,8,11,4,3,0.07861865970741676,6.5881059531401736,0.011933423698194128,True,True,1,4,0,-3
random_1237,random_cycle_chord,20260823,200,0.9,baseline,8f34f4541eedc7b1aecfd95c1d8d238c,0,,,11,14,4,3,0.04547701331253734,4.058619554023277,0.011205044648113505,True,True,1,4,0,-3
random_1238,random_cycle_chord,20260823,200,0.9,baseline,f2551d12306507df164d13e621c6cf57,0,,,10,12,3,3,0.05335926993935865,4.6932880976507665,0.011369272209406391,True,True,1,3,0,-2
random_1239,random_cycle_chord,20260823,200,0.9,crossing_rich,e4dfd7b460148a3915f7aca370896702,5,5.0,13.284421557169297,8,12,5,3,0.048176730710160785,4.29404102954156,0.011219438840644757,True,True,1,5,0,-4
random_1240,random_cycle_chord,20260823,200,0.9,baseline,19fca4749c1a57391a2f17cdb3a8fecb,0,,,11,13,3,3,0.060250630541052626,5.219546098622754,0.011543270123996136,True,True,1,3,0,-2
random_1241,random_cycle_chord,20260823,200,0.9,crossing_rich,5abff9f8eb816c43fa70e71b5218041d,7,7.0,14.087138985147666,12,18,7,3,0.045431510307008684,4.06066171278001,0.011188203677253717,True,True,1,7,0,-6
random_1242,random_cycle_chord,20260823,200,0.9,crossing_rich,4b515ee3d5d80da19bc67dc49bd87ed5,5,5.0,12.650366046339068,12,17,6,3,0.05059142143837109,4.471834781182768,0.011313347633337658,True,True,1,6,0,-5
random_1243,random_cycle_chord,20260823,200,0.9,crossing_rich,6cae8dd6dca8ab370494a907f81c49aa,3,3.0,13.363413269236283,8,11,4,3,0.04789195597754464,4.251497933659591,0.011264725215641903,True,True,1,4,0,-3
random_1244,random_cycle_chord,20260823,200,0.9,crossing_rich,9864390659db0a33d7b4bc27549e7f6e,3,3.0,9.783427126588077,10,14,5,3,0.0654167493373252,5.624052225823284,0.011631604172692243,True,True,1,5,0,-4
random_1245,random_cycle_chord,20260823,200,0.9,baseline,8f34f4541eedc7b1aecfd95c1d8d238c,0,,,11,14,4,3,0.0459222462716785,4.102989377397459,0.011192387317562872,True,True,1,4,0,-3
random_1246,random_cycle_chord,20260823,200,0.9,baseline,efa81f8d435c5ba80e07756432e1f676,0,,,11,13,3,3,0.04553664952796868,4.072668436313668,0.011181035294192938,True,True,1,3,0,-2
random_1247,random_cycle_chord,20260823,200,0.9,crossing_rich,e4dfd7b460148a3915f7aca370896702,5,5.0,13.684803860789694,8,12,5,3,0.046767202987377576,4.173011441886578,0.011207063205710882,True,True,1,5,0,-4
random_1248,random_cycle_chord,20260823,200,0.9,baseline,b73291eb7126cc5eaf4780776629388d,0,,,8,10,3,3,0.07314703941944516,6.1896781386673885,0.011817583690255243,True,True,1,3,0,-2
random_1249,random_cycle_chord,20260823,200,0.9,crossing_rich,6cae8dd6dca8ab370494a907f81c49aa,2,2.0,8.121767450481178,8,11,4,3,0.07880058175786392,6.586687686536239,0.011963612897411114,True,True,1,4,0,-3
random_1250,random_cycle_chord,20260823,200,0.9,crossing_rich,3766c050500c74590e361b5f3d5119d1,2,2.0,9.423395600611396,9,12,4,3,0.06791607050419027,5.812754442846708,0.011683973780755377,True,True,1,4,0,-3
random_1251,random_cycle_chord,20260823,200,0.9,baseline,7e6bc2286a474f101d6d3fad2dea3b25,0,,,11,14,4,3,0.04564975658140922,4.071479383633215,0.011212080985824205,True,True,1,4,0,-3
random_1252,random_cycle_chord,20260823,200,0.9,crossing_rich,e4dfd7b460148a3915f7aca370896702,5,5.0,13.587903271461057,8,12,5,3,0.047100717985254184,4.19674246406035,0.011223161389723263,True,True,1,5,0,-4
random_1253,random_cycle_chord,20260823,200,0.9,crossing_rich,6cae8dd6dca8ab370494a907f81c49aa,3,3.0,13.613829769935773,8,11,4,3,0.04701101826712641,4.190316348718329,0.011218966386990194,True,True,1,4,0,-3
random_1254,random_cycle_chord,20260823,200,0.9,crossing_rich,65f2954ff1721ff812e422a774904bc4,9,9.0,14.123073940556523,15,21,7,3,0.045315913709277136,4.046553486448215,0.01119864444175488,True,True,1,7,0,-6
random_1255,random_cycle_chord,20260823,200,0.9,baseline,b73291eb7126cc5eaf4780776629388d,0,,,8,10,3,3,0.07230116461988256,6.133165411131936,0.011788556116333193,True,True,1,3,0,-2
random_1256,random_cycle_chord,20260823,200,0.9,baseline,e756644711763e07d0e3622d4415d4c4,0,,,11,13,3,3,0.04608983002378343,4.1187580919815225,0.011190225061654386,True,True,1,3,0,-2
random_1257,random_cycle_chord,20260823,200,0.9,crossing_rich,9864390659db0a33d7b4bc27549e7f6e,3,3.0,9.783592017642858,10,14,5,3,0.06541564681416406,5.623562779990326,0.011632420473178499,True,True,1,5,0,-4
random_1258,random_cycle_chord,20260823,200,0.9,crossing_rich,b497a8280ab5258c0901c20c694e809b,3,3.0,12.634548392622738,9,12,4,3,0.05065475869115302,4.475244849111688,0.011318879837649044,True,True,1,4,0,-3
random_1259,random_cycle_chord,20260823,200,0.9,crossing_rich,8f0fcd64f35ed098799bcfa36390d34a,4,4.0,12.050214366117318,11,15,5,3,0.05311108836366813,4.680797676877272,0.011346589199108569,True,True,1,5,0,-4
random_1260,random_cycle_chord,20260823,200,0.9,crossing_rich,e4dfd7b460148a3915f7aca370896702,5,5.0,13.685446986513066,8,12,5,3,0.04676500523736759,4.168215373869654,0.011219431109662711,True,True,1,5,0,-4
random_1261,random_cycle_chord,20260823,200,0.9,baseline,8603424a32f201376c6da364b388d315,0,,,11,13,3,3,0.04513220487496075,4.031549271422972,0.01119475463065119,True,True,1,3,0,-2
random_1262,random_cycle_chord,20260823,200,0.9,crossing_rich,0ba4cef7d36938b0547a48dd8590384b,4,4.0,12.161351776553563,11,15,5,3,0.05262572876428802,4.632876630479052,0.011359190619942405,True,True,1,5,0,-4
random_1263,random_cycle_chord,20260823,200,0.9,baseline,19fca4749c1a57391a2f17cdb3a8fecb,0,,,11,13,3,3,0.06032347195263778,5.226241775781515,0.01154241891987808,True,True,1,3,0,-2
random_1264,random_cycle_chord,20260823,200,0.9,crossing_rich,e4dfd7b460148a3915f7aca370896702,5,5.0,13.506231884586652,8,12,5,3,0.0473855332463505,4.224444086728262,0.0112169867261871,True,True,1,5,0,-4
random_1265,random_cycle_chord,20260823,200,0.9,baseline,59b8a3996410db2fb3f2d81dd28a72be,0,,,15,18,4,3,0.04528212431790572,4.051183732154813,0.01117750448060283,True,True,1,4,0,-3
random_1266,random_cycle_chord,20260823,200,0.9,crossing_rich,6cae8dd6dca8ab370494a907f81c49aa,2,2.0,8.137926166467533,8,11,4,3,0.07864411484060045,6.585760729915873,0.01194153842901685,True,True,1,4,0,-3
random_1267,random_cycle_chord,20260823,200,0.9,baseline,7e6bc2286a474f101d6d3fad2dea3b25,0,,,11,14,4,3,0.0456001126671911,4.073125666213904,0.011195361106935307,True,True,1,4,0,-3
random_1268,random_cycle_chord,20260823,200,0.9,baseline,b73291eb7126cc5eaf4780776629388d,0,,,8,10,3,3,0.072774075277958,6.17280701719716,0.011789462245492648,True,True,1,3,0,-2
random_1269,random_cycle_chord,20260823,200,0.9,baseline,4e9cca7c282396d17b6e561d68fe510e,0,,,10,13,4,3,0.05277768835842943,4.650084181860897,0.011349835034020515,True,True,1,4,0,-3
random_1270,random_cycle_chord,20260823,200,0.9,baseline,7e6bc2286a474f101d6d3fad2dea3b25,0,,,11,14,4,3,0.04554093733519152,4.064333371561325,0.01120502015259069,True,True,1,4,0,-3
random_1271,random_cycle_chord,20260823,200,0.9,baseline,103a02ce2419501dbcecbb0b106c7128,0,,,9,11,3,3,0.062316643312715206,5.3832227978855265,0.011576084745590045,True,True,1,3,0,-2
random_1272,random_cycle_chord,20260823,200,0.9,crossing_rich,e4dfd7b460148a3915f7aca370896702,5,5.0,13.50569481294653,8,12,5,3,0.04738741759413202,4.222143141654302,0.011223545958596964,True,True,1,5,0,-4
random_1273,random_cycle_chord,20260823,200,0.9,crossing_rich,6cae8dd6dca8ab370494a907f81c49aa,3,3.0,13.698397522594997,8,11,4,3,0.04672079335881032,4.168293257811609,0.011208614766068345,True,True,1,4,0,-3
random_1274,random_cycle_chord,20260823,200,0.9,crossing_rich,6cae8dd6dca8ab370494a907f81c49aa,2,2.0,8.121859748723582,8,11,4,3,0.07879968625419582,6.5871647301629555,0.01196261054370906,True,True,1,4,0,-3
random_1275,random_cycle_chord,20260823,200,0.9,crossing_rich,cbd367df182ccb02b6db0d327f7ca73e,5,5.0,12.16729731650946,11,16,6,3,0.05260001324465066,4.6385721436217935,0.011339699290217487,True,True,1,6,0,-5
random_1276,random_cycle_chord,20260823,200,0.9,baseline,4ca7af1950eb0912a81fec832cb4eb96,0,,,10,12,3,3,0.06539917520821893,5.627651849917394,0.011621041413423416,True,True,1,3,0,-2
random_1277,random_cycle_chord,20260823,200,0.9,baseline,4e9cca7c282396d17b6e561d68fe510e,0,,,10,13,4,3,0.052492075596281614,4.629944232090394,0.011337517897614445,True,True,1,4,0,-3
random_1278,random_cycle_chord,20260823,200,0.9,baseline,8f34f4541eedc7b1aecfd95c1d8d238c,0,,,11,14,4,3,0.04548899136610082,4.0644756353942135,0.01119184747227273,True,True,1,4,0,-3
random_1279,random_cycle_chord,20260823,200,0.9,baseline,c9b2747d4897680c32f2a02811ccda66,0,,,11,13,3,3,0.06019033374855027,5.228637475597043,0.011511667050827101,True,True,1,3,0,-2
random_1280,random_cycle_chord,20260823,200,0.9,baseline,b73291eb7126cc5eaf4780776629388d,0,,,8,10,3,3,0.07236149509735422,6.127655958505895,0.011809000960131924,True,True,1,3,0,-2
random_1281,random_cycle_chord,20260823,200,0.9,baseline,7e6bc2286a474f101d6d3fad2dea3b25,0,,,11,14,4,3,0.045197561494007575,4.032620027458734,0.011207989145084434,True,True,1,4,0,-3
random_1282,random_cycle_chord,20260823,200,0.9,crossing_rich,6cae8dd6dca8ab370494a907f81c49aa,3,3.0,13.61359442339834,8,11,4,3,0.04701183097536689,4.188870561728432,0.011223032624805823,True,True,1,4,0,-3
random_1283,random_cycle_chord,20260823,200,0.9,baseline,8603424a32f201376c6da364b388d315,0,,,11,13,3,3,0.04562256209684401,4.0787836207030965,0.011185335222313077,True,True,1,3,0,-2
random_1284,random_cycle_chord,20260823,200,0.9,crossing_rich,6cae8dd6dca8ab370494a907f81c49aa,3,3.0,13.839999171696636,8,11,4,3,0.046242777334035264,4.122869943799433,0.011216162033823508,True,True,1,4,0,-3
random_1285,random_cycle_chord,20260823,200,0.9,crossing_rich,4b011076f0b1f9550e5fa13ae5b0a0c2,3,3.0,14.112070973236667,10,13,4,3,0.04535124583866893,4.049115565476232,0.011200284384408524,True,True,1,4,0,-3
random_1286,random_cycle_chord,20260823,200,0.9,baseline,5ece6bdff7ea6a9025672e56fbda3d50,0,,,11,13,3,3,0.045137565622022355,4.031507421315155,0.01119620055351346,True,True,1,3,0,-2
random_1287,random_cycle_chord,20260823,200,0.9,baseline,237b03a6236ff83b0e5299ac7fc023ee,0,,,10,12,3,3,0.053393817603294376,4.702941202336564,0.011353281979533723,True,True,1,3,0,-2
random_1288,random_cycle_chord,20260823,200,0.9,baseline,4ca7af1950eb0912a81fec832cb4eb96,0,,,10,12,3,3,0.0655103910065013,5.6219146237669495,0.011652683363342546,True,True,1,3,0,-2
random_1289,random_cycle_chord,20260823,200,0.9,baseline,bc0c53ec9fcf19b8932a465c5162b3af,0,,,12,15,4,3,0.05565770279907911,4.87863760994961,0.011408451959122658,True,True,1,4,0,-3
random_1290,random_cycle_chord,20260823,200,0.9,crossing_rich,8d92d8721dbd33134985bb942b070fe4,5,5.0,12.799252533769868,9,13,5,3,0.05000291996047488,4.4343669266836265,0.011276225171982115,True,True,1,5,0,-4
random_1291,random_cycle_chord,20260823,200,0.9,crossing_rich,d3b9e56b5337f4aa08cbf81ed5c2928d,2,2.0,8.416009076002654,8,11,4,3,0.0760455453672087,6.41078612306926,0.011862124848239477,True,True,1,4,0,-3
random_1292,random_cycle_chord,20260823,200,0.9,baseline,f2551d12306507df164d13e621c6cf57,0,,,10,12,3,3,0.05313554650567219,4.6853109365618995,0.01134087944751502,True,True,1,3,0,-2
random_1293,random_cycle_chord,20260823,200,0.9,crossing_rich,8d92d8721dbd33134985bb942b070fe4,5,5.0,13.009796718607628,9,13,5,3,0.04919369716858235,4.363471687437861,0.011273981061962122,True,True,1,5,0,-4
random_1294,random_cycle_chord,20260823,200,0.9,crossing_rich,226d48fcb25dc01375a006b884ac6d23,4,4.0,12.289840821793687,11,15,5,3,0.05207553208216352,4.599941930563782,0.011320910756754052,True,True,1,5,0,-4
random_1295,random_cycle_chord,20260823,200,0.9,crossing_rich,94dee43e3665152c8ed8e5faa960901f,4,4.0,12.561904012269324,12,17,6,3,0.05094769068247189,4.498170570826396,0.011326313638015702,True,True,1,6,0,-5
random_1296,random_cycle_chord,20260823,200,0.9,crossing_rich,d3b9e56b5337f4aa08cbf81ed5c2928d,2,2.0,8.14885348965064,8,11,4,3,0.07853865587506571,6.573105093551171,0.01194848625684069,True,True,1,4,0,-3
random_1297,random_cycle_chord,20260823,200,0.9,crossing_rich,e4dfd7b460148a3915f7aca370896702,4,4.0,8.123227689819778,8,12,5,3,0.07878641648836991,6.598616919403812,0.011939837916138387,True,True,1,5,0,-4
random_1298,random_cycle_chord,20260823,200,0.9,baseline,4ca7af1950eb0912a81fec832cb4eb96,0,,,10,12,3,3,0.06540954627864144,5.622142449130881,0.011634274099325428,True,True,1,3,0,-2
random_1299,random_cycle_chord,20260823,200,0.9,baseline,19fca4749c1a57391a2f17cdb3a8fecb,0,,,11,13,3,3,0.060321512050604785,5.228723626018584,0.011536565396273707,True,True,1,3,0,-2
random_1300,random_cycle_chord,20260823,200,0.9,baseline,bc0c53ec9fcf19b8932a465c5162b3af,0,,,12,15,4,3,0.05564895910406161,4.8753477804975285,0.011414356802743341,True,True,1,4,0,-3
random_1301,random_cycle_chord,20260823,200,0.9,baseline,3ddc013bba7f8602e9b01edf73e915d5,0,,,9,11,3,3,0.06259984334367427,5.413284792332709,0.011564114164534574,True,True,1,3,0,-2
random_1302,random_cycle_chord,20260823,200,0.9,baseline,237b03a6236ff83b0e5299ac7fc023ee,0,,,10,12,3,3,0.0526973187908632,4.6461480757262565,0.011342152237071327,True,True,1,3,0,-2
random_1303,random_cycle_chord,20260823,200,0.9,baseline,b73291eb7126cc5eaf4780776629388d,0,,,8,10,3,3,0.0726520512620584,6.1648999981452315,0.011784789904769982,True,True,1,3,0,-2
random_1304,random_cycle_chord,20260823,200,0.9,baseline,19fca4749c1a57391a2f17cdb3a8fecb,0,,,11,13,3,3,0.0601645222378512,5.22915460096969,0.011505592553468268,True,True,1,3,0,-2
random_1305,random_cycle_chord,20260823,200,0.9,crossing_rich,76f64aeb3bec290543374c9120128d8d,4,4.0,9.769571340442909,10,14,5,3,0.06550952725536731,5.622220799459513,0.011651895148206382,True,True,1,5,0,-4
random_1306,random_cycle_chord,20260823,200,0.9,baseline,7e6bc2286a474f101d6d3fad2dea3b25,0,,,11,14,4,3,0.045521275536211894,4.070177629456447,0.011184100469416378,True,True,1,4,0,-3
random_1307,random_cycle_chord,20260823,200,0.9,baseline,3a351d58f4eb5873cb60bb786dd613d2,0,,,14,17,4,3,0.04832468639465657,4.293571995607051,0.011255124275102352,True,True,1,4,0,-3
random_1308,random_cycle_chord,20260823,200,0.9,baseline,b73291eb7126cc5eaf4780776629388d,0,,,8,10,3,3,0.07282932546002167,6.161768414081359,0.01181954928614103,True,True,1,3,0,-2
random_1309,random_cycle_chord,20260823,200,0.9,crossing_rich,cbd367df182ccb02b6db0d327f7ca73e,5,5.0,12.112411605875277,11,16,6,3,0.05283836289790218,4.6443104295066675,0.011377009289087256,True,True,1,6,0,-5
random_1310,random_cycle_chord,20260823,200,0.9,crossing_rich,d86c5f9e478e64f89adb822abc677322,4,4.0,10.637150415508613,11,15,5,3,0.060166489614258085,5.2226740423038445,0.01152024597493686,True,True,1,5,0,-4
random_1311,random_cycle_chord,20260823,200,0.9,baseline,f2551d12306507df164d13e621c6cf57,0,,,10,12,3,3,0.05287754137617728,4.658574678149309,0.011350583607513124,True,True,1,3,0,-2
random_1312,random_cycle_chord,20260823,200,0.9,baseline,8e55376de66b216997aaf035ce2ec164,0,,,15,18,4,3,0.04528687248047139,4.046271984711403,0.011192246258181637,True,True,1,4,0,-3
random_1313,random_cycle_chord,20260823,200,0.9,crossing_rich,67bd3f475c31a95ddcf874e77304dbc0,2,2.0,9.75891243762274,10,13,4,3,0.065581078228826,5.625462497283216,0.011657899818992304,True,True,1,4,0,-3
random_1314,random_cycle_chord,20260823,200,0.9,baseline,e756644711763e07d0e3622d4415d4c4,0,,,11,13,3,3,0.04603225830314779,4.104170129520848,0.011215972255156475,True,True,1,3,0,-2
random_1315,random_cycle_chord,20260823,200,0.9,baseline,19fca4749c1a57391a2f17cdb3a8fecb,0,,,11,13,3,3,0.060320702532618516,5.225653901406607,0.011543187449972871,True,True,1,3,0,-2
random_1316,random_cycle_chord,20260823,200,0.9,baseline,5ece6bdff7ea6a9025672e56fbda3d50,0,,,11,13,3,3,0.04547519641033454,4.056254928827903,0.011211128789549496,True,True,1,3,0,-2
random_1317,random_cycle_chord,20260823,200,0.9,crossing_rich,6cae8dd6dca8ab370494a907f81c49aa,3,3.0,13.356722012745228,8,11,4,3,0.04791594819367359,4.268455473143895,0.011225594010561741,True,True,1,4,0,-3
random_1318,random_cycle_chord,20260823,200,0.9,crossing_rich,e4dfd7b460148a3915f7aca370896702,4,4.0,8.104396716386697,8,12,5,3,0.07896948069014824,6.602334550293299,0.011960842045885139,True,True,1,5,0,-4
random_1319,random_cycle_chord,20260823,200,0.9,baseline,b73291eb7126cc5eaf4780776629388d,0,,,8,10,3,3,0.07297854396598347,6.173651548151055,0.011820969064546539,True,True,1,3,0,-2
random_1320,random_cycle_chord,20260823,200,0.9,crossing_rich,b497a8280ab5258c0901c20c694e809b,3,3.0,12.872103466981095,9,12,4,3,0.04971992352622844,4.404135157895713,0.01128937276983673,True,True,1,4,0,-3
random_1321,random_cycle_chord,20260823,200,0.9,crossing_rich,d3b9e56b5337f4aa08cbf81ed5c2928d,2,2.0,8.346995408695932,8,11,4,3,0.07667429639810817,6.452155879574938,0.011883515809162287,True,True,1,4,0,-3
random_1322,random_cycle_chord,20260823,200,0.9,baseline,fcb06304329c3a95c9fc63ab6e3f83f6,0,,,10,12,3,3,0.05330240104130197,4.688561414669258,0.011368604637348458,True,True,1,3,0,-2
random_1323,random_cycle_chord,20260823,200,0.9,baseline,b73291eb7126cc5eaf4780776629388d,0,,,8,10,3,3,0.07297411701594207,6.171153007130344,0.011825037708775894,True,True,1,3,0,-2
random_1324,random_cycle_chord,20260823,200,0.9,baseline,b73291eb7126cc5eaf4780776629388d,0,,,8,10,3,3,0.07248875424915599,6.147314756109396,0.01179193796398897,True,True,1,3,0,-2
random_1325,random_cycle_chord,20260823,200,0.9,baseline,f2551d12306507df164d13e621c6cf57,0,,,10,12,3,3,0.0525441606905842,4.629009365780995,0.011351059489964779,True,True,1,3,0,-2
random_1326,random_cycle_chord,20260823,200,0.9,baseline,7c306ea22fa11127d6be2c859c9e00b5,0,,,13,16,4,3,0.051751698440925864,4.563421716772675,0.011340546995846242,True,True,1,4,0,-3
random_1327,random_cycle_chord,20260823,200,0.9,crossing_rich,18e5020b14cea3b8ce7dd9567b78df27,5,5.0,12.368802976207801,13,18,6,3,0.05174308308015592,4.569155373328429,0.011324430633765767,True,True,1,6,0,-5
random_1328,random_cycle_chord,20260823,200,0.9,crossing_rich,9864390659db0a33d7b4bc27549e7f6e,4,4.0,9.785569031036161,10,14,5,3,0.06540243065785542,5.626651593519174,0.011623685876194379,True,True,1,5,0,-4
random_1329,random_cycle_chord,20260823,200,0.9,baseline,bc0c53ec9fcf19b8932a465c5162b3af,0,,,12,15,4,3,0.055678627565591055,4.874949746688664,0.011421374672305303,True,True,1,4,0,-3
random_1330,random_cycle_chord,20260823,200,0.9,crossing_rich,ef708e22c6afb49a267da2ce884548df,2,2.0,9.205265322407103,9,12,4,3,0.06952542676223972,5.924535922874376,0.011735168402609403,True,True,1,4,0,-3
random_1331,random_cycle_chord,20260823,200,0.9,baseline,b73291eb7126cc5eaf4780776629388d,0,,,8,10,3,3,0.07252852228209825,6.15073041167343,0.011791855182670152,True,True,1,3,0,-2
random_1332,random_cycle_chord,20260823,200,0.9,crossing_rich,9864390659db0a33d7b4bc27549e7f6e,4,4.0,9.774019141363219,10,14,5,3,0.06547971625015017,5.617837739072898,0.011655679514331465,True,True,1,5,0,-4
random_1333,random_cycle_chord,20260823,200,0.9,crossing_rich,9864390659db0a33d7b4bc27549e7f6e,4,4.0,9.786879679899547,10,14,5,3,0.06539367203159169,5.625891904221019,0.011623698632127616,True,True,1,5,0,-4
random_1334,random_cycle_chord,20260823,200,0.9,baseline,f2551d12306507df164d13e621c6cf57,0,,,10,12,3,3,0.05280099854242516,4.65925712288434,0.011332492959679889,True,True,1,3,0,-2
random_1335,random_cycle_chord,20260823,200,0.9,crossing_rich,160f71c8722822d99555e73577ebdb55,8,8.0,13.332500872667461,13,19,7,3,0.048002997045516325,4.270048398874442,0.011241792261223458,True,True,1,7,0,-6
random_1336,random_cycle_chord,20260823,200,0.9,crossing_rich,35e6984785cd33f6953165239be9a661,4,4.0,10.23170429103192,10,14,5,3,0.06255067404175857,5.401955714794742,0.011579264500530121,True,True,1,5,0,-4
random_1337,random_cycle_chord,20260823,200,0.9,crossing_rich,e4dfd7b460148a3915f7aca370896702,5,5.0,13.366003952701343,8,12,5,3,0.047882673255580814,4.26475114029045,0.011227542166110957,True,True,1,5,0,-4
random_1338,random_cycle_chord,20260823,200,0.9,baseline,19fca4749c1a57391a2f17cdb3a8fecb,0,,,11,13,3,3,0.06032056548519311,5.224406715795914,0.011545916841201279,True,True,1,3,0,-2
random_1339,random_cycle_chord,20260823,200,0.9,baseline,b73291eb7126cc5eaf4780776629388d,0,,,8,10,3,3,0.07232130941353802,6.1262718181050095,0.011805109463116933,True,True,1,3,0,-2
random_1340,random_cycle_chord,20260823,200,0.9,crossing_rich,6cae8dd6dca8ab370494a907f81c49aa,2,2.0,8.133148488366063,8,11,4,3,0.07869031297233516,6.584079185449724,0.011951604887473757,True,True,1,4,0,-3
random_1341,random_cycle_chord,20260823,200,0.9,baseline,b73291eb7126cc5eaf4780776629388d,0,,,8,10,3,3,0.07341632800686071,6.227798763938517,0.01178848752017664,True,True,1,3,0,-2
random_1342,random_cycle_chord,20260823,200,0.9,crossing_rich,35e6984785cd33f6953165239be9a661,4,4.0,10.294888312249464,10,14,5,3,0.06216677447957258,5.373097898988723,0.01157000591619093,True,True,1,5,0,-4
random_1343,random_cycle_chord,20260823,200,0.9,crossing_rich,ef708e22c6afb49a267da2ce884548df,2,2.0,9.036634691196895,9,12,4,3,0.07082282529617588,6.0275133123931495,0.011749924326265246,True,True,1,4,0,-3
random_1344,random_cycle_chord,20260823,200,0.9,baseline,4e9cca7c282396d17b6e561d68fe510e,0,,,10,13,4,3,0.05263632815990738,4.629643777677888,0.01136941213786181,True,True,1,4,0,-3
random_1345,random_cycle_chord,20260823,200,0.9,crossing_rich,6cae8dd6dca8ab370494a907f81c49aa,3,3.0,13.32616485878773,8,11,4,3,0.048025820390324984,4.263380874091268,0.011264726706023328,True,True,1,4,0,-3
random_1346,random_cycle_chord,20260823,200,0.9,baseline,78d712f24f5cff365e8a82f9a84c6043,0,,,10,12,3,3,0.052585169234794144,4.631625961596342,0.011353500837677763,True,True,1,3,0,-2
random_1347,random_cycle_chord,20260823,200,0.9,crossing_rich,8d92d8721dbd33134985bb942b070fe4,5,5.0,12.77074863431122,9,13,5,3,0.05011452486665578,4.446480766751994,0.011270604213871991,True,True,1,5,0,-4
random_1348,random_cycle_chord,20260823,200,0.9,crossing_rich,e4dfd7b460148a3915f7aca370896702,5,5.0,13.34512862177734,8,12,5,3,0.04795757449318335,4.269896880239685,0.01123155332277985,True,True,1,5,0,-4
random_1349,random_cycle_chord,20260823,200,0.9,crossing_rich,cbd367df182ccb02b6db0d327f7ca73e,5,5.0,12.365339717153816,11,16,6,3,0.051757575177021634,4.57058601483515,0.011324056698425006,True,True,1,6,0,-5
random_1350,random_cycle_chord,20260823,200,0.9,baseline,5c25c6be641fc20f13f284ff50ca2a81,0,,,13,16,4,3,0.05173739717565645,4.571766034871494,0.01131672023043732,True,True,1,4,0,-3
random_1351,random_cycle_chord,20260823,200,0.9,baseline,5ece6bdff7ea6a9025672e56fbda3d50,0,,,11,13,3,3,0.04555718950581516,4.067752137395096,0.0111995981974922,True,True,1,3,0,-2
random_1352,random_cycle_chord,20260823,200,0.9,crossing_rich,cb26cc24301cc90da9033428f0e0387b,2,2.0,8.948127889624464,9,12,4,3,0.07152334073612124,6.072903113039322,0.011777454605286097,True,True,1,4,0,-3
random_1353,random_cycle_chord,20260823,200,0.9,baseline,b73291eb7126cc5eaf4780776629388d,0,,,8,10,3,3,0.0723195808960048,6.136929084786676,0.01178432729087315,True,True,1,3,0,-2
random_1354,random_cycle_chord,20260823,200,0.9,crossing_rich,e4dfd7b460148a3915f7aca370896702,5,5.0,13.390071494607515,8,12,5,3,0.0477966081254863,4.255721268353459,0.011231141588363195,True,True,1,5,0,-4
random_1355,random_cycle_chord,20260823,200,0.9,crossing_rich,8d92d8721dbd33134985bb942b070fe4,5,5.0,13.13462417189848,9,13,5,3,0.048726175307648285,4.3343001200934195,0.011241993853115567,True,True,1,5,0,-4
random_1356,random_cycle_chord,20260823,200,0.9,baseline,b73291eb7126cc5eaf4780776629388d,0,,,8,10,3,3,0.07269272911294505,6.154323521207067,0.011811652225050333,True,True,1,3,0,-2
random_1357,random_cycle_chord,20260823,200,0.9,baseline,b7f57d3553d50f25c5be44b65115c3b8,0,,,13,15,3,3,0.05176123102061872,4.562341766733957,0.011345320817048966,True,True,1,3,0,-2
random_1358,random_cycle_chord,20260823,200,0.9,baseline,19fca4749c1a57391a2f17cdb3a8fecb,0,,,11,13,3,3,0.06017708286690945,5.228978687305716,0.011508381744412176,True,True,1,3,0,-2
random_1359,random_cycle_chord,20260823,200,0.9,baseline,3a351d58f4eb5873cb60bb786dd613d2,0,,,14,17,4,3,0.04830200899050124,4.290800713913002,0.011257108453879262,True,True,1,4,0,-3
random_1360,random_cycle_chord,20260823,200,0.9,baseline,237b03a6236ff83b0e5299ac7fc023ee,0,,,10,12,3,3,0.05340858163957608,4.693801061773558,0.011378535420799361,True,True,1,3,0,-2
random_1361,random_cycle_chord,20260823,200,0.9,crossing_rich,72383d155c6a79ff9ad1728d0fc2e672,3,3.0,12.83354419030318,12,16,5,3,0.049869310496750675,4.409089726939582,0.011310568299857608,True,True,1,5,0,-4
random_1362,random_cycle_chord,20260823,200,0.9,baseline,b73291eb7126cc5eaf4780776629388d,0,,,8,10,3,3,0.07283507195581859,6.162273281867535,0.011819513452955016,True,True,1,3,0,-2
random_1363,random_cycle_chord,20260823,200,0.9,baseline,3a351d58f4eb5873cb60bb786dd613d2,0,,,14,17,4,3,0.04832477818998798,4.293456255462987,0.011255449063560298,True,True,1,4,0,-3
random_1364,random_cycle_chord,20260823,200,0.9,baseline,5c25c6be641fc20f13f284ff50ca2a81,0,,,13,16,4,3,0.05175245922884184,4.568214751100384,0.011328814875959103,True,True,1,4,0,-3
random_1365,random_cycle_chord,20260823,200,0.9,baseline,103a02ce2419501dbcecbb0b106c7128,0,,,9,11,3,3,0.06233760459167456,5.383619292387567,0.011579125715635182,True,True,1,3,0,-2
random_1366,random_cycle_chord,20260823,200,0.9,crossing_rich,f01bb47f0e11353dcd7e62b1e2f9df0e,4,4.0,8.92944064532213,9,13,5,3,0.0716730224681293,6.075358818581517,0.011797331582937453,True,True,1,5,0,-4
random_1367,random_cycle_chord,20260823,200,0.9,baseline,b73291eb7126cc5eaf4780776629388d,0,,,8,10,3,3,0.07305378049036079,6.186980886832165,0.011807662222755875,True,True,1,3,0,-2
random_1368,random_cycle_chord,20260823,200,0.9,baseline,4e9cca7c282396d17b6e561d68fe510e,0,,,10,13,4,3,0.05335588500838801,4.695623637412124,0.011362896417693683,True,True,1,4,0,-3
random_1369,random_cycle_chord,20260823,200,0.9,baseline,78d712f24f5cff365e8a82f9a84c6043,0,,,10,12,3,3,0.05304666170819145,4.664051925759152,0.011373514393186613,True,True,1,3,0,-2
random_1370,random_cycle_chord,20260823,200,0.9,crossing_rich,8d92d8721dbd33134985bb942b070fe4,5,5.0,13.12853597276875,9,13,5,3,0.0487487714797362,4.331884946837837,0.011253477891955908,True,True,1,5,0,-4
random_1371,random_cycle_chord,20260823,200,0.9,baseline,19fca4749c1a57391a2f17cdb3a8fecb,0,,,11,13,3,3,0.060165937330369006,5.225612629591909,0.011513661956046601,True,True,1,3,0,-2
random_1372,random_cycle_chord,20260823,200,0.9,crossing_rich,9864390659db0a33d7b4bc27549e7f6e,3,3.0,10.176232315513236,10,14,5,3,0.06289164596059262,5.428332479448499,0.011585813175353291,True,True,1,5,0,-4
random_1373,random_cycle_chord,20260823,200,0.9,baseline,b73291eb7126cc5eaf4780776629388d,0,,,8,10,3,3,0.07232762062553953,6.125183330018547,0.011808237685078484,True,True,1,3,0,-2
random_1374,random_cycle_chord,20260823,200,0.9,crossing_rich,6cae8dd6dca8ab370494a907f81c49aa,3,3.0,13.919160569507286,8,11,4,3,0.045979784255240824,4.099925138679742,0.011214786294865674,True,True,1,4,0,-3
random_1375,random_cycle_chord,20260823,200,0.9,baseline,0cc2dea1c592c810d97e1a2b8cd499ac,0,,,15,19,5,3,0.04528348628943661,4.050332964922342,0.011180188562671622,True,True,1,5,0,-4
random_1376,random_cycle_chord,20260823,200,0.9,baseline,19fca4749c1a57391a2f17cdb3a8fecb,0,,,11,13,3,3,0.06021522811691518,5.2268436783467624,0.011520380524554182,True,True,1,3,0,-2
random_1377,random_cycle_chord,20260823,200,0.9,baseline,237b03a6236ff83b0e5299ac7fc023ee,0,,,10,12,3,3,0.053240630176681306,4.69159698256543,0.011348082619741264,True,True,1,3,0,-2
random_1378,random_cycle_chord,20260823,200,0.9,baseline,4dd12823b4c3d089de2f1ce5c865f355,0,,,14,17,4,3,0.04832310584361083,4.294044190886065,0.011253518523673947,True,True,1,4,0,-3
random_1379,random_cycle_chord,20260823,200,0.9,crossing_rich,c3024cdf43e7f0d6ca675cff2f56acd5,4,4.0,10.626388554468766,11,15,5,3,0.060227423147524356,5.225332763670001,0.011526045492502522,True,True,1,5,0,-4
random_1380,random_cycle_chord,20260823,200,0.9,crossing_rich,e4dfd7b460148a3915f7aca370896702,5,5.0,13.468103554514938,8,12,5,3,0.04751968214451779,4.231715428264803,0.011229413449477399,True,True,1,5,0,-4
random_1381,random_cycle_chord,20260823,200,0.9,crossing_rich,9864390659db0a33d7b4bc27549e7f6e,4,4.0,9.784313740163922,10,14,5,3,0.0654108215451887,5.621732086531604,0.011635350197832834,True,True,1,5,0,-4
random_1382,random_cycle_chord,20260823,200,0.9,baseline,237b03a6236ff83b0e5299ac7fc023ee,0,,,10,12,3,3,0.05293443968245821,4.6590509619739615,0.011361635688146835,True,True,1,3,0,-2
random_1383,random_cycle_chord,20260823,200,0.9,crossing_rich,8d92d8721dbd33134985bb942b070fe4,5,5.0,13.180969211580706,9,13,5,3,0.04855485129558611,4.321181223430303,0.011236476506079417,True,True,1,5,0,-4
random_1384,random_cycle_chord,20260823,200,0.9,baseline,237b03a6236ff83b0e5299ac7fc023ee,0,,,10,12,3,3,0.052845567176483435,4.65178502843241,0.011360277152422863,True,True,1,3,0,-2
random_1385,random_cycle_chord,20260823,200,0.9,baseline,3548961aa89bcaeb30f82f691c1470c0,0,,,14,17,4,3,0.048301928947124505,4.291810451028717,0.011254441336184095,True,True,1,4,0,-3
random_1386,random_cycle_chord,20260823,200,0.9,baseline,3ddc013bba7f8602e9b01edf73e915d5,0,,,9,11,3,3,0.06233310936214686,5.393128546098165,0.011557875698557896,True,True,1,3,0,-2
random_1387,random_cycle_chord,20260823,200,0.9,baseline,3ddc013bba7f8602e9b01edf73e915d5,0,,,9,11,3,3,0.06260417923423299,5.408666923748513,0.011574789151712958,True,True,1,3,0,-2
random_1388,random_cycle_chord,20260823,200,0.9,crossing_rich,9864390659db0a33d7b4bc27549e7f6e,4,4.0,9.886523509066317,10,14,5,3,0.06473458535885701,5.579325505672918,0.011602582658609273,True,True,1,5,0,-4
random_1389,random_cycle_chord,20260823,200,0.9,baseline,103a02ce2419501dbcecbb0b106c7128,0,,,9,11,3,3,0.06220310414701513,5.3726848955219815,0.011577657234069337,True,True,1,3,0,-2
random_1390,random_cycle_chord,20260823,200,0.9,baseline,b73291eb7126cc5eaf4780776629388d,0,,,8,10,3,3,0.07304547802305487,6.179724499383998,0.011820183574581056,True,True,1,3,0,-2
random_1391,random_cycle_chord,20260823,200,0.9,crossing_rich,e4dfd7b460148a3915f7aca370896702,5,5.0,13.378549507234082,8,12,5,3,0.047837771923924764,4.26664419849857,0.011212036836996826,True,True,1,5,0,-4
random_1392,random_cycle_chord,20260823,200,0.9,crossing_rich,f61befc086c76698e58b129c58523394,3,3.0,11.465018939964118,10,14,5,3,0.05582197494407305,4.878853664427331,0.011441616982915865,True,True,1,5,0,-4
random_1393,random_cycle_chord,20260823,200,0.9,baseline,3ddc013bba7f8602e9b01edf73e915d5,0,,,9,11,3,3,0.06173985931975749,5.339768926354934,0.011562271733339355,True,True,1,3,0,-2
random_1394,random_cycle_chord,20260823,200,0.9,baseline,78d712f24f5cff365e8a82f9a84c6043,0,,,10,12,3,3,0.05294381737509656,4.660518466111135,0.011360070292624404,True,True,1,3,0,-2
random_1395,random_cycle_chord,20260823,200,0.9,baseline,ca62a37d3738941a9501a139c3aa3dc2,0,,,12,14,3,3,0.05566926225947679,4.876350678657189,0.01141617285711834,True,True,1,3,0,-2
random_1396,random_cycle_chord,20260823,200,0.9,crossing_rich,9864390659db0a33d7b4bc27549e7f6e,3,3.0,10.22941905836998,10,14,5,3,0.06256464774276065,5.397542816129303,0.011591320323722254,True,True,1,5,0,-4
random_1397,random_cycle_chord,20260823,200,0.9,crossing_rich,ef708e22c6afb49a267da2ce884548df,2,2.0,9.516465891404133,9,12,4,3,0.06725185665595544,5.766473534949141,0.01166256226589074,True,True,1,4,0,-3
random_1398,random_cycle_chord,20260823,200,0.9,baseline,5c25c6be641fc20f13f284ff50ca2a81,0,,,13,16,4,3,0.0518321384432187,4.5637005944312925,0.011357480047325012,True,True,1,4,0,-3
random_1399,random_cycle_chord,20260823,200,0.9,crossing_rich,f8e101deee8812cdf51fe0521efd7a68,4,4.0,9.782440879895656,10,14,5,3,0.0654233445269568,5.628169180334873,0.011624267578087294,True,True,1,5,0,-4
random_1400,random_cycle_chord,20260823,200,0.9,baseline,13d07bf53ced6b7924ec4c5f8f39b04c,0,,,15,18,4,3,0.04528559100296851,4.047297179375666,0.011189094597188497,True,True,1,4,0,-3
random_1401,random_cycle_chord,20260823,200,0.9,baseline,4ca7af1950eb0912a81fec832cb4eb96,0,,,10,12,3,3,0.06559216851332761,5.6265761259391445,0.011657563506684,True,True,1,3,0,-2
random_1402,random_cycle_chord,20260823,200,0.9,baseline,3ddc013bba7f8602e9b01edf73e915d5,0,,,9,11,3,3,0.061709187177633885,5.330481587432736,0.01157666266461193,True,True,1,3,0,-2
random_1403,random_cycle_chord,20260823,200,0.9,baseline,b7f57d3553d50f25c5be44b65115c3b8,0,,,13,15,3,3,0.0518392736931224,4.566445408156704,0.01135221579579726,True,True,1,3,0,-2
random_1404,random_cycle_chord,20260823,200,0.9,baseline,3ddc013bba7f8602e9b01edf73e915d5,0,,,9,11,3,3,0.06281021968151679,5.423039273411373,0.0115821067329291,True,True,1,3,0,-2
random_1405,random_cycle_chord,20260823,200,0.9,baseline,3a351d58f4eb5873cb60bb786dd613d2,0,,,14,17,4,3,0.048330513486789586,4.289553062593264,0.011267027772252622,True,True,1,4,0,-3
random_1406,random_cycle_chord,20260823,200,0.9,baseline,b73291eb7126cc5eaf4780776629388d,0,,,8,10,3,3,0.07277834111092696,6.170129470928539,0.011795269686613982,True,True,1,3,0,-2
random_1407,random_cycle_chord,20260823,200,0.9,baseline,4ca7af1950eb0912a81fec832cb4eb96,0,,,10,12,3,3,0.06559188818524027,5.626656142091948,0.011657347904123693,True,True,1,3,0,-2
random_1408,random_cycle_chord,20260823,200,0.9,baseline,19fca4749c1a57391a2f17cdb3a8fecb,0,,,11,13,3,3,0.060173654993273894,5.230430906018845,0.011504531093992638,True,True,1,3,0,-2
random_1409,random_cycle_chord,20260823,200,0.9,crossing_rich,3766c050500c74590e361b5f3d5119d1,2,2.0,9.432957931870238,9,12,4,3,0.06784722296255481,5.808748146349757,0.011680179834477814,True,True,1,4,0,-3
random_1410,random_cycle_chord,20260823,200,0.9,crossing_rich,8d92d8721dbd33134985bb942b070fe4,5,5.0,12.939844041251192,9,13,5,3,0.04945963784105365,4.38966236535554,0.011267298877335791,True,True,1,5,0,-4
random_1411,random_cycle_chord,20260823,200,0.9,baseline,c9b2747d4897680c32f2a02811ccda66,0,,,11,13,3,3,0.060187180851472274,5.219820256417116,0.011530508311561046,True,True,1,3,0,-2
random_1412,random_cycle_chord,20260823,200,0.9,crossing_rich,bb2c7ed8feef84917625e983562a84b2,5,5.0,14.251544326203234,10,14,5,3,0.04490741391606807,4.016910367590484,0.011179590731820455,True,True,1,5,0,-4
random_1413,random_cycle_chord,20260823,200,0.9,baseline,4e9cca7c282396d17b6e561d68fe510e,0,,,10,13,4,3,0.05268172291506952,4.634115795438936,0.011368236194469025,True,True,1,4,0,-3
random_1414,random_cycle_chord,20260823,200,0.9,baseline,8f34f4541eedc7b1aecfd95c1d8d238c,0,,,11,14,4,3,0.04520408284066812,4.035509452013963,0.011201580216373559,True,True,1,4,0,-3
random_1415,random_cycle_chord,20260823,200,0.9,baseline,78d712f24f5cff365e8a82f9a84c6043,0,,,10,12,3,3,0.05255178256580124,4.629099280395217,0.011352485523126335,True,True,1,3,0,-2
random_1416,random_cycle_chord,20260823,200,0.9,crossing_rich,e4dfd7b460148a3915f7aca370896702,5,5.0,13.630498619052348,8,12,5,3,0.0469535281053787,4.183989647526706,0.011222190316157801,True,True,1,5,0,-4
random_1417,random_cycle_chord,20260823,200,0.9,crossing_rich,6cae8dd6dca8ab370494a907f81c49aa,3,3.0,13.721156713622314,8,11,4,3,0.04664329789081196,4.155248505700643,0.011225152437169851,True,True,1,4,0,-3
random_1418,random_cycle_chord,20260823,200,0.9,baseline,b73291eb7126cc5eaf4780776629388d,0,,,8,10,3,3,0.0733117818647312,6.21476369156923,0.011796390901263689,True,True,1,3,0,-2
random_1419,random_cycle_chord,20260823,200,0.9,baseline,3ddc013bba7f8602e9b01edf73e915d5,0,,,9,11,3,3,0.06229260819660882,5.3812644847204645,0.011575830991671593,True,True,1,3,0,-2
random_1420,random_cycle_chord,20260823,200,0.9,baseline,19fca4749c1a57391a2f17cdb3a8fecb,0,,,11,13,3,3,0.0601718843322653,5.231416065388206,0.011502026139800094,True,True,1,3,0,-2
random_1421,random_cycle_chord,20260823,200,0.9,crossing_rich,748a628f2d4ade0213315cc4014b52e0,4,4.0,9.784113696659496,10,14,5,3,0.065412158918238,5.622162989083619,0.01163469629842585,True,True,1,5,0,-4
random_1422,random_cycle_chord,20260823,200,0.9,baseline,8e55376de66b216997aaf035ce2ec164,0,,,15,18,4,3,0.0453077745218719,4.046266493763457,0.011197427206464314,True,True,1,4,0,-3
random_1423,random_cycle_chord,20260823,200,0.9,baseline,f2551d12306507df164d13e621c6cf57,0,,,10,12,3,3,0.052664287335393745,4.6421857089437015,0.011344717906035076,True,True,1,3,0,-2
random_1424,random_cycle_chord,20260823,200,0.9,baseline,4ca7af1950eb0912a81fec832cb4eb96,0,,,10,12,3,3,0.06551009397862387,5.622019081298901,0.011652414022666131,True,True,1,3,0,-2
random_1425,random_cycle_chord,20260823,200,0.9,crossing_rich,6cae8dd6dca8ab370494a907f81c49aa,3,3.0,13.873140329444885,8,11,4,3,0.046132309253849285,4.115928357826961,0.011208239124503427,True,True,1,4,0,-3
random_1426,random_cycle_chord,20260823,200,0.9,crossing_rich,6cae8dd6dca8ab370494a907f81c49aa,2,2.0,8.13229567002468,8,11,4,3,0.07869856507542079,6.584481564126663,0.011952127788493402,True,True,1,4,0,-3
random_1427,random_cycle_chord,20260823,200,0.9,crossing_rich,e4dfd7b460148a3915f7aca370896702,5,5.0,13.644136009188147,8,12,5,3,0.046906597791829055,4.1843655784669656,0.01120996646019976,True,True,1,5,0,-4
random_1428,random_cycle_chord,20260823,200,0.9,baseline,8f34f4541eedc7b1aecfd95c1d8d238c,0,,,11,14,4,3,0.04533255457068427,4.045705083566362,0.011205106065398816,True,True,1,4,0,-3
random_1429,random_cycle_chord,20260823,200,0.9,baseline,b73291eb7126cc5eaf4780776629388d,0,,,8,10,3,3,0.07252736890851962,6.14338991906476,0.011805757059867824,True,True,1,3,0,-2
random_1430,random_cycle_chord,20260823,200,0.9,crossing_rich,9e66b0fa81952d5b2891447f79eb22f8,2,2.0,9.770226333117101,10,13,4,3,0.06550513551878116,5.618002747235533,0.011659861781131108,True,True,1,4,0,-3
random_1431,random_cycle_chord,20260823,200,0.9,crossing_rich,e4dfd7b460148a3915f7aca370896702,5,5.0,13.801702666989518,8,12,5,3,0.0463710902518377,4.135313888183339,0.011213439053403685,True,True,1,5,0,-4
random_1432,random_cycle_chord,20260823,200,0.9,crossing_rich,8d92d8721dbd33134985bb942b070fe4,5,5.0,13.365548595274257,9,13,5,3,0.047884304593848764,4.252861998473589,0.011259313048726974,True,True,1,5,0,-4
random_1433,random_cycle_chord,20260823,200,0.9,baseline,3ddc013bba7f8602e9b01edf73e915d5,0,,,9,11,3,3,0.06235749826803522,5.383022294156927,0.011584105519258576,True,True,1,3,0,-2
random_1434,random_cycle_chord,20260823,200,0.9,baseline,b73291eb7126cc5eaf4780776629388d,0,,,8,10,3,3,0.07262360527896859,6.151975611207458,0.01180492412009329,True,True,1,3,0,-2
random_1435,random_cycle_chord,20260823,200,0.9,baseline,5c25c6be641fc20f13f284ff50ca2a81,0,,,13,16,4,3,0.05180437729636861,4.562335435752965,0.011354793619601284,True,True,1,4,0,-3
random_1436,random_cycle_chord,20260823,200,0.9,crossing_rich,e4dfd7b460148a3915f7aca370896702,5,5.0,13.577653939541856,8,12,5,3,0.04713627279423762,4.200345759804408,0.011221998256741738,True,True,1,5,0,-4
random_1437,random_cycle_chord,20260823,200,0.9,crossing_rich,565430818990d315157d01c9aad8a428,4,4.0,11.500661009540519,12,16,5,3,0.05564897526055936,4.875453018370223,0.011414113734842598,True,True,1,5,0,-4
random_1438,random_cycle_chord,20260823,200,0.9,baseline,3ddc013bba7f8602e9b01edf73e915d5,0,,,9,11,3,3,0.06238711134408328,5.3833817555420875,0.011588832852111399,True,True,1,3,0,-2
random_1439,random_cycle_chord,20260823,200,0.9,crossing_rich,e4dfd7b460148a3915f7aca370896702,5,5.0,13.508433453810296,8,12,5,3,0.04737781047583105,4.22036275105163,0.011226004320132302,True,True,1,5,0,-4
random_1440,random_cycle_chord,20260823,200,0.9,baseline,db66966f42fa5c2f6d83cadf8fe17186,0,,,15,19,5,3,0.04535346362527428,4.045944010325334,0.011209612270839955,True,True,1,5,0,-4
random_1441,random_cycle_chord,20260823,200,0.9,baseline,36e1f5945e20d9ab08e180f10c149151,0,,,15,18,4,3,0.04534679633687792,4.047797417640375,0.011202832468654621,True,True,1,4,0,-3
random_1442,random_cycle_chord,20260823,200,0.9,baseline,f2551d12306507df164d13e621c6cf57,0,,,10,12,3,3,0.05254751225559142,4.625457784836549,0.011360499803469357,True,True,1,3,0,-2
random_1443,random_cycle_chord,20260823,200,0.9,baseline,b73291eb7126cc5eaf4780776629388d,0,,,8,10,3,3,0.07245735537220599,6.145816240065907,0.011789704173034137,True,True,1,3,0,-2
random_1444,random_cycle_chord,20260823,200,0.9,baseline,5c25c6be641fc20f13f284ff50ca2a81,0,,,13,16,4,3,0.05175756733274148,4.567491480421596,0.011331727175540143,True,True,1,4,0,-3
random_1445,random_cycle_chord,20260823,200,0.9,crossing_rich,81fe6e12228ca2916c7cff1c6f217b6f,6,6.0,14.329298295293558,12,17,6,3,0.044663736270338324,4.000073307645719,0.01116572943425019,True,True,1,6,0,-5
random_1446,random_cycle_chord,20260823,200,0.9,crossing_rich,8d92d8721dbd33134985bb942b070fe4,5,5.0,13.302718673760008,9,13,5,3,0.04811046641634377,4.279322562890153,0.011242542647650077,True,True,1,5,0,-4
random_1447,random_cycle_chord,20260823,200,0.9,crossing_rich,f01bb47f0e11353dcd7e62b1e2f9df0e,4,4.0,8.944871202431116,9,13,5,3,0.07154938126175088,6.079057110647355,0.011769815607824028,True,True,1,5,0,-4
random_1448,random_cycle_chord,20260823,200,0.9,crossing_rich,9c7f5e8c613a6d0a76a47b4baf7c299a,4,4.0,14.21607651957961,12,16,5,3,0.04501945379363544,4.02231626932438,0.011192420182612161,True,True,1,5,0,-4
random_1449,random_cycle_chord,20260823,200,0.9,baseline,3ddc013bba7f8602e9b01edf73e915d5,0,,,9,11,3,3,0.06236030947649784,5.382205446234628,0.011586385934064426,True,True,1,3,0,-2
random_1450,random_cycle_chord,20260823,200,0.9,crossing_rich,e4dfd7b460148a3915f7aca370896702,5,5.0,13.749835464938842,8,12,5,3,0.04654601152369838,4.153499330467042,0.011206456970456401,True,True,1,5,0,-4
random_1451,random_cycle_chord,20260823,200,0.9,baseline,f2551d12306507df164d13e621c6cf57,0,,,10,12,3,3,0.0528032809599178,4.644777333389227,0.011368312659540991,True,True,1,3,0,-2
random_1452,random_cycle_chord,20260823,200,0.9,baseline,b73291eb7126cc5eaf4780776629388d,0,,,8,10,3,3,0.07316225960073464,6.196210189325746,0.011807581951750405,True,True,1,3,0,-2
random_1453,random_cycle_chord,20260823,200,0.9,baseline,b73291eb7126cc5eaf4780776629388d,0,,,8,10,3,3,0.07282348914060237,6.161359383458903,0.011819386698349067,True,True,1,3,0,-2
random_1454,random_cycle_chord,20260823,200,0.9,baseline,b73291eb7126cc5eaf4780776629388d,0,,,8,10,3,3,0.0734402348478374,6.216280416860318,0.01181417663344894,True,True,1,3,0,-2
random_1455,random_cycle_chord,20260823,200,0.9,baseline,f2551d12306507df164d13e621c6cf57,0,,,10,12,3,3,0.05263539629291668,4.642885039244364,0.011336786469622164,True,True,1,3,0,-2
random_1456,random_cycle_chord,20260823,200,0.9,baseline,f2551d12306507df164d13e621c6cf57,0,,,10,12,3,3,0.05321442544696304,4.679263232865745,0.01137239407118643,True,True,1,3,0,-2
random_1457,random_cycle_chord,20260823,200,0.9,crossing_rich,6cae8dd6dca8ab370494a907f81c49aa,3,3.0,13.952709238448715,8,11,4,3,0.04586922790854031,4.091113150853247,0.011211918667899412,True,True,1,4,0,-3
random_1458,random_cycle_chord,20260823,200,0.9,baseline,3ddc013bba7f8602e9b01edf73e915d5,0,,,9,11,3,3,0.06199092735436478,5.367129023928927,0.011550109393305632,True,True,1,3,0,-2
random_1459,random_cycle_chord,20260823,200,0.9,baseline,b368b74748fda659bbd4e4bd3936498d,0,,,13,15,3,3,0.0517312963474562,4.567780972978098,0.01132525763680137,True,True,1,3,0,-2
random_1460,random_cycle_chord,20260823,200,0.9,baseline,3ddc013bba7f8602e9b01edf73e915d5,0,,,9,11,3,3,0.06231301025783691,5.3948165150608025,0.011550533754739684,True,True,1,3,0,-2
random_1461,random_cycle_chord,20260823,200,0.9,crossing_rich,76f64aeb3bec290543374c9120128d8d,4,4.0,10.211755748893198,10,14,5,3,0.06267286603181499,5.4044207994924145,0.01159659255950263,True,True,1,5,0,-4
random_1462,random_cycle_chord,20260823,200,0.9,baseline,8e55376de66b216997aaf035ce2ec164,0,,,15,18,4,3,0.045306245351367604,4.048996147700448,0.011189500730223822,True,True,1,4,0,-3
random_1463,random_cycle_chord,20260823,200,0.9,crossing_rich,8d92d8721dbd33134985bb942b070fe4,5,5.0,13.737777193695836,9,13,5,3,0.046586867072912735,4.1453365279357595,0.011238379986512568,True,True,1,5,0,-4
random_1464,random_cycle_chord,20260823,200,0.9,crossing_rich,0ea767070aaa9d39f9740b10ad5b57da,3,3.0,11.263805249460457,11,15,5,3,0.056819164201250404,4.97101636095451,0.011430089960585095,True,True,1,5,0,-4
random_1465,random_cycle_chord,20260823,200,0.9,crossing_rich,b497a8280ab5258c0901c20c694e809b,3,3.0,12.903205615997194,9,12,4,3,0.04960007761222823,4.396045551803954,0.011282885272167944,True,True,1,4,0,-3
random_1466,random_cycle_chord,20260823,200,0.9,crossing_rich,72ba22311784c5d2ff057e1839039143,6,6.0,12.369336977272697,13,18,6,3,0.05174084926103396,4.5681580947200295,0.011326413882399798,True,True,1,6,0,-5
random_1467,random_cycle_chord,20260823,200,0.9,baseline,4e9cca7c282396d17b6e561d68fe510e,0,,,10,13,4,3,0.05293706441820548,4.6658942009816196,0.011345534668803352,True,True,1,4,0,-3
random_1468,random_cycle_chord,20260823,200,0.9,baseline,78d712f24f5cff365e8a82f9a84c6043,0,,,10,12,3,3,0.05266728723787193,4.6448650615675815,0.011338819651328559,True,True,1,3,0,-2
random_1469,random_cycle_chord,20260823,200,0.9,baseline,f4c63b03cb04e53779a197f375d70184,0,,,12,14,3,3,0.055774384944753674,4.8747863315799105,0.011441400945808693,True,True,1,3,0,-2
random_1470,random_cycle_chord,20260823,200,0.9,crossing_rich,8d581796e28242a4a10f54d71e8ef107,3,3.0,13.2935477068592,12,16,5,3,0.048143656916337915,4.274741109558254,0.011262356171392335,True,True,1,5,0,-4
random_1471,random_cycle_chord,20260823,200,0.9,crossing_rich,e4dfd7b460148a3915f7aca370896702,5,5.0,13.578227150878359,8,12,5,3,0.04713428291399582,4.200164056164146,0.011222009970020506,True,True,1,5,0,-4
random_1472,random_cycle_chord,20260823,200,0.9,baseline,8603424a32f201376c6da364b388d315,0,,,11,13,3,3,0.045287351883556724,4.0458173159317745,0.011193622535852633,True,True,1,3,0,-2
random_1473,random_cycle_chord,20260823,200,0.9,crossing_rich,e4dfd7b460148a3915f7aca370896702,5,5.0,13.680329492907822,8,12,5,3,0.04678249893994073,4.17628828161167,0.011201932382380198,True,True,1,5,0,-4
random_1474,random_cycle_chord,20260823,200,0.9,crossing_rich,2c8b3e95d62a28423936c85308a28eeb,6,6.0,9.784549548874443,10,15,6,3,0.0654092451372605,5.621604721790129,0.011635333392211851,True,True,1,6,0,-5
random_1475,random_cycle_chord,20260823,200,0.9,baseline,4ca7af1950eb0912a81fec832cb4eb96,0,,,10,12,3,3,0.06545670719455715,5.619455163567122,0.011648230173440247,True,True,1,3,0,-2
random_1476,random_cycle_chord,20260823,200,0.9,baseline,3ddc013bba7f8602e9b01edf73e915d5,0,,,9,11,3,3,0.06211276597853704,5.378476953857661,0.011548393069526356,True,True,1,3,0,-2
random_1477,random_cycle_chord,20260823,200,0.9,crossing_rich,e4dfd7b460148a3915f7aca370896702,5,5.0,13.52494164478166,8,12,5,3,0.04731998235622198,4.208034830561417,0.011245149876743953,True,True,1,5,0,-4
random_1478,random_cycle_chord,20260823,200,0.9,baseline,19fca4749c1a57391a2f17cdb3a8fecb,0,,,11,13,3,3,0.060193744176425625,5.227635956659401,0.011514524858936627,True,True,1,3,0,-2
random_1479,random_cycle_chord,20260823,200,0.9,crossing_rich,8f0fcd64f35ed098799bcfa36390d34a,4,4.0,11.779633495498269,11,15,5,3,0.054331062188359584,4.77374112600348,0.011381233450722308,True,True,1,5,0,-4
random_1480,random_cycle_chord,20260823,200,0.9,baseline,19fca4749c1a57391a2f17cdb3a8fecb,0,,,11,13,3,3,0.060253633325532976,5.222166788966103,0.011538052260767056,True,True,1,3,0,-2
random_1481,random_cycle_chord,20260823,200,0.9,baseline,4037cfb9ac0f246d7e72353c4ec553cc,0,,,14,17,4,3,0.048301880643670116,4.29122811692763,0.011255957345435318,True,True,1,4,0,-3
random_1482,random_cycle_chord,20260823,200,0.9,baseline,8f34f4541eedc7b1aecfd95c1d8d238c,0,,,11,14,4,3,0.045121412689276386,4.029090908024536,0.01119890658198115,True,True,1,4,0,-3
random_1483,random_cycle_chord,20260823,200,0.9,baseline,4e9cca7c282396d17b6e561d68fe510e,0,,,10,13,4,3,0.05249404306757421,4.630549660648038,0.01133646044522234,True,True,1,4,0,-3
random_1484,random_cycle_chord,20260823,200,0.9,baseline,237b03a6236ff83b0e5299ac7fc023ee,0,,,10,12,3,3,0.05297849285500356,4.658679512489266,0.011371997733043378,True,True,1,3,0,-2
random_1485,random_cycle_chord,20260823,200,0.9,crossing_rich,8d92d8721dbd33134985bb942b070fe4,5,5.0,13.265795479951555,9,13,5,3,0.048244374109884684,4.29507823700168,0.011232478536540757,True,True,1,5,0,-4
random_1486,random_cycle_chord,20260823,200,0.9,baseline,b73291eb7126cc5eaf4780776629388d,0,,,8,10,3,3,0.07234795070129718,6.128771201265152,0.0118046421257107,True,True,1,3,0,-2
random_1487,random_cycle_chord,20260823,200,0.9,crossing_rich,3766c050500c74590e361b5f3d5119d1,2,2.0,9.09957806449303,9,12,4,3,0.0703329314242942,5.990438397640764,0.011740865485236217,True,True,1,4,0,-3
random_1488,random_cycle_chord,20260823,200,0.9,baseline,f2551d12306507df164d13e621c6cf57,0,,,10,12,3,3,0.05296773813230723,4.667449023283371,0.01134832707718497,True,True,1,3,0,-2
random_1489,random_cycle_chord,20260823,200,0.9,baseline,103a02ce2419501dbcecbb0b106c7128,0,,,9,11,3,3,0.0625754604977889,5.406062818463579,0.011575052417828371,True,True,1,3,0,-2
random_1490,random_cycle_chord,20260823,200,0.9,baseline,3ddc013bba7f8602e9b01edf73e915d5,0,,,9,11,3,3,0.061723931664437195,5.34055932494519,0.01155757813158843,True,True,1,3,0,-2
random_1491,random_cycle_chord,20260823,200,0.9,crossing_rich,e4dfd7b460148a3915f7aca370896702,5,5.0,13.442118580579669,8,12,5,3,0.047611542493356064,4.24308362108402,0.011220976710610361,True,True,1,5,0,-4
random_1492,random_cycle_chord,20260823,200,0.9,baseline,cbcdcec981f1dd5d52ceecf70d124d2f,0,,,12,14,3,3,0.05565920561766701,4.877448022193965,0.0114115425452818,True,True,1,3,0,-2
random_1493,random_cycle_chord,20260823,200,0.9,crossing_rich,2c8b3e95d62a28423936c85308a28eeb,5,5.0,10.190392152428743,10,15,6,3,0.06280425624714203,5.420061300125506,0.011587370099612663,True,True,1,6,0,-5
random_1494,random_cycle_chord,20260823,200,0.9,baseline,b73291eb7126cc5eaf4780776629388d,0,,,8,10,3,3,0.07269021762760342,6.167033370509016,0.011786901944654742,True,True,1,3,0,-2
random_1495,random_cycle_chord,20260823,200,0.9,crossing_rich,f61befc086c76698e58b129c58523394,3,3.0,10.973350966779877,10,14,5,3,0.05832311405490456,5.072436881720634,0.011498046287196112,True,True,1,5,0,-4
random_1496,random_cycle_chord,20260823,200,0.9,baseline,4e9cca7c282396d17b6e561d68fe510e,0,,,10,13,4,3,0.05326990297132214,4.686744275906649,0.011366078419334518,True,True,1,4,0,-3
random_1497,random_cycle_chord,20260823,200,0.9,baseline,36e1f5945e20d9ab08e180f10c149151,0,,,15,18,4,3,0.04530331412677431,4.047138364304086,0.011193912846259781,True,True,1,4,0,-3
random_1498,random_cycle_chord,20260823,200,0.9,baseline,3ddc013bba7f8602e9b01edf73e915d5,0,,,9,11,3,3,0.06265854412097242,5.4008628343303595,0.011601580347992916,True,True,1,3,0,-2
random_1499,random_cycle_chord,20260823,200,0.9,crossing_rich,6cae8dd6dca8ab370494a907f81c49aa,2,2.0,8.132859497019146,8,11,4,3,0.07869310913763759,6.584203295359582,0.011951804281787435,True,True,1,4,0,-3
random_1500,random_cycle_chord,20260823,200,0.9,crossing_rich,b497a8280ab5258c0901c20c694e809b,3,3.0,12.414519728721107,9,12,4,3,0.05155253799463173,4.556818274520429,0.01131327494073861,True,True,1,4,0,-3
random_1501,random_cycle_chord,20260823,200,0.9,baseline,3ddc013bba7f8602e9b01edf73e915d5,0,,,9,11,3,3,0.06207516341602579,5.3578169345438384,0.0115859060088082,True,True,1,3,0,-2
random_1502,random_cycle_chord,20260823,200,0.9,crossing_rich,8d92d8721dbd33134985bb942b070fe4,5,5.0,13.574869315463713,9,13,5,3,0.047145941896541775,4.191192834009902,0.011248812393925368,True,True,1,5,0,-4
random_1503,random_cycle_chord,20260823,200,0.9,baseline,4e9cca7c282396d17b6e561d68fe510e,0,,,10,13,4,3,0.05273740548623294,4.643718107570638,0.011356719823336244,True,True,1,4,0,-3
random_1504,random_cycle_chord,20260823,200,0.9,crossing_rich,ad639fff94e4a66bf5a2227d94e1836d,6,6.0,14.076530284151747,12,17,6,3,0.04546574951929402,4.0582889168235345,0.011203182043253967,True,True,1,6,0,-5
random_1505,random_cycle_chord,20260823,200,0.9,crossing_rich,2c8b3e95d62a28423936c85308a28eeb,5,5.0,10.27125609963378,10,15,6,3,0.06230980843938057,5.384647878852251,0.011571751735911474,True,True,1,6,0,-5
random_1506,random_cycle_chord,20260823,200,0.9,crossing_rich,f01bb47f0e11353dcd7e62b1e2f9df0e,4,4.0,8.93579657284304,9,13,5,3,0.07162204228608303,6.073483833059291,0.011792579721086717,True,True,1,5,0,-4
random_1507,random_cycle_chord,20260823,200,0.9,baseline,3ddc013bba7f8602e9b01edf73e915d5,0,,,9,11,3,3,0.06226950186975832,5.389248654583409,0.011554393916636192,True,True,1,3,0,-2
random_1508,random_cycle_chord,20260823,200,0.9,crossing_rich,e2e4547f237f4b7d6245ef6308d564b1,3,3.0,11.137011611708383,11,15,5,3,0.0574660440622299,5.005676070750663,0.011480176353803126,True,True,1,5,0,-4
random_1509,random_cycle_chord,20260823,200,0.9,baseline,237b03a6236ff83b0e5299ac7fc023ee,0,,,10,12,3,3,0.05285245053527887,4.646903186460441,0.011373693062785052,True,True,1,3,0,-2
random_1510,random_cycle_chord,20260823,200,0.9,crossing_rich,d3b9e56b5337f4aa08cbf81ed5c2928d,2,2.0,8.417180555894076,8,11,4,3,0.07603496155869488,6.406669088266611,0.011868095653316615,True,True,1,4,0,-3
random_1511,random_cycle_chord,20260823,200,0.9,baseline,4e9cca7c282396d17b6e561d68fe510e,0,,,10,13,4,3,0.05256998959953383,4.631049387968302,0.01135163657207226,True,True,1,4,0,-3
random_1512,random_cycle_chord,20260823,200,0.9,baseline,5c25c6be641fc20f13f284ff50ca2a81,0,,,13,16,4,3,0.05174434278037705,4.567323572078254,0.011329248292525069,True,True,1,4,0,-3
random_1513,random_cycle_chord,20260823,200,0.9,baseline,4ca7af1950eb0912a81fec832cb4eb96,0,,,10,12,3,3,0.06552010695849726,5.618772892034045,0.011660928145251732,True,True,1,3,0,-2
random_1514,random_cycle_chord,20260823,200,0.9,baseline,ca62a37d3738941a9501a139c3aa3dc2,0,,,12,14,3,3,0.055696904593891615,4.869712963239641,0.011437410174754636,True,True,1,3,0,-2
random_1515,random_cycle_chord,20260823,200,0.9,crossing_rich,a4f0b832a123cc8bff26a48e80242c94,5,5.0,14.086340188668911,13,18,6,3,0.045434086599357985,4.052542087595895,0.011211255951770022,True,True,1,6,0,-5
random_1516,random_cycle_chord,20260823,200,0.9,baseline,bc0c53ec9fcf19b8932a465c5162b3af,0,,,12,15,4,3,0.055664401292654486,4.879704429499835,0.011407330525213805,True,True,1,4,0,-3
random_1517,random_cycle_chord,20260823,200,0.9,crossing_rich,f61befc086c76698e58b129c58523394,3,3.0,10.824673309905135,10,14,5,3,0.05912418616960634,5.140428009164479,0.01150180219705408,True,True,1,5,0,-4
random_1518,random_cycle_chord,20260823,200,0.9,baseline,b7f57d3553d50f25c5be44b65115c3b8,0,,,13,15,3,3,0.05173556146055917,4.570897311624664,0.011318469423713756,True,True,1,3,0,-2
random_1519,random_cycle_chord,20260823,200,0.9,baseline,4e9cca7c282396d17b6e561d68fe510e,0,,,10,13,4,3,0.053045503750552565,4.674179275290615,0.011348624138353034,True,True,1,4,0,-3
random_1520,random_cycle_chord,20260823,200,0.9,baseline,4e9cca7c282396d17b6e561d68fe510e,0,,,10,13,4,3,0.05274599358533422,4.644459177965309,0.01135675685030818,True,True,1,4,0,-3
random_1521,random_cycle_chord,20260823,200,0.9,baseline,8f34f4541eedc7b1aecfd95c1d8d238c,0,,,11,14,4,3,0.04552999735770793,4.063760921661026,0.0112039064884501,True,True,1,4,0,-3
random_1522,random_cycle_chord,20260823,200,0.9,crossing_rich,9864390659db0a33d7b4bc27549e7f6e,3,3.0,9.782371155870532,10,14,5,3,0.06542381083301337,5.616143773953595,0.011649240736398917,True,True,1,5,0,-4
random_1523,random_cycle_chord,20260823,200,0.9,baseline,4e9cca7c282396d17b6e561d68fe510e,0,,,10,13,4,3,0.05274271425115788,4.651823880335794,0.011338072035382094,True,True,1,4,0,-3
random_1524,random_cycle_chord,20260823,200,0.9,baseline,78d712f24f5cff365e8a82f9a84c6043,0,,,10,12,3,3,0.052461363421663076,4.620150668507047,0.011354903159168057,True,True,1,3,0,-2
random_1525,random_cycle_chord,20260823,200,0.9,baseline,3ddc013bba7f8602e9b01edf73e915d5,0,,,9,11,3,3,0.06278871674109987,5.411150124331792,0.011603580624895983,True,True,1,3,0,-2
random_1526,random_cycle_chord,20260823,200,0.9,baseline,3ddc013bba7f8602e9b01edf73e915d5,0,,,9,11,3,3,0.06269382663728112,5.417736500619002,0.011571959365339762,True,True,1,3,0,-2
random_1527,random_cycle_chord,20260823,200,0.9,crossing_rich,e4dfd7b460148a3915f7aca370896702,5,5.0,13.800414602720135,8,12,5,3,0.04637541830619006,4.133038955737108,0.011220658407251626,True,True,1,5,0,-4
random_1528,random_cycle_chord,20260823,200,0.9,baseline,19fca4749c1a57391a2f17cdb3a8fecb,0,,,11,13,3,3,0.060295646468072145,5.222694041080389,0.011544931790719859,True,True,1,3,0,-2
random_1529,random_cycle_chord,20260823,200,0.9,crossing_rich,9e29c665f19ef85c09f08031b7489ca3,6,6.0,10.627636670127886,11,16,6,3,0.06022035000489894,5.227825175619326,0.011519197368294704,True,True,1,6,0,-5
random_1530,random_cycle_chord,20260823,200,0.9,baseline,78d712f24f5cff365e8a82f9a84c6043,0,,,10,12,3,3,0.053453941199397136,4.7062067532073915,0.01135817952812358,True,True,1,3,0,-2
random_1531,random_cycle_chord,20260823,200,0.9,crossing_rich,ef708e22c6afb49a267da2ce884548df,2,2.0,9.589120979632833,9,12,4,3,0.06674230113055739,5.723827544504164,0.011660431872137937,True,True,1,4,0,-3
random_1532,random_cycle_chord,20260823,200,0.9,crossing_rich,76f64aeb3bec290543374c9120128d8d,4,4.0,10.227119389472534,10,14,5,3,0.06257871602230393,5.404010022378751,0.011580051806557877,True,True,1,5,0,-4
random_1533,random_cycle_chord,20260823,200,0.9,baseline,3ddc013bba7f8602e9b01edf73e915d5,0,,,9,11,3,3,0.06204422235655834,5.374584388645889,0.011544003753598183,True,True,1,3,0,-2
random_1534,random_cycle_chord,20260823,200,0.9,crossing_rich,6cae8dd6dca8ab370494a907f81c49aa,3,3.0,13.92859282171873,8,11,4,3,0.045948647375351065,4.097611939622436,0.011213518520639825,True,True,1,4,0,-3
random_1535,random_cycle_chord,20260823,200,0.9,baseline,b73291eb7126cc5eaf4780776629388d,0,,,8,10,3,3,0.07231604185912613,6.125117316700109,0.011806474573467632,True,True,1,3,0,-2
random_1536,random_cycle_chord,20260823,200,0.9,crossing_rich,e4dfd7b460148a3915f7aca370896702,5,5.0,13.882564123649136,8,12,5,3,0.04610099361325847,4.114659810082729,0.011204083871111464,True,True,1,5,0,-4
random_1537,random_cycle_chord,20260823,200,0.9,baseline,b73291eb7126cc5eaf4780776629388d,0,,,8,10,3,3,0.07278870206555,6.160816465893032,0.011814781769350927,True,True,1,3,0,-2
random_1538,random_cycle_chord,20260823,200,0.9,crossing_rich,6cae8dd6dca8ab370494a907f81c49aa,2,2.0,8.135561223951395,8,11,4,3,0.07866697605517567,6.583711637601011,0.01194872746337969,True,True,1,4,0,-3
random_1539,random_cycle_chord,20260823,200,0.9,baseline,c9b2747d4897680c32f2a02811ccda66,0,,,11,13,3,3,0.060172758170567706,5.230904676442638,0.011503317665404137,True,True,1,3,0,-2
random_1540,random_cycle_chord,20260823,200,0.9,baseline,946bafcc7406212e8232b67daff06ec3,0,,,15,17,3,3,0.045366514690355485,4.04802155754975,0.011207083273987218,True,True,1,3,0,-2
random_1541,random_cycle_chord,20260823,200,0.9,baseline,4ca7af1950eb0912a81fec832cb4eb96,0,,,10,12,3,3,0.06556723774481811,5.623528071661279,0.011659448820969167,True,True,1,3,0,-2
random_1542,random_cycle_chord,20260823,200,0.9,baseline,f2551d12306507df164d13e621c6cf57,0,,,10,12,3,3,0.05314193836087893,4.669753288215978,0.011380031252396453,True,True,1,3,0,-2
random_1543,random_cycle_chord,20260823,200,0.9,baseline,c9b2747d4897680c32f2a02811ccda66,0,,,11,13,3,3,0.060291097764732605,5.222892288562516,0.011543622658419092,True,True,1,3,0,-2
random_1544,random_cycle_chord,20260823,200,0.9,crossing_rich,9e29c665f19ef85c09f08031b7489ca3,6,6.0,10.632982157537855,11,16,6,3,0.060190075607932436,5.226249471532861,0.011516877626256647,True,True,1,6,0,-5
random_1545,random_cycle_chord,20260823,200,0.9,baseline,78d712f24f5cff365e8a82f9a84c6043,0,,,10,12,3,3,0.05333279768648835,4.69374627389386,0.011362522508538638,True,True,1,3,0,-2
random_1546,random_cycle_chord,20260823,200,0.9,baseline,f2551d12306507df164d13e621c6cf57,0,,,10,12,3,3,0.052759275436417515,4.640602344901145,0.011369057616924813,True,True,1,3,0,-2
random_1547,random_cycle_chord,20260823,200,0.9,baseline,103a02ce2419501dbcecbb0b106c7128,0,,,9,11,3,3,0.06206902874401321,5.3600783696850725,0.011579873364362774,True,True,1,3,0,-2
random_1548,random_cycle_chord,20260823,200,0.9,baseline,19fca4749c1a57391a2f17cdb3a8fecb,0,,,11,13,3,3,0.06022663206151595,5.222840560338847,0.011531393954252466,True,True,1,3,0,-2
random_1549,random_cycle_chord,20260823,200,0.9,baseline,8f34f4541eedc7b1aecfd95c1d8d238c,0,,,11,14,4,3,0.045139238454952005,4.029499049899349,0.011202196078462786,True,True,1,4,0,-3
random_1550,random_cycle_chord,20260823,200,0.9,crossing_rich,e4dfd7b460148a3915f7aca370896702,5,5.0,13.452946957380961,8,12,5,3,0.04757321960961601,4.2408573002079955,0.011217830792675517,True,True,1,5,0,-4
random_1551,random_cycle_chord,20260823,200,0.9,crossing_rich,bb2c7ed8feef84917625e983562a84b2,5,5.0,14.130103933341717,10,14,5,3,0.045293368188880856,4.05186431650241,0.011178402002359823,True,True,1,5,0,-4
random_1552,random_cycle_chord,20260823,200,0.9,baseline,4e9cca7c282396d17b6e561d68fe510e,0,,,10,13,4,3,0.05288413032313711,4.6491719940133525,0.0113749567431007,True,True,1,4,0,-3
random_1553,random_cycle_chord,20260823,200,0.9,crossing_rich,8d92d8721dbd33134985bb942b070fe4,5,5.0,12.950959108016194,9,13,5,3,0.04941718946543984,4.371908898586319,0.011303343828005925,True,True,1,5,0,-4
random_1554,random_cycle_chord,20260823,200,0.9,crossing_rich,35e6984785cd33f6953165239be9a661,4,4.0,9.859271798907725,10,14,5,3,0.06491351623665588,5.584634841415436,0.01162359188737995,True,True,1,5,0,-4
random_1555,random_cycle_chord,20260823,200,0.9,crossing_rich,cbd367df182ccb02b6db0d327f7ca73e,5,5.0,12.12497896540044,11,16,6,3,0.05278359672427386,4.641628663484179,0.011371783602493642,True,True,1,6,0,-5
random_1556,random_cycle_chord,20260823,200,0.9,crossing_rich,e4dfd7b460148a3915f7aca370896702,5,5.0,13.396586109802724,8,12,5,3,0.04777336515096864,4.260672681640992,0.011212634417288491,True,True,1,5,0,-4
random_1557,random_cycle_chord,20260823,200,0.9,crossing_rich,d86c5f9e478e64f89adb822abc677322,4,4.0,10.637895818769607,11,15,5,3,0.060162273714955715,5.227460285214105,0.01150889159026707,True,True,1,5,0,-4
random_1558,random_cycle_chord,20260823,200,0.9,crossing_rich,e4dfd7b460148a3915f7aca370896702,5,5.0,13.622018616339764,8,12,5,3,0.0469827576973293,4.191548878401136,0.01120892516354261,True,True,1,5,0,-4
random_1559,random_cycle_chord,20260823,200,0.9,crossing_rich,e4dfd7b460148a3915f7aca370896702,5,5.0,13.399196186454876,8,12,5,3,0.04776405920878822,4.256846811318509,0.011220525737921459,True,True,1,5,0,-4
random_1560,random_cycle_chord,20260823,200,0.9,baseline,b7f57d3553d50f25c5be44b65115c3b8,0,,,13,15,3,3,0.051847847197921265,4.5659156023781895,0.011355410768196404,True,True,1,3,0,-2
random_1561,random_cycle_chord,20260823,200,0.9,baseline,b73291eb7126cc5eaf4780776629388d,0,,,8,10,3,3,0.0724075437418758,6.142374762241505,0.011788200255539682,True,True,1,3,0,-2
random_1562,random_cycle_chord,20260823,200,0.9,crossing_rich,6cae8dd6dca8ab370494a907f81c49aa,2,2.0,8.135434995769808,8,11,4,3,0.07866819664010365,6.583692067495235,0.011948948376322368,True,True,1,4,0,-3
random_1563,random_cycle_chord,20260823,200,0.9,crossing_rich,0ba4cef7d36938b0547a48dd8590384b,4,4.0,12.278540733014085,11,15,5,3,0.0521234578209438,4.6032282786602865,0.01132323983639449,True,True,1,5,0,-4
random_1564,random_cycle_chord,20260823,200,0.9,crossing_rich,ca6aeacb3fb03dbd74c60e3f97fb9e30,4,4.0,14.162605608392807,12,16,5,3,0.045189424721446304,4.042267828226216,0.011179225781601866,True,True,1,5,0,-4
random_1565,random_cycle_chord,20260823,200,0.9,crossing_rich,d3b9e56b5337f4aa08cbf81ed5c2928d,2,2.0,8.561327335578909,8,11,4,3,0.07475476347462,6.300165360969972,0.011865524028580541,True,True,1,4,0,-3
random_1566,random_cycle_chord,20260823,200,0.9,baseline,103a02ce2419501dbcecbb0b106c7128,0,,,9,11,3,3,0.06216567319908941,5.364693041951775,0.01158792734513518,True,True,1,3,0,-2
random_1567,random_cycle_chord,20260823,200,0.9,baseline,b73291eb7126cc5eaf4780776629388d,0,,,8,10,3,3,0.07310965963263874,6.191590861358097,0.011807895784735761,True,True,1,3,0,-2
random_1568,random_cycle_chord,20260823,200,0.9,baseline,b73291eb7126cc5eaf4780776629388d,0,,,8,10,3,3,0.07204758133883367,6.115264815064713,0.011781596303294553,True,True,1,3,0,-2
random_1569,random_cycle_chord,20260823,200,0.9,baseline,b73291eb7126cc5eaf4780776629388d,0,,,8,10,3,3,0.07234449407420576,6.12739082756438,0.011806737338960063,True,True,1,3,0,-2
random_1570,random_cycle_chord,20260823,200,0.9,baseline,942675039b454c8ca47b08cbb49440d7,0,,,14,16,3,3,0.04830187684790424,4.291455955962358,0.011255358867378275,True,True,1,3,0,-2
random_1571,random_cycle_chord,20260823,200,0.9,baseline,4e9cca7c282396d17b6e561d68fe510e,0,,,10,13,4,3,0.05333045567233081,4.690348156134464,0.011370255234162178,True,True,1,4,0,-3
random_1572,random_cycle_chord,20260823,200,0.9,crossing_rich,e4dfd7b460148a3915f7aca370896702,4,4.0,8.10774329572622,8,12,5,3,0.07893688498220694,6.603242881194342,0.011954260414532784,True,True,1,5,0,-4
random_1573,random_cycle_chord,20260823,200,0.9,crossing_rich,62ceed91122ba634418f3451ac5a93b5,7,7.0,14.004331386319741,12,17,6,3,0.04570014678638566,4.08205286066096,0.011195383388294967,True,True,1,6,0,-5
random_1574,random_cycle_chord,20260823,200,0.9,baseline,f2551d12306507df164d13e621c6cf57,0,,,10,12,3,3,0.052536680945092895,4.625920620519885,0.01135702171629321,True,True,1,3,0,-2
random_1575,random_cycle_chord,20260823,200,0.9,crossing_rich,d3b9e56b5337f4aa08cbf81ed5c2928d,2,2.0,8.503856396604416,8,11,4,3,0.07525997267022895,6.343368259975548,0.011864354958720158,True,True,1,4,0,-3
random_1576,random_cycle_chord,20260823,200,0.9,crossing_rich,e4dfd7b460148a3915f7aca370896702,4,4.0,8.122007595944439,8,12,5,3,0.07879825184103141,6.588120255325178,0.011960657788135967,True,True,1,5,0,-4
random_1577,random_cycle_chord,20260823,200,0.9,baseline,19fca4749c1a57391a2f17cdb3a8fecb,0,,,11,13,3,3,0.06017209892604542,5.225338495049379,0.011515445168395123,True,True,1,3,0,-2
random_1578,random_cycle_chord,20260823,200,0.9,baseline,b73291eb7126cc5eaf4780776629388d,0,,,8,10,3,3,0.07306246004424796,6.183062318694057,0.011816549191708567,True,True,1,3,0,-2
random_1579,random_cycle_chord,20260823,200,0.9,crossing_rich,6cae8dd6dca8ab370494a907f81c49aa,3,3.0,13.598255070471645,8,11,4,3,0.04706486212262248,4.194694661252052,0.01122009250336575,True,True,1,4,0,-3
random_1580,random_cycle_chord,20260823,200,0.9,crossing_rich,3fd2c2eb659a4ae21fb8db078f758c89,5,5.0,14.15568289751697,12,17,6,3,0.0452115242078686,4.047005875264864,0.011171598362186624,True,True,1,6,0,-5
random_1581,random_cycle_chord,20260823,200,0.9,baseline,3ddc013bba7f8602e9b01edf73e915d5,0,,,9,11,3,3,0.06258967047053912,5.410345667777683,0.011568516008746633,True,True,1,3,0,-2
random_1582,random_cycle_chord,20260823,200,0.9,crossing_rich,e4dfd7b460148a3915f7aca370896702,4,4.0,8.131633771150941,8,12,5,3,0.07870497098265349,6.584862587653144,0.011952409019168928,True,True,1,5,0,-4
random_1583,random_cycle_chord,20260823,200,0.9,baseline,3ddc013bba7f8602e9b01edf73e915d5,0,,,9,11,3,3,0.06264097189553462,5.404753574720241,0.011589977420714695,True,True,1,3,0,-2
random_1584,random_cycle_chord,20260823,200,0.9,crossing_rich,f01bb47f0e11353dcd7e62b1e2f9df0e,4,4.0,8.947809343545728,9,13,5,3,0.07152588699955342,6.075840244936824,0.011772180326689472,True,True,1,5,0,-4
random_1585,random_cycle_chord,20260823,200,0.9,baseline,62c285453040d1bf75cf8872f45e6677,0,,,14,18,5,3,0.04831356154595499,4.292926785033232,0.011254224440629726,True,True,1,5,0,-4
random_1586,random_cycle_chord,20260823,200,0.9,baseline,b73291eb7126cc5eaf4780776629388d,0,,,8,10,3,3,0.07280688921919275,6.160843414964883,0.011817682144354216,True,True,1,3,0,-2
random_1587,random_cycle_chord,20260823,200,0.9,crossing_rich,b497a8280ab5258c0901c20c694e809b,3,3.0,12.790612137497117,9,12,4,3,0.05003669825338289,4.434091686723957,0.011284542988408868,True,True,1,4,0,-3
random_1588,random_cycle_chord,20260823,200,0.9,crossing_rich,2c8b3e95d62a28423936c85308a28eeb,6,6.0,9.780988334164276,10,15,6,3,0.06543306035490574,5.62427381293253,0.011634046017540629,True,True,1,6,0,-5
random_1589,random_cycle_chord,20260823,200,0.9,crossing_rich,e4dfd7b460148a3915f7aca370896702,5,5.0,13.473836304573618,8,12,5,3,0.0474994638151241,4.22959222656136,0.011230270265022912,True,True,1,5,0,-4
random_1590,random_cycle_chord,20260823,200,0.9,crossing_rich,e4dfd7b460148a3915f7aca370896702,4,4.0,8.114566934045781,8,12,5,3,0.0788705059927218,6.603711755511255,0.011943359872862243,True,True,1,5,0,-4
random_1591,random_cycle_chord,20260823,200,0.9,baseline,b73291eb7126cc5eaf4780776629388d,0,,,8,10,3,3,0.07234509497151186,6.127156675599509,0.01180728660972804,True,True,1,3,0,-2
random_1592,random_cycle_chord,20260823,200,0.9,crossing_rich,e4dfd7b460148a3915f7aca370896702,5,5.0,13.448116419154697,8,12,5,3,0.04759030782098392,4.237154982378025,0.011231665591395183,True,True,1,5,0,-4
random_1593,random_cycle_chord,20260823,200,0.9,baseline,103a02ce2419501dbcecbb0b106c7128,0,,,9,11,3,3,0.06202685882292641,5.3740059161432745,0.011542015358896514,True,True,1,3,0,-2
random_1594,random_cycle_chord,20260823,200,0.9,baseline,b73291eb7126cc5eaf4780776629388d,0,,,8,10,3,3,0.07341285110356613,6.20258990818837,0.01183583828533463,True,True,1,3,0,-2
random_1595,random_cycle_chord,20260823,200,0.9,crossing_rich,bb2c7ed8feef84917625e983562a84b2,5,5.0,14.203587623503562,10,14,5,3,0.0450590383897764,4.033619260677029,0.011170870495648464,True,True,1,5,0,-4
random_1596,random_cycle_chord,20260823,200,0.9,baseline,bc0c53ec9fcf19b8932a465c5162b3af,0,,,12,15,4,3,0.05566556667430573,4.874298516005442,0.0114202210823814,True,True,1,4,0,-3
random_1597,random_cycle_chord,20260823,200,0.9,baseline,3ddc013bba7f8602e9b01edf73e915d5,0,,,9,11,3,3,0.06235498122186356,5.3860207226711205,0.01157718925205685,True,True,1,3,0,-2
random_1598,random_cycle_chord,20260823,200,0.9,baseline,7e6bc2286a474f101d6d3fad2dea3b25,0,,,11,14,4,3,0.045667967439486264,4.077575920846829,0.011199783480672005,True,True,1,4,0,-3
random_1599,random_cycle_chord,20260823,200,0.9,crossing_rich,8d92d8721dbd33134985bb942b070fe4,5,5.0,13.20531878087536,9,13,5,3,0.048465319968411656,4.305716957896004,0.011256039456921088,True,True,1,5,0,-4
random_1600,random_cycle_chord,20260823,200,0.9,baseline,237b03a6236ff83b0e5299ac7fc023ee,0,,,10,12,3,3,0.05355999431427738,4.706631663749356,0.011379686820789135,True,True,1,3,0,-2
random_1601,random_cycle_chord,20260823,200,0.9,baseline,19fca4749c1a57391a2f17cdb3a8fecb,0,,,11,13,3,3,0.06025206985598992,5.220572394039559,0.011541276570511889,True,True,1,3,0,-2
random_1602,random_cycle_chord,20260823,200,0.9,crossing_rich,f01bb47f0e11353dcd7e62b1e2f9df0e,4,4.0,8.927750593886108,9,13,5,3,0.07168659039806556,6.079206919694687,0.011792095802138915,True,True,1,5,0,-4
random_1603,random_cycle_chord,20260823,200,0.9,crossing_rich,f8e101deee8812cdf51fe0521efd7a68,5,5.0,11.549978313484978,10,14,5,3,0.05541135945275144,4.859989017763734,0.011401540054970807,True,True,1,5,0,-4
random_1604,random_cycle_chord,20260823,200,0.9,baseline,b73291eb7126cc5eaf4780776629388d,0,,,8,10,3,3,0.07306010760555888,6.182812206583813,0.01181664672392286,True,True,1,3,0,-2
random_1605,random_cycle_chord,20260823,200,0.9,baseline,103a02ce2419501dbcecbb0b106c7128,0,,,9,11,3,3,0.062128466842533855,5.360058155086895,0.011591006113165325,True,True,1,3,0,-2
random_1606,random_cycle_chord,20260823,200,0.9,baseline,56ff7b5b44056ba4d84195d67cb019a7,0,,,15,19,5,3,0.04528535603020403,4.048074280504103,0.011186888602391133,True,True,1,5,0,-4
random_1607,random_cycle_chord,20260823,200,0.9,baseline,4e9cca7c282396d17b6e561d68fe510e,0,,,10,13,4,3,0.05312529398899806,4.680842153527068,0.011349516229460451,True,True,1,4,0,-3
random_1608,random_cycle_chord,20260823,200,0.9,crossing_rich,6cae8dd6dca8ab370494a907f81c49aa,2,2.0,8.122677997290603,8,11,4,3,0.0787917482649784,6.593886272019795,0.011949212499966798,True,True,1,4,0,-3
random_1609,random_cycle_chord,20260823,200,0.9,crossing_rich,e4dfd7b460148a3915f7aca370896702,5,5.0,13.484605940667821,8,12,5,3,0.04746152782038985,4.225081728842641,0.01123328041121486,True,True,1,5,0,-4
random_1610,random_cycle_chord,20260823,200,0.9,baseline,19fca4749c1a57391a2f17cdb3a8fecb,0,,,11,13,3,3,0.06022197563900174,5.228272399727717,0.01151852295265603,True,True,1,3,0,-2
random_1611,random_cycle_chord,20260823,200,0.9,crossing_rich,e4dfd7b460148a3915f7aca370896702,4,4.0,8.135216844185129,8,12,5,3,0.07867030618335118,6.583670958134745,0.011949307108999215,True,True,1,5,0,-4
random_1612,random_cycle_chord,20260823,200,0.9,crossing_rich,9864390659db0a33d7b4bc27549e7f6e,4,4.0,9.77604744412204,10,14,5,3,0.06546613073004338,5.62161998261514,0.011645420880902195,True,True,1,5,0,-4
random_1613,random_cycle_chord,20260823,200,0.9,baseline,b73291eb7126cc5eaf4780776629388d,0,,,8,10,3,3,0.0726199582681493,6.16480747199448,0.011779760941123894,True,True,1,3,0,-2
random_1614,random_cycle_chord,20260823,200,0.9,crossing_rich,6cae8dd6dca8ab370494a907f81c49aa,3,3.0,13.426641115248021,8,11,4,3,0.04766642636133182,4.245888536982354,0.011226490273154793,True,True,1,4,0,-3
random_1615,random_cycle_chord,20260823,200,0.9,crossing_rich,e4dfd7b460148a3915f7aca370896702,5,5.0,13.460490333863545,8,12,5,3,0.04754655916136316,4.2396060319176865,0.01121485317348145,True,True,1,5,0,-4
random_1616,random_cycle_chord,20260823,200,0.9,crossing_rich,6cae8dd6dca8ab370494a907f81c49aa,3,3.0,13.852225441900991,8,11,4,3,0.0462019624705278,4.119138960054247,0.011216412682013364,True,True,1,4,0,-3
random_1617,random_cycle_chord,20260823,200,0.9,crossing_rich,8d92d8721dbd33134985bb942b070fe4,5,5.0,13.414866387648264,9,13,5,3,0.04770826495814225,4.2428285065027715,0.011244448104612802,True,True,1,5,0,-4
random_1618,random_cycle_chord,20260823,200,0.9,crossing_rich,6cae8dd6dca8ab370494a907f81c49aa,3,3.0,13.432237774580665,8,11,4,3,0.04764656572794922,4.238024650255938,0.011242635345472046,True,True,1,4,0,-3
random_1619,random_cycle_chord,20260823,200,0.9,crossing_rich,e4dfd7b460148a3915f7aca370896702,5,5.0,13.738856333486162,8,12,5,3,0.04658320783514616,4.153208803143807,0.011216196931848119,True,True,1,5,0,-4
random_1620,random_cycle_chord,20260823,200,0.9,baseline,b73291eb7126cc5eaf4780776629388d,0,,,8,10,3,3,0.07278374597722588,6.162310336807496,0.011811113364818446,True,True,1,3,0,-2
random_1621,random_cycle_chord,20260823,200,0.9,baseline,b73291eb7126cc5eaf4780776629388d,0,,,8,10,3,3,0.07272261256179847,6.1667041276442776,0.011792784452848235,True,True,1,3,0,-2
random_1622,random_cycle_chord,20260823,200,0.9,baseline,b73291eb7126cc5eaf4780776629388d,0,,,8,10,3,3,0.07248948553521953,6.150153731115229,0.011786613587962257,True,True,1,3,0,-2
random_1623,random_cycle_chord,20260823,200,0.9,crossing_rich,e4dfd7b460148a3915f7aca370896702,5,5.0,13.812339843930589,8,12,5,3,0.04633537888811999,4.1300364890671055,0.011219120947424424,True,True,1,5,0,-4
random_1624,random_cycle_chord,20260823,200,0.9,crossing_rich,f57eeb29ecd3774cc3f8c63513aebae3,6,6.0,12.976850617161901,13,18,6,3,0.04931859192041552,4.367906050513088,0.011291129284848555,True,True,1,6,0,-5
random_1625,random_cycle_chord,20260823,200,0.9,crossing_rich,6cae8dd6dca8ab370494a907f81c49aa,3,3.0,13.803877120516105,8,11,4,3,0.0463637856532927,4.131834475671006,0.011221113993382627,True,True,1,4,0,-3
random_1626,random_cycle_chord,20260823,200,0.9,crossing_rich,6cae8dd6dca8ab370494a907f81c49aa,3,3.0,13.57792971622669,8,11,4,3,0.047135315425528374,4.200258858319204,0.011222002504005258,True,True,1,4,0,-3
random_1627,random_cycle_chord,20260823,200,0.9,crossing_rich,9196592555d997b5ed44ca4d7cf63987,6,6.0,11.61636950065704,12,17,6,3,0.05509466619185974,4.831686289460187,0.011402782153312174,True,True,1,6,0,-5
random_1628,random_cycle_chord,20260823,200,0.9,baseline,4e9cca7c282396d17b6e561d68fe510e,0,,,10,13,4,3,0.0534339345133803,4.708672885381248,0.011347981865394308,True,True,1,4,0,-3
random_1629,random_cycle_chord,20260823,200,0.9,baseline,19fca4749c1a57391a2f17cdb3a8fecb,0,,,11,13,3,3,0.06029602841451949,5.222946183293054,0.011544447577765965,True,True,1,3,0,-2
random_1630,random_cycle_chord,20260823,200,0.9,baseline,f2551d12306507df164d13e621c6cf57,0,,,10,12,3,3,0.05249196509862808,4.6197467660551155,0.011362520016102941,True,True,1,3,0,-2
random_1631,random_cycle_chord,20260823,200,0.9,baseline,8603424a32f201376c6da364b388d315,0,,,11,13,3,3,0.04590899147478114,4.101473627424999,0.011193291886068733,True,True,1,3,0,-2
random_1632,random_cycle_chord,20260823,200,0.9,baseline,237b03a6236ff83b0e5299ac7fc023ee,0,,,10,12,3,3,0.05253053727811352,4.637382573384761,0.011327626402790447,True,True,1,3,0,-2
random_1633,random_cycle_chord,20260823,200,0.9,crossing_rich,5abff9f8eb816c43fa70e71b5218041d,8,8.0,11.494743511105744,12,18,7,3,0.05567762337468936,4.87504484266072,0.011420945893146168,True,True,1,7,0,-6
random_1634,random_cycle_chord,20260823,200,0.9,crossing_rich,35e6984785cd33f6953165239be9a661,4,4.0,10.056846176407548,10,14,5,3,0.06363824093296586,5.484453617102825,0.011603387570735424,True,True,1,5,0,-4
random_1635,random_cycle_chord,20260823,200,0.9,baseline,b73291eb7126cc5eaf4780776629388d,0,,,8,10,3,3,0.07235530270615982,6.131612356871091,0.011800371337088587,True,True,1,3,0,-2
random_1636,random_cycle_chord,20260823,200,0.9,crossing_rich,802dd46ddf8d1ad5faa1fb7302e701e6,6,6.0,14.132040620118008,15,20,6,3,0.04528716108336913,4.048815157073365,0.011185287380741872,True,True,1,6,0,-5
random_1637,random_cycle_chord,20260823,200,0.9,crossing_rich,d2912623da59418146b416ce54d8bcd5,8,8.0,13.25018626664235,14,20,7,3,0.04830120778084568,4.295734526054369,0.011243992729972148,True,True,1,7,0,-6
random_1638,random_cycle_chord,20260823,200,0.9,baseline,f2551d12306507df164d13e621c6cf57,0,,,10,12,3,3,0.0527196745804697,4.642202657410595,0.011356607729374003,True,True,1,3,0,-2
random_1639,random_cycle_chord,20260823,200,0.9,baseline,b42a45c489fa0fcd81f063a063f5fa49,0,,,13,15,3,3,0.051732251785652834,4.569240606443291,0.01132184891132738,True,True,1,3,0,-2
random_1640,random_cycle_chord,20260823,200,0.9,baseline,4ca7af1950eb0912a81fec832cb4eb96,0,,,10,12,3,3,0.06548107934358946,5.622850360807491,0.011645531206024446,True,True,1,3,0,-2
random_1641,random_cycle_chord,20260823,200,0.9,baseline,4e9cca7c282396d17b6e561d68fe510e,0,,,10,13,4,3,0.0531087546457478,4.6677217965528985,0.011377874894979493,True,True,1,4,0,-3
random_1642,random_cycle_chord,20260823,200,0.9,baseline,b73291eb7126cc5eaf4780776629388d,0,,,8,10,3,3,0.07344410075588861,6.212959377151581,0.011821113948689635,True,True,1,3,0,-2
random_1643,random_cycle_chord,20260823,200,0.9,crossing_rich,e4dfd7b460148a3915f7aca370896702,4,4.0,8.11265701193383,8,12,5,3,0.07888907407999021,6.603622521523539,0.011946333065353577,True,True,1,5,0,-4
random_1644,random_cycle_chord,20260823,200,0.9,crossing_rich,e4dfd7b460148a3915f7aca370896702,5,5.0,13.474560451050353,8,12,5,3,0.04749691111075252,4.231132002653967,0.011225580076669836,True,True,1,5,0,-4
random_1645,random_cycle_chord,20260823,200,0.9,baseline,3a351d58f4eb5873cb60bb786dd613d2,0,,,14,17,4,3,0.04831074075599024,4.296265004037594,0.011244823285013425,True,True,1,4,0,-3
random_1646,random_cycle_chord,20260823,200,0.9,baseline,b73291eb7126cc5eaf4780776629388d,0,,,8,10,3,3,0.07254124894243864,6.146218857116709,0.011802581494221134,True,True,1,3,0,-2
random_1647,random_cycle_chord,20260823,200,0.9,baseline,b73291eb7126cc5eaf4780776629388d,0,,,8,10,3,3,0.07312855844468319,6.193218850420221,0.011807843418890532,True,True,1,3,0,-2
random_1648,random_cycle_chord,20260823,200,0.9,baseline,ac248208ae374e8a4f8aa20e84131332,0,,,14,17,4,3,0.0483162239232567,4.291659621753204,0.011258167744327972,True,True,1,4,0,-3
random_1649,random_cycle_chord,20260823,200,0.9,baseline,4ca7af1950eb0912a81fec832cb4eb96,0,,,10,12,3,3,0.0655134386881,5.620894798233479,0.01165533977058055,True,True,1,3,0,-2
random_1650,random_cycle_chord,20260823,200,0.9,baseline,7e6bc2286a474f101d6d3fad2dea3b25,0,,,11,14,4,3,0.0453516782254972,4.04785240620397,0.011203886326484785,True,True,1,4,0,-3
random_1651,random_cycle_chord,20260823,200,0.9,baseline,b73291eb7126cc5eaf4780776629388d,0,,,8,10,3,3,0.07313535294144535,6.1955406899307945,0.011804514989354753,True,True,1,3,0,-2
random_1652,random_cycle_chord,20260823,200,0.9,baseline,237b03a6236ff83b0e5299ac7fc023ee,0,,,10,12,3,3,0.05249035345924274,4.62919144986543,0.011338989546601843,True,True,1,3,0,-2
random_1653,random_cycle_chord,20260823,200,0.9,crossing_rich,e4dfd7b460148a3915f7aca370896702,4,4.0,8.125696202764518,8,12,5,3,0.07876248188829159,6.590027365972005,0.011951768560929854,True,True,1,5,0,-4
random_1654,random_cycle_chord,20260823,200,0.9,baseline,5c25c6be641fc20f13f284ff50ca2a81,0,,,13,16,4,3,0.05174240461625083,4.56601125450146,0.011332079956053528,True,True,1,4,0,-3
random_1655,random_cycle_chord,20260823,200,0.9,baseline,4e9cca7c282396d17b6e561d68fe510e,0,,,10,13,4,3,0.05262713963391937,4.63216409394467,0.011361242513561952,True,True,1,4,0,-3
random_1656,random_cycle_chord,20260823,200,0.9,baseline,b73291eb7126cc5eaf4780776629388d,0,,,8,10,3,3,0.0726676253293302,6.171037180870697,0.011775593502270428,True,True,1,3,0,-2
random_1657,random_cycle_chord,20260823,200,0.9,crossing_rich,d3b9e56b5337f4aa08cbf81ed5c2928d,2,2.0,8.474946564204435,8,11,4,3,0.07551670032978886,6.360260397601662,0.011873208895388123,True,True,1,4,0,-3
random_1658,random_cycle_chord,20260823,200,0.9,crossing_rich,9864390659db0a33d7b4bc27549e7f6e,4,4.0,10.083962923888986,10,14,5,3,0.06346711157414463,5.475222447717726,0.011591695530215409,True,True,1,5,0,-4
random_1659,random_cycle_chord,20260823,200,0.9,baseline,942675039b454c8ca47b08cbb49440d7,0,,,14,16,3,3,0.04832370761512157,4.2942214262006395,0.011253194192614448,True,True,1,3,0,-2
random_1660,random_cycle_chord,20260823,200,0.9,crossing_rich,6cae8dd6dca8ab370494a907f81c49aa,3,3.0,13.574696372909964,8,11,4,3,0.047146542539043566,4.196192496836403,0.011235552843342702,True,True,1,4,0,-3
random_1661,random_cycle_chord,20260823,200,0.9,baseline,237b03a6236ff83b0e5299ac7fc023ee,0,,,10,12,3,3,0.05281424580160578,4.660743232200516,0.011331721824261523,True,True,1,3,0,-2
random_1662,random_cycle_chord,20260823,200,0.9,baseline,f2551d12306507df164d13e621c6cf57,0,,,10,12,3,3,0.05270261589777399,4.641332066927722,0.011355062541918036,True,True,1,3,0,-2
random_1663,random_cycle_chord,20260823,200,0.9,baseline,7e6bc2286a474f101d6d3fad2dea3b25,0,,,11,14,4,3,0.04552724202923283,4.05941980693104,0.0112152091171994,True,True,1,4,0,-3
random_1664,random_cycle_chord,20260823,200,0.9,baseline,237b03a6236ff83b0e5299ac7fc023ee,0,,,10,12,3,3,0.053380915927804064,4.697750728794172,0.011363079696973616,True,True,1,3,0,-2
random_1665,random_cycle_chord,20260823,200,0.9,baseline,3ddc013bba7f8602e9b01edf73e915d5,0,,,9,11,3,3,0.06141620905926943,5.326703869832876,0.01152987110980441,True,True,1,3,0,-2
random_1666,random_cycle_chord,20260823,200,0.9,baseline,b73291eb7126cc5eaf4780776629388d,0,,,8,10,3,3,0.07266935605151048,6.161298325808143,0.011794487494156332,True,True,1,3,0,-2
random_1667,random_cycle_chord,20260823,200,0.9,baseline,b73291eb7126cc5eaf4780776629388d,0,,,8,10,3,3,0.07238000831967857,6.13515690877897,0.011797580631737057,True,True,1,3,0,-2
random_1668,random_cycle_chord,20260823,200,0.9,crossing_rich,8d92d8721dbd33134985bb942b070fe4,5,5.0,13.026074932825733,9,13,5,3,0.049132221586350534,4.359250872132643,0.0112707946909956,True,True,1,5,0,-4
random_1669,random_cycle_chord,20260823,200,0.9,crossing_rich,9196592555d997b5ed44ca4d7cf63987,6,6.0,11.519557124907415,12,17,6,3,0.05555769141646961,4.868418515725847,0.011411856075439797,True,True,1,6,0,-5
random_1670,random_cycle_chord,20260823,200,0.9,crossing_rich,ecdeba6f79392874471cbf4a63297874,3,3.0,12.48036325942355,12,16,5,3,0.05128055864213368,4.532148674294343,0.01131484475189201,True,True,1,5,0,-4
random_1671,random_cycle_chord,20260823,200,0.9,baseline,b73291eb7126cc5eaf4780776629388d,0,,,8,10,3,3,0.07269194671920995,6.167333446643138,0.011786608807210833,True,True,1,3,0,-2
random_1672,random_cycle_chord,20260823,200,0.9,crossing_rich,9000479d2e59a126b74cc6270d44f3d5,4,4.0,10.633114730658889,11,15,5,3,0.060189325161202505,5.225744762384972,0.011517846335405936,True,True,1,5,0,-4
random_1673,random_cycle_chord,20260823,200,0.9,baseline,15690ba2e9cfb14a6cdecbf5ca5b8d49,0,,,13,15,3,3,0.05180102635774564,4.562176308551026,0.011354455166639089,True,True,1,3,0,-2
random_1674,random_cycle_chord,20260823,200,0.9,baseline,103a02ce2419501dbcecbb0b106c7128,0,,,9,11,3,3,0.0625045096813844,5.396683551067775,0.011582022382805344,True,True,1,3,0,-2
random_1675,random_cycle_chord,20260823,200,0.9,baseline,15690ba2e9cfb14a6cdecbf5ca5b8d49,0,,,13,15,3,3,0.05174322652092802,4.568976257569286,0.011324905975426456,True,True,1,3,0,-2
random_1676,random_cycle_chord,20260823,200,0.9,baseline,bc0c53ec9fcf19b8932a465c5162b3af,0,,,12,15,4,3,0.05566343892021041,4.882300728908688,0.011401067244920108,True,True,1,4,0,-3
random_1677,random_cycle_chord,20260823,200,0.9,baseline,e756644711763e07d0e3622d4415d4c4,0,,,11,13,3,3,0.04632658103192186,4.136702212365173,0.011198916106033768,True,True,1,3,0,-2
random_1678,random_cycle_chord,20260823,200,0.9,baseline,3548961aa89bcaeb30f82f691c1470c0,0,,,14,17,4,3,0.04831425929997215,4.295539707252372,0.011247541075781652,True,True,1,4,0,-3
random_1679,random_cycle_chord,20260823,200,0.9,crossing_rich,d3b9e56b5337f4aa08cbf81ed5c2928d,2,2.0,8.470832363983597,8,11,4,3,0.07555337805068141,6.375144537615343,0.01185124158438964,True,True,1,4,0,-3
random_1680,random_cycle_chord,20260823,200,0.9,crossing_rich,9864390659db0a33d7b4bc27549e7f6e,4,4.0,9.777888512497395,10,14,5,3,0.06545380418093313,5.619828569632524,0.011646939647700517,True,True,1,5,0,-4
random_1681,random_cycle_chord,20260823,200,0.9,baseline,b73291eb7126cc5eaf4780776629388d,0,,,8,10,3,3,0.07214302278919806,6.109532783800933,0.01180827165384578,True,True,1,3,0,-2
random_1682,random_cycle_chord,20260823,200,0.9,baseline,5ece6bdff7ea6a9025672e56fbda3d50,0,,,11,13,3,3,0.04556236589958246,4.065835185207982,0.01120615170662698,True,True,1,3,0,-2
random_1683,random_cycle_chord,20260823,200,0.9,baseline,f2551d12306507df164d13e621c6cf57,0,,,10,12,3,3,0.052470401244847,4.6194512590898436,0.011358578822884925,True,True,1,3,0,-2
random_1684,random_cycle_chord,20260823,200,0.9,baseline,b73291eb7126cc5eaf4780776629388d,0,,,8,10,3,3,0.07231546246599509,6.12480034439845,0.011806990987409498,True,True,1,3,0,-2
random_1685,random_cycle_chord,20260823,200,0.9,baseline,c9b2747d4897680c32f2a02811ccda66,0,,,11,13,3,3,0.06025448583304615,5.221917901846579,0.011538765443198352,True,True,1,3,0,-2
random_1686,random_cycle_chord,20260823,200,0.9,baseline,b73291eb7126cc5eaf4780776629388d,0,,,8,10,3,3,0.07343402468518627,6.207702254934821,0.011829501749509619,True,True,1,3,0,-2
random_1687,random_cycle_chord,20260823,200,0.9,baseline,4e9cca7c282396d17b6e561d68fe510e,0,,,10,13,4,3,0.05321642566189933,4.6845069971129245,0.011360090975357017,True,True,1,4,0,-3
random_1688,random_cycle_chord,20260823,200,0.9,crossing_rich,6cae8dd6dca8ab370494a907f81c49aa,3,3.0,13.511845737069827,8,11,4,3,0.04736584567748256,4.214210737692924,0.011239553175125044,True,True,1,4,0,-3
random_1689,random_cycle_chord,20260823,200,0.9,baseline,b73291eb7126cc5eaf4780776629388d,0,,,8,10,3,3,0.0723895026821613,6.136278208443479,0.011796972077073331,True,True,1,3,0,-2
random_1690,random_cycle_chord,20260823,200,0.9,baseline,78d712f24f5cff365e8a82f9a84c6043,0,,,10,12,3,3,0.05347347193101019,4.707741930799722,0.011358624308007988,True,True,1,3,0,-2
random_1691,random_cycle_chord,20260823,200,0.9,crossing_rich,54949258b87cb182dbc4bda05188186a,3,3.0,12.715244328619399,11,15,5,3,0.0503332836915679,4.448673933266399,0.01131422182129027,True,True,1,5,0,-4
random_1692,random_cycle_chord,20260823,200,0.9,crossing_rich,d3b9e56b5337f4aa08cbf81ed5c2928d,2,2.0,8.387371074277587,8,11,4,3,0.07630519674546818,6.4178075495841505,0.011889605002320842,True,True,1,4,0,-3
random_1693,random_cycle_chord,20260823,200,0.9,baseline,3ddc013bba7f8602e9b01edf73e915d5,0,,,9,11,3,3,0.06225846557291072,5.382462862711196,0.011566910383019447,True,True,1,3,0,-2
random_1694,random_cycle_chord,20260823,200,0.9,crossing_rich,e4dfd7b460148a3915f7aca370896702,4,4.0,8.106603233907656,8,12,5,3,0.07894798617046643,6.6023037161500016,0.011957642296483648,True,True,1,5,0,-4
random_1695,random_cycle_chord,20260823,200,0.9,baseline,19fca4749c1a57391a2f17cdb3a8fecb,0,,,11,13,3,3,0.06032124994890716,5.222639499371753,0.011549954760646105,True,True,1,3,0,-2
random_1696,random_cycle_chord,20260823,200,0.9,baseline,78d712f24f5cff365e8a82f9a84c6043,0,,,10,12,3,3,0.05353717212396092,4.706738648844429,0.01137457932513526,True,True,1,3,0,-2
random_1697,random_cycle_chord,20260823,200,0.9,baseline,7e6bc2286a474f101d6d3fad2dea3b25,0,,,11,14,4,3,0.045691483823443735,4.0829950460004705,0.01119067824199326,True,True,1,4,0,-3
random_1698,random_cycle_chord,20260823,200,0.9,crossing_rich,6cae8dd6dca8ab370494a907f81c49aa,3,3.0,13.816540594635214,8,11,4,3,0.046321291181129945,4.133485953492488,0.011206350209559053,True,True,1,4,0,-3
random_1699,random_cycle_chord,20260823,200,0.9,crossing_rich,f01bb47f0e11353dcd7e62b1e2f9df0e,4,4.0,8.918564729833365,9,13,5,3,0.07176042551545822,6.078069009122355,0.01180645126071382,True,True,1,5,0,-4
random_1700,random_cycle_chord,20260823,200,0.9,crossing_rich,e4dfd7b460148a3915f7aca370896702,5,5.0,13.376051107317204,8,12,5,3,0.04784670713839422,4.251875416292504,0.01125308304073382,True,True,1,5,0,-4
random_1701,random_cycle_chord,20260823,200,0.9,baseline,103a02ce2419501dbcecbb0b106c7128,0,,,9,11,3,3,0.06267832807761374,5.4018939312458505,0.01160302828514778,True,True,1,3,0,-2
random_1702,random_cycle_chord,20260823,200,0.9,crossing_rich,f8e101deee8812cdf51fe0521efd7a68,5,5.0,13.174199848534943,10,14,5,3,0.0485798004704758,4.310971921007377,0.011268874249388243,True,True,1,5,0,-4
random_1703,random_cycle_chord,20260823,200,0.9,crossing_rich,8d92d8721dbd33134985bb942b070fe4,5,5.0,13.56963747467897,9,13,5,3,0.047164119247418666,4.192473761877154,0.011249711250739283,True,True,1,5,0,-4
random_1704,random_cycle_chord,20260823,200,0.9,baseline,5c25c6be641fc20f13f284ff50ca2a81,0,,,13,16,4,3,0.05184854461498099,4.56586331787854,0.011355693546926334,True,True,1,4,0,-3
random_1705,random_cycle_chord,20260823,200,0.9,baseline,237b03a6236ff83b0e5299ac7fc023ee,0,,,10,12,3,3,0.053170855024197904,4.673554482245981,0.011376962700699161,True,True,1,3,0,-2
random_1706,random_cycle_chord,20260823,200,0.9,baseline,19fca4749c1a57391a2f17cdb3a8fecb,0,,,11,13,3,3,0.060246538970957504,5.219981170560799,0.01154152419375203,True,True,1,3,0,-2
random_1707,random_cycle_chord,20260823,200,0.9,baseline,4ca7af1950eb0912a81fec832cb4eb96,0,,,10,12,3,3,0.06541344470672436,5.620116678226304,0.011639161329185908,True,True,1,3,0,-2
random_1708,random_cycle_chord,20260823,200,0.9,crossing_rich,76f64aeb3bec290543374c9120128d8d,4,4.0,9.878988129848949,10,14,5,3,0.06478396285002781,5.575377711370788,0.011619654524554128,True,True,1,5,0,-4
random_1709,random_cycle_chord,20260823,200,0.9,baseline,237b03a6236ff83b0e5299ac7fc023ee,0,,,10,12,3,3,0.053299162678288825,4.692368437255145,0.011358690902257194,True,True,1,3,0,-2
random_1710,random_cycle_chord,20260823,200,0.9,crossing_rich,0ea767070aaa9d39f9740b10ad5b57da,3,3.0,12.294369478502643,11,15,5,3,0.052056349951014075,4.589552184485936,0.011342359310561967,True,True,1,5,0,-4
random_1711,random_cycle_chord,20260823,200,0.9,crossing_rich,2c8b3e95d62a28423936c85308a28eeb,6,6.0,9.785627861643487,10,15,6,3,0.06540203746236806,5.621417733406807,0.011634438243879053,True,True,1,6,0,-5
random_1712,random_cycle_chord,20260823,200,0.9,crossing_rich,69b3e3dd7eb2f54db193b652ca130066,5,5.0,12.3431622833839,12,17,6,3,0.05185057000032757,4.580161844874425,0.011320685110364078,True,True,1,6,0,-5
random_1713,random_cycle_chord,20260823,200,0.9,crossing_rich,3413ec26db867dbc204368c4635ec429,8,8.0,13.169258963650876,13,19,7,3,0.04859802679607833,4.314671033895146,0.01126343733144485,True,True,1,7,0,-6
random_1714,random_cycle_chord,20260823,200,0.9,baseline,19fca4749c1a57391a2f17cdb3a8fecb,0,,,11,13,3,3,0.06018478989845172,5.226328544026966,0.011515692018106158,True,True,1,3,0,-2
random_1715,random_cycle_chord,20260823,200,0.9,baseline,3ddc013bba7f8602e9b01edf73e915d5,0,,,9,11,3,3,0.061298735433324765,5.309969308486194,0.011544084696564899,True,True,1,3,0,-2
random_1716,random_cycle_chord,20260823,200,0.9,baseline,c9b2747d4897680c32f2a02811ccda66,0,,,11,13,3,3,0.060320866478642245,5.222745169961826,0.011549647649970091,True,True,1,3,0,-2
random_1717,random_cycle_chord,20260823,200,0.9,baseline,4ca7af1950eb0912a81fec832cb4eb96,0,,,10,12,3,3,0.06551788191698958,5.618631897909289,0.011660824753685857,True,True,1,3,0,-2
random_1718,random_cycle_chord,20260823,200,0.9,crossing_rich,e4dfd7b460148a3915f7aca370896702,5,5.0,13.704091393191195,8,12,5,3,0.04670138148071463,4.1665272214411955,0.011208706675522616,True,True,1,5,0,-4
random_1719,random_cycle_chord,20260823,200,0.9,baseline,237b03a6236ff83b0e5299ac7fc023ee,0,,,10,12,3,3,0.052615453804247855,4.6400589502634135,0.011339393393107841,True,True,1,3,0,-2
random_1720,random_cycle_chord,20260823,200,0.9,baseline,103a02ce2419501dbcecbb0b106c7128,0,,,9,11,3,3,0.061679474140022554,5.337126279460212,0.01155668254981981,True,True,1,3,0,-2
random_1721,random_cycle_chord,20260823,200,0.9,baseline,4e9cca7c282396d17b6e561d68fe510e,0,,,10,13,4,3,0.0529640144293587,4.664894711978292,0.011353742731504798,True,True,1,4,0,-3
random_1722,random_cycle_chord,20260823,200,0.9,baseline,b73291eb7126cc5eaf4780776629388d,0,,,8,10,3,3,0.07218248027703843,6.111365861605114,0.0118111862244294,True,True,1,3,0,-2
random_1723,random_cycle_chord,20260823,200,0.9,crossing_rich,bb2c7ed8feef84917625e983562a84b2,5,5.0,14.113439458037552,10,14,5,3,0.04534684843498743,4.056507341063588,0.011178791167452393,True,True,1,5,0,-4
random_1724,random_cycle_chord,20260823,200,0.9,baseline,5ece6bdff7ea6a9025672e56fbda3d50,0,,,11,13,3,3,0.04580080471846624,4.096654559741444,0.01118005046570412,True,True,1,3,0,-2
random_1725,random_cycle_chord,20260823,200,0.9,crossing_rich,3766c050500c74590e361b5f3d5119d1,2,2.0,9.156290044984686,9,12,4,3,0.0698973052246807,5.95700437869014,0.01173363334677456,True,True,1,4,0,-3
random_1726,random_cycle_chord,20260823,200,0.9,crossing_rich,7272a6665a131dd6ed0f15277302953e,5,5.0,14.280161735418405,12,17,6,3,0.044817419568339935,4.008213904211556,0.01118139416692529,True,True,1,6,0,-5
random_1727,random_cycle_chord,20260823,200,0.9,crossing_rich,e4dfd7b460148a3915f7aca370896702,5,5.0,13.67118782084689,8,12,5,3,0.04681378153726176,4.170398659280359,0.011225253353917948,True,True,1,5,0,-4
random_1728,random_cycle_chord,20260823,200,0.9,crossing_rich,6cae8dd6dca8ab370494a907f81c49aa,2,2.0,8.122162960397198,8,11,4,3,0.0787967445519835,6.5893219487078545,0.011958247778048742,True,True,1,4,0,-3
random_1729,random_cycle_chord,20260823,200,0.9,baseline,b73291eb7126cc5eaf4780776629388d,0,,,8,10,3,3,0.07261412948001313,6.154700490855689,0.011798158104996199,True,True,1,3,0,-2
random_1730,random_cycle_chord,20260823,200,0.9,crossing_rich,6cae8dd6dca8ab370494a907f81c49aa,3,3.0,13.315614509078515,8,11,4,3,0.04806387264843477,4.285163244033319,0.011216345775241849,True,True,1,4,0,-3
random_1731,random_cycle_chord,20260823,200,0.9,baseline,103a02ce2419501dbcecbb0b106c7128,0,,,9,11,3,3,0.062152441224975576,5.363510838398025,0.011588014473657574,True,True,1,3,0,-2
random_1732,random_cycle_chord,20260823,200,0.9,crossing_rich,cbd367df182ccb02b6db0d327f7ca73e,5,5.0,12.204246887302311,11,16,6,3,0.05244076147507934,4.622642484739487,0.011344325599091768,True,True,1,6,0,-5
random_1733,random_cycle_chord,20260823,200,0.9,crossing_rich,cbd367df182ccb02b6db0d327f7ca73e,5,5.0,12.06304187084405,11,16,6,3,0.053054611502829786,4.677451056393314,0.011342633169899826,True,True,1,6,0,-5
random_1734,random_cycle_chord,20260823,200,0.9,baseline,b73291eb7126cc5eaf4780776629388d,0,,,8,10,3,3,0.07289504541498287,6.175477791387227,0.011803952321980275,True,True,1,3,0,-2
random_1735,random_cycle_chord,20260823,200,0.9,baseline,b73291eb7126cc5eaf4780776629388d,0,,,8,10,3,3,0.07284157557438617,6.179858655096507,0.011786932297280615,True,True,1,3,0,-2
random_1736,random_cycle_chord,20260823,200,0.9,crossing_rich,e4dfd7b460148a3915f7aca370896702,4,4.0,8.136350466313608,8,12,5,3,0.0786593452002528,6.5839788109614075,0.011947083588619081,True,True,1,5,0,-4
random_1737,random_cycle_chord,20260823,200,0.9,baseline,efa81f8d435c5ba80e07756432e1f676,0,,,11,13,3,3,0.04596439553583318,4.107106528485711,0.011191430077850997,True,True,1,3,0,-2
random_1738,random_cycle_chord,20260823,200,0.9,baseline,7e6bc2286a474f101d6d3fad2dea3b25,0,,,11,14,4,3,0.045466036589320975,4.055204429404106,0.011211774247347133,True,True,1,4,0,-3
random_1739,random_cycle_chord,20260823,200,0.9,crossing_rich,9a9d31dddbd26369d4b9887955f66826,5,5.0,12.463866076208916,12,17,6,3,0.051348433631009154,4.5353828623158385,0.01132174177789035,True,True,1,6,0,-5
random_1740,random_cycle_chord,20260823,200,0.9,baseline,ca62a37d3738941a9501a139c3aa3dc2,0,,,12,14,3,3,0.055663516996929736,4.881864393196597,0.01140210225308651,True,True,1,3,0,-2
random_1741,random_cycle_chord,20260823,200,0.9,crossing_rich,f01bb47f0e11353dcd7e62b1e2f9df0e,4,4.0,8.948699095245248,9,13,5,3,0.07151877532009698,6.072489595382268,0.011777504793829921,True,True,1,5,0,-4
random_1742,random_cycle_chord,20260823,200,0.9,baseline,b73291eb7126cc5eaf4780776629388d,0,,,8,10,3,3,0.07237713564224618,6.128896767427895,0.011809162136144217,True,True,1,3,0,-2
random_1743,random_cycle_chord,20260823,200,0.9,baseline,ede1667d49b7784adfd5a7c11bbb1814,0,,,14,16,3,3,0.048323899716063046,4.294327942160398,0.01125295980347327,True,True,1,3,0,-2
random_1744,random_cycle_chord,20260823,200,0.9,baseline,7e6bc2286a474f101d6d3fad2dea3b25,0,,,11,14,4,3,0.04551805731617622,4.069609140917092,0.011184871996311336,True,True,1,4,0,-3
random_1745,random_cycle_chord,20260823,200,0.9,baseline,b73291eb7126cc5eaf4780776629388d,0,,,8,10,3,3,0.0725573722396763,6.157246386797958,0.011784061848694245,True,True,1,3,0,-2
random_1746,random_cycle_chord,20260823,200,0.9,crossing_rich,e4dfd7b460148a3915f7aca370896702,5,5.0,13.691163709888812,8,12,5,3,0.04674547858468325,4.1692006110175335,0.011212096261607947,True,True,1,5,0,-4
random_1747,random_cycle_chord,20260823,200,0.9,crossing_rich,2c8b3e95d62a28423936c85308a28eeb,6,6.0,9.786811226953684,10,15,6,3,0.0653941294215819,5.6249124841575275,0.01162580388686284,True,True,1,6,0,-5
random_1748,random_cycle_chord,20260823,200,0.9,baseline,2226627352f2e0a6e64c2716162ef8cd,0,,,15,18,4,3,0.04531036518119952,4.044643629873059,0.01120256055355403,True,True,1,4,0,-3
random_1749,random_cycle_chord,20260823,200,0.9,crossing_rich,2142728dca8c155b0eb12854cf4815f0,2,2.0,10.63675507415793,11,14,4,3,0.060168725850883266,5.226986976756225,0.01151116812007496,True,True,1,4,0,-3
random_1750,random_cycle_chord,20260823,200,0.9,baseline,8603424a32f201376c6da364b388d315,0,,,11,13,3,3,0.04591290340642539,4.102623998678817,0.0111911068187606,True,True,1,3,0,-2
random_1751,random_cycle_chord,20260823,200,0.9,crossing_rich,6cae8dd6dca8ab370494a907f81c49aa,2,2.0,8.124979207222207,8,11,4,3,0.07876943234896046,6.599713206157956,0.01193528110819475,True,True,1,4,0,-3
random_1752,random_cycle_chord,20260823,200,0.9,baseline,3ddc013bba7f8602e9b01edf73e915d5,0,,,9,11,3,3,0.06229675434888675,5.387995996352887,0.011562138203342238,True,True,1,3,0,-2
random_1753,random_cycle_chord,20260823,200,0.9,crossing_rich,8f0fcd64f35ed098799bcfa36390d34a,4,4.0,12.01783095644059,11,15,5,3,0.05325420221999474,4.687310204524935,0.01136135649153012,True,True,1,5,0,-4
random_1754,random_cycle_chord,20260823,200,0.9,crossing_rich,e4dfd7b460148a3915f7aca370896702,5,5.0,13.557470357848903,8,12,5,3,0.04720644656467799,4.201267358416617,0.011236239576637956,True,True,1,5,0,-4
random_1755,random_cycle_chord,20260823,200,0.9,crossing_rich,8d92d8721dbd33134985bb942b070fe4,5,5.0,13.484709850621204,9,13,5,3,0.04746116209319231,4.219611987981287,0.011247755060980927,True,True,1,5,0,-4
random_1756,random_cycle_chord,20260823,200,0.9,baseline,62c285453040d1bf75cf8872f45e6677,0,,,14,18,5,3,0.04831976430819459,4.291907030985192,0.011258343659206187,True,True,1,5,0,-4
random_1757,random_cycle_chord,20260823,200,0.9,baseline,237b03a6236ff83b0e5299ac7fc023ee,0,,,10,12,3,3,0.05329781878043476,4.681606684897704,0.011384514413046928,True,True,1,3,0,-2
random_1758,random_cycle_chord,20260823,200,0.9,baseline,78d712f24f5cff365e8a82f9a84c6043,0,,,10,12,3,3,0.052880033310034595,4.658107230556886,0.011352257621538842,True,True,1,3,0,-2
random_1759,random_cycle_chord,20260823,200,0.9,baseline,b73291eb7126cc5eaf4780776629388d,0,,,8,10,3,3,0.07253364380388948,6.156069531992708,0.011782460127673457,True,True,1,3,0,-2
random_1760,random_cycle_chord,20260823,200,0.9,baseline,19fca4749c1a57391a2f17cdb3a8fecb,0,,,11,13,3,3,0.06018145302986512,5.227724078585398,0.011511979615831214,True,True,1,3,0,-2
random_1761,random_cycle_chord,20260823,200,0.9,crossing_rich,d3b9e56b5337f4aa08cbf81ed5c2928d,2,2.0,8.471226937353638,8,11,4,3,0.0755498589204284,6.361781548051812,0.011875582075521638,True,True,1,4,0,-3
random_1762,random_cycle_chord,20260823,200,0.9,crossing_rich,e4dfd7b460148a3915f7aca370896702,5,5.0,13.55783133674622,8,12,5,3,0.047205189687335,4.202016122873998,0.011233938258915744,True,True,1,5,0,-4
random_1763,random_cycle_chord,20260823,200,0.9,baseline,3ddc013bba7f8602e9b01edf73e915d5,0,,,9,11,3,3,0.06263742366678574,5.415623963873888,0.011566058515994179,True,True,1,3,0,-2
random_1764,random_cycle_chord,20260823,200,0.9,crossing_rich,e4dfd7b460148a3915f7aca370896702,4,4.0,8.115685256240903,8,12,5,3,0.07885963782390952,6.60245787680427,0.011943981967830329,True,True,1,5,0,-4
random_1765,random_cycle_chord,20260823,200,0.9,crossing_rich,b497a8280ab5258c0901c20c694e809b,3,3.0,13.015698853406887,9,12,4,3,0.0491713896586105,4.356869985166423,0.011285943768352376,True,True,1,4,0,-3
random_1766,random_cycle_chord,20260823,200,0.9,crossing_rich,8d92d8721dbd33134985bb942b070fe4,5,5.0,13.259552574303001,9,13,5,3,0.048267088682940884,4.28827786049558,0.011255587966345737,True,True,1,5,0,-4
random_1767,random_cycle_chord,20260823,200,0.9,crossing_rich,f01bb47f0e11353dcd7e62b1e2f9df0e,4,4.0,8.93434287449587,9,13,5,3,0.07163369583978639,6.073945290145586,0.011793602414563304,True,True,1,5,0,-4
random_1768,random_cycle_chord,20260823,200,0.9,baseline,4e9cca7c282396d17b6e561d68fe510e,0,,,10,13,4,3,0.052535805456851964,4.625978620462841,0.011356690068661758,True,True,1,4,0,-3
random_1769,random_cycle_chord,20260823,200,0.9,baseline,3ddc013bba7f8602e9b01edf73e915d5,0,,,9,11,3,3,0.062206649527887216,5.369383827617218,0.01158543541028483,True,True,1,3,0,-2
random_1770,random_cycle_chord,20260823,200,0.9,baseline,e756644711763e07d0e3622d4415d4c4,0,,,11,13,3,3,0.045871445460171224,4.100611823722037,0.011186488122285785,True,True,1,3,0,-2
random_1771,random_cycle_chord,20260823,200,0.9,crossing_rich,e4dfd7b460148a3915f7aca370896702,5,5.0,13.906950589323927,8,12,5,3,0.04602015343977094,4.100804446510211,0.011222225794973993,True,True,1,5,0,-4
random_1772,random_cycle_chord,20260823,200,0.9,baseline,e756644711763e07d0e3622d4415d4c4,0,,,11,13,3,3,0.04530777099943208,4.054599732084454,0.011174412764078078,True,True,1,3,0,-2
random_1773,random_cycle_chord,20260823,200,0.9,baseline,8c61f2de661654606954623865384556,0,,,13,15,3,3,0.05176727652306687,4.563266652096202,0.011344346160285597,True,True,1,3,0,-2
random_1774,random_cycle_chord,20260823,200,0.9,baseline,237b03a6236ff83b0e5299ac7fc023ee,0,,,10,12,3,3,0.053695657886243135,4.7275721850243695,0.011357977368666313,True,True,1,3,0,-2
random_1775,random_cycle_chord,20260823,200,0.9,baseline,4e9cca7c282396d17b6e561d68fe510e,0,,,10,13,4,3,0.05259794511871782,4.632373485319821,0.011354426685456782,True,True,1,4,0,-3
random_1776,random_cycle_chord,20260823,200,0.9,crossing_rich,9a9d31dddbd26369d4b9887955f66826,5,5.0,12.36726315472836,12,17,6,3,0.05174952550074182,4.569362959318567,0.011325326081878879,True,True,1,6,0,-5
random_1777,random_cycle_chord,20260823,200,0.9,crossing_rich,e756d46da8759e602b7402a988779cfd,12,12.0,13.232904238362844,14,21,8,3,0.0483642886302017,4.288950479346185,0.011276485672451606,True,True,1,8,0,-7
random_1778,random_cycle_chord,20260823,200,0.9,baseline,7e6bc2286a474f101d6d3fad2dea3b25,0,,,11,14,4,3,0.0461866064477801,4.122733667551793,0.011202908111987537,True,True,1,4,0,-3
random_1779,random_cycle_chord,20260823,200,0.9,baseline,19fca4749c1a57391a2f17cdb3a8fecb,0,,,11,13,3,3,0.06018230996272178,5.227541033781335,0.011512546639770513,True,True,1,3,0,-2
random_1780,random_cycle_chord,20260823,200,0.9,baseline,8f34f4541eedc7b1aecfd95c1d8d238c,0,,,11,14,4,3,0.04521301295310935,4.035521566743249,0.011203759465866815,True,True,1,4,0,-3
random_1781,random_cycle_chord,20260823,200,0.9,crossing_rich,e4dfd7b460148a3915f7aca370896702,4,4.0,8.124001732490546,8,12,5,3,0.07877890983706098,6.591888088163347,0.011950887027120423,True,True,1,5,0,-4
random_1782,random_cycle_chord,20260823,200,0.9,crossing_rich,8d92d8721dbd33134985bb942b070fe4,5,5.0,13.237736821593964,9,13,5,3,0.04834663270809286,4.304640004063571,0.011231283606167704,True,True,1,5,0,-4
random_1783,random_cycle_chord,20260823,200,0.9,crossing_rich,76f64aeb3bec290543374c9120128d8d,4,4.0,10.247171434705985,10,14,5,3,0.06245625966912137,5.389940944025782,0.011587559180652613,True,True,1,5,0,-4
random_1784,random_cycle_chord,20260823,200,0.9,crossing_rich,6cae8dd6dca8ab370494a907f81c49aa,3,3.0,13.526032636624798,8,11,4,3,0.04731616558923975,4.208235220226601,0.011243707424389626,True,True,1,4,0,-3
random_1785,random_cycle_chord,20260823,200,0.9,crossing_rich,e4dfd7b460148a3915f7aca370896702,5,5.0,13.67158554162549,8,12,5,3,0.04681241967520228,4.169926405889979,0.011226198047303714,True,True,1,5,0,-4
random_1786,random_cycle_chord,20260823,200,0.9,crossing_rich,e4dfd7b460148a3915f7aca370896702,4,4.0,8.107337401826662,8,12,5,3,0.07894083695786508,6.602840678675016,0.011955587117650405,True,True,1,5,0,-4
random_1787,random_cycle_chord,20260823,200,0.9,crossing_rich,e4dfd7b460148a3915f7aca370896702,5,5.0,13.268378856784965,8,12,5,3,0.04823498084490762,4.283197707345964,0.011261441600554993,True,True,1,5,0,-4
random_1788,random_cycle_chord,20260823,200,0.9,crossing_rich,bb2c7ed8feef84917625e983562a84b2,5,5.0,13.910621989273574,10,14,5,3,0.04600800744161559,4.110821241491446,0.011191926074830594,True,True,1,5,0,-4
random_1789,random_cycle_chord,20260823,200,0.9,baseline,4ca7af1950eb0912a81fec832cb4eb96,0,,,10,12,3,3,0.06539777087395758,5.628229092721975,0.011619600019218357,True,True,1,3,0,-2
random_1790,random_cycle_chord,20260823,200,0.9,crossing_rich,6cae8dd6dca8ab370494a907f81c49aa,3,3.0,13.537970611216155,8,11,4,3,0.047274441522997736,4.222339413154537,0.01119626749467748,True,True,1,4,0,-3
random_1791,random_cycle_chord,20260823,200,0.9,baseline,f4c63b03cb04e53779a197f375d70184,0,,,12,14,3,3,0.05566237507842438,4.873855881990209,0.01142060340440247,True,True,1,3,0,-2
random_1792,random_cycle_chord,20260823,200,0.9,crossing_rich,6cae8dd6dca8ab370494a907f81c49aa,3,3.0,13.520658079767264,8,11,4,3,0.04733497409846611,4.220301390870329,0.011216017462843923,True,True,1,4,0,-3
random_1793,random_cycle_chord,20260823,200,0.9,baseline,3a351d58f4eb5873cb60bb786dd613d2,0,,,14,17,4,3,0.04832179454791918,4.293866576149372,0.011253678634619547,True,True,1,4,0,-3
random_1794,random_cycle_chord,20260823,200,0.9,crossing_rich,e4dfd7b460148a3915f7aca370896702,4,4.0,8.13087632252737,8,12,5,3,0.07871230290723016,6.585361298612286,0.01195261722751901,True,True,1,5,0,-4
random_1795,random_cycle_chord,20260823,200,0.9,crossing_rich,e4dfd7b460148a3915f7aca370896702,5,5.0,13.534647065118737,8,12,5,3,0.04728605015858871,4.217612243195375,0.011211568876413244,True,True,1,5,0,-4
random_1796,random_cycle_chord,20260823,200,0.9,baseline,103a02ce2419501dbcecbb0b106c7128,0,,,9,11,3,3,0.0623993445246648,5.386230009093343,0.011584975840117974,True,True,1,3,0,-2
random_1797,random_cycle_chord,20260823,200,0.9,baseline,8603424a32f201376c6da364b388d315,0,,,11,13,3,3,0.04548572077753937,4.057480062415843,0.011210337470015059,True,True,1,3,0,-2
random_1798,random_cycle_chord,20260823,200,0.9,baseline,8f34f4541eedc7b1aecfd95c1d8d238c,0,,,11,14,4,3,0.04547716399855407,4.065106671410335,0.011187200650450917,True,True,1,4,0,-3
random_1799,random_cycle_chord,20260823,200,0.9,crossing_rich,df8c0405d2c086a2f72eede416d50ac9,7,7.0,14.180601322350169,13,19,7,3,0.04513207764971789,4.0297111157554095,0.011199829554346959,True,True,1,7,0,-6
random_1800,random_cycle_chord,20260823,200,0.9,baseline,103a02ce2419501dbcecbb0b106c7128,0,,,9,11,3,3,0.06185755197641023,5.362856155230848,0.011534441757509256,True,True,1,3,0,-2
random_1801,random_cycle_chord,20260823,200,0.9,crossing_rich,3766c050500c74590e361b5f3d5119d1,2,2.0,9.492372533498068,9,12,4,3,0.06742255402866613,5.7733686569392875,0.011678200031038682,True,True,1,4,0,-3
random_1802,random_cycle_chord,20260823,200,0.9,baseline,3ddc013bba7f8602e9b01edf73e915d5,0,,,9,11,3,3,0.06239974973487785,5.383966305026731,0.011589922038817077,True,True,1,3,0,-2
random_1803,random_cycle_chord,20260823,200,0.9,crossing_rich,bc0cf7ceb69e1836068831db1a5b7fb5,2,2.0,11.242823284569376,10,13,4,3,0.05692520319859438,4.981580866779547,0.011427136228623532,True,True,1,4,0,-3
random_1804,random_cycle_chord,20260823,200,0.9,crossing_rich,9864390659db0a33d7b4bc27549e7f6e,4,4.0,9.771115249344547,10,14,5,3,0.06549917626270263,5.625652640779878,0.011642947128997029,True,True,1,5,0,-4
random_1805,random_cycle_chord,20260823,200,0.9,baseline,2226627352f2e0a6e64c2716162ef8cd,0,,,15,18,4,3,0.045304860585281895,4.046841799850173,0.011195115308673351,True,True,1,4,0,-3
random_1806,random_cycle_chord,20260823,200,0.9,baseline,f8915e048c5e07d3dc0ece3ddaef1ca9,0,,,14,16,3,3,0.04830531330978422,4.297211026660823,0.011241084743124704,True,True,1,3,0,-2
random_1807,random_cycle_chord,20260823,200,0.9,crossing_rich,35e6984785cd33f6953165239be9a661,4,4.0,10.215311448982648,10,14,5,3,0.06265105113987868,5.413629187338361,0.01157283754979188,True,True,1,5,0,-4
random_1808,random_cycle_chord,20260823,200,0.9,baseline,237b03a6236ff83b0e5299ac7fc023ee,0,,,10,12,3,3,0.052987810000970435,4.668526283058806,0.011350007858636916,True,True,1,3,0,-2
random_1809,random_cycle_chord,20260823,200,0.9,baseline,3ddc013bba7f8602e9b01edf73e915d5,0,,,9,11,3,3,0.062251427709683206,5.385359063157242,0.011559382945431206,True,True,1,3,0,-2
random_1810,random_cycle_chord,20260823,200,0.9,crossing_rich,8d92d8721dbd33134985bb942b070fe4,5,5.0,13.541454680642136,9,13,5,3,0.04726227832190708,4.203696637514878,0.0112430278389088,True,True,1,5,0,-4
random_1811,random_cycle_chord,20260823,200,0.9,crossing_rich,03196bebf08fc35c7591560a92b3fae9,2,2.0,10.929823539171677,10,13,4,3,0.05855538268356186,5.098542191929782,0.01148473043456346,True,True,1,4,0,-3
random_1812,random_cycle_chord,20260823,200,0.9,baseline,103a02ce2419501dbcecbb0b106c7128,0,,,9,11,3,3,0.06236377561266807,5.3922984668407565,0.011565341940207143,True,True,1,3,0,-2
random_1813,random_cycle_chord,20260823,200,0.9,crossing_rich,a8b376fbdbc5eb4f0784f2b1e64d7056,6,6.0,13.938279975231762,13,18,6,3,0.045916712904122754,4.103400808361571,0.011189916620028313,True,True,1,6,0,-5
random_1814,random_cycle_chord,20260823,200,0.9,baseline,306c04f96eca75425a8cb09361c0962f,0,,,15,17,3,3,0.04528559575756399,4.05116508705084,0.011178412823095025,True,True,1,3,0,-2
random_1815,random_cycle_chord,20260823,200,0.9,baseline,3ddc013bba7f8602e9b01edf73e915d5,0,,,9,11,3,3,0.06178605764992121,5.33968266835687,0.011571110398763462,True,True,1,3,0,-2
random_1816,random_cycle_chord,20260823,200,0.9,baseline,b73291eb7126cc5eaf4780776629388d,0,,,8,10,3,3,0.07266501201717496,6.165097779893939,0.01178651411728705,True,True,1,3,0,-2
random_1817,random_cycle_chord,20260823,200,0.9,baseline,f2551d12306507df164d13e621c6cf57,0,,,10,12,3,3,0.05300092168702448,4.660863792309521,0.011371480491336522,True,True,1,3,0,-2
random_1818,random_cycle_chord,20260823,200,0.9,crossing_rich,8d92d8721dbd33134985bb942b070fe4,5,5.0,13.538454720059452,9,13,5,3,0.047272751080796135,4.210627106568236,0.011227009631666146,True,True,1,5,0,-4
random_1819,random_cycle_chord,20260823,200,0.9,crossing_rich,f01bb47f0e11353dcd7e62b1e2f9df0e,4,4.0,8.947184693669167,9,13,5,3,0.07153088059675912,6.076014679147948,0.011772664217261246,True,True,1,5,0,-4
random_1820,random_cycle_chord,20260823,200,0.9,baseline,3ddc013bba7f8602e9b01edf73e915d5,0,,,9,11,3,3,0.06240496597258275,5.393799411168243,0.011569760240502986,True,True,1,3,0,-2
random_1821,random_cycle_chord,20260823,200,0.9,baseline,b73291eb7126cc5eaf4780776629388d,0,,,8,10,3,3,0.07241665549416958,6.1326459878846995,0.011808386728539644,True,True,1,3,0,-2
random_1822,random_cycle_chord,20260823,200,0.9,baseline,ac248208ae374e8a4f8aa20e84131332,0,,,14,17,4,3,0.048315269398041226,4.291466173770763,0.011258452808819012,True,True,1,4,0,-3
random_1823,random_cycle_chord,20260823,200,0.9,baseline,4ca7af1950eb0912a81fec832cb4eb96,0,,,10,12,3,3,0.06552240314674267,5.618927477781725,0.011661015986739522,True,True,1,3,0,-2
random_1824,random_cycle_chord,20260823,200,0.9,crossing_rich,e4dfd7b460148a3915f7aca370896702,4,4.0,8.105174150291091,8,12,5,3,0.07896190607786199,6.602007048041884,0.011960288061383035,True,True,1,5,0,-4
random_1825,random_cycle_chord,20260823,200,0.9,baseline,4e9cca7c282396d17b6e561d68fe510e,0,,,10,13,4,3,0.05265209933490378,4.643730071098896,0.01133832038657754,True,True,1,4,0,-3
random_1826,random_cycle_chord,20260823,200,0.9,baseline,b73291eb7126cc5eaf4780776629388d,0,,,8,10,3,3,0.07327999544448237,6.20761898250492,0.01180484750288462,True,True,1,3,0,-2
random_1827,random_cycle_chord,20260823,200,0.9,baseline,0cc2dea1c592c810d97e1a2b8cd499ac,0,,,15,19,5,3,0.04537854486917304,4.047478481572891,0.011211559264803918,True,True,1,5,0,-4
random_1828,random_cycle_chord,20260823,200,0.9,crossing_rich,35e6984785cd33f6953165239be9a661,4,4.0,9.84546721306566,10,14,5,3,0.06500453316737197,5.580301968861411,0.01164892751863665,True,True,1,5,0,-4
random_1829,random_cycle_chord,20260823,200,0.9,baseline,8603424a32f201376c6da364b388d315,0,,,11,13,3,3,0.04555673173121381,4.07248138902543,0.011186480030082055,True,True,1,3,0,-2
random_1830,random_cycle_chord,20260823,200,0.9,crossing_rich,e4dfd7b460148a3915f7aca370896702,5,5.0,13.455320553423963,8,12,5,3,0.04756482741967376,4.229718294925044,0.011245388960476072,True,True,1,5,0,-4
random_1831,random_cycle_chord,20260823,200,0.9,baseline,b73291eb7126cc5eaf4780776629388d,0,,,8,10,3,3,0.07285592680487885,6.163686759195235,0.011820186464892858,True,True,1,3,0,-2
random_1832,random_cycle_chord,20260823,200,0.9,crossing_rich,d49403ff92d00c8c40dff83bbbc8ab33,4,4.0,12.847275507622832,13,17,5,3,0.049816009598319964,4.404364761429012,0.011310600346860687,True,True,1,5,0,-4
random_1833,random_cycle_chord,20260823,200,0.9,crossing_rich,e4dfd7b460148a3915f7aca370896702,4,4.0,8.126211042644533,8,12,5,3,0.07875749185462001,6.589488625241059,0.01195198843699937,True,True,1,5,0,-4
random_1834,random_cycle_chord,20260823,200,0.9,crossing_rich,c55fd4e0b34b4d785a84453449ce91ea,3,3.0,10.979525328679943,11,15,5,3,0.05829031591449925,5.082036283927284,0.011469874014644735,True,True,1,5,0,-4
random_1835,random_cycle_chord,20260823,200,0.9,baseline,8f34f4541eedc7b1aecfd95c1d8d238c,0,,,11,14,4,3,0.04600932097359969,4.112560565361524,0.0111875120724344,True,True,1,4,0,-3
random_1836,random_cycle_chord,20260823,200,0.9,crossing_rich,8d92d8721dbd33134985bb942b070fe4,5,5.0,12.977768198935761,9,13,5,3,0.049315104892417715,4.3792998030042645,0.011260956570862497,True,True,1,5,0,-4
random_1837,random_cycle_chord,20260823,200,0.9,baseline,b7f57d3553d50f25c5be44b65115c3b8,0,,,13,15,3,3,0.051745032754117966,4.571147179092802,0.011319922707977078,True,True,1,3,0,-2
random_1838,random_cycle_chord,20260823,200,0.9,crossing_rich,6cae8dd6dca8ab370494a907f81c49aa,3,3.0,13.772053799268265,8,11,4,3,0.0464709192490959,4.140634973624441,0.011223138370108075,True,True,1,4,0,-3
random_1839,random_cycle_chord,20260823,200,0.9,crossing_rich,35e6984785cd33f6953165239be9a661,4,4.0,10.073774075623437,10,14,5,3,0.06353130367978718,5.47948738438201,0.011594388165007592,True,True,1,5,0,-4
random_1840,random_cycle_chord,20260823,200,0.9,baseline,7e6bc2286a474f101d6d3fad2dea3b25,0,,,11,14,4,3,0.04571929632068761,4.0865242928637775,0.0111878195366479,True,True,1,4,0,-3
random_1841,random_cycle_chord,20260823,200,0.9,crossing_rich,ef708e22c6afb49a267da2ce884548df,2,2.0,9.117807391275969,9,12,4,3,0.07019231406580928,5.983462427798933,0.011731052866597529,True,True,1,4,0,-3
random_1842,random_cycle_chord,20260823,200,0.9,crossing_rich,ef708e22c6afb49a267da2ce884548df,2,2.0,9.377543667522632,9,12,4,3,0.06824814926925057,5.844019012168301,0.011678290082072907,True,True,1,4,0,-3
random_1843,random_cycle_chord,20260823,200,0.9,crossing_rich,6cae8dd6dca8ab370494a907f81c49aa,3,3.0,13.603503453483265,8,11,4,3,0.04704670397507959,4.186033549967061,0.011238969638800382,True,True,1,4,0,-3
random_1844,random_cycle_chord,20260823,200,0.9,crossing_rich,6cae8dd6dca8ab370494a907f81c49aa,2,2.0,8.104248107703866,8,11,4,3,0.07897092876409086,6.602445855497811,0.011960859731751122,True,True,1,4,0,-3
random_1845,random_cycle_chord,20260823,200,0.9,baseline,103a02ce2419501dbcecbb0b106c7128,0,,,9,11,3,3,0.06169939656906049,5.346038978805834,0.01154114229500858,True,True,1,3,0,-2
random_1846,random_cycle_chord,20260823,200,0.9,baseline,4e9cca7c282396d17b6e561d68fe510e,0,,,10,13,4,3,0.05261852780879366,4.640829003621117,0.011338174228728706,True,True,1,4,0,-3
random_1847,random_cycle_chord,20260823,200,0.9,baseline,103a02ce2419501dbcecbb0b106c7128,0,,,9,11,3,3,0.06231917994449094,5.379053764471463,0.011585528361160436,True,True,1,3,0,-2
random_1848,random_cycle_chord,20260823,200,0.9,baseline,3ddc013bba7f8602e9b01edf73e915d5,0,,,9,11,3,3,0.06271222234706236,5.416374217943119,0.011578266165456617,True,True,1,3,0,-2
random_1849,random_cycle_chord,20260823,200,0.9,crossing_rich,6d7be31ac542a0764936711ec3c54ff3,5,5.0,12.883304968718505,12,17,6,3,0.04967669410558558,4.394420567668126,0.011304492444596907,True,True,1,6,0,-5
random_1850,random_cycle_chord,20260823,200,0.9,baseline,b73291eb7126cc5eaf4780776629388d,0,,,8,10,3,3,0.07258416933756892,6.139799915732748,0.011821911191532116,True,True,1,3,0,-2
random_1851,random_cycle_chord,20260823,200,0.9,crossing_rich,8d92d8721dbd33134985bb942b070fe4,5,5.0,13.103815816307396,9,13,5,3,0.04884073532257183,4.336908149855755,0.011261648537379394,True,True,1,5,0,-4
random_1852,random_cycle_chord,20260823,200,0.9,baseline,78d712f24f5cff365e8a82f9a84c6043,0,,,10,12,3,3,0.05348533494445722,4.699369028305242,0.011381386441946638,True,True,1,3,0,-2
random_1853,random_cycle_chord,20260823,200,0.9,baseline,3ddc013bba7f8602e9b01edf73e915d5,0,,,9,11,3,3,0.06189754540689913,5.362707696599288,0.011542218765000169,True,True,1,3,0,-2
random_1854,random_cycle_chord,20260823,200,0.9,baseline,b73291eb7126cc5eaf4780776629388d,0,,,8,10,3,3,0.073037822218766,6.186342929243578,0.011806300273705736,True,True,1,3,0,-2
random_1855,random_cycle_chord,20260823,200,0.9,crossing_rich,e4dfd7b460148a3915f7aca370896702,5,5.0,13.490641796785166,8,12,5,3,0.04744029302983292,4.222280346735063,0.011235704201052585,True,True,1,5,0,-4
random_1856,random_cycle_chord,20260823,200,0.9,baseline,e756644711763e07d0e3622d4415d4c4,0,,,11,13,3,3,0.04547493776364786,4.0569219920371165,0.011209221634753044,True,True,1,3,0,-2
random_1857,random_cycle_chord,20260823,200,0.9,baseline,c9b2747d4897680c32f2a02811ccda66,0,,,11,13,3,3,0.06032060129095224,5.223502202447526,0.011547923012780275,True,True,1,3,0,-2
random_1858,random_cycle_chord,20260823,200,0.9,crossing_rich,9e29c665f19ef85c09f08031b7489ca3,6,6.0,10.628927888408441,11,16,6,3,0.06021303434544541,5.222947962946229,0.011528553371127145,True,True,1,6,0,-5
random_1859,random_cycle_chord,20260823,200,0.9,baseline,4e9cca7c282396d17b6e561d68fe510e,0,,,10,13,4,3,0.0524735028298697,4.619406953804606,0.011359359189311479,True,True,1,4,0,-3
random_1860,random_cycle_chord,20260823,200,0.9,baseline,78d712f24f5cff365e8a82f9a84c6043,0,,,10,12,3,3,0.052519118685722205,4.627163843095599,0.011350174851510469,True,True,1,3,0,-2
random_1861,random_cycle_chord,20260823,200,0.9,crossing_rich,e4dfd7b460148a3915f7aca370896702,4,4.0,8.115067102216779,8,12,5,3,0.07886564484786236,6.603316140348378,0.011943339251314654,True,True,1,5,0,-4
random_1862,random_cycle_chord,20260823,200,0.9,crossing_rich,f01bb47f0e11353dcd7e62b1e2f9df0e,4,4.0,8.949669230155077,9,13,5,3,0.07151102275864896,6.079230988202332,0.0117631692063399,True,True,1,5,0,-4
random_1863,random_cycle_chord,20260823,200,0.9,baseline,3e0db153ae04214574c8c982b8d2f4f0,0,,,11,13,3,3,0.045433602912589424,4.052492239587609,0.011211274501345583,True,True,1,3,0,-2
random_1864,random_cycle_chord,20260823,200,0.9,baseline,8f34f4541eedc7b1aecfd95c1d8d238c,0,,,11,14,4,3,0.04509097871342476,4.027126451948148,0.011196812231116238,True,True,1,4,0,-3
random_1865,random_cycle_chord,20260823,200,0.9,baseline,4e9cca7c282396d17b6e561d68fe510e,0,,,10,13,4,3,0.052469549281672766,4.619473005582546,0.011358340922928721,True,True,1,4,0,-3
random_1866,random_cycle_chord,20260823,200,0.9,crossing_rich,0ba4cef7d36938b0547a48dd8590384b,4,4.0,11.914104818823764,11,15,5,3,0.05371784198077794,4.724044990115967,0.011371153766141262,True,True,1,5,0,-4
random_1867,random_cycle_chord,20260823,200,0.9,crossing_rich,9e29c665f19ef85c09f08031b7489ca3,6,6.0,10.627264122198989,11,16,6,3,0.06022246108131652,5.222521899915759,0.011531298907963972,True,True,1,6,0,-5
random_1868,random_cycle_chord,20260823,200,0.9,crossing_rich,f01bb47f0e11353dcd7e62b1e2f9df0e,4,4.0,8.938176801845698,9,13,5,3,0.07160296939615723,6.0740229399572,0.01178839298171333,True,True,1,5,0,-4
random_1869,random_cycle_chord,20260823,200,0.9,baseline,3ddc013bba7f8602e9b01edf73e915d5,0,,,9,11,3,3,0.06192490229463813,5.362907642257501,0.011546889565409524,True,True,1,3,0,-2
random_1870,random_cycle_chord,20260823,200,0.9,crossing_rich,2c8b3e95d62a28423936c85308a28eeb,6,6.0,9.785484770895627,10,15,6,3,0.06540299382034839,5.626511305767619,0.011624075784457262,True,True,1,6,0,-5
random_1871,random_cycle_chord,20260823,200,0.9,crossing_rich,f01bb47f0e11353dcd7e62b1e2f9df0e,4,4.0,8.931751831282714,9,13,5,3,0.07165447630983807,6.075264755101684,0.01179446150880362,True,True,1,5,0,-4
random_1872,random_cycle_chord,20260823,200,0.9,baseline,8f34f4541eedc7b1aecfd95c1d8d238c,0,,,11,14,4,3,0.04567770128547174,4.077486647643566,0.01120241590781652,True,True,1,4,0,-3
random_1873,random_cycle_chord,20260823,200,0.9,baseline,f2551d12306507df164d13e621c6cf57,0,,,10,12,3,3,0.05246279040591353,4.623325871841411,0.011347413498460206,True,True,1,3,0,-2
random_1874,random_cycle_chord,20260823,200,0.9,baseline,3a351d58f4eb5873cb60bb786dd613d2,0,,,14,17,4,3,0.04831404640963161,4.295629027636259,0.011247257642314894,True,True,1,4,0,-3
random_1875,random_cycle_chord,20260823,200,0.9,crossing_rich,160f71c8722822d99555e73577ebdb55,9,9.0,12.348662450449854,13,19,7,3,0.05182747545072667,4.567076614884781,0.01134806350342651,True,True,1,7,0,-6
random_1876,random_cycle_chord,20260823,200,0.9,crossing_rich,9864390659db0a33d7b4bc27549e7f6e,3,3.0,10.153794928036113,10,14,5,3,0.06303062101765187,5.435777510271868,0.011595511570983968,True,True,1,5,0,-4
random_1877,random_cycle_chord,20260823,200,0.9,baseline,237b03a6236ff83b0e5299ac7fc023ee,0,,,10,12,3,3,0.05341720664683558,4.691718429221185,0.01138542464827812,True,True,1,3,0,-2
random_1878,random_cycle_chord,20260823,200,0.9,baseline,b73291eb7126cc5eaf4780776629388d,0,,,8,10,3,3,0.07261898165762824,6.151957442386952,0.01180420741490893,True,True,1,3,0,-2
random_1879,random_cycle_chord,20260823,200,0.9,crossing_rich,9864390659db0a33d7b4bc27549e7f6e,3,3.0,9.782055300528954,10,14,5,3,0.0654259233195495,5.619808238626622,0.01164202060665657,True,True,1,5,0,-4
random_1880,random_cycle_chord,20260823,200,0.9,crossing_rich,cbd367df182ccb02b6db0d327f7ca73e,5,5.0,11.710135566875223,11,16,6,3,0.05465350903454826,4.785953458895682,0.011419565506422433,True,True,1,6,0,-5
random_1881,random_cycle_chord,20260823,200,0.9,baseline,3ddc013bba7f8602e9b01edf73e915d5,0,,,9,11,3,3,0.06181877227375412,5.359106521497586,0.011535275894549498,True,True,1,3,0,-2
random_1882,random_cycle_chord,20260823,200,0.9,crossing_rich,e4dfd7b460148a3915f7aca370896702,5,5.0,13.572638500520535,8,12,5,3,0.04715369085940474,4.1955581034489144,0.011238955508837441,True,True,1,5,0,-4
random_1883,random_cycle_chord,20260823,200,0.9,baseline,b73291eb7126cc5eaf4780776629388d,0,,,8,10,3,3,0.07262792466992939,6.152009241725282,0.011805561698012251,True,True,1,3,0,-2
random_1884,random_cycle_chord,20260823,200,0.9,crossing_rich,748a628f2d4ade0213315cc4014b52e0,4,4.0,9.772471544994497,10,14,5,3,0.0654900858041189,5.623718642515775,0.011645334691712432,True,True,1,5,0,-4
random_1885,random_cycle_chord,20260823,200,0.9,baseline,78d712f24f5cff365e8a82f9a84c6043,0,,,10,12,3,3,0.05260915226208207,4.632755992644247,0.011355908307196263,True,True,1,3,0,-2
random_1886,random_cycle_chord,20260823,200,0.9,crossing_rich,9864390659db0a33d7b4bc27549e7f6e,3,3.0,9.771014866607802,10,14,5,3,0.06549984916993463,5.625834957328355,0.011642689425969185,True,True,1,5,0,-4
random_1887,random_cycle_chord,20260823,200,0.9,baseline,3a351d58f4eb5873cb60bb786dd613d2,0,,,14,17,4,3,0.04831413571515345,4.2912419785035905,0.011258776819665898,True,True,1,4,0,-3
random_1888,random_cycle_chord,20260823,200,0.9,baseline,36e1f5945e20d9ab08e180f10c149151,0,,,15,18,4,3,0.04536223624680119,4.047117556202186,0.011208529432826533,True,True,1,4,0,-3
random_1889,random_cycle_chord,20260823,200,0.9,crossing_rich,8d92d8721dbd33134985bb942b070fe4,5,5.0,13.467787116203283,9,13,5,3,0.04752079866409583,4.225495232230315,0.011246208089794303,True,True,1,5,0,-4
random_1890,random_cycle_chord,20260823,200,0.9,baseline,b73291eb7126cc5eaf4780776629388d,0,,,8,10,3,3,0.07274702216227025,6.152038748086149,0.011824864104586675,True,True,1,3,0,-2
random_1891,random_cycle_chord,20260823,200,0.9,crossing_rich,9e29c665f19ef85c09f08031b7489ca3,6,6.0,10.630989103167561,11,16,6,3,0.060201359797209135,5.225568382664985,0.01152053812881252,True,True,1,6,0,-5
random_1892,random_cycle_chord,20260823,200,0.9,crossing_rich,76f64aeb3bec290543374c9120128d8d,4,4.0,10.052601640074093,10,14,5,3,0.06366511107419978,5.492132516717785,0.011592056615605372,True,True,1,5,0,-4
random_1893,random_cycle_chord,20260823,200,0.9,baseline,ca62a37d3738941a9501a139c3aa3dc2,0,,,12,14,3,3,0.055655556524585724,4.877961998459023,0.011409592067787253,True,True,1,3,0,-2
random_1894,random_cycle_chord,20260823,200,0.9,baseline,e756644711763e07d0e3622d4415d4c4,0,,,11,13,3,3,0.045586584316650004,4.072974596937646,0.011192454858649318,True,True,1,3,0,-2
random_1895,random_cycle_chord,20260823,200,0.9,crossing_rich,cbd367df182ccb02b6db0d327f7ca73e,5,5.0,12.03415423327065,11,16,6,3,0.053181967556191145,4.686484024634481,0.01134794598181502,True,True,1,6,0,-5
random_1896,random_cycle_chord,20260823,200,0.9,baseline,c9b2747d4897680c32f2a02811ccda66,0,,,11,13,3,3,0.0601670562945321,5.2257747861564985,0.011513518809482473,True,True,1,3,0,-2
random_1897,random_cycle_chord,20260823,200,0.9,crossing_rich,ae5e91a41a04fa3f5e5a5de7c48f8dff,9,9.0,14.125426445352632,15,21,7,3,0.04530836661646875,4.045264580153323,0.0112003469040711,True,True,1,7,0,-6
random_1898,random_cycle_chord,20260823,200,0.9,baseline,3ddc013bba7f8602e9b01edf73e915d5,0,,,9,11,3,3,0.0624302967253139,5.403128187247183,0.011554472624333803,True,True,1,3,0,-2
random_1899,random_cycle_chord,20260823,200,0.9,baseline,103a02ce2419501dbcecbb0b106c7128,0,,,9,11,3,3,0.061738965873768537,5.351930623600564,0.011535830752647731,True,True,1,3,0,-2
random_1900,random_cycle_chord,20260823,200,0.9,crossing_rich,07cadc4d29e0c123eb84295e0e6e93fb,3,3.0,12.018846351335684,11,15,5,3,0.05324970311554696,4.691916588975428,0.011349243343470239,True,True,1,5,0,-4
random_1901,random_cycle_chord,20260823,200,0.9,baseline,b73291eb7126cc5eaf4780776629388d,0,,,8,10,3,3,0.07258322022180641,6.143180091230617,0.011815251896231869,True,True,1,3,0,-2
random_1902,random_cycle_chord,20260823,200,0.9,crossing_rich,e4dfd7b460148a3915f7aca370896702,5,5.0,13.458731058324528,8,12,5,3,0.0475527742716982,4.229361683539204,0.011243487275343453,True,True,1,5,0,-4
random_1903,random_cycle_chord,20260823,200,0.9,baseline,b73291eb7126cc5eaf4780776629388d,0,,,8,10,3,3,0.07261959646853883,6.165280701840554,0.01177879807595124,True,True,1,3,0,-2
random_1904,random_cycle_chord,20260823,200,0.9,crossing_rich,e4dfd7b460148a3915f7aca370896702,5,5.0,13.918106130375296,8,12,5,3,0.04598326769496639,4.102840663395764,0.011207665972801343,True,True,1,5,0,-4
random_1905,random_cycle_chord,20260823,200,0.9,baseline,3ddc013bba7f8602e9b01edf73e915d5,0,,,9,11,3,3,0.06282293723684096,5.428871847207657,0.011572005935110435,True,True,1,3,0,-2
random_1906,random_cycle_chord,20260823,200,0.9,crossing_rich,ef708e22c6afb49a267da2ce884548df,2,2.0,9.569966826438577,9,12,4,3,0.06687588490190967,5.729328245190797,0.011672552529704568,True,True,1,4,0,-3
random_1907,random_cycle_chord,20260823,200,0.9,baseline,b73291eb7126cc5eaf4780776629388d,0,,,8,10,3,3,0.07254418817161935,6.146555169264116,0.011802413900777622,True,True,1,3,0,-2
random_1908,random_cycle_chord,20260823,200,0.9,crossing_rich,6cae8dd6dca8ab370494a907f81c49aa,2,2.0,8.138086967155026,8,11,4,3,0.0786425609093406,6.586119040839278,0.011940652821744181,True,True,1,4,0,-3
random_1909,random_cycle_chord,20260823,200,0.9,baseline,103a02ce2419501dbcecbb0b106c7128,0,,,9,11,3,3,0.061794153906274865,5.3560932760446684,0.011537169112168299,True,True,1,3,0,-2
random_1910,random_cycle_chord,20260823,200,0.9,baseline,b73291eb7126cc5eaf4780776629388d,0,,,8,10,3,3,0.07234569665702234,6.1270820215171495,0.011807528674001422,True,True,1,3,0,-2
random_1911,random_cycle_chord,20260823,200,0.9,crossing_rich,9e29c665f19ef85c09f08031b7489ca3,6,6.0,10.634865668864983,11,16,6,3,0.06017941551191259,5.225762577492481,0.01151591076316922,True,True,1,6,0,-5
random_1912,random_cycle_chord,20260823,200,0.9,crossing_rich,9e29c665f19ef85c09f08031b7489ca3,6,6.0,10.626467288855581,11,16,6,3,0.06022697690616285,5.2229145766152705,0.011531296562999345,True,True,1,6,0,-5
random_1913,random_cycle_chord,20260823,200,0.9,baseline,2628a87ca662ceb07ab825aa2ed1faee,0,,,11,13,3,3,0.04558900251833153,4.071388209554755,0.011197409869032638,True,True,1,3,0,-2
random_1914,random_cycle_chord,20260823,200,0.9,baseline,db66966f42fa5c2f6d83cadf8fe17186,0,,,15,19,5,3,0.0453024485478244,4.047008877825015,0.01119405712106352,True,True,1,5,0,-4
random_1915,random_cycle_chord,20260823,200,0.9,crossing_rich,e4dfd7b460148a3915f7aca370896702,5,5.0,13.234265776755512,8,12,5,3,0.048359312922677394,4.294191548010255,0.011261563994527686,True,True,1,5,0,-4
random_1916,random_cycle_chord,20260823,200,0.9,baseline,b73291eb7126cc5eaf4780776629388d,0,,,8,10,3,3,0.07269118981645252,6.165699993798934,0.011789608623442702,True,True,1,3,0,-2
random_1917,random_cycle_chord,20260823,200,0.9,baseline,237b03a6236ff83b0e5299ac7fc023ee,0,,,10,12,3,3,0.05278366831907022,4.651640629859369,0.011347322916617058,True,True,1,3,0,-2
random_1918,random_cycle_chord,20260823,200,0.9,crossing_rich,8d92d8721dbd33134985bb942b070fe4,5,5.0,13.033410544641761,9,13,5,3,0.04910456843263593,4.358897734098463,0.011265363729115355,True,True,1,5,0,-4
random_1919,random_cycle_chord,20260823,200,0.9,baseline,78d712f24f5cff365e8a82f9a84c6043,0,,,10,12,3,3,0.053280207597262666,4.695113770547531,0.011348012039982853,True,True,1,3,0,-2
random_1920,random_cycle_chord,20260823,200,0.9,crossing_rich,e4dfd7b460148a3915f7aca370896702,5,5.0,13.890264424420439,8,12,5,3,0.04607543675517203,4.111642888587126,0.011206089148224841,True,True,1,5,0,-4
random_1921,random_cycle_chord,20260823,200,0.9,crossing_rich,e4dfd7b460148a3915f7aca370896702,5,5.0,13.44292525725375,8,12,5,3,0.04760868544252737,4.249242291502046,0.011204041138755207,True,True,1,5,0,-4
random_1922,random_cycle_chord,20260823,200,0.9,crossing_rich,f01bb47f0e11353dcd7e62b1e2f9df0e,4,4.0,8.947946052485035,9,13,5,3,0.07152479420931002,6.085118010119284,0.011754052113758094,True,True,1,5,0,-4
random_1923,random_cycle_chord,20260823,200,0.9,crossing_rich,9864390659db0a33d7b4bc27549e7f6e,4,4.0,9.771943057968398,10,14,5,3,0.06549362764431181,5.61772688449359,0.011658385854444352,True,True,1,5,0,-4
random_1924,random_cycle_chord,20260823,200,0.9,baseline,e756644711763e07d0e3622d4415d4c4,0,,,11,13,3,3,0.045996683907322436,4.110967093628633,0.011188774529139437,True,True,1,3,0,-2
random_1925,random_cycle_chord,20260823,200,0.9,baseline,b73291eb7126cc5eaf4780776629388d,0,,,8,10,3,3,0.07264890126237036,6.158839195368696,0.011795875644391017,True,True,1,3,0,-2
random_1926,random_cycle_chord,20260823,200,0.9,baseline,f2551d12306507df164d13e621c6cf57,0,,,10,12,3,3,0.05257863683560023,4.631177211306405,0.011353190438758522,True,True,1,3,0,-2
random_1927,random_cycle_chord,20260823,200,0.9,baseline,4e9cca7c282396d17b6e561d68fe510e,0,,,10,13,4,3,0.05335847151683194,4.697528437461151,0.011358839489148537,True,True,1,4,0,-3
random_1928,random_cycle_chord,20260823,200,0.9,baseline,4ca7af1950eb0912a81fec832cb4eb96,0,,,10,12,3,3,0.06541004367100287,5.621547862650741,0.011635593126509454,True,True,1,3,0,-2
random_1929,random_cycle_chord,20260823,200,0.9,crossing_rich,d3b9e56b5337f4aa08cbf81ed5c2928d,2,2.0,8.327214827417626,8,11,4,3,0.07685642958228713,6.462609521249348,0.011892476147534484,True,True,1,4,0,-3
random_1930,random_cycle_chord,20260823,200,0.9,crossing_rich,a17d4027c28a77bd091908d86be3664e,2,2.0,8.949664585894867,9,12,4,3,0.07151105986795002,6.082731889667959,0.011756405043828692,True,True,1,4,0,-3
random_1931,random_cycle_chord,20260823,200,0.9,crossing_rich,e4dfd7b460148a3915f7aca370896702,4,4.0,8.105990998980495,8,12,5,3,0.07895394900888664,6.602049311165918,0.011959006255126473,True,True,1,5,0,-4
random_1932,random_cycle_chord,20260823,200,0.9,baseline,4ca7af1950eb0912a81fec832cb4eb96,0,,,10,12,3,3,0.06551158174091984,5.621504764863314,0.011653744767841132,True,True,1,3,0,-2
random_1933,random_cycle_chord,20260823,200,0.9,crossing_rich,6cae8dd6dca8ab370494a907f81c49aa,3,3.0,13.502212691428396,8,11,4,3,0.047399638461205026,4.226094117254315,0.011215944828980874,True,True,1,4,0,-3
random_1934,random_cycle_chord,20260823,200,0.9,crossing_rich,e4dfd7b460148a3915f7aca370896702,4,4.0,8.124755655672962,8,12,5,3,0.07877159967920164,6.591044443504581,0.011951307619664193,True,True,1,5,0,-4
random_1935,random_cycle_chord,20260823,200,0.9,crossing_rich,5abff9f8eb816c43fa70e71b5218041d,8,8.0,11.495874077254415,12,18,7,3,0.055672147737447435,4.875658652181732,0.011418385024254227,True,True,1,7,0,-6
random_1936,random_cycle_chord,20260823,200,0.9,crossing_rich,e4dfd7b460148a3915f7aca370896702,5,5.0,13.686772011263846,8,12,5,3,0.04676047788867216,4.165532451703585,0.011225570423667794,True,True,1,5,0,-4
random_1937,random_cycle_chord,20260823,200,0.9,baseline,5c25c6be641fc20f13f284ff50ca2a81,0,,,13,16,4,3,0.051748832641862676,4.570772993881232,0.01132168075534213,True,True,1,4,0,-3
random_1938,random_cycle_chord,20260823,200,0.9,crossing_rich,6cae8dd6dca8ab370494a907f81c49aa,2,2.0,8.135062843359037,8,11,4,3,0.0786717954517655,6.583665132239444,0.011949543889545482,True,True,1,4,0,-3
random_1939,random_cycle_chord,20260823,200,0.9,baseline,e756644711763e07d0e3622d4415d4c4,0,,,11,13,3,3,0.04538685149330478,4.049788743230897,0.011207214590925902,True,True,1,3,0,-2
random_1940,random_cycle_chord,20260823,200,0.9,crossing_rich,e4dfd7b460148a3915f7aca370896702,4,4.0,8.125957902681805,8,12,5,3,0.0787599453091901,6.589751855463242,0.011951883323784654,True,True,1,5,0,-4
random_1941,random_cycle_chord,20260823,200,0.9,crossing_rich,35e6984785cd33f6953165239be9a661,4,4.0,10.094372018642364,10,14,5,3,0.06340166568242611,5.466341405918384,0.011598555775126194,True,True,1,5,0,-4
random_1942,random_cycle_chord,20260823,200,0.9,baseline,f2551d12306507df164d13e621c6cf57,0,,,10,12,3,3,0.052896378075636345,4.651299254823769,0.011372387622830025,True,True,1,3,0,-2
random_1943,random_cycle_chord,20260823,200,0.9,baseline,237b03a6236ff83b0e5299ac7fc023ee,0,,,10,12,3,3,0.05342504819541623,4.6957304789792484,0.011377366830267842,True,True,1,3,0,-2
random_1944,random_cycle_chord,20260823,200,0.9,crossing_rich,544a2de3e86737771a60badf7d854343,2,2.0,8.951967064061476,9,12,4,3,0.0714926669658271,6.073110543124663,0.011772001589327823,True,True,1,4,0,-3
random_1945,random_cycle_chord,20260823,200,0.9,crossing_rich,76f64aeb3bec290543374c9120128d8d,4,4.0,10.103278162086076,10,14,5,3,0.0633457764630976,5.462847390712652,0.011595743379321066,True,True,1,5,0,-4
random_1946,random_cycle_chord,20260823,200,0.9,crossing_rich,f01bb47f0e11353dcd7e62b1e2f9df0e,4,4.0,8.949859825915986,9,13,5,3,0.07150949986353539,6.081709093405106,0.011758125679026473,True,True,1,5,0,-4
random_1947,random_cycle_chord,20260823,200,0.9,baseline,4e9cca7c282396d17b6e561d68fe510e,0,,,10,13,4,3,0.05295529622367076,4.65793555937859,0.011368834014254906,True,True,1,4,0,-3
random_1948,random_cycle_chord,20260823,200,0.9,baseline,b73291eb7126cc5eaf4780776629388d,0,,,8,10,3,3,0.0731703899606676,6.1920857348512905,0.011816759827603529,True,True,1,3,0,-2
random_1949,random_cycle_chord,20260823,200,0.9,baseline,5ece6bdff7ea6a9025672e56fbda3d50,0,,,11,13,3,3,0.045911462973381736,4.103107297646397,0.011189437575692265,True,True,1,3,0,-2
random_1950,random_cycle_chord,20260823,200,0.9,crossing_rich,b760840125e061ef715323aca4c53bb2,5,5.0,12.180664307700846,11,16,6,3,0.05254229029162062,4.62175660423597,0.011368467617585948,True,True,1,6,0,-5
random_1951,random_cycle_chord,20260823,200,0.9,crossing_rich,6cae8dd6dca8ab370494a907f81c49aa,2,2.0,8.11596787045795,8,11,4,3,0.07885689177375803,6.602068275414793,0.011944270868480775,True,True,1,4,0,-3
random_1952,random_cycle_chord,20260823,200,0.9,baseline,78d712f24f5cff365e8a82f9a84c6043,0,,,10,12,3,3,0.05311015993283013,4.671882348848626,0.011368043107061333,True,True,1,3,0,-2
random_1953,random_cycle_chord,20260823,200,0.9,crossing_rich,6cae8dd6dca8ab370494a907f81c49aa,2,2.0,8.106727278249894,8,11,4,3,0.07894677815511333,6.6023770029058175,0.011957326599248653,True,True,1,4,0,-3
random_1954,random_cycle_chord,20260823,200,0.9,baseline,237b03a6236ff83b0e5299ac7fc023ee,0,,,10,12,3,3,0.053211233389430505,4.685142745572051,0.011357441230519748,True,True,1,3,0,-2
random_1955,random_cycle_chord,20260823,200,0.9,baseline,3ddc013bba7f8602e9b01edf73e915d5,0,,,9,11,3,3,0.0624232502828849,5.390547533522767,0.011580131683226398,True,True,1,3,0,-2
random_1956,random_cycle_chord,20260823,200,0.9,crossing_rich,6cae8dd6dca8ab370494a907f81c49aa,3,3.0,13.513887158614747,8,11,4,3,0.04735869054463851,4.2124911271693195,0.01124244280045814,True,True,1,4,0,-3
random_1957,random_cycle_chord,20260823,200,0.9,baseline,19fca4749c1a57391a2f17cdb3a8fecb,0,,,11,13,3,3,0.060176855985661235,5.225460696218419,0.011516086233164139,True,True,1,3,0,-2
random_1958,random_cycle_chord,20260823,200,0.9,crossing_rich,6cae8dd6dca8ab370494a907f81c49aa,3,3.0,13.703803539267858,8,11,4,3,0.04670236246207838,4.158862085614106,0.011229601150667205,True,True,1,4,0,-3
random_1959,random_cycle_chord,20260823,200,0.9,crossing_rich,cece38ec29dc040e727408a3ae4c55af,4,4.0,11.497383062691199,12,16,5,3,0.05566484099123291,4.879106662875427,0.011408818219691816,True,True,1,5,0,-4
random_1960,random_cycle_chord,20260823,200,0.9,baseline,e756644711763e07d0e3622d4415d4c4,0,,,11,13,3,3,0.046138648068258216,4.123277414493005,0.01118979962543495,True,True,1,3,0,-2
random_1961,random_cycle_chord,20260823,200,0.9,baseline,5c25c6be641fc20f13f284ff50ca2a81,0,,,13,16,4,3,0.05174308240725855,4.569365609622992,0.011323909449987686,True,True,1,4,0,-3
random_1962,random_cycle_chord,20260823,200,0.9,crossing_rich,e4dfd7b460148a3915f7aca370896702,5,5.0,13.56372127618564,8,12,5,3,0.04718469120444647,4.200098218062136,0.011234187572455579,True,True,1,5,0,-4
random_1963,random_cycle_chord,20260823,200,0.9,baseline,4e9cca7c282396d17b6e561d68fe510e,0,,,10,13,4,3,0.05303222968629415,4.672415627105059,0.011350066843080035,True,True,1,4,0,-3
random_1964,random_cycle_chord,20260823,200,0.9,crossing_rich,d3b9e56b5337f4aa08cbf81ed5c2928d,2,2.0,8.45687032889851,8,11,4,3,0.0756781143744176,6.3805577964522024,0.011860736441647327,True,True,1,4,0,-3
random_1965,random_cycle_chord,20260823,200,0.9,crossing_rich,f01bb47f0e11353dcd7e62b1e2f9df0e,4,4.0,8.948776581698178,9,13,5,3,0.0715181560470414,6.076439452113803,0.011769747170304226,True,True,1,5,0,-4
random_1966,random_cycle_chord,20260823,200,0.9,baseline,3ddc013bba7f8602e9b01edf73e915d5,0,,,9,11,3,3,0.06239511465310324,5.3849684847689625,0.011586904330003754,True,True,1,3,0,-2
random_1967,random_cycle_chord,20260823,200,0.9,crossing_rich,bc0cf7ceb69e1836068831db1a5b7fb5,2,2.0,11.285087573977298,10,13,4,3,0.05671201005792811,4.956996585733998,0.011440800710079685,True,True,1,4,0,-3
random_1968,random_cycle_chord,20260823,200,0.9,crossing_rich,6cae8dd6dca8ab370494a907f81c49aa,2,2.0,8.122097901135174,8,11,4,3,0.07879737572611029,6.588798907779808,0.011959292858834906,True,True,1,4,0,-3
random_1969,random_cycle_chord,20260823,200,0.9,crossing_rich,6cae8dd6dca8ab370494a907f81c49aa,3,3.0,13.498814114617074,8,11,4,3,0.04741157219929279,4.225958074699006,0.011219129807072134,True,True,1,4,0,-3
random_1970,random_cycle_chord,20260823,200,0.9,crossing_rich,58df12548886d8bab7ac36163f349b90,4,4.0,10.610245025079905,11,15,5,3,0.06031905940788396,5.223520869013533,0.011547586564782936,True,True,1,5,0,-4
random_1971,random_cycle_chord,20260823,200,0.9,crossing_rich,9864390659db0a33d7b4bc27549e7f6e,4,4.0,9.783985142273426,10,14,5,3,0.06541301838601202,5.622480313145357,0.011634192516970917,True,True,1,5,0,-4
random_1972,random_cycle_chord,20260823,200,0.9,baseline,5ece6bdff7ea6a9025672e56fbda3d50,0,,,11,13,3,3,0.045838638334679785,4.090979703153263,0.011204807078203807,True,True,1,3,0,-2
random_1973,random_cycle_chord,20260823,200,0.9,baseline,b7f57d3553d50f25c5be44b65115c3b8,0,,,13,15,3,3,0.05177433453929771,4.564262975133068,0.011343416192575596,True,True,1,3,0,-2
random_1974,random_cycle_chord,20260823,200,0.9,crossing_rich,544a2de3e86737771a60badf7d854343,2,2.0,8.944683296131718,9,12,4,3,0.0715508843422974,6.08079046138327,0.011766707765493512,True,True,1,4,0,-3
random_1975,random_cycle_chord,20260823,200,0.9,crossing_rich,3766c050500c74590e361b5f3d5119d1,2,2.0,9.16711832560022,9,12,4,3,0.06981474191434044,5.9504060789656545,0.011732769324959444,True,True,1,4,0,-3
random_1976,random_cycle_chord,20260823,200,0.9,crossing_rich,05dd62ad19ce4d5dd6bedfa658e868da,3,3.0,9.77175826241398,10,14,5,3,0.06549486620659573,5.62465079123183,0.011644254663541874,True,True,1,5,0,-4
random_1977,random_cycle_chord,20260823,200,0.9,crossing_rich,a8ced580481e578e4757ce5ccef9f4dc,7,7.0,14.110345936502414,13,19,7,3,0.045356790179351146,4.046380618323087,0.011209224849971736,True,True,1,7,0,-6
random_1978,random_cycle_chord,20260823,200,0.9,baseline,5a09f2d469638693e252e3673038fcb1,0,,,14,17,4,3,0.048302730829451475,4.297401734734764,0.01123998495161233,True,True,1,4,0,-3
random_1979,random_cycle_chord,20260823,200,0.9,crossing_rich,e4dfd7b460148a3915f7aca370896702,5,5.0,13.281397617600001,8,12,5,3,0.04818769970051167,4.276734117642184,0.01126740601005099,True,True,1,5,0,-4
random_1980,random_cycle_chord,20260823,200,0.9,baseline,efa81f8d435c5ba80e07756432e1f676,0,,,11,13,3,3,0.045818231768777265,4.083029433655725,0.011221626616527739,True,True,1,3,0,-2
random_1981,random_cycle_chord,20260823,200,0.9,crossing_rich,35e6984785cd33f6953165239be9a661,4,4.0,9.999863102986723,10,14,5,3,0.06400087615287925,5.518643796096026,0.011597210930365618,True,True,1,5,0,-4
random_1982,random_cycle_chord,20260823,200,0.9,crossing_rich,fccc952eecadf13cd20c12fa84ae8a3a,3,3.0,12.735540592072432,12,16,5,3,0.050253068990128665,4.4502517035184805,0.011292185776907255,True,True,1,5,0,-4
random_1983,random_cycle_chord,20260823,200,0.9,crossing_rich,e4dfd7b460148a3915f7aca370896702,5,5.0,13.583757495929866,8,12,5,3,0.04711509316857024,4.198937587719155,0.011220717665909142,True,True,1,5,0,-4
random_1984,random_cycle_chord,20260823,200,0.9,baseline,e756644711763e07d0e3622d4415d4c4,0,,,11,13,3,3,0.04492477253605433,4.013700988486829,0.011192854840188539,True,True,1,3,0,-2
random_1985,random_cycle_chord,20260823,200,0.9,baseline,b73291eb7126cc5eaf4780776629388d,0,,,8,10,3,3,0.0731136859702206,6.193402863127661,0.011805091253711578,True,True,1,3,0,-2
random_1986,random_cycle_chord,20260823,200,0.9,crossing_rich,6cae8dd6dca8ab370494a907f81c49aa,3,3.0,13.548037727575418,8,11,4,3,0.04723931338760271,4.2025265045492235,0.011240693743743504,True,True,1,4,0,-3
random_1987,random_cycle_chord,20260823,200,0.9,baseline,3ddc013bba7f8602e9b01edf73e915d5,0,,,9,11,3,3,0.061694970900591416,5.3298403748853955,0.011575388109426824,True,True,1,3,0,-2
random_1988,random_cycle_chord,20260823,200,0.9,baseline,4ca7af1950eb0912a81fec832cb4eb96,0,,,10,12,3,3,0.06549873855660143,5.62553732181467,0.011643107993010887,True,True,1,3,0,-2
random_1989,random_cycle_chord,20260823,200,0.9,baseline,4e9cca7c282396d17b6e561d68fe510e,0,,,10,13,4,3,0.05254068131071658,4.625700670028731,0.011358426551709893,True,True,1,4,0,-3
random_1990,random_cycle_chord,20260823,200,0.9,baseline,103a02ce2419501dbcecbb0b106c7128,0,,,9,11,3,3,0.061964602587143876,5.355464417429397,0.01157035090840668,True,True,1,3,0,-2
random_1991,random_cycle_chord,20260823,200,0.9,crossing_rich,6cae8dd6dca8ab370494a907f81c49aa,2,2.0,8.11859507228497,8,11,4,3,0.0788313734459813,6.5985363361321605,0.011946796900142494,True,True,1,4,0,-3
random_1992,random_cycle_chord,20260823,200,0.9,crossing_rich,8d92d8721dbd33134985bb942b070fe4,5,5.0,13.686341472150282,9,13,5,3,0.04676194885991315,4.15994661569314,0.011240997344414616,True,True,1,5,0,-4
random_1993,random_cycle_chord,20260823,200,0.9,baseline,103a02ce2419501dbcecbb0b106c7128,0,,,9,11,3,3,0.061909516530188564,5.343469083371078,0.011586015669642688,True,True,1,3,0,-2
random_1994,random_cycle_chord,20260823,200,0.9,crossing_rich,e4dfd7b460148a3915f7aca370896702,5,5.0,13.497186510329087,8,12,5,3,0.04741728948549557,4.223241914333263,0.011227699110620683,True,True,1,5,0,-4
random_1995,random_cycle_chord,20260823,200,0.9,baseline,4e9cca7c282396d17b6e561d68fe510e,0,,,10,13,4,3,0.052684777830865226,4.645551287453837,0.011340909737268454,True,True,1,4,0,-3
random_1996,random_cycle_chord,20260823,200,0.9,baseline,b73291eb7126cc5eaf4780776629388d,0,,,8,10,3,3,0.0726439169313851,6.152253237382242,0.011807692909971109,True,True,1,3,0,-2
random_1997,random_cycle_chord,20260823,200,0.9,crossing_rich,01f1e0ddfc6103e0c7f99c04b3d36683,3,3.0,11.084204829658379,11,15,5,3,0.05773982074812715,5.028395125276947,0.01148275330589639,True,True,1,5,0,-4
random_1998,random_cycle_chord,20260823,200,0.9,baseline,4ca7af1950eb0912a81fec832cb4eb96,0,,,10,12,3,3,0.06549311086111737,5.624254309160268,0.011644763423028047,True,True,1,3,0,-2
random_1999,random_cycle_chord,20260823,200,0.9,baseline,b73291eb7126cc5eaf4780776629388d,0,,,8,10,3,3,0.0728253336538656,6.164771605114479,0.011813143830575577,True,True,1,3,0,-2
random_2000,random_cycle_chord,20260823,200,0.9,baseline,b73291eb7126cc5eaf4780776629388d,0,,,8,10,3,3,0.07234703087649245,6.12852960417357,0.011804957395852937,True,True,1,3,0,-2
random_2001,random_cycle_chord,20260823,200,0.9,baseline,4037cfb9ac0f246d7e72353c4ec553cc,0,,,14,17,4,3,0.048303588565999145,4.2948739138270575,0.011246800147144947,True,True,1,4,0,-3
random_2002,random_cycle_chord,20260823,200,0.9,baseline,19fca4749c1a57391a2f17cdb3a8fecb,0,,,11,13,3,3,0.06018163665631965,5.224139411301562,0.011519913983559978,True,True,1,3,0,-2
random_2003,random_cycle_chord,20260823,200,0.9,baseline,5ece6bdff7ea6a9025672e56fbda3d50,0,,,11,13,3,3,0.0453638748422111,4.0555296190616374,0.011185684510598476,True,True,1,3,0,-2
random_2004,random_cycle_chord,20260823,200,0.9,baseline,3ddc013bba7f8602e9b01edf73e915d5,0,,,9,11,3,3,0.06257862043847835,5.406269630853029,0.011575194119314462,True,True,1,3,0,-2
random_2005,random_cycle_chord,20260823,200,0.9,crossing_rich,f8e101deee8812cdf51fe0521efd7a68,5,5.0,13.103533105253184,10,14,5,3,0.048841789070111566,4.340513402310852,0.011252537325217938,True,True,1,5,0,-4
random_2006,random_cycle_chord,20260823,200,0.9,crossing_rich,e4dfd7b460148a3915f7aca370896702,5,5.0,13.514807700052108,8,12,5,3,0.04735546477642685,4.219350000370614,0.01122340283983725,True,True,1,5,0,-4
random_2007,random_cycle_chord,20260823,200,0.9,baseline,3ddc013bba7f8602e9b01edf73e915d5,0,,,9,11,3,3,0.06203197007824447,5.364927505234126,0.011562499216946527,True,True,1,3,0,-2
random_2008,random_cycle_chord,20260823,200,0.9,crossing_rich,9e29c665f19ef85c09f08031b7489ca3,6,6.0,10.63430579723737,11,16,6,3,0.06018258381908316,5.2259586633571855,0.011516084932141719,True,True,1,6,0,-5
random_2009,random_cycle_chord,20260823,200,0.9,crossing_rich,6cae8dd6dca8ab370494a907f81c49aa,3,3.0,13.52223780317138,8,11,4,3,0.04732944423221875,4.216188384141938,0.011225647414198988,True,True,1,4,0,-3
random_2010,random_cycle_chord,20260823,200,0.9,crossing_rich,f0ee0a7c5d7344e4976a3191bc56adbe,2,2.0,9.78557261586192,10,13,4,3,0.06540240669846875,5.626657736665247,0.011623668927342791,True,True,1,4,0,-3
random_2011,random_cycle_chord,20260823,200,0.9,crossing_rich,e4dfd7b460148a3915f7aca370896702,5,5.0,13.84369020416122,8,12,5,3,0.04623044799193968,4.120681645898896,0.011219126339922541,True,True,1,5,0,-4
random_2012,random_cycle_chord,20260823,200,0.9,baseline,3ddc013bba7f8602e9b01edf73e915d5,0,,,9,11,3,3,0.061891095999413046,5.363743447603258,0.011538787528525165,True,True,1,3,0,-2
random_2013,random_cycle_chord,20260823,200,0.9,baseline,19fca4749c1a57391a2f17cdb3a8fecb,0,,,11,13,3,3,0.06017781969795325,5.22452053326986,0.011518343035449777,True,True,1,3,0,-2
random_2014,random_cycle_chord,20260823,200,0.9,crossing_rich,c322e31f49f58b068d9ec73bec379d9a,2,2.0,12.952060922363154,11,14,4,3,0.04941298561180868,4.38117457174684,0.011278479047710482,True,True,1,4,0,-3
random_2015,random_cycle_chord,20260823,200,0.9,baseline,b73291eb7126cc5eaf4780776629388d,0,,,8,10,3,3,0.07342985100493024,6.206423993308024,0.011831265650575079,True,True,1,3,0,-2
random_2016,random_cycle_chord,20260823,200,0.9,crossing_rich,9e29c665f19ef85c09f08031b7489ca3,6,6.0,10.635517626569053,11,16,6,3,0.060175726511062136,5.229494440151302,0.011506987377028573,True,True,1,6,0,-5
random_2017,random_cycle_chord,20260823,200,0.9,crossing_rich,6cae8dd6dca8ab370494a907f81c49aa,2,2.0,8.138103322627108,8,11,4,3,0.07864240285823723,6.586158690831308,0.011940556939163419,True,True,1,4,0,-3
random_2018,random_cycle_chord,20260823,200,0.9,crossing_rich,3116bf58ed10c8f08a0864a083184f1d,2,2.0,9.776631769237762,10,13,4,3,0.0654622179812238,5.621334897345676,0.01164531542358991,True,True,1,4,0,-3
random_2019,random_cycle_chord,20260823,200,0.9,crossing_rich,e4dfd7b460148a3915f7aca370896702,5,5.0,13.892760190654363,8,12,5,3,0.04606715952892694,4.106983212583402,0.011216787881621134,True,True,1,5,0,-4
random_2020,random_cycle_chord,20260823,200,0.9,baseline,237b03a6236ff83b0e5299ac7fc023ee,0,,,10,12,3,3,0.053129971644770894,4.680299001677421,0.0113518327837023,True,True,1,3,0,-2
random_2021,random_cycle_chord,20260823,200,0.9,crossing_rich,8d92d8721dbd33134985bb942b070fe4,5,5.0,12.86509033677045,9,13,5,3,0.04974702728443184,4.416169951018236,0.011264744753077647,True,True,1,5,0,-4
random_2022,random_cycle_chord,20260823,200,0.9,baseline,4ca7af1950eb0912a81fec832cb4eb96,0,,,10,12,3,3,0.06541971003193282,5.619871598776442,0.011640783758507222,True,True,1,3,0,-2
random_2023,random_cycle_chord,20260823,200,0.9,baseline,b73291eb7126cc5eaf4780776629388d,0,,,8,10,3,3,0.07343725281948742,6.216288911888806,0.01181368077648979,True,True,1,3,0,-2
random_2024,random_cycle_chord,20260823,200,0.9,crossing_rich,9e29c665f19ef85c09f08031b7489ca3,6,6.0,10.635202089941926,11,16,6,3,0.060177511869310876,5.228420657325353,0.011509692087418085,True,True,1,6,0,-5
random_2025,random_cycle_chord,20260823,200,0.9,baseline,5c25c6be641fc20f13f284ff50ca2a81,0,,,13,16,4,3,0.0518292135968532,4.565047084394715,0.011353489381090424,True,True,1,4,0,-3
random_2026,random_cycle_chord,20260823,200,0.9,baseline,237b03a6236ff83b0e5299ac7fc023ee,0,,,10,12,3,3,0.053191584322652356,4.68392599459856,0.011356196571848524,True,True,1,3,0,-2
random_2027,random_cycle_chord,20260823,200,0.9,baseline,cbcdcec981f1dd5d52ceecf70d124d2f,0,,,12,14,3,3,0.05566450902293744,4.879428855180668,0.011407996852712873,True,True,1,3,0,-2
random_2028,random_cycle_chord,20260823,200,0.9,crossing_rich,f01bb47f0e11353dcd7e62b1e2f9df0e,4,4.0,8.952330384771704,9,13,5,3,0.07148976551275044,6.075375229617097,0.011767135824671706,True,True,1,5,0,-4
random_2029,random_cycle_chord,20260823,200,0.9,baseline,fcb06304329c3a95c9fc63ab6e3f83f6,0,,,10,12,3,3,0.05265193028461144,4.636628350966112,0.011355650334502356,True,True,1,3,0,-2
random_2030,random_cycle_chord,20260823,200,0.9,baseline,237b03a6236ff83b0e5299ac7fc023ee,0,,,10,12,3,3,0.05295167457167896,4.666621210604724,0.011346897933637346,True,True,1,3,0,-2
random_2031,random_cycle_chord,20260823,200,0.9,crossing_rich,7549048e7df9e7b60f34267b3d4189ec,4,4.0,11.497181228079834,12,16,5,3,0.05566581819523842,4.874339680925469,0.011420176237013791,True,True,1,5,0,-4
random_2032,random_cycle_chord,20260823,200,0.9,baseline,8f34f4541eedc7b1aecfd95c1d8d238c,0,,,11,14,4,3,0.045837173050120916,4.096191098776288,0.011190193998472018,True,True,1,4,0,-3
random_2033,random_cycle_chord,20260823,200,0.9,crossing_rich,cb3687284204b54a1f6026fa8a861744,2,2.0,10.063055135378931,10,13,4,3,0.06359897579711515,5.482319277034819,0.011600742784815236,True,True,1,4,0,-3
random_2034,random_cycle_chord,20260823,200,0.9,baseline,4e9cca7c282396d17b6e561d68fe510e,0,,,10,13,4,3,0.05295810607395926,4.659134946611195,0.011366510453293085,True,True,1,4,0,-3
random_2035,random_cycle_chord,20260823,200,0.9,crossing_rich,b760840125e061ef715323aca4c53bb2,5,5.0,12.303564198006312,11,16,6,3,0.05201744711534131,4.583279514254343,0.011349394457301402,True,True,1,6,0,-5
random_2036,random_cycle_chord,20260823,200,0.9,baseline,b73291eb7126cc5eaf4780776629388d,0,,,8,10,3,3,0.07313917600749748,6.195923143762121,0.011804403364998469,True,True,1,3,0,-2
random_2037,random_cycle_chord,20260823,200,0.9,crossing_rich,e4dfd7b460148a3915f7aca370896702,5,5.0,13.515436407016086,8,12,5,3,0.047353261909305826,4.2116238420119885,0.01124346895298325,True,True,1,5,0,-4
random_2038,random_cycle_chord,20260823,200,0.9,crossing_rich,8d92d8721dbd33134985bb942b070fe4,5,5.0,13.151415871344945,9,13,5,3,0.04866396183200841,4.31550067148838,0.01127655063374712,True,True,1,5,0,-4
random_2039,random_cycle_chord,20260823,200,0.9,crossing_rich,9864390659db0a33d7b4bc27549e7f6e,3,3.0,10.236181738344778,10,14,5,3,0.06252331351274835,5.404773483549403,0.011568165382518173,True,True,1,5,0,-4
random_2040,random_cycle_chord,20260823,200,0.9,crossing_rich,b760840125e061ef715323aca4c53bb2,5,5.0,12.237120353190978,11,16,6,3,0.05229988604574868,4.611982025276416,0.011340002142053909,True,True,1,6,0,-5
random_2041,random_cycle_chord,20260823,200,0.9,baseline,8f34f4541eedc7b1aecfd95c1d8d238c,0,,,11,14,4,3,0.04555832924074627,4.062228725934767,0.011215106857446281,True,True,1,4,0,-3
random_2042,random_cycle_chord,20260823,200,0.9,crossing_rich,76f64aeb3bec290543374c9120128d8d,4,4.0,10.320752570639478,10,14,5,3,0.06201098181741851,5.364917636004159,0.011558608356120985,True,True,1,5,0,-4
random_2043,random_cycle_chord,20260823,200,0.9,crossing_rich,e4dfd7b460148a3915f7aca370896702,5,5.0,13.455511029067411,8,12,5,3,0.04756415409399414,4.229770894036797,0.011245089931714953,True,True,1,5,0,-4
random_2044,random_cycle_chord,20260823,200,0.9,crossing_rich,8d92d8721dbd33134985bb942b070fe4,5,5.0,13.200429982797338,9,13,5,3,0.04848326916881051,4.30624781040488,0.011258820045531016,True,True,1,5,0,-4
random_2045,random_cycle_chord,20260823,200,0.9,crossing_rich,6cae8dd6dca8ab370494a907f81c49aa,3,3.0,13.582244122343187,8,11,4,3,0.04712034287082069,4.194757169996137,0.011233151517770474,True,True,1,4,0,-3
random_2046,random_cycle_chord,20260823,200,0.9,baseline,fcb06304329c3a95c9fc63ab6e3f83f6,0,,,10,12,3,3,0.05265403572702233,4.644458437606951,0.011336959181435206,True,True,1,3,0,-2
random_2047,random_cycle_chord,20260823,200,0.9,crossing_rich,3fd2c2eb659a4ae21fb8db078f758c89,5,5.0,14.289884227192104,12,17,6,3,0.044786926879515875,4.003168504928423,0.011187869514954795,True,True,1,6,0,-5
random_2048,random_cycle_chord,20260823,200,0.9,crossing_rich,6cae8dd6dca8ab370494a907f81c49aa,2,2.0,8.10820340876716,8,11,4,3,0.07893240558173306,6.603789241415806,0.01195259307894122,True,True,1,4,0,-3
random_2049,random_cycle_chord,20260823,200,0.9,baseline,b73291eb7126cc5eaf4780776629388d,0,,,8,10,3,3,0.07271197705833939,6.166334562966367,0.011791766456369614,True,True,1,3,0,-2
random_2050,random_cycle_chord,20260823,200,0.9,crossing_rich,f61befc086c76698e58b129c58523394,3,3.0,10.963770115428076,10,14,5,3,0.05837408056371049,5.077541046976306,0.011496525586626715,True,True,1,5,0,-4
random_2051,random_cycle_chord,20260823,200,0.9,crossing_rich,0ba4cef7d36938b0547a48dd8590384b,4,4.0,12.18657903187996,11,15,5,3,0.05251678902879692,4.619364687689703,0.011368833720522355,True,True,1,5,0,-4
random_2052,random_cycle_chord,20260823,200,0.9,crossing_rich,8d92d8721dbd33134985bb942b070fe4,5,5.0,12.879969465398895,9,13,5,3,0.04968955879276839,4.4119707854203325,0.011262440575756082,True,True,1,5,0,-4
random_2053,random_cycle_chord,20260823,200,0.9,baseline,3ddc013bba7f8602e9b01edf73e915d5,0,,,9,11,3,3,0.062124868644604946,5.362655659414169,0.011584720815617618,True,True,1,3,0,-2
random_2054,random_cycle_chord,20260823,200,0.9,baseline,78d712f24f5cff365e8a82f9a84c6043,0,,,10,12,3,3,0.05336955494970292,4.6983622188840855,0.011359182724395992,True,True,1,3,0,-2
random_2055,random_cycle_chord,20260823,200,0.9,baseline,cdb5c27d5dff0b0d326855a2ac7d7e4b,0,,,15,18,4,3,0.04531736605518975,4.046034712556962,0.01120043926329803,True,True,1,4,0,-3
random_2056,random_cycle_chord,20260823,200,0.9,crossing_rich,bb2c7ed8feef84917625e983562a84b2,5,5.0,14.245178456820042,10,14,5,3,0.04492748209086792,4.015845651077986,0.011187552011319931,True,True,1,5,0,-4
random_2057,random_cycle_chord,20260823,200,0.9,crossing_rich,e4dfd7b460148a3915f7aca370896702,5,5.0,13.854183970154674,8,12,5,3,0.046195431024932086,4.120485237270626,0.01121116285215271,True,True,1,5,0,-4
random_2058,random_cycle_chord,20260823,200,0.9,baseline,b73291eb7126cc5eaf4780776629388d,0,,,8,10,3,3,0.07340333210018594,6.220816486746962,0.01179962988083106,True,True,1,3,0,-2
random_2059,random_cycle_chord,20260823,200,0.9,baseline,b368b74748fda659bbd4e4bd3936498d,0,,,13,15,3,3,0.051779087039168066,4.5632990559755715,0.011346853757341223,True,True,1,3,0,-2
random_2060,random_cycle_chord,20260823,200,0.9,crossing_rich,6cae8dd6dca8ab370494a907f81c49aa,2,2.0,8.10956603338406,8,11,4,3,0.0789191428203875,6.60377748915511,0.011950605990282154,True,True,1,4,0,-3
random_2061,random_cycle_chord,20260823,200,0.9,crossing_rich,e4dfd7b460148a3915f7aca370896702,4,4.0,8.121896929475819,8,12,5,3,0.0787993255217664,6.587384199945619,0.011962157228117484,True,True,1,5,0,-4
random_2062,random_cycle_chord,20260823,200,0.9,crossing_rich,76f64aeb3bec290543374c9120128d8d,4,4.0,10.29597125201547,10,14,5,3,0.06216023572081342,5.376390825276073,0.011561703332387771,True,True,1,5,0,-4
random_2063,random_cycle_chord,20260823,200,0.9,crossing_rich,8d92d8721dbd33134985bb942b070fe4,5,5.0,13.66452275860475,9,13,5,3,0.04683661561447381,4.170115528119411,0.011231491141828299,True,True,1,5,0,-4
random_2064,random_cycle_chord,20260823,200,0.9,crossing_rich,3766c050500c74590e361b5f3d5119d1,2,2.0,9.314031203112446,9,12,4,3,0.06871353402661276,5.86920248035125,0.0117074737592799,True,True,1,4,0,-3
random_2065,random_cycle_chord,20260823,200,0.9,baseline,e756644711763e07d0e3622d4415d4c4,0,,,11,13,3,3,0.04581583064166996,4.082819966052799,0.011221614232959658,True,True,1,3,0,-2
random_2066,random_cycle_chord,20260823,200,0.9,baseline,7e6bc2286a474f101d6d3fad2dea3b25,0,,,11,14,4,3,0.045825418515128634,4.083661497042627,0.011221649627011259,True,True,1,4,0,-3
random_2067,random_cycle_chord,20260823,200,0.9,crossing_rich,e4dfd7b460148a3915f7aca370896702,5,5.0,13.86795220826879,8,12,5,3,0.04614956775077426,4.1163048623987475,0.011211406660458313,True,True,1,5,0,-4
random_2068,random_cycle_chord,20260823,200,0.9,crossing_rich,e4dfd7b460148a3915f7aca370896702,5,5.0,13.565470450819472,8,12,5,3,0.047178607061234536,4.197926804548057,0.011238549231044469,True,True,1,5,0,-4
random_2069,random_cycle_chord,20260823,200,0.9,crossing_rich,e4dfd7b460148a3915f7aca370896702,5,5.0,13.453050367265133,8,12,5,3,0.04757285392741047,4.241984232436217,0.011214764440576166,True,True,1,5,0,-4
random_2070,random_cycle_chord,20260823,200,0.9,baseline,b73291eb7126cc5eaf4780776629388d,0,,,8,10,3,3,0.07338788600382407,6.224108272587694,0.011790907675407903,True,True,1,3,0,-2
random_2071,random_cycle_chord,20260823,200,0.9,baseline,237b03a6236ff83b0e5299ac7fc023ee,0,,,10,12,3,3,0.05254986009150518,4.628900957916534,0.011352556593727131,True,True,1,3,0,-2
random_2072,random_cycle_chord,20260823,200,0.9,baseline,b73291eb7126cc5eaf4780776629388d,0,,,8,10,3,3,0.07263625349665571,6.152114606923811,0.011806713323400749,True,True,1,3,0,-2
random_2073,random_cycle_chord,20260823,200,0.9,crossing_rich,e4dfd7b460148a3915f7aca370896702,4,4.0,8.121954582352334,8,12,5,3,0.07879876617269128,6.587753051679151,0.011961402553273652,True,True,1,5,0,-4
random_2074,random_cycle_chord,20260823,200,0.9,baseline,103a02ce2419501dbcecbb0b106c7128,0,,,9,11,3,3,0.06173832044977457,5.3493625696852485,0.011541248073115223,True,True,1,3,0,-2
random_2075,random_cycle_chord,20260823,200,0.9,baseline,b73291eb7126cc5eaf4780776629388d,0,,,8,10,3,3,0.07234451696947775,6.127550995075376,0.011806432460149247,True,True,1,3,0,-2
random_2076,random_cycle_chord,20260823,200,0.9,crossing_rich,6cae8dd6dca8ab370494a907f81c49aa,3,3.0,13.716117475026072,8,11,4,3,0.04666043442434015,4.153513580653377,0.011233966981997957,True,True,1,4,0,-3
random_2077,random_cycle_chord,20260823,200,0.9,crossing_rich,3766c050500c74590e361b5f3d5119d1,2,2.0,9.74670508505982,9,12,4,3,0.06566321586779314,5.631140320857813,0.01166073159721767,True,True,1,4,0,-3
random_2078,random_cycle_chord,20260823,200,0.9,baseline,3ddc013bba7f8602e9b01edf73e915d5,0,,,9,11,3,3,0.06184315430279533,5.356317482812542,0.011545834335107818,True,True,1,3,0,-2
random_2079,random_cycle_chord,20260823,200,0.9,baseline,5a09f2d469638693e252e3673038fcb1,0,,,14,17,4,3,0.04831018452630905,4.290528404362265,0.011259728400164216,True,True,1,4,0,-3
random_2080,random_cycle_chord,20260823,200,0.9,crossing_rich,0d9383c252bac8778d9583a2a6ee796c,6,6.0,10.619643767545643,11,16,6,3,0.060265675008410714,5.223076067470085,0.011538349093506838,True,True,1,6,0,-5
random_2081,random_cycle_chord,20260823,200,0.9,crossing_rich,d3b9e56b5337f4aa08cbf81ed5c2928d,2,2.0,8.13625896357732,8,11,4,3,0.07866022982614201,6.58077491119944,0.011953034541916138,True,True,1,4,0,-3
random_2082,random_cycle_chord,20260823,200,0.9,crossing_rich,cbd367df182ccb02b6db0d327f7ca73e,5,5.0,12.163117191049805,11,16,6,3,0.05261809040785549,4.636411506297392,0.011348882715951147,True,True,1,6,0,-5
random_2083,random_cycle_chord,20260823,200,0.9,crossing_rich,950b2b089df75f3cfd15257e678d9347,5,5.0,12.924422035453592,12,17,6,3,0.0495186553212504,4.381420843131327,0.011301962786542153,True,True,1,6,0,-5
random_2084,random_cycle_chord,20260823,200,0.9,baseline,fcb06304329c3a95c9fc63ab6e3f83f6,0,,,10,12,3,3,0.0526059464118193,4.633199142601571,0.011354130222488285,True,True,1,3,0,-2
random_2085,random_cycle_chord,20260823,200,0.9,crossing_rich,e4dfd7b460148a3915f7aca370896702,5,5.0,13.655063816776435,8,12,5,3,0.04686905960949844,4.1755355479264935,0.011224682216577679,True,True,1,5,0,-4
random_2086,random_cycle_chord,20260823,200,0.9,crossing_rich,05dd62ad19ce4d5dd6bedfa658e868da,3,3.0,9.776449467935144,10,14,5,3,0.06546343865419402,5.618755098958974,0.01165087951000443,True,True,1,5,0,-4
random_2087,random_cycle_chord,20260823,200,0.9,crossing_rich,0d9383c252bac8778d9583a2a6ee796c,6,6.0,10.612585706760944,11,16,6,3,0.060305755607917136,5.2231268022373865,0.011545910695119344,True,True,1,6,0,-5
random_2088,random_cycle_chord,20260823,200,0.9,baseline,7e6bc2286a474f101d6d3fad2dea3b25,0,,,11,14,4,3,0.045833611258625936,4.100046535402273,0.011178802694767223,True,True,1,4,0,-3
random_2089,random_cycle_chord,20260823,200,0.9,baseline,b73291eb7126cc5eaf4780776629388d,0,,,8,10,3,3,0.07260334268540283,6.152061628554905,0.011801465438579664,True,True,1,3,0,-2
random_2090,random_cycle_chord,20260823,200,0.9,crossing_rich,bb2c7ed8feef84917625e983562a84b2,5,5.0,14.154360386461226,10,14,5,3,0.04521574854150003,4.036470110337019,0.011201804374992588,True,True,1,5,0,-4
random_2091,random_cycle_chord,20260823,200,0.9,crossing_rich,6cae8dd6dca8ab370494a907f81c49aa,2,2.0,8.134204450230145,8,11,4,3,0.0786800975947798,6.583751344456349,0.011950648418857741,True,True,1,4,0,-3
random_2092,random_cycle_chord,20260823,200,0.9,crossing_rich,cb26cc24301cc90da9033428f0e0387b,2,2.0,8.945894057798352,9,12,4,3,0.071541200450736,6.074341459484417,0.01177760600517975,True,True,1,4,0,-3
random_2093,random_cycle_chord,20260823,200,0.9,crossing_rich,e4dfd7b460148a3915f7aca370896702,4,4.0,8.139971394725647,8,12,5,3,0.07862435492275717,6.588831474625137,0.011932974037286392,True,True,1,5,0,-4
random_2094,random_cycle_chord,20260823,200,0.9,baseline,8603424a32f201376c6da364b388d315,0,,,11,13,3,3,0.04571929984283917,4.079105866286698,0.011208167020303026,True,True,1,3,0,-2
random_2095,random_cycle_chord,20260823,200,0.9,baseline,f2551d12306507df164d13e621c6cf57,0,,,10,12,3,3,0.05331525712873752,4.694632788006461,0.011356640558755484,True,True,1,3,0,-2
random_2096,random_cycle_chord,20260823,200,0.9,baseline,a131a31a5c0b87130153642a4b62b6ed,0,,,15,17,3,3,0.04529141087565052,4.048412572301426,0.011187449417958763,True,True,1,3,0,-2
random_2097,random_cycle_chord,20260823,200,0.9,crossing_rich,d3b9e56b5337f4aa08cbf81ed5c2928d,2,2.0,8.41872070478963,8,11,4,3,0.07602105146876857,6.401876174182955,0.01187480816566572,True,True,1,4,0,-3
random_2098,random_cycle_chord,20260823,200,0.9,crossing_rich,e4dfd7b460148a3915f7aca370896702,5,5.0,13.399813213459367,8,12,5,3,0.04776185979646012,4.244511788259356,0.011252615655014335,True,True,1,5,0,-4
random_2099,random_cycle_chord,20260823,200,0.9,baseline,3ddc013bba7f8602e9b01edf73e915d5,0,,,9,11,3,3,0.06269616036298353,5.403203379822491,0.011603516646645875,True,True,1,3,0,-2
random_2100,random_cycle_chord,20260823,200,0.9,crossing_rich,6cae8dd6dca8ab370494a907f81c49aa,3,3.0,13.662235673592399,8,11,4,3,0.046844456155667825,4.1777549191441645,0.011212830111457127,True,True,1,4,0,-3
random_2101,random_cycle_chord,20260823,200,0.9,baseline,f8915e048c5e07d3dc0ece3ddaef1ca9,0,,,14,16,3,3,0.04830789402676324,4.290194692676631,0.011260070343479957,True,True,1,3,0,-2
random_2102,random_cycle_chord,20260823,200,0.9,crossing_rich,e4dfd7b460148a3915f7aca370896702,5,5.0,13.705704611061094,8,12,5,3,0.04669588453580799,4.165720994854162,0.01120955642336358,True,True,1,5,0,-4
random_2103,random_cycle_chord,20260823,200,0.9,crossing_rich,5abff9f8eb816c43fa70e71b5218041d,7,7.0,14.238266438499378,12,18,7,3,0.04494929230074528,4.016998813106794,0.011189769873489448,True,True,1,7,0,-6
random_2104,random_cycle_chord,20260823,200,0.9,baseline,5ece6bdff7ea6a9025672e56fbda3d50,0,,,11,13,3,3,0.04512124554872163,4.032391668003137,0.011189698140375813,True,True,1,3,0,-2
random_2105,random_cycle_chord,20260823,200,0.9,crossing_rich,35e6984785cd33f6953165239be9a661,4,4.0,9.785391551685967,10,14,5,3,0.06540361687312672,5.626364728555202,0.011624489351212353,True,True,1,5,0,-4
random_2106,random_cycle_chord,20260823,200,0.9,baseline,3ddc013bba7f8602e9b01edf73e915d5,0,,,9,11,3,3,0.06255499527216522,5.397903918094787,0.011588756713966163,True,True,1,3,0,-2
random_2107,random_cycle_chord,20260823,200,0.9,baseline,3ddc013bba7f8602e9b01edf73e915d5,0,,,9,11,3,3,0.061697963951817966,5.34400564395911,0.011545265492292591,True,True,1,3,0,-2
random_2108,random_cycle_chord,20260823,200,0.9,baseline,3ddc013bba7f8602e9b01edf73e915d5,0,,,9,11,3,3,0.0617111039417682,5.339535665378765,0.011557391467932197,True,True,1,3,0,-2
random_2109,random_cycle_chord,20260823,200,0.9,baseline,4e9cca7c282396d17b6e561d68fe510e,0,,,10,13,4,3,0.05247587285245497,4.622363611396558,0.01135260599643748,True,True,1,4,0,-3
random_2110,random_cycle_chord,20260823,200,0.9,crossing_rich,8d92d8721dbd33134985bb942b070fe4,5,5.0,13.155464900710031,9,13,5,3,0.04864898388847191,4.322422911834002,0.011255026377747513,True,True,1,5,0,-4
random_2111,random_cycle_chord,20260823,200,0.9,baseline,3ddc013bba7f8602e9b01edf73e915d5,0,,,9,11,3,3,0.06128367189758517,5.29924346939614,0.011564607712687067,True,True,1,3,0,-2
random_2112,random_cycle_chord,20260823,200,0.9,crossing_rich,c4365d72dce08edef88398c38d8f58b5,2,2.0,9.776092039424292,10,13,4,3,0.0654658320951824,5.618556346602333,0.011651717640025282,True,True,1,4,0,-3
random_2113,random_cycle_chord,20260823,200,0.9,crossing_rich,e4dfd7b460148a3915f7aca370896702,5,5.0,13.370485457960605,8,12,5,3,0.04786662399149858,4.263828619530441,0.011226207303981637,True,True,1,5,0,-4
random_2114,random_cycle_chord,20260823,200,0.9,baseline,78d712f24f5cff365e8a82f9a84c6043,0,,,10,12,3,3,0.05339209727278986,4.68959619879745,0.01138522273761676,True,True,1,3,0,-2
random_2115,random_cycle_chord,20260823,200,0.9,crossing_rich,9864390659db0a33d7b4bc27549e7f6e,4,4.0,9.784298646286844,10,14,5,3,0.06541092245205342,5.623176909744868,0.011632378547204772,True,True,1,5,0,-4
random_2116,random_cycle_chord,20260823,200,0.9,baseline,8f34f4541eedc7b1aecfd95c1d8d238c,0,,,11,14,4,3,0.04605323526042839,4.112384338437215,0.01119867003431141,True,True,1,4,0,-3
random_2117,random_cycle_chord,20260823,200,0.9,crossing_rich,424f7646e94f7765f921feee852c5612,2,2.0,10.212842368778116,10,13,4,3,0.06266619780175564,5.417137470027417,0.011568138735352874,True,True,1,4,0,-3
random_2118,random_cycle_chord,20260823,200,0.9,crossing_rich,f01bb47f0e11353dcd7e62b1e2f9df0e,4,4.0,8.942586408770266,9,13,5,3,0.07156766183129443,6.085519786696822,0.011760320291414394,True,True,1,5,0,-4
random_2119,random_cycle_chord,20260823,200,0.9,crossing_rich,d86c5f9e478e64f89adb822abc677322,4,4.0,10.615237392759248,11,15,5,3,0.06029069123188427,5.222338107964341,0.01154476979189413,True,True,1,5,0,-4
random_2120,random_cycle_chord,20260823,200,0.9,baseline,3ddc013bba7f8602e9b01edf73e915d5,0,,,9,11,3,3,0.062491412516793396,5.394360944853007,0.011584581223920351,True,True,1,3,0,-2
random_2121,random_cycle_chord,20260823,200,0.9,crossing_rich,6cae8dd6dca8ab370494a907f81c49aa,3,3.0,13.86326734413064,8,11,4,3,0.046165163241330694,4.1169599313582514,0.011213410868951562,True,True,1,4,0,-3
random_2122,random_cycle_chord,20260823,200,0.9,baseline,78d712f24f5cff365e8a82f9a84c6043,0,,,10,12,3,3,0.053580703200058394,4.704139109778882,0.011390118776180697,True,True,1,3,0,-2
random_2123,random_cycle_chord,20260823,200,0.9,baseline,4ca7af1950eb0912a81fec832cb4eb96,0,,,10,12,3,3,0.06559249105413921,5.626500530586904,0.011657777458220058,True,True,1,3,0,-2
random_2124,random_cycle_chord,20260823,200,0.9,crossing_rich,0d9383c252bac8778d9583a2a6ee796c,6,6.0,10.622289036384448,11,16,6,3,0.060250667046228244,5.219589366259846,0.011543181430266712,True,True,1,6,0,-5
random_2125,random_cycle_chord,20260823,200,0.9,baseline,b73291eb7126cc5eaf4780776629388d,0,,,8,10,3,3,0.0724455061249132,6.144207097722584,0.011790863324214102,True,True,1,3,0,-2
random_2126,random_cycle_chord,20260823,200,0.9,baseline,8f34f4541eedc7b1aecfd95c1d8d238c,0,,,11,14,4,3,0.045433753354874255,4.055677787959389,0.01120250565509895,True,True,1,4,0,-3
random_2127,random_cycle_chord,20260823,200,0.9,baseline,b73291eb7126cc5eaf4780776629388d,0,,,8,10,3,3,0.07278837006296342,6.159007868139656,0.011818197284581377,True,True,1,3,0,-2
random_2128,random_cycle_chord,20260823,200,0.9,crossing_rich,e4dfd7b460148a3915f7aca370896702,4,4.0,8.133177343425114,8,12,5,3,0.07869003379317409,6.584067532841356,0.011951583637419858,True,True,1,5,0,-4
random_2129,random_cycle_chord,20260823,200,0.9,crossing_rich,4e9cca7c282396d17b6e561d68fe510e,2,2.0,9.756893199094796,10,13,4,3,0.06559465056554853,5.626388472612279,0.01165839345876051,True,True,1,4,0,-3
random_2130,random_cycle_chord,20260823,200,0.9,baseline,19fca4749c1a57391a2f17cdb3a8fecb,0,,,11,13,3,3,0.060235829084564346,5.221034461473225,0.01153714451207961,True,True,1,3,0,-2
random_2131,random_cycle_chord,20260823,200,0.9,crossing_rich,e4dfd7b460148a3915f7aca370896702,4,4.0,8.133738480720554,8,12,5,3,0.07868460505793191,6.583869724337024,0.011951118164911019,True,True,1,5,0,-4
random_2132,random_cycle_chord,20260823,200,0.9,crossing_rich,35e6984785cd33f6953165239be9a661,4,4.0,10.082573531616292,10,14,5,3,0.06347585742797994,5.476734819608298,0.011590091453892924,True,True,1,5,0,-4
random_2133,random_cycle_chord,20260823,200,0.9,crossing_rich,a17d4027c28a77bd091908d86be3664e,2,2.0,8.947722725115478,9,12,4,3,0.0715265794059058,6.0747357919990215,0.011774434618228632,True,True,1,4,0,-3
random_2134,random_cycle_chord,20260823,200,0.9,crossing_rich,35e6984785cd33f6953165239be9a661,4,4.0,9.786890398535038,10,14,5,3,0.06539360041222074,5.626551898640192,0.011622322443702131,True,True,1,5,0,-4
random_2135,random_cycle_chord,20260823,200,0.9,baseline,4e9cca7c282396d17b6e561d68fe510e,0,,,10,13,4,3,0.0524714862611311,4.621577878140293,0.011353586944692025,True,True,1,4,0,-3
random_2136,random_cycle_chord,20260823,200,0.9,crossing_rich,e4dfd7b460148a3915f7aca370896702,5,5.0,13.477199287093091,8,12,5,3,0.04748761121406866,4.230014562862896,0.01122634698021673,True,True,1,5,0,-4
random_2137,random_cycle_chord,20260823,200,0.9,baseline,7e6bc2286a474f101d6d3fad2dea3b25,0,,,11,14,4,3,0.04607649152842344,4.119818776832811,0.011184106395050129,True,True,1,4,0,-3
random_2138,random_cycle_chord,20260823,200,0.9,crossing_rich,cbd367df182ccb02b6db0d327f7ca73e,5,5.0,12.026845666805615,11,16,6,3,0.05321428558499054,4.672969517697239,0.011387680870474337,True,True,1,6,0,-5
random_2139,random_cycle_chord,20260823,200,0.9,crossing_rich,d3b9e56b5337f4aa08cbf81ed5c2928d,2,2.0,8.51464386032523,8,11,4,3,0.07516462350024282,6.32807167632331,0.011877966518848666,True,True,1,4,0,-3
random_2140,random_cycle_chord,20260823,200,0.9,baseline,e756644711763e07d0e3622d4415d4c4,0,,,11,13,3,3,0.045381663794664566,4.053487547661157,0.01119570820461742,True,True,1,3,0,-2
random_2141,random_cycle_chord,20260823,200,0.9,baseline,8f34f4541eedc7b1aecfd95c1d8d238c,0,,,11,14,4,3,0.045250483073711316,4.043608172196563,0.011190620145851178,True,True,1,4,0,-3
random_2142,random_cycle_chord,20260823,200,0.9,baseline,b73291eb7126cc5eaf4780776629388d,0,,,8,10,3,3,0.07299816301082993,6.182951120497323,0.011806362623316089,True,True,1,3,0,-2
random_2143,random_cycle_chord,20260823,200,0.9,baseline,237b03a6236ff83b0e5299ac7fc023ee,0,,,10,12,3,3,0.05258030070380451,4.632195592531031,0.01135105365338743,True,True,1,3,0,-2
random_2144,random_cycle_chord,20260823,200,0.9,crossing_rich,f01bb47f0e11353dcd7e62b1e2f9df0e,4,4.0,8.94913280961715,9,13,5,3,0.0715153092054044,6.086892927017756,0.011749066405944319,True,True,1,5,0,-4
random_2145,random_cycle_chord,20260823,200,0.9,crossing_rich,8d92d8721dbd33134985bb942b070fe4,5,5.0,13.030893092454509,9,13,5,3,0.0491140549967822,4.364179518943769,0.011253903461943042,True,True,1,5,0,-4
random_2146,random_cycle_chord,20260823,200,0.9,crossing_rich,e4dfd7b460148a3915f7aca370896702,5,5.0,13.908240959087742,8,12,5,3,0.04601588381180724,4.106849235757082,0.011204668389372806,True,True,1,5,0,-4
random_2147,random_cycle_chord,20260823,200,0.9,crossing_rich,3af6a6d6a3a600f8a77d3d659af31ede,3,3.0,13.1661293377052,13,17,5,3,0.048609578683627704,4.316036182295486,0.011262551246216541,True,True,1,5,0,-4
random_2148,random_cycle_chord,20260823,200,0.9,crossing_rich,e4dfd7b460148a3915f7aca370896702,5,5.0,13.431033326181646,8,12,5,3,0.04765083850640312,4.24482080242093,0.011225641958602027,True,True,1,5,0,-4
random_2149,random_cycle_chord,20260823,200,0.9,crossing_rich,8d92d8721dbd33134985bb942b070fe4,5,5.0,13.670237375957129,9,13,5,3,0.04681703633951639,4.1746679331659315,0.011214553370239409,True,True,1,5,0,-4
random_2150,random_cycle_chord,20260823,200,0.9,baseline,5c25c6be641fc20f13f284ff50ca2a81,0,,,13,16,4,3,0.05183754994572676,4.565527352361105,0.011354120990846431,True,True,1,4,0,-3
random_2151,random_cycle_chord,20260823,200,0.9,baseline,19fca4749c1a57391a2f17cdb3a8fecb,0,,,11,13,3,3,0.06016310460798814,5.226421882613024,0.011511337193833411,True,True,1,3,0,-2
random_2152,random_cycle_chord,20260823,200,0.9,crossing_rich,9864390659db0a33d7b4bc27549e7f6e,4,4.0,10.220883458834537,10,14,5,3,0.0626168963355911,5.412875900796981,0.011568138173345434,True,True,1,5,0,-4
random_2153,random_cycle_chord,20260823,200,0.9,baseline,4ca7af1950eb0912a81fec832cb4eb96,0,,,10,12,3,3,0.06539862504377282,5.6278639145979765,0.011620505761366574,True,True,1,3,0,-2
random_2154,random_cycle_chord,20260823,200,0.9,baseline,237b03a6236ff83b0e5299ac7fc023ee,0,,,10,12,3,3,0.05286708124298464,4.654888127229435,0.011357325847152175,True,True,1,3,0,-2
random_2155,random_cycle_chord,20260823,200,0.9,baseline,3ddc013bba7f8602e9b01edf73e915d5,0,,,9,11,3,3,0.06223875275496156,5.388593182529078,0.011550093066359571,True,True,1,3,0,-2
random_2156,random_cycle_chord,20260823,200,0.9,crossing_rich,b34a6db63fed7071456b3514e6cb92d0,5,5.0,14.033120087908289,13,18,6,3,0.04560639373074697,4.070672689958063,0.011203650404822112,True,True,1,6,0,-5
random_2157,random_cycle_chord,20260823,200,0.9,crossing_rich,a8ced580481e578e4757ce5ccef9f4dc,7,7.0,13.871676600295611,13,19,7,3,0.04613717710131458,4.119222750557313,0.011200456953941717,True,True,1,7,0,-6
random_2158,random_cycle_chord,20260823,200,0.9,crossing_rich,76f64aeb3bec290543374c9120128d8d,4,4.0,10.240145177950772,10,14,5,3,0.06249911391667153,5.391757449528926,0.011591603387524792,True,True,1,5,0,-4
random_2159,random_cycle_chord,20260823,200,0.9,crossing_rich,e4dfd7b460148a3915f7aca370896702,5,5.0,13.291374087757658,8,12,5,3,0.04815153014085184,4.291471942753236,0.011220283106397232,True,True,1,5,0,-4
random_2160,random_cycle_chord,20260823,200,0.9,crossing_rich,d86c5f9e478e64f89adb822abc677322,4,4.0,10.609960377051019,11,15,5,3,0.06032067767041789,5.223138586820775,0.011548741559839397,True,True,1,5,0,-4
random_2161,random_cycle_chord,20260823,200,0.9,baseline,4e9cca7c282396d17b6e561d68fe510e,0,,,10,13,4,3,0.05285821616060365,4.656444952277965,0.011351624834466268,True,True,1,4,0,-3
random_2162,random_cycle_chord,20260823,200,0.9,crossing_rich,9864390659db0a33d7b4bc27549e7f6e,4,4.0,9.77407760104078,10,14,5,3,0.06547932460980772,5.62269542920246,0.01164554001444384,True,True,1,5,0,-4
random_2163,random_cycle_chord,20260823,200,0.9,baseline,b73291eb7126cc5eaf4780776629388d,0,,,8,10,3,3,0.07231633329450131,6.124622591605521,0.011807475842449284,True,True,1,3,0,-2
random_2164,random_cycle_chord,20260823,200,0.9,baseline,b73291eb7126cc5eaf4780776629388d,0,,,8,10,3,3,0.07299666373611904,6.182827519700714,0.011806356153964411,True,True,1,3,0,-2
random_2165,random_cycle_chord,20260823,200,0.9,baseline,3ddc013bba7f8602e9b01edf73e915d5,0,,,9,11,3,3,0.06178488360544175,5.3394612643230195,0.011571370321248196,True,True,1,3,0,-2
random_2166,random_cycle_chord,20260823,200,0.9,baseline,3ddc013bba7f8602e9b01edf73e915d5,0,,,9,11,3,3,0.06267426742271724,5.414468877028968,0.011575330627278058,True,True,1,3,0,-2
random_2167,random_cycle_chord,20260823,200,0.9,crossing_rich,f01bb47f0e11353dcd7e62b1e2f9df0e,4,4.0,8.933706451387255,9,13,5,3,0.07163879891090653,6.074947101009687,0.011792497567427345,True,True,1,5,0,-4
random_2168,random_cycle_chord,20260823,200,0.9,crossing_rich,f8e101deee8812cdf51fe0521efd7a68,4,4.0,9.757508447940245,10,14,5,3,0.06559051456779424,5.627274551945331,0.011655822718854158,True,True,1,5,0,-4
random_2169,random_cycle_chord,20260823,200,0.9,baseline,4ca7af1950eb0912a81fec832cb4eb96,0,,,10,12,3,3,0.06540963676289606,5.621499341639377,0.0116356211728775,True,True,1,3,0,-2
random_2170,random_cycle_chord,20260823,200,0.9,baseline,ca62a37d3738941a9501a139c3aa3dc2,0,,,12,14,3,3,0.05570097376066758,4.8719274915499975,0.011433046542108201,True,True,1,3,0,-2
random_2171,random_cycle_chord,20260823,200,0.9,crossing_rich,6cae8dd6dca8ab370494a907f81c49aa,3,3.0,13.724312985860086,8,11,4,3,0.046632571018992396,4.160293802647503,0.011208961008791407,True,True,1,4,0,-3
random_2172,random_cycle_chord,20260823,200,0.9,crossing_rich,f01bb47f0e11353dcd7e62b1e2f9df0e,4,4.0,8.934470730065904,9,13,5,3,0.07163267073518961,6.077898457808003,0.01178576299562332,True,True,1,5,0,-4
random_2173,random_cycle_chord,20260823,200,0.9,baseline,103a02ce2419501dbcecbb0b106c7128,0,,,9,11,3,3,0.06196200617714753,5.347501606057469,0.011587094449295548,True,True,1,3,0,-2
random_2174,random_cycle_chord,20260823,200,0.9,crossing_rich,cb26cc24301cc90da9033428f0e0387b,2,2.0,8.948403464389159,9,12,4,3,0.07152113810546518,6.073025804062738,0.011776853979052569,True,True,1,4,0,-3
random_2175,random_cycle_chord,20260823,200,0.9,crossing_rich,e4dfd7b460148a3915f7aca370896702,5,5.0,13.583057071264994,8,12,5,3,0.047117522708045034,4.199023085532382,0.011221067793217705,True,True,1,5,0,-4
random_2176,random_cycle_chord,20260823,200,0.9,baseline,19fca4749c1a57391a2f17cdb3a8fecb,0,,,11,13,3,3,0.06019229545777116,5.227083416266028,0.011515464870994844,True,True,1,3,0,-2
random_2177,random_cycle_chord,20260823,200,0.9,crossing_rich,6cae8dd6dca8ab370494a907f81c49aa,2,2.0,8.108259929674919,8,11,4,3,0.0789318553611859,6.603863031325858,0.011952376205679533,True,True,1,4,0,-3
random_2178,random_cycle_chord,20260823,200,0.9,baseline,3ddc013bba7f8602e9b01edf73e915d5,0,,,9,11,3,3,0.06253554356006692,5.394601746731449,0.011592244709807683,True,True,1,3,0,-2
random_2179,random_cycle_chord,20260823,200,0.9,baseline,292e753404d93c067cd5c374eaffaa1b,0,,,15,17,3,3,0.045286565591132553,4.049851672186859,0.011182277588620546,True,True,1,3,0,-2
random_2180,random_cycle_chord,20260823,200,0.9,baseline,7e6bc2286a474f101d6d3fad2dea3b25,0,,,11,14,4,3,0.04540490883582959,4.0496059005501746,0.011212179641890814,True,True,1,4,0,-3
random_2181,random_cycle_chord,20260823,200,0.9,crossing_rich,e4dfd7b460148a3915f7aca370896702,5,5.0,13.564703754715094,8,12,5,3,0.047181273662355944,4.197019373757324,0.011241614455574351,True,True,1,5,0,-4
random_2182,random_cycle_chord,20260823,200,0.9,crossing_rich,cbd367df182ccb02b6db0d327f7ca73e,5,5.0,12.298485365525979,11,16,6,3,0.05203892845162796,4.593571943640368,0.011328641216488173,True,True,1,6,0,-5
random_2183,random_cycle_chord,20260823,200,0.9,baseline,8f34f4541eedc7b1aecfd95c1d8d238c,0,,,11,14,4,3,0.045455143700109,4.063545785637206,0.01118607888233285,True,True,1,4,0,-3
random_2184,random_cycle_chord,20260823,200,0.9,baseline,103a02ce2419501dbcecbb0b106c7128,0,,,9,11,3,3,0.062146328346040954,5.36482400017068,0.01158403860854779,True,True,1,3,0,-2
random_2185,random_cycle_chord,20260823,200,0.9,baseline,b73291eb7126cc5eaf4780776629388d,0,,,8,10,3,3,0.07317474225907922,6.19521384742289,0.011811495787109712,True,True,1,3,0,-2
random_2186,random_cycle_chord,20260823,200,0.9,baseline,b7f57d3553d50f25c5be44b65115c3b8,0,,,13,15,3,3,0.05174430121767707,4.571035475219209,0.011320039299234625,True,True,1,3,0,-2
random_2187,random_cycle_chord,20260823,200,0.9,crossing_rich,748a628f2d4ade0213315cc4014b52e0,4,4.0,9.786658067871896,10,14,5,3,0.0653951528255618,5.6297041190149075,0.011616090551665568,True,True,1,5,0,-4
random_2188,random_cycle_chord,20260823,200,0.9,crossing_rich,8d92d8721dbd33134985bb942b070fe4,5,5.0,13.256035340275874,9,13,5,3,0.04827989542661259,4.285622988009911,0.011265548920585764,True,True,1,5,0,-4
random_2189,random_cycle_chord,20260823,200,0.9,crossing_rich,9e66b0fa81952d5b2891447f79eb22f8,2,2.0,9.786883046907489,10,13,4,3,0.06539364953402918,5.627030811118957,0.011621342005949564,True,True,1,4,0,-3
random_2190,random_cycle_chord,20260823,200,0.9,baseline,20c28f1a1912b71b12c741edcd739f5f,0,,,15,18,4,3,0.04529429881176078,4.0441864391963405,0.01119985428287071,True,True,1,4,0,-3
random_2191,random_cycle_chord,20260823,200,0.9,crossing_rich,e4dfd7b460148a3915f7aca370896702,5,5.0,13.436239663028376,8,12,5,3,0.04763237453712933,4.24047039200526,0.011232804414088747,True,True,1,5,0,-4
random_2192,random_cycle_chord,20260823,200,0.9,baseline,3ddc013bba7f8602e9b01edf73e915d5,0,,,9,11,3,3,0.062235550410204496,5.382949940461702,0.011561606758109008,True,True,1,3,0,-2
random_2193,random_cycle_chord,20260823,200,0.9,baseline,7e6bc2286a474f101d6d3fad2dea3b25,0,,,11,14,4,3,0.045550904146786565,4.065549013199216,0.011204121263549142,True,True,1,4,0,-3
random_2194,random_cycle_chord,20260823,200,0.9,crossing_rich,e4dfd7b460148a3915f7aca370896702,4,4.0,8.115362408122067,8,12,5,3,0.07886277504495316,6.602905096211837,0.01194364812091539,True,True,1,5,0,-4
random_2195,random_cycle_chord,20260823,200,0.9,baseline,8f34f4541eedc7b1aecfd95c1d8d238c,0,,,11,14,4,3,0.045990970768204686,4.105568635676154,0.011202095214912985,True,True,1,4,0,-3
random_2196,random_cycle_chord,20260823,200,0.9,baseline,5ece6bdff7ea6a9025672e56fbda3d50,0,,,11,13,3,3,0.04538676490401937,4.059036221500116,0.011181660479798721,True,True,1,3,0,-2
random_2197,random_cycle_chord,20260823,200,0.9,baseline,3ddc013bba7f8602e9b01edf73e915d5,0,,,9,11,3,3,0.062382607322096995,5.3894585293277055,0.011574930390990272,True,True,1,3,0,-2
random_2198,random_cycle_chord,20260823,200,0.9,baseline,f2551d12306507df164d13e621c6cf57,0,,,10,12,3,3,0.052819468701894634,4.653321500789176,0.011350917552749527,True,True,1,3,0,-2
random_2199,random_cycle_chord,20260823,200,0.9,baseline,3ddc013bba7f8602e9b01edf73e915d5,0,,,9,11,3,3,0.06194782269826409,5.3469337571388715,0.011585672370740607,True,True,1,3,0,-2
random_2200,random_cycle_chord,20260823,200,0.9,crossing_rich,e4dfd7b460148a3915f7aca370896702,4,4.0,8.12227192717773,8,12,5,3,0.07879568743057126,6.593909102343782,0.0119497685223722,True,True,1,5,0,-4
random_2201,random_cycle_chord,20260823,200,0.9,crossing_rich,3766c050500c74590e361b5f3d5119d1,2,2.0,9.357554245731317,9,12,4,3,0.06839393961215369,5.835534262846983,0.011720253284707187,True,True,1,4,0,-3
random_2202,random_cycle_chord,20260823,200,0.9,crossing_rich,e9197ff029e74839300ac41cd1da94ed,2,2.0,10.626250967986829,11,14,4,3,0.060228202959641715,5.223219357926169,0.011530858428958414,True,True,1,4,0,-3
random_2203,random_cycle_chord,20260823,200,0.9,baseline,4ca7af1950eb0912a81fec832cb4eb96,0,,,10,12,3,3,0.06540929960005568,5.621551017122179,0.011635454236887888,True,True,1,3,0,-2
random_2204,random_cycle_chord,20260823,200,0.9,baseline,4e9cca7c282396d17b6e561d68fe510e,0,,,10,13,4,3,0.05328621682623436,4.687620114064108,0.011367434973316529,True,True,1,4,0,-3
random_2205,random_cycle_chord,20260823,200,0.9,baseline,9bbef8e001607652ee9387dc9d688c9c,0,,,12,14,3,3,0.05569191954028254,4.874128602610299,0.01142602587680128,True,True,1,3,0,-2
random_2206,random_cycle_chord,20260823,200,0.9,crossing_rich,0ba4cef7d36938b0547a48dd8590384b,4,4.0,12.255644869762111,11,15,5,3,0.05222083430134695,4.610981693810049,0.011325318070867665,True,True,1,5,0,-4
random_2207,random_cycle_chord,20260823,200,0.9,crossing_rich,e4dfd7b460148a3915f7aca370896702,4,4.0,8.112382904884376,8,12,5,3,0.07889173964097074,6.603621597645616,0.011946738388083585,True,True,1,5,0,-4
random_2208,random_cycle_chord,20260823,200,0.9,baseline,3ddc013bba7f8602e9b01edf73e915d5,0,,,9,11,3,3,0.0622253639560497,5.374030255751289,0.011578900935560623,True,True,1,3,0,-2
random_2209,random_cycle_chord,20260823,200,0.9,baseline,8603424a32f201376c6da364b388d315,0,,,11,13,3,3,0.04556516286422963,4.065917433052765,0.011206612926721062,True,True,1,3,0,-2
random_2210,random_cycle_chord,20260823,200,0.9,baseline,b73291eb7126cc5eaf4780776629388d,0,,,8,10,3,3,0.07335707001256819,6.19542889275272,0.011840515206038394,True,True,1,3,0,-2
random_2211,random_cycle_chord,20260823,200,0.9,baseline,103a02ce2419501dbcecbb0b106c7128,0,,,9,11,3,3,0.06178761587116894,5.352805322126061,0.011543034381573164,True,True,1,3,0,-2
random_2212,random_cycle_chord,20260823,200,0.9,crossing_rich,4b011076f0b1f9550e5fa13ae5b0a0c2,3,3.0,13.81823144733678,10,13,4,3,0.04631562312725256,4.131324872833127,0.011210840239608373,True,True,1,4,0,-3
random_2213,random_cycle_chord,20260823,200,0.9,baseline,c9b2747d4897680c32f2a02811ccda66,0,,,11,13,3,3,0.06016810713622963,5.227614303107949,0.011509668397008203,True,True,1,3,0,-2
random_2214,random_cycle_chord,20260823,200,0.9,baseline,e756644711763e07d0e3622d4415d4c4,0,,,11,13,3,3,0.045755690950872466,4.077824374481368,0.01122061343230159,True,True,1,3,0,-2
random_2215,random_cycle_chord,20260823,200,0.9,baseline,c9b2747d4897680c32f2a02811ccda66,0,,,11,13,3,3,0.0601815541245914,5.2270312435413375,0.011513524851980437,True,True,1,3,0,-2
random_2216,random_cycle_chord,20260823,200,0.9,crossing_rich,d3b9e56b5337f4aa08cbf81ed5c2928d,2,2.0,8.473447939703968,8,11,4,3,0.07553005630696769,6.368649273996856,0.011859666478315316,True,True,1,4,0,-3
random_2217,random_cycle_chord,20260823,200,0.9,baseline,3ddc013bba7f8602e9b01edf73e915d5,0,,,9,11,3,3,0.062023362923178435,5.368612819632595,0.01155295883814975,True,True,1,3,0,-2
random_2218,random_cycle_chord,20260823,200,0.9,baseline,79f3c24536f906e8e3af49b633b30c68,0,,,15,18,4,3,0.0452886637598589,4.0451867155953884,0.01119569180459773,True,True,1,4,0,-3
random_2219,random_cycle_chord,20260823,200,0.9,baseline,59b8a3996410db2fb3f2d81dd28a72be,0,,,15,18,4,3,0.04532592700338444,4.045456226847417,0.01120415707444361,True,True,1,4,0,-3
random_2220,random_cycle_chord,20260823,200,0.9,baseline,8f34f4541eedc7b1aecfd95c1d8d238c,0,,,11,14,4,3,0.04601414112635822,4.110015090300326,0.011195613669388227,True,True,1,4,0,-3
random_2221,random_cycle_chord,20260823,200,0.9,baseline,b73291eb7126cc5eaf4780776629388d,0,,,8,10,3,3,0.0723018106525625,6.133392321621246,0.011788225318260888,True,True,1,3,0,-2
random_2222,random_cycle_chord,20260823,200,0.9,crossing_rich,9e29c665f19ef85c09f08031b7489ca3,6,6.0,10.628518737330849,11,16,6,3,0.060215352281603435,5.2229792383491205,0.011528928133483506,True,True,1,6,0,-5
random_2223,random_cycle_chord,20260823,200,0.9,baseline,c9b2747d4897680c32f2a02811ccda66,0,,,11,13,3,3,0.06016385274934579,5.2260874235112285,0.011512217051456013,True,True,1,3,0,-2
random_2224,random_cycle_chord,20260823,200,0.9,baseline,5c25c6be641fc20f13f284ff50ca2a81,0,,,13,16,4,3,0.051744831819487566,4.565255066802708,0.011334488667623831,True,True,1,4,0,-3
random_2225,random_cycle_chord,20260823,200,0.9,baseline,3ddc013bba7f8602e9b01edf73e915d5,0,,,9,11,3,3,0.06250220793661389,5.394898103458817,0.011585428814038583,True,True,1,3,0,-2
random_2226,random_cycle_chord,20260823,200,0.9,crossing_rich,cbd367df182ccb02b6db0d327f7ca73e,5,5.0,12.297428902767985,11,16,6,3,0.05204339907636666,4.590239689353318,0.011337839110466721,True,True,1,6,0,-5
random_2227,random_cycle_chord,20260823,200,0.9,baseline,3ddc013bba7f8602e9b01edf73e915d5,0,,,9,11,3,3,0.062267946218205715,5.383086031998169,0.011567332539006854,True,True,1,3,0,-2
random_2228,random_cycle_chord,20260823,200,0.9,baseline,3ddc013bba7f8602e9b01edf73e915d5,0,,,9,11,3,3,0.06277533088530614,5.4096224985926025,0.011604382912419142,True,True,1,3,0,-2
random_2229,random_cycle_chord,20260823,200,0.9,baseline,f2551d12306507df164d13e621c6cf57,0,,,10,12,3,3,0.05313882579740292,4.684976156741698,0.011342389805108391,True,True,1,3,0,-2
random_2230,random_cycle_chord,20260823,200,0.9,crossing_rich,9864390659db0a33d7b4bc27549e7f6e,4,4.0,9.773430557679532,10,14,5,3,0.0654836596242162,5.61775106247998,0.011656561299337492,True,True,1,5,0,-4
random_2231,random_cycle_chord,20260823,200,0.9,crossing_rich,e4dfd7b460148a3915f7aca370896702,5,5.0,13.796692709913618,8,12,5,3,0.046387928865019065,4.133783378887116,0.0112216641786168,True,True,1,5,0,-4
random_2232,random_cycle_chord,20260823,200,0.9,crossing_rich,e4dfd7b460148a3915f7aca370896702,5,5.0,13.288024251583728,8,12,5,3,0.048163668870766986,4.291692435578656,0.011222535070659834,True,True,1,5,0,-4
random_2233,random_cycle_chord,20260823,200,0.9,baseline,19fca4749c1a57391a2f17cdb3a8fecb,0,,,11,13,3,3,0.06032070931873993,5.225693737767679,0.011543100752878763,True,True,1,3,0,-2
random_2234,random_cycle_chord,20260823,200,0.9,baseline,7e6bc2286a474f101d6d3fad2dea3b25,0,,,11,14,4,3,0.04555875877831003,4.066680108766537,0.011202936439504813,True,True,1,4,0,-3
random_2235,random_cycle_chord,20260823,200,0.9,crossing_rich,9864390659db0a33d7b4bc27549e7f6e,4,4.0,9.93334024079844,10,14,5,3,0.06442948539821253,5.553386670237568,0.011601836721277018,True,True,1,5,0,-4
random_2236,random_cycle_chord,20260823,200,0.9,baseline,237b03a6236ff83b0e5299ac7fc023ee,0,,,10,12,3,3,0.05268652362610621,4.63438220769422,0.011368618569835167,True,True,1,3,0,-2
random_2237,random_cycle_chord,20260823,200,0.9,crossing_rich,d3b9e56b5337f4aa08cbf81ed5c2928d,2,2.0,8.366615144741935,8,11,4,3,0.07649449495740378,6.439459547724495,0.01187902406878766,True,True,1,4,0,-3
random_2238,random_cycle_chord,20260823,200,0.9,crossing_rich,e4dfd7b460148a3915f7aca370896702,5,5.0,13.433907042778003,8,12,5,3,0.047640645268872885,4.242470850495298,0.011229457301588992,True,True,1,5,0,-4
random_2239,random_cycle_chord,20260823,200,0.9,crossing_rich,9864390659db0a33d7b4bc27549e7f6e,4,4.0,9.757248123818973,10,14,5,3,0.06559226452770629,5.626551827475516,0.011657630914800583,True,True,1,5,0,-4
random_2240,random_cycle_chord,20260823,200,0.9,crossing_rich,0ea767070aaa9d39f9740b10ad5b57da,3,3.0,12.007538822477482,11,15,5,3,0.05329984849201184,4.687023511497738,0.011371790297458925,True,True,1,5,0,-4
random_2241,random_cycle_chord,20260823,200,0.9,baseline,7e6bc2286a474f101d6d3fad2dea3b25,0,,,11,14,4,3,0.04554363635538218,4.065415168857947,0.011202702421208376,True,True,1,4,0,-3
random_2242,random_cycle_chord,20260823,200,0.9,crossing_rich,2c8b3e95d62a28423936c85308a28eeb,6,6.0,9.769828838135783,10,15,6,3,0.06550780065888245,5.622854467696318,0.011650274968920007,True,True,1,6,0,-5
random_2243,random_cycle_chord,20260823,200,0.9,crossing_rich,6cae8dd6dca8ab370494a907f81c49aa,3,3.0,13.70437764264234,8,11,4,3,0.04670040600812002,4.1573435381668435,0.0112332323704748,True,True,1,4,0,-3
random_2244,random_cycle_chord,20260823,200,0.9,crossing_rich,e4dfd7b460148a3915f7aca370896702,5,5.0,13.555232046370685,8,12,5,3,0.04721424154235378,4.200057222537328,0.011241332924943061,True,True,1,5,0,-4
random_2245,random_cycle_chord,20260823,200,0.9,baseline,b73291eb7126cc5eaf4780776629388d,0,,,8,10,3,3,0.0727650690869873,6.169622711521001,0.011794087335536354,True,True,1,3,0,-2
random_2246,random_cycle_chord,20260823,200,0.9,crossing_rich,e4dfd7b460148a3915f7aca370896702,4,4.0,8.12275910199356,8,12,5,3,0.07879096153952485,6.594611675642778,0.011947778795003132,True,True,1,5,0,-4
random_2247,random_cycle_chord,20260823,200,0.9,baseline,8e55376de66b216997aaf035ce2ec164,0,,,15,18,4,3,0.04531102124981495,4.04450687146087,0.011203101562156249,True,True,1,4,0,-3
random_2248,random_cycle_chord,20260823,200,0.9,crossing_rich,e4dfd7b460148a3915f7aca370896702,4,4.0,8.12280602029631,8,12,5,3,0.07879050643347182,6.595027884361104,0.011946955769559219,True,True,1,5,0,-4
random_2249,random_cycle_chord,20260823,200,0.9,baseline,8f34f4541eedc7b1aecfd95c1d8d238c,0,,,11,14,4,3,0.045976156526533765,4.104013955685577,0.011202729089855989,True,True,1,4,0,-3
random_2250,random_cycle_chord,20260823,200,0.9,crossing_rich,e4dfd7b460148a3915f7aca370896702,5,5.0,13.494583779056425,8,12,5,3,0.04742643496669227,4.228958593139582,0.011214684164472475,True,True,1,5,0,-4
random_2251,random_cycle_chord,20260823,200,0.9,baseline,103a02ce2419501dbcecbb0b106c7128,0,,,9,11,3,3,0.06164713287312202,5.338733648033999,0.011547145247791808,True,True,1,3,0,-2
random_2252,random_cycle_chord,20260823,200,0.9,crossing_rich,f01bb47f0e11353dcd7e62b1e2f9df0e,4,4.0,8.930549262415013,9,13,5,3,0.07166412515000563,6.076244884848803,0.011794146962164258,True,True,1,5,0,-4
random_2253,random_cycle_chord,20260823,200,0.9,crossing_rich,6cae8dd6dca8ab370494a907f81c49aa,3,3.0,13.760931089469278,8,11,4,3,0.04650848084616657,4.143714721863836,0.011223861671936512,True,True,1,4,0,-3
random_2254,random_cycle_chord,20260823,200,0.9,baseline,4ca7af1950eb0912a81fec832cb4eb96,0,,,10,12,3,3,0.06539419080838196,5.628407001763514,0.011618596662944312,True,True,1,3,0,-2
random_2255,random_cycle_chord,20260823,200,0.9,baseline,f8915e048c5e07d3dc0ece3ddaef1ca9,0,,,14,16,3,3,0.048313544666865084,4.291127860842956,0.011258938496736913,True,True,1,3,0,-2
random_2256,random_cycle_chord,20260823,200,0.9,crossing_rich,8d92d8721dbd33134985bb942b070fe4,5,5.0,12.94244114649378,9,13,5,3,0.049449712983503244,4.381409692526438,0.011286256354399312,True,True,1,5,0,-4
random_2257,random_cycle_chord,20260823,200,0.9,baseline,b73291eb7126cc5eaf4780776629388d,0,,,8,10,3,3,0.07260694703883312,6.153852486163798,0.011798616753014664,True,True,1,3,0,-2
random_2258,random_cycle_chord,20260823,200,0.9,baseline,4ca7af1950eb0912a81fec832cb4eb96,0,,,10,12,3,3,0.06540949223115619,5.62208890104486,0.011634375297587325,True,True,1,3,0,-2
random_2259,random_cycle_chord,20260823,200,0.9,crossing_rich,8d92d8721dbd33134985bb942b070fe4,5,5.0,13.641405875897036,9,13,5,3,0.04691598547997273,4.178334910130512,0.011228392766272364,True,True,1,5,0,-4
random_2260,random_cycle_chord,20260823,200,0.9,crossing_rich,8f0fcd64f35ed098799bcfa36390d34a,4,4.0,11.853475495447473,11,15,5,3,0.0539926032871796,4.751023375425605,0.011364415415519366,True,True,1,5,0,-4
random_2261,random_cycle_chord,20260823,200,0.9,baseline,b73291eb7126cc5eaf4780776629388d,0,,,8,10,3,3,0.07335705478168346,6.195427223645474,0.011840515937578743,True,True,1,3,0,-2
random_2262,random_cycle_chord,20260823,200,0.9,baseline,237b03a6236ff83b0e5299ac7fc023ee,0,,,10,12,3,3,0.05289289616036106,4.650142660508978,0.011374467413559245,True,True,1,3,0,-2
random_2263,random_cycle_chord,20260823,200,0.9,crossing_rich,e4dfd7b460148a3915f7aca370896702,5,5.0,13.614650258091501,8,12,5,3,0.047008185143766965,4.194280378498616,0.011207687827630163,True,True,1,5,0,-4
random_2264,random_cycle_chord,20260823,200,0.9,crossing_rich,b497a8280ab5258c0901c20c694e809b,3,3.0,12.515947452653066,9,12,4,3,0.051134762463734704,4.5185102654608125,0.011316730395547705,True,True,1,4,0,-3
random_2265,random_cycle_chord,20260823,200,0.9,crossing_rich,35e6984785cd33f6953165239be9a661,4,4.0,10.065066378839326,10,14,5,3,0.06358626718503599,5.490226212201221,0.011581720812108771,True,True,1,5,0,-4
random_2266,random_cycle_chord,20260823,200,0.9,baseline,13d07bf53ced6b7924ec4c5f8f39b04c,0,,,15,18,4,3,0.045307136098006684,4.046347619801373,0.01119704492918251,True,True,1,4,0,-3
random_2267,random_cycle_chord,20260823,200,0.9,baseline,237b03a6236ff83b0e5299ac7fc023ee,0,,,10,12,3,3,0.0533107914549105,4.683198551850735,0.011383414746283353,True,True,1,3,0,-2
random_2268,random_cycle_chord,20260823,200,0.9,baseline,b73291eb7126cc5eaf4780776629388d,0,,,8,10,3,3,0.07239995490880262,6.13988274793143,0.011791748781065026,True,True,1,3,0,-2
random_2269,random_cycle_chord,20260823,200,0.9,crossing_rich,8d92d8721dbd33134985bb942b070fe4,5,5.0,13.10565812633758,9,13,5,3,0.048833869602766006,4.337687383572391,0.011258042658331888,True,True,1,5,0,-4
random_2270,random_cycle_chord,20260823,200,0.9,baseline,b73291eb7126cc5eaf4780776629388d,0,,,8,10,3,3,0.07250306697946515,6.151977995722883,0.011785326122731967,True,True,1,3,0,-2
random_2271,random_cycle_chord,20260823,200,0.9,baseline,8f34f4541eedc7b1aecfd95c1d8d238c,0,,,11,14,4,3,0.04608232014423201,4.117091073180953,0.011192931933037813,True,True,1,4,0,-3
random_2272,random_cycle_chord,20260823,200,0.9,crossing_rich,e4dfd7b460148a3915f7aca370896702,5,5.0,13.68299778165151,8,12,5,3,0.046773375996466277,4.163535524835938,0.011234052337840774,True,True,1,5,0,-4
random_2273,random_cycle_chord,20260823,200,0.9,crossing_rich,e4dfd7b460148a3915f7aca370896702,5,5.0,13.690761903414106,8,12,5,3,0.046746850505113326,4.160842907315189,0.011234947232188834,True,True,1,5,0,-4
random_2274,random_cycle_chord,20260823,200,0.9,baseline,b73291eb7126cc5eaf4780776629388d,0,,,8,10,3,3,0.07300753451636514,6.183394433480925,0.011807031768999695,True,True,1,3,0,-2
random_2275,random_cycle_chord,20260823,200,0.9,crossing_rich,e4dfd7b460148a3915f7aca370896702,5,5.0,13.566451072416395,8,12,5,3,0.047175196857582154,4.203480280611118,0.01122289001216003,True,True,1,5,0,-4
random_2276,random_cycle_chord,20260823,200,0.9,baseline,3ddc013bba7f8602e9b01edf73e915d5,0,,,9,11,3,3,0.0628103490890512,5.414537139303721,0.011600317344416305,True,True,1,3,0,-2
random_2277,random_cycle_chord,20260823,200,0.9,crossing_rich,e4dfd7b460148a3915f7aca370896702,5,5.0,13.730224588321708,8,12,5,3,0.046612493181237134,4.1599859978406935,0.011204963960319118,True,True,1,5,0,-4
random_2278,random_cycle_chord,20260823,200,0.9,crossing_rich,76f64aeb3bec290543374c9120128d8d,4,4.0,10.141969892758457,10,14,5,3,0.06310411160429209,5.445457923975688,0.011588393939553252,True,True,1,5,0,-4
random_2279,random_cycle_chord,20260823,200,0.9,baseline,4e9cca7c282396d17b6e561d68fe510e,0,,,10,13,4,3,0.05328328067653277,4.693146155065106,0.01135342452930567,True,True,1,4,0,-3
random_2280,random_cycle_chord,20260823,200,0.9,crossing_rich,8d92d8721dbd33134985bb942b070fe4,5,5.0,12.824916005018942,9,13,5,3,0.049902860942679116,4.419336348123744,0.011291935487975626,True,True,1,5,0,-4
random_2281,random_cycle_chord,20260823,200,0.9,baseline,b73291eb7126cc5eaf4780776629388d,0,,,8,10,3,3,0.07215408323158573,6.12134279040338,0.011787296627907186,True,True,1,3,0,-2
random_2282,random_cycle_chord,20260823,200,0.9,baseline,b73291eb7126cc5eaf4780776629388d,0,,,8,10,3,3,0.07280309262771732,6.165334636017502,0.01180845759813363,True,True,1,3,0,-2
random_2283,random_cycle_chord,20260823,200,0.9,baseline,b73291eb7126cc5eaf4780776629388d,0,,,8,10,3,3,0.0729919787098207,6.18244360666604,0.01180633150153108,True,True,1,3,0,-2
random_2284,random_cycle_chord,20260823,200,0.9,crossing_rich,8d92d8721dbd33134985bb942b070fe4,5,5.0,13.085779905797985,9,13,5,3,0.048908051687193047,4.343099486605409,0.011261094026980223,True,True,1,5,0,-4
random_2285,random_cycle_chord,20260823,200,0.9,crossing_rich,e4dfd7b460148a3915f7aca370896702,5,5.0,13.417384504954631,8,12,5,3,0.047699311275134694,4.245776228067336,0.011234532559632157,True,True,1,5,0,-4
random_2286,random_cycle_chord,20260823,200,0.9,baseline,3ddc013bba7f8602e9b01edf73e915d5,0,,,9,11,3,3,0.06224509132584141,5.386987682992157,0.011554712018808238,True,True,1,3,0,-2
random_2287,random_cycle_chord,20260823,200,0.9,crossing_rich,f61befc086c76698e58b129c58523394,3,3.0,11.018535843711751,10,14,5,3,0.05808394228396927,5.064323171925457,0.011469240866373413,True,True,1,5,0,-4
random_2288,random_cycle_chord,20260823,200,0.9,baseline,103a02ce2419501dbcecbb0b106c7128,0,,,9,11,3,3,0.06203126771277668,5.353099918873891,0.01158791516184251,True,True,1,3,0,-2
random_2289,random_cycle_chord,20260823,200,0.9,baseline,4e9cca7c282396d17b6e561d68fe510e,0,,,10,13,4,3,0.05247504847591821,4.619401362963994,0.011359707536270048,True,True,1,4,0,-3
random_2290,random_cycle_chord,20260823,200,0.9,crossing_rich,160f71c8722822d99555e73577ebdb55,9,9.0,12.370125626981888,13,19,7,3,0.05173755055518783,4.57284606554701,0.011314080949497022,True,True,1,7,0,-6
random_2291,random_cycle_chord,20260823,200,0.9,baseline,103a02ce2419501dbcecbb0b106c7128,0,,,9,11,3,3,0.062289435539617515,5.387555579108522,0.011561724909374306,True,True,1,3,0,-2
random_2292,random_cycle_chord,20260823,200,0.9,baseline,103a02ce2419501dbcecbb0b106c7128,0,,,9,11,3,3,0.061897491574270165,5.342540994364617,0.011585777561568636,True,True,1,3,0,-2
random_2293,random_cycle_chord,20260823,200,0.9,baseline,b73291eb7126cc5eaf4780776629388d,0,,,8,10,3,3,0.07204957125267318,6.115352699281365,0.011781752385457664,True,True,1,3,0,-2
random_2294,random_cycle_chord,20260823,200,0.9,baseline,f2551d12306507df164d13e621c6cf57,0,,,10,12,3,3,0.052526653218208784,4.628107978958877,0.011349487405439706,True,True,1,3,0,-2
random_2295,random_cycle_chord,20260823,200,0.9,baseline,7e6bc2286a474f101d6d3fad2dea3b25,0,,,11,14,4,3,0.045942887752257675,4.095483495004041,0.011217939910709454,True,True,1,4,0,-3
random_2296,random_cycle_chord,20260823,200,0.9,baseline,103a02ce2419501dbcecbb0b106c7128,0,,,9,11,3,3,0.0619627267723738,5.347777846023561,0.01158663066350958,True,True,1,3,0,-2
random_2297,random_cycle_chord,20260823,200,0.9,baseline,4e9cca7c282396d17b6e561d68fe510e,0,,,10,13,4,3,0.052750517324797026,4.649044471682921,0.011346528871921441,True,True,1,4,0,-3
random_2298,random_cycle_chord,20260823,200,0.9,crossing_rich,1bd7a88747bdc961e21c3ee07c2e7c28,5,5.0,14.117773127954226,12,17,6,3,0.04533292851496197,4.047669245346285,0.011199761088948282,True,True,1,6,0,-5
random_2299,random_cycle_chord,20260823,200,0.9,crossing_rich,f57eeb29ecd3774cc3f8c63513aebae3,6,6.0,13.46587961714708,13,18,6,3,0.047527530187113934,4.230992676658088,0.011233186587468701,True,True,1,6,0,-5
random_2300,random_cycle_chord,20260823,200,0.9,baseline,f2551d12306507df164d13e621c6cf57,0,,,10,12,3,3,0.05282207382258951,4.653528577728636,0.011350972265517211,True,True,1,3,0,-2
random_2301,random_cycle_chord,20260823,200,0.9,crossing_rich,0d9383c252bac8778d9583a2a6ee796c,6,6.0,10.635419745913431,11,16,6,3,0.06017628032461197,5.219277870426298,0.011529618046508974,True,True,1,6,0,-5
random_2302,random_cycle_chord,20260823,200,0.9,baseline,f2551d12306507df164d13e621c6cf57,0,,,10,12,3,3,0.05324158526717935,4.677761684120279,0.011381850735987676,True,True,1,3,0,-2
random_2303,random_cycle_chord,20260823,200,0.9,baseline,c9b2747d4897680c32f2a02811ccda66,0,,,11,13,3,3,0.06023650250879817,5.22076002859149,0.011537879959797612,True,True,1,3,0,-2
random_2304,random_cycle_chord,20260823,200,0.9,baseline,7e6bc2286a474f101d6d3fad2dea3b25,0,,,11,14,4,3,0.045094380632968854,4.026783851545942,0.011198609683421783,True,True,1,4,0,-3
random_2305,random_cycle_chord,20260823,200,0.9,crossing_rich,d3b9e56b5337f4aa08cbf81ed5c2928d,2,2.0,8.13272047065405,8,11,4,3,0.07869445437223171,6.588365641620875,0.011944457647446421,True,True,1,4,0,-3
random_2306,random_cycle_chord,20260823,200,0.9,baseline,103a02ce2419501dbcecbb0b106c7128,0,,,9,11,3,3,0.06257746611928673,5.406320826248209,0.011574870994608218,True,True,1,3,0,-2
random_2307,random_cycle_chord,20260823,200,0.9,baseline,3e0db153ae04214574c8c982b8d2f4f0,0,,,11,13,3,3,0.04566493988280344,4.076511392577324,0.01120196547615493,True,True,1,3,0,-2
random_2308,random_cycle_chord,20260823,200,0.9,crossing_rich,e4dfd7b460148a3915f7aca370896702,5,5.0,13.690448747862323,8,12,5,3,0.04674791979334731,4.159894003514433,0.011237767057009851,True,True,1,5,0,-4
random_2309,random_cycle_chord,20260823,200,0.9,baseline,78d712f24f5cff365e8a82f9a84c6043,0,,,10,12,3,3,0.05291563511159592,4.652880449390973,0.011372661663491091,True,True,1,3,0,-2
random_2310,random_cycle_chord,20260823,200,0.9,crossing_rich,e4dfd7b460148a3915f7aca370896702,5,5.0,13.886888001696802,8,12,5,3,0.04608663941999101,4.107910837854187,0.011218997013105785,True,True,1,5,0,-4
random_2311,random_cycle_chord,20260823,200,0.9,baseline,db66966f42fa5c2f6d83cadf8fe17186,0,,,15,19,5,3,0.04529384552114566,4.044228132896083,0.011199626735376724,True,True,1,5,0,-4
random_2312,random_cycle_chord,20260823,200,0.9,crossing_rich,e4dfd7b460148a3915f7aca370896702,5,5.0,13.558052350391746,8,12,5,3,0.047204420182188477,4.20752622409403,0.011219043606163761,True,True,1,5,0,-4
random_2313,random_cycle_chord,20260823,200,0.9,baseline,4e9cca7c282396d17b6e561d68fe510e,0,,,10,13,4,3,0.05253139414598166,4.627132983390655,0.011352903479226975,True,True,1,4,0,-3
random_2314,random_cycle_chord,20260823,200,0.9,crossing_rich,f8e101deee8812cdf51fe0521efd7a68,5,5.0,11.828441185692618,10,14,5,3,0.05410687595708957,4.7572879918387985,0.01137347077786982,True,True,1,5,0,-4
random_2315,random_cycle_chord,20260823,200,0.9,baseline,4037cfb9ac0f246d7e72353c4ec553cc,0,,,14,17,4,3,0.048300870660649385,4.295102925092061,0.011245567685578597,True,True,1,4,0,-3
random_2316,random_cycle_chord,20260823,200,0.9,baseline,3ddc013bba7f8602e9b01edf73e915d5,0,,,9,11,3,3,0.06239816685353609,5.394896423109796,0.01156614732884301,True,True,1,3,0,-2
random_2317,random_cycle_chord,20260823,200,0.9,crossing_rich,ef708e22c6afb49a267da2ce884548df,2,2.0,9.155029080013476,9,12,4,3,0.06990693250742333,5.94770487748286,0.01175359805966176,True,True,1,4,0,-3
random_2318,random_cycle_chord,20260823,200,0.9,crossing_rich,7a7f2c03b74a497d033eba158f203b39,3,3.0,10.830235871209142,11,14,4,3,0.05909381915691806,5.136509585785389,0.01150466443603111,True,True,1,4,0,-3
random_2319,random_cycle_chord,20260823,200,0.9,crossing_rich,e3667a1e56ef182b09ca2f15c3e6ebbf,4,4.0,14.221900383827995,12,16,5,3,0.045001018339838515,4.028922517694318,0.011169492126543007,True,True,1,5,0,-4
random_2320,random_cycle_chord,20260823,200,0.9,baseline,4e9cca7c282396d17b6e561d68fe510e,0,,,10,13,4,3,0.05288566751927114,4.651079043990849,0.011370623250877433,True,True,1,4,0,-3
random_2321,random_cycle_chord,20260823,200,0.9,crossing_rich,b497a8280ab5258c0901c20c694e809b,3,3.0,12.516607397709231,9,12,4,3,0.05113206635506773,4.528849139192221,0.01129030020288726,True,True,1,4,0,-3
random_2322,random_cycle_chord,20260823,200,0.9,baseline,5c25c6be641fc20f13f284ff50ca2a81,0,,,13,16,4,3,0.0517459010104424,4.572487487119285,0.011316794448582046,True,True,1,4,0,-3
random_2323,random_cycle_chord,20260823,200,0.9,crossing_rich,e4dfd7b460148a3915f7aca370896702,5,5.0,13.552802632220295,8,12,5,3,0.04722270495391636,4.201142353856316,0.011240443902256647,True,True,1,5,0,-4
random_2324,random_cycle_chord,20260823,200,0.9,baseline,7e6bc2286a474f101d6d3fad2dea3b25,0,,,11,14,4,3,0.045673535364893623,4.080830119308904,0.011192216786673913,True,True,1,4,0,-3
random_2325,random_cycle_chord,20260823,200,0.9,crossing_rich,c518c1289c84fd9539673666b2b4f159,8,8.0,13.2494269673935,14,20,7,3,0.04830397583042826,4.29796251683348,0.01123880807271818,True,True,1,7,0,-6
random_2326,random_cycle_chord,20260823,200,0.9,crossing_rich,e4dfd7b460148a3915f7aca370896702,4,4.0,8.137186530702042,8,12,5,3,0.07865126325729975,6.584634293953851,0.011944666893576608,True,True,1,5,0,-4
random_2327,random_cycle_chord,20260823,200,0.9,crossing_rich,6cae8dd6dca8ab370494a907f81c49aa,3,3.0,13.543452154100102,8,11,4,3,0.047255307784009,4.208573467841489,0.011228343319914885,True,True,1,4,0,-3
random_2328,random_cycle_chord,20260823,200,0.9,baseline,62c285453040d1bf75cf8872f45e6677,0,,,14,18,5,3,0.04830504858285828,4.296861786840124,0.011241936785307074,True,True,1,5,0,-4
random_2329,random_cycle_chord,20260823,200,0.9,crossing_rich,e4dfd7b460148a3915f7aca370896702,5,5.0,13.847798331300272,8,12,5,3,0.04621673313608299,4.118009223720827,0.011223076643408745,True,True,1,5,0,-4
random_2330,random_cycle_chord,20260823,200,0.9,crossing_rich,9864390659db0a33d7b4bc27549e7f6e,3,3.0,10.22456670047174,10,14,5,3,0.0625943395694677,5.409708995431775,0.011570740611431306,True,True,1,5,0,-4
random_2331,random_cycle_chord,20260823,200,0.9,crossing_rich,e4dfd7b460148a3915f7aca370896702,4,4.0,8.113761196852709,8,12,5,3,0.07887833822965522,6.603656214220837,0.011944646370262636,True,True,1,5,0,-4
random_2332,random_cycle_chord,20260823,200,0.9,crossing_rich,b497a8280ab5258c0901c20c694e809b,3,3.0,12.657092558808998,9,12,4,3,0.050564535024639375,4.4771223277990755,0.01129398111610155,True,True,1,4,0,-3
random_2333,random_cycle_chord,20260823,200,0.9,baseline,3ddc013bba7f8602e9b01edf73e915d5,0,,,9,11,3,3,0.06224612616603609,5.377452599803998,0.011575392811143493,True,True,1,3,0,-2
random_2334,random_cycle_chord,20260823,200,0.9,crossing_rich,6cae8dd6dca8ab370494a907f81c49aa,2,2.0,8.134867700867646,8,11,4,3,0.07867368266256365,6.583667787259254,0.011949825720977802,True,True,1,4,0,-3
random_2335,random_cycle_chord,20260823,200,0.9,baseline,c9b2747d4897680c32f2a02811ccda66,0,,,11,13,3,3,0.06032259862074418,5.225273216461531,0.011544391292441097,True,True,1,3,0,-2
random_2336,random_cycle_chord,20260823,200,0.9,crossing_rich,019b6352669089658d7373c4befa9816,3,3.0,12.77790045743936,12,16,5,3,0.05008647564063537,4.427493193347531,0.01131260364575876,True,True,1,5,0,-4
random_2337,random_cycle_chord,20260823,200,0.9,baseline,3ddc013bba7f8602e9b01edf73e915d5,0,,,9,11,3,3,0.06187305271848219,5.362562301533716,0.01153796436095227,True,True,1,3,0,-2
random_2338,random_cycle_chord,20260823,200,0.9,crossing_rich,f01bb47f0e11353dcd7e62b1e2f9df0e,4,4.0,8.95202926974468,9,13,5,3,0.07149217017900271,6.073246065977229,0.011771657101052945,True,True,1,5,0,-4
random_2339,random_cycle_chord,20260823,200,0.9,baseline,e756644711763e07d0e3622d4415d4c4,0,,,11,13,3,3,0.04512968096914771,4.028542751230877,0.011202482822196396,True,True,1,3,0,-2
random_2340,random_cycle_chord,20260823,200,0.9,crossing_rich,e4dfd7b460148a3915f7aca370896702,5,5.0,13.614444433468321,8,12,5,3,0.04700889581852427,4.185918438001956,0.01123024648348447,True,True,1,5,0,-4
random_2341,random_cycle_chord,20260823,200,0.9,crossing_rich,6cae8dd6dca8ab370494a907f81c49aa,2,2.0,8.120149514927466,8,11,4,3,0.07881628273266061,6.596530625911753,0.011948141713018555,True,True,1,4,0,-3
random_2342,random_cycle_chord,20260823,200,0.9,crossing_rich,2c8b3e95d62a28423936c85308a28eeb,6,6.0,9.776291947060539,10,15,6,3,0.06546449343633097,5.621498630686175,0.01164538101619002,True,True,1,6,0,-5
random_2343,random_cycle_chord,20260823,200,0.9,baseline,4ca7af1950eb0912a81fec832cb4eb96,0,,,10,12,3,3,0.06548549979832081,5.617726267431912,0.011656940313728896,True,True,1,3,0,-2
random_2344,random_cycle_chord,20260823,200,0.9,baseline,3ddc013bba7f8602e9b01edf73e915d5,0,,,9,11,3,3,0.06188897900846407,5.3563120004953175,0.011554401424476576,True,True,1,3,0,-2
random_2345,random_cycle_chord,20260823,200,0.9,baseline,b73291eb7126cc5eaf4780776629388d,0,,,8,10,3,3,0.07295624845565596,6.17210893167935,0.01182031121991321,True,True,1,3,0,-2
random_2346,random_cycle_chord,20260823,200,0.9,crossing_rich,9e29c665f19ef85c09f08031b7489ca3,6,6.0,10.633378049303564,11,16,6,3,0.06018783466858088,5.226800263799563,0.011515235255006284,True,True,1,6,0,-5
random_2347,random_cycle_chord,20260823,200,0.9,crossing_rich,9e29c665f19ef85c09f08031b7489ca3,6,6.0,10.62994688496384,11,16,6,3,0.06020726226819497,5.220232362153506,0.011533444891207415,True,True,1,6,0,-5
random_2348,random_cycle_chord,20260823,200,0.9,baseline,4ca7af1950eb0912a81fec832cb4eb96,0,,,10,12,3,3,0.06549418373653768,5.617733127633128,0.011658471886885766,True,True,1,3,0,-2
random_2349,random_cycle_chord,20260823,200,0.9,baseline,fcb06304329c3a95c9fc63ab6e3f83f6,0,,,10,12,3,3,0.05333406832570756,4.696065728649151,0.011357180969664453,True,True,1,3,0,-2
random_2350,random_cycle_chord,20260823,200,0.9,baseline,237b03a6236ff83b0e5299ac7fc023ee,0,,,10,12,3,3,0.05256975559127564,4.631023667283696,0.011351649088442292,True,True,1,3,0,-2
random_2351,random_cycle_chord,20260823,200,0.9,baseline,7e6bc2286a474f101d6d3fad2dea3b25,0,,,11,14,4,3,0.04551200682536194,4.068092561804837,0.011187554396542596,True,True,1,4,0,-3
random_2352,random_cycle_chord,20260823,200,0.9,crossing_rich,a5ca592011300b095e110ef0ced8438c,8,8.0,13.247036216757008,14,20,7,3,0.04831269346047562,4.296068101228731,0.011245793204874375,True,True,1,7,0,-6
random_2353,random_cycle_chord,20260823,200,0.9,crossing_rich,362cc9c5e5a86985dd5db6841f6a078e,9,9.0,14.17969397528264,15,21,7,3,0.04513496561460474,4.03016353467475,0.011199288869117148,True,True,1,7,0,-6
random_2354,random_cycle_chord,20260823,200,0.9,baseline,e756644711763e07d0e3622d4415d4c4,0,,,11,13,3,3,0.04610129881177991,4.112661138940186,0.011209603041513897,True,True,1,3,0,-2
random_2355,random_cycle_chord,20260823,200,0.9,baseline,237b03a6236ff83b0e5299ac7fc023ee,0,,,10,12,3,3,0.053582419582283394,4.706623023483125,0.011384472330785874,True,True,1,3,0,-2
random_2356,random_cycle_chord,20260823,200,0.9,crossing_rich,6cae8dd6dca8ab370494a907f81c49aa,3,3.0,13.928309719737008,8,11,4,3,0.04594958131158534,4.101084964799196,0.011204250023099726,True,True,1,4,0,-3
random_2357,random_cycle_chord,20260823,200,0.9,crossing_rich,ca6aeacb3fb03dbd74c60e3f97fb9e30,4,4.0,11.516221453073983,12,16,5,3,0.05557378369353666,4.869726723292176,0.011412094939070016,True,True,1,5,0,-4
random_2358,random_cycle_chord,20260823,200,0.9,crossing_rich,f01bb47f0e11353dcd7e62b1e2f9df0e,4,4.0,8.944700120732806,9,13,5,3,0.07155074975812238,6.0807518028091785,0.011766760439896174,True,True,1,5,0,-4
random_2359,random_cycle_chord,20260823,200,0.9,baseline,b7f57d3553d50f25c5be44b65115c3b8,0,,,13,15,3,3,0.051731192531724646,4.567426875519832,0.011326112916878822,True,True,1,3,0,-2
random_2360,random_cycle_chord,20260823,200,0.9,baseline,c9b2747d4897680c32f2a02811ccda66,0,,,11,13,3,3,0.06017734163757016,5.224810984819164,0.011517611223146087,True,True,1,3,0,-2
random_2361,random_cycle_chord,20260823,200,0.9,baseline,3a351d58f4eb5873cb60bb786dd613d2,0,,,14,17,4,3,0.04830258605144664,4.2902952438543975,0.011258569237312359,True,True,1,4,0,-3
random_2362,random_cycle_chord,20260823,200,0.9,crossing_rich,e4dfd7b460148a3915f7aca370896702,5,5.0,13.667519202000703,8,12,5,3,0.046826347235445216,4.171192691398215,0.011226128999508934,True,True,1,5,0,-4
random_2363,random_cycle_chord,20260823,200,0.9,crossing_rich,6cae8dd6dca8ab370494a907f81c49aa,3,3.0,13.56533647316355,8,11,4,3,0.04717907301939166,4.2027547254564,0.01122574980015476,True,True,1,4,0,-3
random_2364,random_cycle_chord,20260823,200,0.9,baseline,103a02ce2419501dbcecbb0b106c7128,0,,,9,11,3,3,0.06159160826147463,5.331571797212872,0.011552242116231504,True,True,1,3,0,-2
random_2365,random_cycle_chord,20260823,200,0.9,baseline,19fca4749c1a57391a2f17cdb3a8fecb,0,,,11,13,3,3,0.060181619166673056,5.227177733402937,0.011513214632457946,True,True,1,3,0,-2
random_2366,random_cycle_chord,20260823,200,0.9,baseline,8f34f4541eedc7b1aecfd95c1d8d238c,0,,,11,14,4,3,0.04577098206848288,4.09221644703494,0.011184887862333563,True,True,1,4,0,-3
random_2367,random_cycle_chord,20260823,200,0.9,crossing_rich,6cae8dd6dca8ab370494a907f81c49aa,3,3.0,13.914887494506356,8,11,4,3,0.0459939040292402,4.102390286316368,0.011211489112250997,True,True,1,4,0,-3
random_2368,random_cycle_chord,20260823,200,0.9,baseline,237b03a6236ff83b0e5299ac7fc023ee,0,,,10,12,3,3,0.052874188959708836,4.6576574864402955,0.01135209901407305,True,True,1,3,0,-2
random_2369,random_cycle_chord,20260823,200,0.9,crossing_rich,e4dfd7b460148a3915f7aca370896702,4,4.0,8.12225885408421,8,12,5,3,0.07879581425531412,6.590131703315846,0.011956637257441722,True,True,1,5,0,-4
random_2370,random_cycle_chord,20260823,200,0.9,baseline,103a02ce2419501dbcecbb0b106c7128,0,,,9,11,3,3,0.062325484242605124,5.382876404050714,0.01157847209638773,True,True,1,3,0,-2
random_2371,random_cycle_chord,20260823,200,0.9,crossing_rich,35e6984785cd33f6953165239be9a661,4,4.0,10.052362174656263,10,14,5,3,0.06366662769210109,5.494602306316976,0.011587122077771765,True,True,1,5,0,-4
random_2372,random_cycle_chord,20260823,200,0.9,baseline,15690ba2e9cfb14a6cdecbf5ca5b8d49,0,,,13,15,3,3,0.05174947777551569,4.563803101274047,0.011339112715241621,True,True,1,3,0,-2
random_2373,random_cycle_chord,20260823,200,0.9,crossing_rich,e4dfd7b460148a3915f7aca370896702,4,4.0,8.10456480564991,8,12,5,3,0.0789678428573782,6.6022289632306,0.011960785258610251,True,True,1,5,0,-4
random_2374,random_cycle_chord,20260823,200,0.9,crossing_rich,2c8b3e95d62a28423936c85308a28eeb,6,6.0,9.757181860120225,10,15,6,3,0.06559270998276895,5.6264587387501654,0.011657902959640188,True,True,1,6,0,-5
random_2375,random_cycle_chord,20260823,200,0.9,baseline,b7f57d3553d50f25c5be44b65115c3b8,0,,,13,15,3,3,0.051803998958778526,4.562316582046291,0.011354757616478991,True,True,1,3,0,-2
random_2376,random_cycle_chord,20260823,200,0.9,baseline,103a02ce2419501dbcecbb0b106c7128,0,,,9,11,3,3,0.06227976584183939,5.390192676687263,0.011554274508813227,True,True,1,3,0,-2
random_2377,random_cycle_chord,20260823,200,0.9,baseline,237b03a6236ff83b0e5299ac7fc023ee,0,,,10,12,3,3,0.05351371675287822,4.706460403784902,0.011370268133955374,True,True,1,3,0,-2
random_2378,random_cycle_chord,20260823,200,0.9,baseline,3ddc013bba7f8602e9b01edf73e915d5,0,,,9,11,3,3,0.06200575843624262,5.354218386247262,0.01158073017632403,True,True,1,3,0,-2
random_2379,random_cycle_chord,20260823,200,0.9,baseline,4ca7af1950eb0912a81fec832cb4eb96,0,,,10,12,3,3,0.06547938438168108,5.622700663927701,0.011645539802921124,True,True,1,3,0,-2
random_2380,random_cycle_chord,20260823,200,0.9,crossing_rich,b9a7447ce037faba7523c9a69bab3e94,6,6.0,11.497645277047877,12,17,6,3,0.0556635715034275,4.881627296932321,0.011402667208618574,True,True,1,6,0,-5
random_2381,random_cycle_chord,20260823,200,0.9,crossing_rich,3766c050500c74590e361b5f3d5119d1,2,2.0,9.268630616270459,9,12,4,3,0.0690501139269185,5.890128549023661,0.011723023250208036,True,True,1,4,0,-3
random_2382,random_cycle_chord,20260823,200,0.9,baseline,b73291eb7126cc5eaf4780776629388d,0,,,8,10,3,3,0.07239731399167537,6.140400823818576,0.01179032380277956,True,True,1,3,0,-2
random_2383,random_cycle_chord,20260823,200,0.9,crossing_rich,f61befc086c76698e58b129c58523394,3,3.0,11.316183022934068,10,14,5,3,0.05655617258071356,4.950271856782215,0.01142486195040535,True,True,1,5,0,-4
random_2384,random_cycle_chord,20260823,200,0.9,baseline,e756644711763e07d0e3622d4415d4c4,0,,,11,13,3,3,0.045653867385454544,4.077053540453405,0.011197760081506662,True,True,1,3,0,-2
random_2385,random_cycle_chord,20260823,200,0.9,crossing_rich,e4dfd7b460148a3915f7aca370896702,4,4.0,8.108408626995207,8,12,5,3,0.07893040785700628,6.603926156596107,0.011952042767493596,True,True,1,5,0,-4
random_2386,random_cycle_chord,20260823,200,0.9,crossing_rich,f01bb47f0e11353dcd7e62b1e2f9df0e,4,4.0,8.944397518710696,9,13,5,3,0.07155317042441264,6.080060538730597,0.011768496377398178,True,True,1,5,0,-4
random_2387,random_cycle_chord,20260823,200,0.9,baseline,237b03a6236ff83b0e5299ac7fc023ee,0,,,10,12,3,3,0.05269798467779455,4.63505398921514,0.011369443549182472,True,True,1,3,0,-2
random_2388,random_cycle_chord,20260823,200,0.9,baseline,4ca7af1950eb0912a81fec832cb4eb96,0,,,10,12,3,3,0.06541837660675617,5.619906288349635,0.01164047463609348,True,True,1,3,0,-2
random_2389,random_cycle_chord,20260823,200,0.9,crossing_rich,544a2de3e86737771a60badf7d854343,2,2.0,8.946772033483963,9,12,4,3,0.07153417988127474,6.083743595802758,0.011758250286982337,True,True,1,4,0,-3
random_2390,random_cycle_chord,20260823,200,0.9,baseline,e756644711763e07d0e3622d4415d4c4,0,,,11,13,3,3,0.04592858464341693,4.101691618936298,0.011197473849905786,True,True,1,3,0,-2
random_2391,random_cycle_chord,20260823,200,0.9,crossing_rich,6cae8dd6dca8ab370494a907f81c49aa,2,2.0,8.111091724414846,8,11,4,3,0.07890429818141048,6.603656108071672,0.011948577710605719,True,True,1,4,0,-3
random_2392,random_cycle_chord,20260823,200,0.9,crossing_rich,f01bb47f0e11353dcd7e62b1e2f9df0e,4,4.0,8.947818487430984,9,13,5,3,0.07152581390637383,6.084952653518993,0.011754539103111951,True,True,1,5,0,-4
random_2393,random_cycle_chord,20260823,200,0.9,baseline,8f34f4541eedc7b1aecfd95c1d8d238c,0,,,11,14,4,3,0.045308635751539025,4.044394041862585,0.01120282427541922,True,True,1,4,0,-3
random_2394,random_cycle_chord,20260823,200,0.9,crossing_rich,e4dfd7b460148a3915f7aca370896702,5,5.0,13.554080277760939,8,12,5,3,0.04721825360958572,4.204476296688957,0.0112304720677746,True,True,1,5,0,-4
random_2395,random_cycle_chord,20260823,200,0.9,baseline,4e9cca7c282396d17b6e561d68fe510e,0,,,10,13,4,3,0.05249973511987585,4.625978700349683,0.01134889253076486,True,True,1,4,0,-3
random_2396,random_cycle_chord,20260823,200,0.9,crossing_rich,fd65a7fc79b951e198d1689ddd9629ab,3,3.0,12.494937133036142,12,16,5,3,0.05122074590578485,4.529175708278467,0.011309065756085179,True,True,1,5,0,-4
random_2397,random_cycle_chord,20260823,200,0.9,baseline,4ca7af1950eb0912a81fec832cb4eb96,0,,,10,12,3,3,0.06541703135226017,5.624180066298055,0.01163138992370828,True,True,1,3,0,-2
random_2398,random_cycle_chord,20260823,200,0.9,crossing_rich,8d92d8721dbd33134985bb942b070fe4,5,5.0,13.213677681243958,9,13,5,3,0.048434661071568484,4.305399835886005,0.011249747507272144,True,True,1,5,0,-4
random_2399,random_cycle_chord,20260823,200,0.9,crossing_rich,76f64aeb3bec290543374c9120128d8d,4,4.0,10.08901649396633,10,14,5,3,0.06343532101297959,5.474610341951931,0.011587184667167053,True,True,1,5,0,-4
random_2400,random_cycle_chord,20260823,200,0.9,baseline,8f34f4541eedc7b1aecfd95c1d8d238c,0,,,11,14,4,3,0.045633708253256175,4.069830784727399,0.011212679511026098,True,True,1,4,0,-3
random_2401,random_cycle_chord,20260823,200,0.9,crossing_rich,e4dfd7b460148a3915f7aca370896702,5,5.0,13.503660952054753,8,12,5,3,0.047394554874588726,4.221665893882352,0.011226505381031818,True,True,1,5,0,-4
random_2402,random_cycle_chord,20260823,200,0.9,baseline,b73291eb7126cc5eaf4780776629388d,0,,,8,10,3,3,0.0734364452865143,6.208565418417182,0.011828247000292745,True,True,1,3,0,-2
random_2403,random_cycle_chord,20260823,200,0.9,baseline,c9b2747d4897680c32f2a02811ccda66,0,,,11,13,3,3,0.0603207473271172,5.225904781779053,0.011542641866999772,True,True,1,3,0,-2
random_2404,random_cycle_chord,20260823,200,0.9,baseline,5c25c6be641fc20f13f284ff50ca2a81,0,,,13,16,4,3,0.05172903804694902,4.566896917550244,0.011326955475644346,True,True,1,4,0,-3
random_2405,random_cycle_chord,20260823,200,0.9,crossing_rich,8d92d8721dbd33134985bb942b070fe4,5,5.0,13.043231982804043,9,13,5,3,0.049067593127513506,4.353958256222086,0.011269651714596199,True,True,1,5,0,-4
random_2406,random_cycle_chord,20260823,200,0.9,crossing_rich,0b83b8cf68793b294dcf02502e51a578,7,7.0,14.272009927532793,13,18,6,3,0.04484301813477207,4.008711837896553,0.011186391027373533,True,True,1,6,0,-5
random_2407,random_cycle_chord,20260823,200,0.9,baseline,8f34f4541eedc7b1aecfd95c1d8d238c,0,,,11,14,4,3,0.045780761848354515,4.0897935319849745,0.0111939053867433,True,True,1,4,0,-3
random_2408,random_cycle_chord,20260823,200,0.9,baseline,b73291eb7126cc5eaf4780776629388d,0,,,8,10,3,3,0.0727318171264176,6.156313063137809,0.011814184298377274,True,True,1,3,0,-2
random_2409,random_cycle_chord,20260823,200,0.9,crossing_rich,d3b9e56b5337f4aa08cbf81ed5c2928d,2,2.0,8.122278409251956,8,11,4,3,0.07879562454680036,6.590301217273725,0.011956300926013899,True,True,1,4,0,-3
random_2410,random_cycle_chord,20260823,200,0.9,baseline,3ddc013bba7f8602e9b01edf73e915d5,0,,,9,11,3,3,0.061783474491464874,5.338301625626101,0.011573620005823224,True,True,1,3,0,-2
random_2411,random_cycle_chord,20260823,200,0.9,crossing_rich,76f64aeb3bec290543374c9120128d8d,4,4.0,10.200013432524537,10,14,5,3,0.06274501540941578,5.4178364456426955,0.011581194087148675,True,True,1,5,0,-4
random_2412,random_cycle_chord,20260823,200,0.9,baseline,3ddc013bba7f8602e9b01edf73e915d5,0,,,9,11,3,3,0.06238472764349041,5.389277455826461,0.011575712728622827,True,True,1,3,0,-2
random_2413,random_cycle_chord,20260823,200,0.9,crossing_rich,8d92d8721dbd33134985bb942b070fe4,5,5.0,13.717702044036724,9,13,5,3,0.04665504455086316,4.15557004905403,0.011227110600983291,True,True,1,5,0,-4
random_2414,random_cycle_chord,20260823,200,0.9,baseline,5ece6bdff7ea6a9025672e56fbda3d50,0,,,11,13,3,3,0.0457722308590648,4.088126336272751,0.011196383647183594,True,True,1,3,0,-2
random_2415,random_cycle_chord,20260823,200,0.9,crossing_rich,8d92d8721dbd33134985bb942b070fe4,5,5.0,12.926650029737774,9,13,5,3,0.049510120450981444,4.391299186083715,0.011274595137557906,True,True,1,5,0,-4
random_2416,random_cycle_chord,20260823,200,0.9,baseline,19fca4749c1a57391a2f17cdb3a8fecb,0,,,11,13,3,3,0.06016693118726399,5.227731826744043,0.011509184705967864,True,True,1,3,0,-2
random_2417,random_cycle_chord,20260823,200,0.9,crossing_rich,b497a8280ab5258c0901c20c694e809b,3,3.0,12.519077426674375,9,12,4,3,0.05112197793715639,4.518073083979772,0.0113149957928802,True,True,1,4,0,-3
random_2418,random_cycle_chord,20260823,200,0.9,crossing_rich,8d92d8721dbd33134985bb942b070fe4,5,5.0,13.255564044419748,9,13,5,3,0.048281611997448244,4.2849259772493635,0.011267782046597178,True,True,1,5,0,-4
random_2419,random_cycle_chord,20260823,200,0.9,baseline,ca62a37d3738941a9501a139c3aa3dc2,0,,,12,14,3,3,0.05577415894925659,4.874292197680528,0.01144251445898077,True,True,1,3,0,-2
random_2420,random_cycle_chord,20260823,200,0.9,baseline,4ca7af1950eb0912a81fec832cb4eb96,0,,,10,12,3,3,0.06542712189372529,5.619812105737818,0.011642225872093539,True,True,1,3,0,-2
random_2421,random_cycle_chord,20260823,200,0.9,crossing_rich,cbd367df182ccb02b6db0d327f7ca73e,5,5.0,12.205362468861333,11,16,6,3,0.05243596834037385,4.615600224628674,0.011360595759697176,True,True,1,6,0,-5
random_2422,random_cycle_chord,20260823,200,0.9,crossing_rich,cb3687284204b54a1f6026fa8a861744,2,2.0,10.123229256095414,10,13,4,3,0.06322093314390191,5.456499679939234,0.01158635331297334,True,True,1,4,0,-3
random_2423,random_cycle_chord,20260823,200,0.9,baseline,3ddc013bba7f8602e9b01edf73e915d5,0,,,9,11,3,3,0.06277825311547054,5.425248976584616,0.01157149715827266,True,True,1,3,0,-2
random_2424,random_cycle_chord,20260823,200,0.9,baseline,b73291eb7126cc5eaf4780776629388d,0,,,8,10,3,3,0.07260048676789746,6.14891969684132,0.011807031209920028,True,True,1,3,0,-2
random_2425,random_cycle_chord,20260823,200,0.9,baseline,b73291eb7126cc5eaf4780776629388d,0,,,8,10,3,3,0.07343679911900428,6.208701822051437,0.011828044126419295,True,True,1,3,0,-2
random_2426,random_cycle_chord,20260823,200,0.9,crossing_rich,e4dfd7b460148a3915f7aca370896702,5,5.0,13.397078451572463,8,12,5,3,0.04777160948287803,4.260583860506631,0.01121245609684994,True,True,1,5,0,-4
random_2427,random_cycle_chord,20260823,200,0.9,baseline,78d712f24f5cff365e8a82f9a84c6043,0,,,10,12,3,3,0.05314012600334089,4.680098785736073,0.011354488107238353,True,True,1,3,0,-2
random_2428,random_cycle_chord,20260823,200,0.9,crossing_rich,9e29c665f19ef85c09f08031b7489ca3,6,6.0,10.633316664734501,11,16,6,3,0.06018818212407482,5.225458764311875,0.011518257982464593,True,True,1,6,0,-5
random_2429,random_cycle_chord,20260823,200,0.9,crossing_rich,01f1e0ddfc6103e0c7f99c04b3d36683,3,3.0,11.144717969239899,11,15,5,3,0.057426307401088034,5.012235485849284,0.011457224538475091,True,True,1,5,0,-4
random_2430,random_cycle_chord,20260823,200,0.9,crossing_rich,9e29c665f19ef85c09f08031b7489ca3,6,6.0,10.620864195813073,11,16,6,3,0.06025874996615614,5.223280906538705,0.011536570796091382,True,True,1,6,0,-5
random_2431,random_cycle_chord,20260823,200,0.9,crossing_rich,e4dfd7b460148a3915f7aca370896702,5,5.0,13.85340202539152,8,12,5,3,0.04619803849097583,4.118509217217317,0.011217174966574355,True,True,1,5,0,-4
random_2432,random_cycle_chord,20260823,200,0.9,baseline,3ddc013bba7f8602e9b01edf73e915d5,0,,,9,11,3,3,0.06185301715610116,5.350358986218572,0.01156053590337057,True,True,1,3,0,-2
random_2433,random_cycle_chord,20260823,200,0.9,baseline,237b03a6236ff83b0e5299ac7fc023ee,0,,,10,12,3,3,0.05356856904305691,4.703549476934858,0.011388966844240728,True,True,1,3,0,-2
random_2434,random_cycle_chord,20260823,200,0.9,crossing_rich,8f0fcd64f35ed098799bcfa36390d34a,4,4.0,12.258927183536773,11,15,5,3,0.05220685223250965,4.608204764165304,0.01132910860178888,True,True,1,5,0,-4
random_2435,random_cycle_chord,20260823,200,0.9,baseline,5c25c6be641fc20f13f284ff50ca2a81,0,,,13,16,4,3,0.05174891729912735,4.56884117325426,0.011326486375158457,True,True,1,4,0,-3
random_2436,random_cycle_chord,20260823,200,0.9,crossing_rich,544a2de3e86737771a60badf7d854343,2,2.0,8.952183679640486,9,12,4,3,0.0714909370610347,6.073717417585747,0.011770540534869296,True,True,1,4,0,-3
random_2437,random_cycle_chord,20260823,200,0.9,baseline,8f34f4541eedc7b1aecfd95c1d8d238c,0,,,11,14,4,3,0.045532394581264644,4.061960162080959,0.011209463599942893,True,True,1,4,0,-3
random_2438,random_cycle_chord,20260823,200,0.9,crossing_rich,e4dfd7b460148a3915f7aca370896702,5,5.0,13.909195630699069,8,12,5,3,0.04601272546540738,4.105435214758535,0.011207758266406758,True,True,1,5,0,-4
random_2439,random_cycle_chord,20260823,200,0.9,crossing_rich,9e29c665f19ef85c09f08031b7489ca3,6,6.0,10.625188775433134,11,16,6,3,0.06023422393019182,5.225233993703153,0.01152756489044876,True,True,1,6,0,-5
random_2440,random_cycle_chord,20260823,200,0.9,crossing_rich,3fd2c2eb659a4ae21fb8db078f758c89,5,5.0,14.09917883658976,12,17,6,3,0.04539271452739443,4.052951638238967,0.011199915167780745,True,True,1,6,0,-5
random_2441,random_cycle_chord,20260823,200,0.9,baseline,b73291eb7126cc5eaf4780776629388d,0,,,8,10,3,3,0.07237237405639267,6.143167553063251,0.011780953951077673,True,True,1,3,0,-2
random_2442,random_cycle_chord,20260823,200,0.9,crossing_rich,8b8935ea945cc27aac069c85a801a65f,3,3.0,12.024721263161904,11,15,5,3,0.05322368693573457,4.676315434105464,0.011381543372280183,True,True,1,5,0,-4
random_2443,random_cycle_chord,20260823,200,0.9,baseline,4dd12823b4c3d089de2f1ce5c865f355,0,,,14,17,4,3,0.048304548333571735,4.289960119960882,0.011259906148967231,True,True,1,4,0,-3
random_2444,random_cycle_chord,20260823,200,0.9,crossing_rich,8d92d8721dbd33134985bb942b070fe4,5,5.0,13.062856247743214,9,13,5,3,0.048993879122766024,4.349996285145088,0.011262970336337172,True,True,1,5,0,-4
random_2445,random_cycle_chord,20260823,200,0.9,crossing_rich,748a628f2d4ade0213315cc4014b52e0,4,4.0,9.764036503338538,10,14,5,3,0.06554666195493739,5.621072227284808,0.01166088235564248,True,True,1,5,0,-4
random_2446,random_cycle_chord,20260823,200,0.9,crossing_rich,e4dfd7b460148a3915f7aca370896702,5,5.0,13.60929477959277,8,12,5,3,0.04702668362799257,4.190637497932599,0.0112218448031338,True,True,1,5,0,-4
random_2447,random_cycle_chord,20260823,200,0.9,baseline,7e6bc2286a474f101d6d3fad2dea3b25,0,,,11,14,4,3,0.04556604163191642,4.070583966944933,0.011193981502883671,True,True,1,4,0,-3
random_2448,random_cycle_chord,20260823,200,0.9,crossing_rich,9864390659db0a33d7b4bc27549e7f6e,3,3.0,9.842090935472195,10,14,5,3,0.06502683263099669,5.58257387667323,0.011648181299079827,True,True,1,5,0,-4
random_2449,random_cycle_chord,20260823,200,0.9,baseline,237b03a6236ff83b0e5299ac7fc023ee,0,,,10,12,3,3,0.05350575737721544,4.70089462019896,0.011382037186562348,True,True,1,3,0,-2
random_2450,random_cycle_chord,20260823,200,0.9,crossing_rich,e4dfd7b460148a3915f7aca370896702,5,5.0,13.657180668628431,8,12,5,3,0.046861794943529454,4.181807036463412,0.011206111265994917,True,True,1,5,0,-4
random_2451,random_cycle_chord,20260823,200,0.9,baseline,f2551d12306507df164d13e621c6cf57,0,,,10,12,3,3,0.05294172991585202,4.663123742946208,0.011353275794135993,True,True,1,3,0,-2
random_2452,random_cycle_chord,20260823,200,0.9,crossing_rich,f61befc086c76698e58b129c58523394,3,3.0,10.863812173256116,10,14,5,3,0.05891118051318245,5.128120385895615,0.011487870034255006,True,True,1,5,0,-4
random_2453,random_cycle_chord,20260823,200,0.9,baseline,7e6bc2286a474f101d6d3fad2dea3b25,0,,,11,14,4,3,0.04619536047944954,4.12328444339886,0.011203534733919617,True,True,1,4,0,-3
random_2454,random_cycle_chord,20260823,200,0.9,crossing_rich,bd6dd3ebc80dd0444f1dd005eb482598,9,9.0,14.104839968039274,15,21,7,3,0.04537449566604101,4.047334225336668,0.011210958408621822,True,True,1,7,0,-6
random_2455,random_cycle_chord,20260823,200,0.9,crossing_rich,2c8b3e95d62a28423936c85308a28eeb,6,6.0,9.786884912973534,10,15,6,3,0.06539363706541736,5.626958473503553,0.011621489188758995,True,True,1,6,0,-5
random_2456,random_cycle_chord,20260823,200,0.9,baseline,3ddc013bba7f8602e9b01edf73e915d5,0,,,9,11,3,3,0.06223983387196204,5.388630585448527,0.01155021352549842,True,True,1,3,0,-2
random_2457,random_cycle_chord,20260823,200,0.9,crossing_rich,1bd7a88747bdc961e21c3ee07c2e7c28,5,5.0,14.156705548481332,12,17,6,3,0.04520825822139504,4.045261817678997,0.01117560747831488,True,True,1,6,0,-5
random_2458,random_cycle_chord,20260823,200,0.9,baseline,7e6bc2286a474f101d6d3fad2dea3b25,0,,,11,14,4,3,0.04509107512678595,4.027094851212955,0.01119692403401042,True,True,1,4,0,-3
random_2459,random_cycle_chord,20260823,200,0.9,baseline,3ddc013bba7f8602e9b01edf73e915d5,0,,,9,11,3,3,0.06281485748849219,5.422212553036059,0.01158472798218142,True,True,1,3,0,-2
random_2460,random_cycle_chord,20260823,200,0.9,baseline,3ddc013bba7f8602e9b01edf73e915d5,0,,,9,11,3,3,0.06242718172662555,5.38919363538163,0.011583770402453694,True,True,1,3,0,-2
random_2461,random_cycle_chord,20260823,200,0.9,baseline,b7f57d3553d50f25c5be44b65115c3b8,0,,,13,15,3,3,0.051766179938611497,4.5639134404812705,0.011342498190139357,True,True,1,3,0,-2
random_2462,random_cycle_chord,20260823,200,0.9,crossing_rich,085f2d3bd2464dd6a2178b7ffff3d2b8,5,5.0,12.728525799651079,13,18,6,3,0.05028076385857222,4.449420700380519,0.011300519156184121,True,True,1,6,0,-5
random_2463,random_cycle_chord,20260823,200,0.9,baseline,f2551d12306507df164d13e621c6cf57,0,,,10,12,3,3,0.052451758467967624,4.617846638014245,0.01135848861592398,True,True,1,3,0,-2
random_2464,random_cycle_chord,20260823,200,0.9,crossing_rich,e4dfd7b460148a3915f7aca370896702,4,4.0,8.122014033792082,8,12,5,3,0.07879818938224499,6.5881665305633055,0.011960564296104327,True,True,1,5,0,-4
random_2465,random_cycle_chord,20260823,200,0.9,crossing_rich,6cae8dd6dca8ab370494a907f81c49aa,3,3.0,13.711848553338472,8,11,4,3,0.04667496125780772,4.155349354026711,0.011232499913052483,True,True,1,4,0,-3
random_2466,random_cycle_chord,20260823,200,0.9,crossing_rich,d3b9e56b5337f4aa08cbf81ed5c2928d,2,2.0,8.130902758770418,8,11,4,3,0.07871204698760693,6.584988582758795,0.011953254891541566,True,True,1,4,0,-3
random_2467,random_cycle_chord,20260823,200,0.9,crossing_rich,e4dfd7b460148a3915f7aca370896702,5,5.0,13.895514734866422,8,12,5,3,0.046058027515463056,4.110859397334352,0.01120398998451004,True,True,1,5,0,-4
random_2468,random_cycle_chord,20260823,200,0.9,crossing_rich,e4dfd7b460148a3915f7aca370896702,5,5.0,13.871168298176137,8,12,5,3,0.046138867775409445,4.117196561503483,0.01120637965328545,True,True,1,5,0,-4
random_2469,random_cycle_chord,20260823,200,0.9,crossing_rich,7e34be1a88a2550a4be4d370c1ec57a1,3,3.0,11.133943151658062,11,15,5,3,0.057481881421739746,5.013064084992379,0.011466416636049673,True,True,1,5,0,-4
random_2470,random_cycle_chord,20260823,200,0.9,baseline,e756644711763e07d0e3622d4415d4c4,0,,,11,13,3,3,0.045775305774631875,4.089620157661977,0.01119304581108126,True,True,1,3,0,-2
random_2471,random_cycle_chord,20260823,200,0.9,baseline,f2551d12306507df164d13e621c6cf57,0,,,10,12,3,3,0.05324146015873496,4.677753933336501,0.011381842849685646,True,True,1,3,0,-2
random_2472,random_cycle_chord,20260823,200,0.9,crossing_rich,f61befc086c76698e58b129c58523394,3,3.0,10.81496747677774,10,14,5,3,0.059177246845561894,5.144611127688065,0.011502763839053378,True,True,1,5,0,-4
random_2473,random_cycle_chord,20260823,200,0.9,baseline,7e6bc2286a474f101d6d3fad2dea3b25,0,,,11,14,4,3,0.0452487157800492,4.045902408542957,0.01118383767352029,True,True,1,4,0,-3
random_2474,random_cycle_chord,20260823,200,0.9,crossing_rich,e4dfd7b460148a3915f7aca370896702,4,4.0,8.123714165026158,8,12,5,3,0.07878169849393504,6.5922160990142125,0.011950715405964303,True,True,1,5,0,-4
random_2475,random_cycle_chord,20260823,200,0.9,baseline,f4c63b03cb04e53779a197f375d70184,0,,,12,14,3,3,0.05567226929081199,4.875657248045489,0.011418413243287231,True,True,1,3,0,-2
random_2476,random_cycle_chord,20260823,200,0.9,baseline,237b03a6236ff83b0e5299ac7fc023ee,0,,,10,12,3,3,0.052799942730158936,4.652251313641484,0.011349331575303597,True,True,1,3,0,-2
random_2477,random_cycle_chord,20260823,200,0.9,crossing_rich,76f64aeb3bec290543374c9120128d8d,4,4.0,10.097726285698508,10,14,5,3,0.06338060488987875,5.468953525469115,0.011589165019361193,True,True,1,5,0,-4
random_2478,random_cycle_chord,20260823,200,0.9,crossing_rich,2cbadfdcaaea4917fd361a32acb77741,5,5.0,14.131841332640445,15,20,6,3,0.04528779972371938,4.051956849932784,0.0111767724585889,True,True,1,6,0,-5
random_2479,random_cycle_chord,20260823,200,0.9,crossing_rich,8d92d8721dbd33134985bb942b070fe4,5,5.0,13.730708836082803,9,13,5,3,0.04661084927517725,4.148037009507753,0.011236845083189978,True,True,1,5,0,-4
random_2480,random_cycle_chord,20260823,200,0.9,crossing_rich,6cae8dd6dca8ab370494a907f81c49aa,2,2.0,8.125907878452264,8,11,4,3,0.07876043016646903,6.589804257046906,0.011951861860273827,True,True,1,4,0,-3
random_2481,random_cycle_chord,20260823,200,0.9,baseline,8f34f4541eedc7b1aecfd95c1d8d238c,0,,,11,14,4,3,0.045496389293340024,4.060497556596521,0.01120463407727667,True,True,1,4,0,-3
random_2482,random_cycle_chord,20260823,200,0.9,crossing_rich,2c8b3e95d62a28423936c85308a28eeb,6,6.0,9.770754094565525,10,15,6,3,0.0655015972979984,5.625351108972274,0.011644001597255899,True,True,1,6,0,-5
random_2483,random_cycle_chord,20260823,200,0.9,baseline,c9b2747d4897680c32f2a02811ccda66,0,,,11,13,3,3,0.060254716383931914,5.222041794793215,0.011538535835544362,True,True,1,3,0,-2
random_2484,random_cycle_chord,20260823,200,0.9,crossing_rich,1bd7a88747bdc961e21c3ee07c2e7c28,5,5.0,14.309307135485891,12,17,6,3,0.04472613481143704,4.007153856279103,0.011161571633031355,True,True,1,6,0,-5
random_2485,random_cycle_chord,20260823,200,0.9,baseline,f2551d12306507df164d13e621c6cf57,0,,,10,12,3,3,0.05264782164965256,4.6400972205029465,0.011346275551516566,True,True,1,3,0,-2
random_2486,random_cycle_chord,20260823,200,0.9,baseline,f2551d12306507df164d13e621c6cf57,0,,,10,12,3,3,0.053133152887222874,4.669210793156078,0.011379471872442145,True,True,1,3,0,-2
random_2487,random_cycle_chord,20260823,200,0.9,crossing_rich,e756d46da8759e602b7402a988779cfd,12,12.0,13.248676288560624,14,21,8,3,0.04830671276590844,4.292580593757692,0.011253536587328491,True,True,1,8,0,-7
random_2488,random_cycle_chord,20260823,200,0.9,crossing_rich,cbd367df182ccb02b6db0d327f7ca73e,5,5.0,12.157523075419801,11,16,6,3,0.05264230189239437,4.6357901869590314,0.01135562649933613,True,True,1,6,0,-5
random_2489,random_cycle_chord,20260823,200,0.9,crossing_rich,9e29c665f19ef85c09f08031b7489ca3,6,6.0,10.624717438945696,11,16,6,3,0.06023689605655132,5.2244044595974835,0.011529906714227154,True,True,1,6,0,-5
random_2490,random_cycle_chord,20260823,200,0.9,crossing_rich,e4dfd7b460148a3915f7aca370896702,5,5.0,13.677810122699524,8,12,5,3,0.04679111599435526,4.166712192486496,0.011229745140240308,True,True,1,5,0,-4
random_2491,random_cycle_chord,20260823,200,0.9,baseline,7e6bc2286a474f101d6d3fad2dea3b25,0,,,11,14,4,3,0.04547904199772994,4.057640026616848,0.011208249548851466,True,True,1,4,0,-3
random_2492,random_cycle_chord,20260823,200,0.9,crossing_rich,e4dfd7b460148a3915f7aca370896702,5,5.0,13.690773870300125,8,12,5,3,0.04674680964444051,4.168941389551089,0.011213112700889804,True,True,1,5,0,-4
random_2493,random_cycle_chord,20260823,200,0.9,crossing_rich,e4dfd7b460148a3915f7aca370896702,5,5.0,13.356346287111979,8,12,5,3,0.04791729611095507,4.257132077024669,0.011255769199541656,True,True,1,5,0,-4
random_2494,random_cycle_chord,20260823,200,0.9,crossing_rich,8d92d8721dbd33134985bb942b070fe4,5,5.0,13.391808461163846,9,13,5,3,0.04779040873053073,4.246535491404833,0.011253976053481841,True,True,1,5,0,-4
random_2495,random_cycle_chord,20260823,200,0.9,crossing_rich,f8e101deee8812cdf51fe0521efd7a68,5,5.0,11.862516859459143,10,14,5,3,0.05395145124617172,4.742272992203594,0.011376707189752498,True,True,1,5,0,-4
random_2496,random_cycle_chord,20260823,200,0.9,baseline,8f34f4541eedc7b1aecfd95c1d8d238c,0,,,11,14,4,3,0.04515785976415513,4.0319941634915955,0.011199882225288161,True,True,1,4,0,-3
random_2497,random_cycle_chord,20260823,200,0.9,baseline,8f34f4541eedc7b1aecfd95c1d8d238c,0,,,11,14,4,3,0.045975023292032964,4.108275070686613,0.011190833744330853,True,True,1,4,0,-3
random_2498,random_cycle_chord,20260823,200,0.9,baseline,5ece6bdff7ea6a9025672e56fbda3d50,0,,,11,13,3,3,0.04563325704611059,4.069007443373667,0.011214837446518768,True,True,1,3,0,-2
random_2499,random_cycle_chord,20260823,200,0.9,baseline,4e9cca7c282396d17b6e561d68fe510e,0,,,10,13,4,3,0.052666396147979466,4.632205724307452,0.011369615099694967,True,True,1,4,0,-3
random_2500,random_cycle_chord,20260823,200,0.9,baseline,e756644711763e07d0e3622d4415d4c4,0,,,11,13,3,3,0.045130754802603985,4.028537842881529,0.011202763027868915,True,True,1,3,0,-2
random_2501,random_cycle_chord,20260823,200,0.9,baseline,237b03a6236ff83b0e5299ac7fc023ee,0,,,10,12,3,3,0.053182853044332436,4.682067667503237,0.011358839047427259,True,True,1,3,0,-2
random_2502,random_cycle_chord,20260823,200,0.9,baseline,3ddc013bba7f8602e9b01edf73e915d5,0,,,9,11,3,3,0.06214469866897343,5.38538415143502,0.011539510816960754,True,True,1,3,0,-2
random_2503,random_cycle_chord,20260823,200,0.9,baseline,3a351d58f4eb5873cb60bb786dd613d2,0,,,14,17,4,3,0.04831655326621931,4.291727242208272,0.011258067099659957,True,True,1,4,0,-3
random_2504,random_cycle_chord,20260823,200,0.9,baseline,8f34f4541eedc7b1aecfd95c1d8d238c,0,,,11,14,4,3,0.04605883928077035,4.113577316857786,0.011196784631230184,True,True,1,4,0,-3
random_2505,random_cycle_chord,20260823,200,0.9,baseline,b73291eb7126cc5eaf4780776629388d,0,,,8,10,3,3,0.0731053321512703,6.191223013783294,0.011807898372990048,True,True,1,3,0,-2
random_2506,random_cycle_chord,20260823,200,0.9,crossing_rich,e4dfd7b460148a3915f7aca370896702,4,4.0,8.122033533757957,8,12,5,3,0.07879800019784952,6.588308783447431,0.011960277331843164,True,True,1,5,0,-4
random_2507,random_cycle_chord,20260823,200,0.9,baseline,ca62a37d3738941a9501a139c3aa3dc2,0,,,12,14,3,3,0.05566648799473707,4.877651201219412,0.011412560205375172,True,True,1,3,0,-2
random_2508,random_cycle_chord,20260823,200,0.9,baseline,b73291eb7126cc5eaf4780776629388d,0,,,8,10,3,3,0.07260756389559676,6.145807898829168,0.0118141609843401,True,True,1,3,0,-2
random_2509,random_cycle_chord,20260823,200,0.9,crossing_rich,8d92d8721dbd33134985bb942b070fe4,5,5.0,12.995296654422392,9,13,5,3,0.04924858716343374,4.371917089601255,0.011264757806266063,True,True,1,5,0,-4
random_2510,random_cycle_chord,20260823,200,0.9,baseline,b73291eb7126cc5eaf4780776629388d,0,,,8,10,3,3,0.07204653177607036,6.106614934963399,0.01179811279135487,True,True,1,3,0,-2
random_2511,random_cycle_chord,20260823,200,0.9,crossing_rich,e4dfd7b460148a3915f7aca370896702,5,5.0,13.558887602422873,8,12,5,3,0.047201512304419185,4.201417632259325,0.011234663257943351,True,True,1,5,0,-4
random_2512,random_cycle_chord,20260823,200,0.9,baseline,f2551d12306507df164d13e621c6cf57,0,,,10,12,3,3,0.0533853114337761,4.702794561746376,0.01135182724502249,True,True,1,3,0,-2
random_2513,random_cycle_chord,20260823,200,0.9,crossing_rich,3766c050500c74590e361b5f3d5119d1,2,2.0,9.303636303987444,9,12,4,3,0.0687903072614417,5.867788939233908,0.011723377915229323,True,True,1,4,0,-3
random_2514,random_cycle_chord,20260823,200,0.9,baseline,1837574bc7ed6a7228b5e0eb65ae216b,0,,,15,18,4,3,0.045350335479951494,4.046942139231125,0.011206074591560028,True,True,1,4,0,-3
random_2515,random_cycle_chord,20260823,200,0.9,crossing_rich,3766c050500c74590e361b5f3d5119d1,2,2.0,9.382885866832146,9,12,4,3,0.0682092917982042,5.833738999458871,0.011692208342630893,True,True,1,4,0,-3
random_2516,random_cycle_chord,20260823,200,0.9,crossing_rich,a4f7d8477a0525516554ce9fe3f8d1bb,6,6.0,12.371359186856601,13,18,6,3,0.05173239175530037,4.56413087466586,0.011334554853028332,True,True,1,6,0,-5
random_2517,random_cycle_chord,20260823,200,0.9,crossing_rich,4e9cca7c282396d17b6e561d68fe510e,3,3.0,13.417780211718666,10,13,4,3,0.04769790456405332,4.24313462190613,0.011241195204555198,True,True,1,4,0,-3
random_2518,random_cycle_chord,20260823,200,0.9,crossing_rich,c87a2efe6cc18dd2d2f16e93c3b14a50,2,2.0,9.785103441880048,10,13,4,3,0.06540554259864159,5.62596127361412,0.0116256652717101,True,True,1,4,0,-3
random_2519,random_cycle_chord,20260823,200,0.9,baseline,3ddc013bba7f8602e9b01edf73e915d5,0,,,9,11,3,3,0.06275412159436376,5.431195745517164,0.011554384068399702,True,True,1,3,0,-2
random_2520,random_cycle_chord,20260823,200,0.9,baseline,f2551d12306507df164d13e621c6cf57,0,,,10,12,3,3,0.052659416044533953,4.637224571667409,0.01135580458325726,True,True,1,3,0,-2
random_2521,random_cycle_chord,20260823,200,0.9,crossing_rich,6cae8dd6dca8ab370494a907f81c49aa,2,2.0,8.140452673093838,8,11,4,3,0.07861970650788924,6.588235073160754,0.01193334870945503,True,True,1,4,0,-3
random_2522,random_cycle_chord,20260823,200,0.9,crossing_rich,6cae8dd6dca8ab370494a907f81c49aa,2,2.0,8.122963574079675,8,11,4,3,0.07878897820522499,6.596402879751654,0.011944233795524522,True,True,1,4,0,-3
random_2523,random_cycle_chord,20260823,200,0.9,baseline,4e9cca7c282396d17b6e561d68fe510e,0,,,10,13,4,3,0.05244318919505575,4.616049800649714,0.011361053597748081,True,True,1,4,0,-3
random_2524,random_cycle_chord,20260823,200,0.9,crossing_rich,e4dfd7b460148a3915f7aca370896702,4,4.0,8.114029699552646,8,12,5,3,0.07887572805350779,6.60367178094307,0.011944222952014062,True,True,1,5,0,-4
random_2525,random_cycle_chord,20260823,200,0.9,crossing_rich,bb2c7ed8feef84917625e983562a84b2,5,5.0,13.840899345666193,10,14,5,3,0.04623976983117027,4.128102529461925,0.011201216418720433,True,True,1,5,0,-4
random_2526,random_cycle_chord,20260823,200,0.9,baseline,b73291eb7126cc5eaf4780776629388d,0,,,8,10,3,3,0.07334669026238698,6.218961344190717,0.011794041834799618,True,True,1,3,0,-2
random_2527,random_cycle_chord,20260823,200,0.9,crossing_rich,0ba4cef7d36938b0547a48dd8590384b,4,4.0,12.089183115367844,11,15,5,3,0.05293988798849677,4.6629255612785485,0.011353363310818314,True,True,1,5,0,-4
random_2528,random_cycle_chord,20260823,200,0.9,crossing_rich,a80e9b3e3dc8eb9387cefc9f549c7f07,4,4.0,14.097735460763017,12,17,6,3,0.04539736199343898,4.053208046387287,0.011200353269283241,True,True,1,6,0,-5
random_2529,random_cycle_chord,20260823,200,0.9,crossing_rich,05dd62ad19ce4d5dd6bedfa658e868da,3,3.0,9.851232573034409,10,14,5,3,0.06496648975193824,5.58236756211472,0.01163780224592154,True,True,1,5,0,-4
random_2530,random_cycle_chord,20260823,200,0.9,baseline,4dd12823b4c3d089de2f1ce5c865f355,0,,,14,17,4,3,0.04830943049933331,4.295965828682279,0.011245301388756967,True,True,1,4,0,-3
random_2531,random_cycle_chord,20260823,200,0.9,baseline,b73291eb7126cc5eaf4780776629388d,0,,,8,10,3,3,0.07244194203401538,6.13645120271699,0.011805185055808937,True,True,1,3,0,-2
random_2532,random_cycle_chord,20260823,200,0.9,crossing_rich,d3b9e56b5337f4aa08cbf81ed5c2928d,2,2.0,8.431912912034905,8,11,4,3,0.07590211221068535,6.393226459656306,0.011872270236265928,True,True,1,4,0,-3
random_2533,random_cycle_chord,20260823,200,0.9,crossing_rich,8d92d8721dbd33134985bb942b070fe4,5,5.0,12.873534328033548,9,13,5,3,0.049714397281431025,4.400596616404637,0.0112971948158358,True,True,1,5,0,-4
random_2534,random_cycle_chord,20260823,200,0.9,baseline,b73291eb7126cc5eaf4780776629388d,0,,,8,10,3,3,0.0727797775519213,6.178924629104887,0.011778712627291682,True,True,1,3,0,-2
random_2535,random_cycle_chord,20260823,200,0.9,baseline,3ddc013bba7f8602e9b01edf73e915d5,0,,,9,11,3,3,0.06189199260768326,5.356729378469832,0.011554063727102621,True,True,1,3,0,-2
random_2536,random_cycle_chord,20260823,200,0.9,crossing_rich,3766c050500c74590e361b5f3d5119d1,2,2.0,9.402052471030927,9,12,4,3,0.06807024338270094,5.8113828046428955,0.011713260969199533,True,True,1,4,0,-3
random_2537,random_cycle_chord,20260823,200,0.9,baseline,b73291eb7126cc5eaf4780776629388d,0,,,8,10,3,3,0.07221434572640587,6.113017347588218,0.01181320804772405,True,True,1,3,0,-2
random_2538,random_cycle_chord,20260823,200,0.9,baseline,cbcdcec981f1dd5d52ceecf70d124d2f,0,,,12,14,3,3,0.055664936030792624,4.879022893648498,0.011409033579911486,True,True,1,3,0,-2
random_2539,random_cycle_chord,20260823,200,0.9,baseline,2628a87ca662ceb07ab825aa2ed1faee,0,,,11,13,3,3,0.04570417561550852,4.075596391621702,0.0112141073903843,True,True,1,3,0,-2
random_2540,random_cycle_chord,20260823,200,0.9,crossing_rich,cb26cc24301cc90da9033428f0e0387b,2,2.0,8.919154852783713,9,12,4,3,0.0717556775909382,6.079294870728648,0.01180328954537745,True,True,1,4,0,-3
random_2541,random_cycle_chord,20260823,200,0.9,baseline,103a02ce2419501dbcecbb0b106c7128,0,,,9,11,3,3,0.062484540883373074,5.403502550385278,0.011563710815481678,True,True,1,3,0,-2
random_2542,random_cycle_chord,20260823,200,0.9,baseline,5ece6bdff7ea6a9025672e56fbda3d50,0,,,11,13,3,3,0.04556825008154306,4.068178865736007,0.011201142227383097,True,True,1,3,0,-2
random_2543,random_cycle_chord,20260823,200,0.9,crossing_rich,76f64aeb3bec290543374c9120128d8d,4,4.0,10.090221741206033,10,14,5,3,0.06342774385090015,5.4729371691596524,0.011589342594378665,True,True,1,5,0,-4
random_2544,random_cycle_chord,20260823,200,0.9,baseline,103a02ce2419501dbcecbb0b106c7128,0,,,9,11,3,3,0.06205206698815399,5.3601618942588605,0.011576528510196018,True,True,1,3,0,-2
random_2545,random_cycle_chord,20260823,200,0.9,crossing_rich,6cae8dd6dca8ab370494a907f81c49aa,2,2.0,8.122839609888993,8,11,4,3,0.07879018061871422,6.593233511537093,0.011950157761111318,True,True,1,4,0,-3
random_2546,random_cycle_chord,20260823,200,0.9,crossing_rich,8d92d8721dbd33134985bb942b070fe4,5,5.0,13.095548620178818,9,13,5,3,0.048871568390333,4.347221707804612,0.01124202345203452,True,True,1,5,0,-4
random_2547,random_cycle_chord,20260823,200,0.9,crossing_rich,e4dfd7b460148a3915f7aca370896702,5,5.0,13.56106600767592,8,12,5,3,0.047193930007990756,4.203111858703423,0.011228330721264496,True,True,1,5,0,-4
random_2548,random_cycle_chord,20260823,200,0.9,crossing_rich,c87a2efe6cc18dd2d2f16e93c3b14a50,2,2.0,9.855470260672021,10,13,4,3,0.06493855524620698,5.5756269419542654,0.011646861585658011,True,True,1,4,0,-3
random_2549,random_cycle_chord,20260823,200,0.9,crossing_rich,f61befc086c76698e58b129c58523394,3,3.0,11.488493613825348,10,14,5,3,0.05570791276149718,4.880080654605919,0.011415367225318074,True,True,1,5,0,-4
random_2550,random_cycle_chord,20260823,200,0.9,baseline,b73291eb7126cc5eaf4780776629388d,0,,,8,10,3,3,0.07260221524590164,6.149368953441533,0.011806449701683513,True,True,1,3,0,-2
random_2551,random_cycle_chord,20260823,200,0.9,baseline,3ddc013bba7f8602e9b01edf73e915d5,0,,,9,11,3,3,0.06260451116633091,5.39790434175304,0.011597928974413666,True,True,1,3,0,-2
random_2552,random_cycle_chord,20260823,200,0.9,crossing_rich,e4dfd7b460148a3915f7aca370896702,5,5.0,13.94174461458236,8,12,5,3,0.0459053022195366,4.093880592990287,0.011213151233120375,True,True,1,5,0,-4
random_2553,random_cycle_chord,20260823,200,0.9,crossing_rich,a9ca2a8949c4cb974344fa065ab4c92a,4,4.0,10.634514783810877,11,15,5,3,0.060181401127419945,5.2241250475033825,0.011519900572858746,True,True,1,5,0,-4
random_2554,random_cycle_chord,20260823,200,0.9,baseline,3548961aa89bcaeb30f82f691c1470c0,0,,,14,17,4,3,0.04830150600997223,4.29339559612093,0.011250187626225847,True,True,1,4,0,-3
random_2555,random_cycle_chord,20260823,200,0.9,baseline,19fca4749c1a57391a2f17cdb3a8fecb,0,,,11,13,3,3,0.06025199257484326,5.220526393049295,0.011541363463857568,True,True,1,3,0,-2
random_2556,random_cycle_chord,20260823,200,0.9,baseline,3ddc013bba7f8602e9b01edf73e915d5,0,,,9,11,3,3,0.061593249784790624,5.332052754685829,0.011551507949853315,True,True,1,3,0,-2
random_2557,random_cycle_chord,20260823,200,0.9,crossing_rich,76f64aeb3bec290543374c9120128d8d,4,4.0,10.239564953624349,10,14,5,3,0.06250265542516711,5.39853462634799,0.011577707609786884,True,True,1,5,0,-4
random_2558,random_cycle_chord,20260823,200,0.9,baseline,19fca4749c1a57391a2f17cdb3a8fecb,0,,,11,13,3,3,0.06031897821641137,5.224842091446737,0.011544650950342749,True,True,1,3,0,-2
random_2559,random_cycle_chord,20260823,200,0.9,baseline,3a351d58f4eb5873cb60bb786dd613d2,0,,,14,17,4,3,0.04831423286223181,4.295548140703926,0.011247512838795562,True,True,1,4,0,-3
random_2560,random_cycle_chord,20260823,200,0.9,crossing_rich,a13453a1ee312d35060d2a6f031103b6,2,2.0,11.987997865927477,11,14,4,3,0.053386729557153206,4.699795943563276,0.011359371810657087,True,True,1,4,0,-3
random_2561,random_cycle_chord,20260823,200,0.9,crossing_rich,2c8b3e95d62a28423936c85308a28eeb,5,5.0,10.28722295457436,10,15,6,3,0.06221309704534156,5.377205693730652,0.011569781888365653,True,True,1,6,0,-5
random_2562,random_cycle_chord,20260823,200,0.9,baseline,7e6bc2286a474f101d6d3fad2dea3b25,0,,,11,14,4,3,0.04554548008073815,4.066663460069378,0.011199717047636181,True,True,1,4,0,-3
random_2563,random_cycle_chord,20260823,200,0.9,crossing_rich,6cae8dd6dca8ab370494a907f81c49aa,3,3.0,13.636548756441574,8,11,4,3,0.04693269619981226,4.183899229716661,0.011217453772898492,True,True,1,4,0,-3
random_2564,random_cycle_chord,20260823,200,0.9,crossing_rich,f01bb47f0e11353dcd7e62b1e2f9df0e,4,4.0,8.919640504368509,9,13,5,3,0.0717517706780393,6.080600982684302,0.01180011168013926,True,True,1,5,0,-4
random_2565,random_cycle_chord,20260823,200,0.9,baseline,4ca7af1950eb0912a81fec832cb4eb96,0,,,10,12,3,3,0.06541533897470293,5.623429322965759,0.011632641795203237,True,True,1,3,0,-2
random_2566,random_cycle_chord,20260823,200,0.9,baseline,b73291eb7126cc5eaf4780776629388d,0,,,8,10,3,3,0.07259781904464405,6.152175182984821,0.011800349776357005,True,True,1,3,0,-2
random_2567,random_cycle_chord,20260823,200,0.9,crossing_rich,cb3687284204b54a1f6026fa8a861744,2,2.0,9.827183067037383,10,13,4,3,0.06512547854600431,5.59377587907873,0.011642489787547618,True,True,1,4,0,-3
random_2568,random_cycle_chord,20260823,200,0.9,crossing_rich,6cae8dd6dca8ab370494a907f81c49aa,2,2.0,8.131131944487594,8,11,4,3,0.07870982839405043,6.585186077311286,0.011952559497937141,True,True,1,4,0,-3
random_2569,random_cycle_chord,20260823,200,0.9,crossing_rich,e4dfd7b460148a3915f7aca370896702,5,5.0,13.85998317792053,8,12,5,3,0.04617610222063934,4.119929815543918,0.011207982729808497,True,True,1,5,0,-4
random_2570,random_cycle_chord,20260823,200,0.9,crossing_rich,f01bb47f0e11353dcd7e62b1e2f9df0e,4,4.0,8.942650902403336,9,13,5,3,0.07156714569144146,6.084764254483485,0.01176169572037373,True,True,1,5,0,-4
random_2571,random_cycle_chord,20260823,200,0.9,crossing_rich,d3b9e56b5337f4aa08cbf81ed5c2928d,2,2.0,8.537422472944993,8,11,4,3,0.07496407751029702,6.315386267869004,0.011870070068666139,True,True,1,4,0,-3
random_2572,random_cycle_chord,20260823,200,0.9,baseline,4ca7af1950eb0912a81fec832cb4eb96,0,,,10,12,3,3,0.06545767442055066,5.6193408331629975,0.011648639291328772,True,True,1,3,0,-2
random_2573,random_cycle_chord,20260823,200,0.9,baseline,b73291eb7126cc5eaf4780776629388d,0,,,8,10,3,3,0.07232806228866284,6.133833475487633,0.011791657301702804,True,True,1,3,0,-2
random_2574,random_cycle_chord,20260823,200,0.9,crossing_rich,35e6984785cd33f6953165239be9a661,4,4.0,10.130437298417085,10,14,5,3,0.06317594997601951,5.453691920754021,0.011584070184750165,True,True,1,5,0,-4
random_2575,random_cycle_chord,20260823,200,0.9,crossing_rich,cbd367df182ccb02b6db0d327f7ca73e,5,5.0,12.311988191002932,11,16,6,3,0.05198185622592493,4.581826991187591,0.01134522458528087,True,True,1,6,0,-5
random_2576,random_cycle_chord,20260823,200,0.9,baseline,3ddc013bba7f8602e9b01edf73e915d5,0,,,9,11,3,3,0.06253357957562834,5.409724462113808,0.011559475905579455,True,True,1,3,0,-2
random_2577,random_cycle_chord,20260823,200,0.9,baseline,3ddc013bba7f8602e9b01edf73e915d5,0,,,9,11,3,3,0.06239431778408508,5.393419410691473,0.011568601110531047,True,True,1,3,0,-2
random_2578,random_cycle_chord,20260823,200,0.9,crossing_rich,8d92d8721dbd33134985bb942b070fe4,5,5.0,13.769874365455257,9,13,5,3,0.04647827445728772,4.139197346865267,0.011228813357373997,True,True,1,5,0,-4
random_2579,random_cycle_chord,20260823,200,0.9,crossing_rich,b497a8280ab5258c0901c20c694e809b,3,3.0,12.98388163122163,9,12,4,3,0.049291884983072166,4.372018378932573,0.011274400222239406,True,True,1,4,0,-3
random_2580,random_cycle_chord,20260823,200,0.9,baseline,103a02ce2419501dbcecbb0b106c7128,0,,,9,11,3,3,0.06179366293500031,5.343369057334964,0.011564550805296659,True,True,1,3,0,-2
random_2581,random_cycle_chord,20260823,200,0.9,crossing_rich,e4dfd7b460148a3915f7aca370896702,5,5.0,13.923007245764197,8,12,5,3,0.04596708086858947,4.09888103585296,0.011214543790491815,True,True,1,5,0,-4
random_2582,random_cycle_chord,20260823,200,0.9,crossing_rich,f01bb47f0e11353dcd7e62b1e2f9df0e,4,4.0,8.949103492616404,9,13,5,3,0.07151554348746128,6.0717904899177455,0.0117783285846594,True,True,1,5,0,-4
random_2583,random_cycle_chord,20260823,200,0.9,baseline,237b03a6236ff83b0e5299ac7fc023ee,0,,,10,12,3,3,0.05338064038557507,4.7013718302778615,0.011354268990551244,True,True,1,3,0,-2
random_2584,random_cycle_chord,20260823,200,0.9,baseline,5c25c6be641fc20f13f284ff50ca2a81,0,,,13,16,4,3,0.051848321795561196,4.565878316996741,0.011355607441957634,True,True,1,4,0,-3
random_2585,random_cycle_chord,20260823,200,0.9,baseline,103a02ce2419501dbcecbb0b106c7128,0,,,9,11,3,3,0.06157727185680737,5.331740855181989,0.011549186940876845,True,True,1,3,0,-2
random_2586,random_cycle_chord,20260823,200,0.9,crossing_rich,e4dfd7b460148a3915f7aca370896702,5,5.0,13.858854900854467,8,12,5,3,0.04617986150937628,4.121972655127968,0.01120334009298337,True,True,1,5,0,-4
random_2587,random_cycle_chord,20260823,200,0.9,baseline,8e55376de66b216997aaf035ce2ec164,0,,,15,18,4,3,0.04528999134184489,4.054522444109977,0.011170240630345472,True,True,1,4,0,-3
random_2588,random_cycle_chord,20260823,200,0.9,baseline,b73291eb7126cc5eaf4780776629388d,0,,,8,10,3,3,0.07255549206135155,6.158982223280186,0.01178043537568607,True,True,1,3,0,-2
random_2589,random_cycle_chord,20260823,200,0.9,crossing_rich,9a9d31dddbd26369d4b9887955f66826,5,5.0,12.850069942397278,12,17,6,3,0.04980517638183401,4.410786147577523,0.011291677881320053,True,True,1,6,0,-5
random_2590,random_cycle_chord,20260823,200,0.9,baseline,b73291eb7126cc5eaf4780776629388d,0,,,8,10,3,3,0.07266596337782254,6.162703062706981,0.011791248521700451,True,True,1,3,0,-2
random_2591,random_cycle_chord,20260823,200,0.9,crossing_rich,8d92d8721dbd33134985bb942b070fe4,5,5.0,13.143759356980105,9,13,5,3,0.04869230960624082,4.320791326937889,0.011269303681172836,True,True,1,5,0,-4
random_2592,random_cycle_chord,20260823,200,0.9,baseline,b73291eb7126cc5eaf4780776629388d,0,,,8,10,3,3,0.0721444725631594,6.109595337455494,0.011808388048365558,True,True,1,3,0,-2
random_2593,random_cycle_chord,20260823,200,0.9,crossing_rich,5abff9f8eb816c43fa70e71b5218041d,8,8.0,11.497426975876712,12,18,7,3,0.05566462838536082,4.879377557639948,0.011408141249123715,True,True,1,7,0,-6
random_2594,random_cycle_chord,20260823,200,0.9,crossing_rich,e4dfd7b460148a3915f7aca370896702,4,4.0,8.107192157789939,8,12,5,3,0.07894225121888158,6.6027148839686385,0.011956029088966572,True,True,1,5,0,-4
random_2595,random_cycle_chord,20260823,200,0.9,crossing_rich,a80e9b3e3dc8eb9387cefc9f549c7f07,4,4.0,14.143665643786491,12,17,6,3,0.0452499384614031,4.045969034205968,0.011183955704763202,True,True,1,6,0,-5
random_2596,random_cycle_chord,20260823,200,0.9,crossing_rich,e4dfd7b460148a3915f7aca370896702,5,5.0,13.702483891707569,8,12,5,3,0.04670686023483037,4.159452484325346,0.01122908854250468,True,True,1,5,0,-4
random_2597,random_cycle_chord,20260823,200,0.9,baseline,4e9cca7c282396d17b6e561d68fe510e,0,,,10,13,4,3,0.05243910964687078,4.615205990592774,0.011362246832266644,True,True,1,4,0,-3
random_2598,random_cycle_chord,20260823,200,0.9,baseline,78d712f24f5cff365e8a82f9a84c6043,0,,,10,12,3,3,0.053477035829426686,4.702333005352472,0.011372447627285431,True,True,1,3,0,-2
random_2599,random_cycle_chord,20260823,200,0.9,crossing_rich,544a2de3e86737771a60badf7d854343,2,2.0,8.93364029174057,9,12,4,3,0.07163932944464979,6.075079648117928,0.011792327606246907,True,True,1,4,0,-3
random_2600,random_cycle_chord,20260823,200,0.9,baseline,103a02ce2419501dbcecbb0b106c7128,0,,,9,11,3,3,0.06184444146967744,5.356726881454763,0.011545192211270986,True,True,1,3,0,-2
random_2601,random_cycle_chord,20260823,200,0.9,baseline,237b03a6236ff83b0e5299ac7fc023ee,0,,,10,12,3,3,0.05327334774112106,4.689775168071338,0.011359467316005605,True,True,1,3,0,-2
random_2602,random_cycle_chord,20260823,200,0.9,crossing_rich,bb2c7ed8feef84917625e983562a84b2,5,5.0,14.099595676737383,10,14,5,3,0.04539137253814463,4.0591464704611315,0.011182491902783698,True,True,1,5,0,-4
random_2603,random_cycle_chord,20260823,200,0.9,crossing_rich,f01bb47f0e11353dcd7e62b1e2f9df0e,4,4.0,8.949371172971237,9,13,5,3,0.07151340442029255,6.0777848570880995,0.011766359965323785,True,True,1,5,0,-4
random_2604,random_cycle_chord,20260823,200,0.9,crossing_rich,0d9383c252bac8778d9583a2a6ee796c,6,6.0,10.631103507652801,11,16,6,3,0.06020071195236656,5.2214369149792725,0.011529529693188975,True,True,1,6,0,-5
random_2605,random_cycle_chord,20260823,200,0.9,baseline,4e9cca7c282396d17b6e561d68fe510e,0,,,10,13,4,3,0.052677159440384244,4.645234677919619,0.011340042665826272,True,True,1,4,0,-3
random_2606,random_cycle_chord,20260823,200,0.9,crossing_rich,e4dfd7b460148a3915f7aca370896702,5,5.0,13.51612334975043,8,12,5,3,0.04735085522964078,4.212009571876577,0.011241867906901397,True,True,1,5,0,-4
random_2607,random_cycle_chord,20260823,200,0.9,crossing_rich,e4dfd7b460148a3915f7aca370896702,5,5.0,13.781186327161995,8,12,5,3,0.04644012386209405,4.138052048661671,0.011222701724381091,True,True,1,5,0,-4
random_2608,random_cycle_chord,20260823,200,0.9,baseline,4e9cca7c282396d17b6e561d68fe510e,0,,,10,13,4,3,0.052934962983591065,4.654459074201783,0.011372957015992058,True,True,1,4,0,-3
random_2609,random_cycle_chord,20260823,200,0.9,baseline,c9b2747d4897680c32f2a02811ccda66,0,,,11,13,3,3,0.06032083535128342,5.22633746491362,0.0115417031059016,True,True,1,3,0,-2
random_2610,random_cycle_chord,20260823,200,0.9,baseline,5c25c6be641fc20f13f284ff50ca2a81,0,,,13,16,4,3,0.0517824663477008,4.5638878478337475,0.011346130333215656,True,True,1,4,0,-3
random_2611,random_cycle_chord,20260823,200,0.9,baseline,7c306ea22fa11127d6be2c859c9e00b5,0,,,13,16,4,3,0.0517621992865981,4.565604340083979,0.011337425547840178,True,True,1,4,0,-3
random_2612,random_cycle_chord,20260823,200,0.9,baseline,942675039b454c8ca47b08cbb49440d7,0,,,14,16,3,3,0.04831057290293559,4.295653691513657,0.011246384455612954,True,True,1,3,0,-2
random_2613,random_cycle_chord,20260823,200,0.9,baseline,bc0c53ec9fcf19b8932a465c5162b3af,0,,,12,15,4,3,0.055659828492522316,4.877613106419812,0.011411284019075646,True,True,1,4,0,-3
random_2614,random_cycle_chord,20260823,200,0.9,baseline,db66966f42fa5c2f6d83cadf8fe17186,0,,,15,19,5,3,0.04530047329298179,4.043939258807664,0.01120206570717346,True,True,1,5,0,-4
random_2615,random_cycle_chord,20260823,200,0.9,crossing_rich,e4dfd7b460148a3915f7aca370896702,5,5.0,13.719700067900401,8,12,5,3,0.04664825009530566,4.164110633214382,0.011202452145056649,True,True,1,5,0,-4
random_2616,random_cycle_chord,20260823,200,0.9,baseline,237b03a6236ff83b0e5299ac7fc023ee,0,,,10,12,3,3,0.052831953365368604,4.645129565427655,0.011373623194190628,True,True,1,3,0,-2
random_2617,random_cycle_chord,20260823,200,0.9,crossing_rich,f61befc086c76698e58b129c58523394,3,3.0,10.802649611186444,10,14,5,3,0.059244724492152574,5.154834895596247,0.011493040163665588,True,True,1,5,0,-4
random_2618,random_cycle_chord,20260823,200,0.9,crossing_rich,8d92d8721dbd33134985bb942b070fe4,5,5.0,13.088762925889505,9,13,5,3,0.04889690520210152,4.346361718115183,0.011250077276887543,True,True,1,5,0,-4
random_2619,random_cycle_chord,20260823,200,0.9,crossing_rich,6cae8dd6dca8ab370494a907f81c49aa,3,3.0,13.495994526986586,8,11,4,3,0.0474214774406033,4.224957620573177,0.011224130914281193,True,True,1,4,0,-3
random_2620,random_cycle_chord,20260823,200,0.9,baseline,237b03a6236ff83b0e5299ac7fc023ee,0,,,10,12,3,3,0.052864104967451066,4.654757372423584,0.011357005475867888,True,True,1,3,0,-2
random_2621,random_cycle_chord,20260823,200,0.9,baseline,b368b74748fda659bbd4e4bd3936498d,0,,,13,15,3,3,0.051740438395391615,4.5667767321225385,0.011329749937510911,True,True,1,3,0,-2
random_2622,random_cycle_chord,20260823,200,0.9,baseline,3ddc013bba7f8602e9b01edf73e915d5,0,,,9,11,3,3,0.06174757597981628,5.337601976070323,0.01156841148078194,True,True,1,3,0,-2
random_2623,random_cycle_chord,20260823,200,0.9,crossing_rich,bb2c7ed8feef84917625e983562a84b2,5,5.0,14.28149953114091,10,14,5,3,0.04481322137108051,4.009207367102709,0.011177576330621481,True,True,1,5,0,-4
random_2624,random_cycle_chord,20260823,200,0.9,crossing_rich,8d92d8721dbd33134985bb942b070fe4,5,5.0,13.165268307370873,9,13,5,3,0.048612757830516946,4.31773547601291,0.011258855041163154,True,True,1,5,0,-4
random_2625,random_cycle_chord,20260823,200,0.9,baseline,19fca4749c1a57391a2f17cdb3a8fecb,0,,,11,13,3,3,0.06031656766938537,5.223434858256072,0.011547299680410494,True,True,1,3,0,-2
random_2626,random_cycle_chord,20260823,200,0.9,baseline,3ddc013bba7f8602e9b01edf73e915d5,0,,,9,11,3,3,0.06201753926561094,5.367880836007426,0.011553449333226804,True,True,1,3,0,-2
random_2627,random_cycle_chord,20260823,200,0.9,crossing_rich,99896318c0ca2a15108f38d8c23923a1,5,5.0,13.981438461421522,12,16,5,3,0.045774975283546744,4.092086552755376,0.011186218740345193,True,True,1,5,0,-4
random_2628,random_cycle_chord,20260823,200,0.9,baseline,5c25c6be641fc20f13f284ff50ca2a81,0,,,13,16,4,3,0.05172907817116393,4.566772788084594,0.011327272139777344,True,True,1,4,0,-3
random_2629,random_cycle_chord,20260823,200,0.9,baseline,3ddc013bba7f8602e9b01edf73e915d5,0,,,9,11,3,3,0.06163529619562676,5.32792814697365,0.011568342232737618,True,True,1,3,0,-2
random_2630,random_cycle_chord,20260823,200,0.9,baseline,b73291eb7126cc5eaf4780776629388d,0,,,8,10,3,3,0.07263833597584138,6.152148560803695,0.011806986658064733,True,True,1,3,0,-2
random_2631,random_cycle_chord,20260823,200,0.9,baseline,b73291eb7126cc5eaf4780776629388d,0,,,8,10,3,3,0.07261505358678196,6.158326651300294,0.011791361143769422,True,True,1,3,0,-2
random_2632,random_cycle_chord,20260823,200,0.9,baseline,4ca7af1950eb0912a81fec832cb4eb96,0,,,10,12,3,3,0.06558873464086099,5.628123074454652,0.011653749175912671,True,True,1,3,0,-2
random_2633,random_cycle_chord,20260823,200,0.9,baseline,3ddc013bba7f8602e9b01edf73e915d5,0,,,9,11,3,3,0.0622672786316652,5.371226597593012,0.011592748416082243,True,True,1,3,0,-2
random_2634,random_cycle_chord,20260823,200,0.9,crossing_rich,e4dfd7b460148a3915f7aca370896702,5,5.0,13.635809341179483,8,12,5,3,0.046935241171730896,4.1842198360216685,0.01121720249200784,True,True,1,5,0,-4
random_2635,random_cycle_chord,20260823,200,0.9,baseline,103a02ce2419501dbcecbb0b106c7128,0,,,9,11,3,3,0.06255036732866649,5.404838850851529,0.011573030955180417,True,True,1,3,0,-2
random_2636,random_cycle_chord,20260823,200,0.9,baseline,5c25c6be641fc20f13f284ff50ca2a81,0,,,13,16,4,3,0.05174692533355887,4.569903477854288,0.011323417569829214,True,True,1,4,0,-3
random_2637,random_cycle_chord,20260823,200,0.9,baseline,4e9cca7c282396d17b6e561d68fe510e,0,,,10,13,4,3,0.0525199233906102,4.621080711735128,0.011365290213875093,True,True,1,4,0,-3
random_2638,random_cycle_chord,20260823,200,0.9,crossing_rich,9e29c665f19ef85c09f08031b7489ca3,6,6.0,10.6227881438283,11,16,6,3,0.060247836192782546,5.222606457611822,0.011535970914479452,True,True,1,6,0,-5
random_2639,random_cycle_chord,20260823,200,0.9,baseline,b73291eb7126cc5eaf4780776629388d,0,,,8,10,3,3,0.07235949513770044,6.127519994083999,0.011808936602012255,True,True,1,3,0,-2
random_2640,random_cycle_chord,20260823,200,0.9,baseline,b73291eb7126cc5eaf4780776629388d,0,,,8,10,3,3,0.07250820326534298,6.14353737725741,0.011802354053181002,True,True,1,3,0,-2
random_2641,random_cycle_chord,20260823,200,0.9,baseline,b368b74748fda659bbd4e4bd3936498d,0,,,13,15,3,3,0.05173889400933043,4.567503239831915,0.01132760970110104,True,True,1,3,0,-2
random_2642,random_cycle_chord,20260823,200,0.9,baseline,19fca4749c1a57391a2f17cdb3a8fecb,0,,,11,13,3,3,0.06018335083379269,5.226165954025569,0.011515774922423798,True,True,1,3,0,-2
random_2643,random_cycle_chord,20260823,200,0.9,crossing_rich,35e6984785cd33f6953165239be9a661,4,4.0,10.131700088997471,10,14,5,3,0.06316807587850025,5.452802010221375,0.011584516687033667,True,True,1,5,0,-4
random_2644,random_cycle_chord,20260823,200,0.9,crossing_rich,b497a8280ab5258c0901c20c694e809b,3,3.0,12.776913683815012,9,12,4,3,0.050090343868465795,4.432038932493106,0.01130187361424847,True,True,1,4,0,-3
random_2645,random_cycle_chord,20260823,200,0.9,crossing_rich,8d92d8721dbd33134985bb942b070fe4,5,5.0,12.924903331140932,9,13,5,3,0.04951681135270083,4.387103668927681,0.011286902496380714,True,True,1,5,0,-4
random_2646,random_cycle_chord,20260823,200,0.9,crossing_rich,8d92d8721dbd33134985bb942b070fe4,5,5.0,13.510999277801936,9,13,5,3,0.04736881313075754,4.214832098594602,0.011238600262760703,True,True,1,5,0,-4
random_2647,random_cycle_chord,20260823,200,0.9,crossing_rich,35e6984785cd33f6953165239be9a661,4,4.0,9.773810085626756,10,14,5,3,0.06548111682067324,5.617801578462833,0.011656003848856204,True,True,1,5,0,-4
random_2648,random_cycle_chord,20260823,200,0.9,crossing_rich,e4dfd7b460148a3915f7aca370896702,5,5.0,13.63882542790253,8,12,5,3,0.04692486192327659,4.183325310890094,0.01121711997896054,True,True,1,5,0,-4
random_2649,random_cycle_chord,20260823,200,0.9,baseline,cbcdcec981f1dd5d52ceecf70d124d2f,0,,,12,14,3,3,0.055663812390915814,4.88042812572155,0.011405518318679505,True,True,1,3,0,-2
random_2650,random_cycle_chord,20260823,200,0.9,baseline,103a02ce2419501dbcecbb0b106c7128,0,,,9,11,3,3,0.06217901830306002,5.371296768700196,0.011576165120011934,True,True,1,3,0,-2
random_2651,random_cycle_chord,20260823,200,0.9,crossing_rich,9e29c665f19ef85c09f08031b7489ca3,6,6.0,10.622240715291934,11,16,6,3,0.06025094112945931,5.223606362744585,0.01153435709841702,True,True,1,6,0,-5
random_2652,random_cycle_chord,20260823,200,0.9,baseline,19fca4749c1a57391a2f17cdb3a8fecb,0,,,11,13,3,3,0.06018485249879359,5.225831123435395,0.011516800117954985,True,True,1,3,0,-2
random_2653,random_cycle_chord,20260823,200,0.9,baseline,e756644711763e07d0e3622d4415d4c4,0,,,11,13,3,3,0.04552104595344899,4.070138032180204,0.011184152869888114,True,True,1,3,0,-2
random_2654,random_cycle_chord,20260823,200,0.9,baseline,7e6bc2286a474f101d6d3fad2dea3b25,0,,,11,14,4,3,0.0459304237725136,4.104291752724967,0.01119082817200287,True,True,1,4,0,-3
random_2655,random_cycle_chord,20260823,200,0.9,baseline,4ca7af1950eb0912a81fec832cb4eb96,0,,,10,12,3,3,0.0654009074586644,5.621660263711557,0.01163373530073216,True,True,1,3,0,-2
random_2656,random_cycle_chord,20260823,200,0.9,crossing_rich,e4dfd7b460148a3915f7aca370896702,5,5.0,13.486560497318466,8,12,5,3,0.04745464939910003,4.235414827227871,0.011204250666081664,True,True,1,5,0,-4
random_2657,random_cycle_chord,20260823,200,0.9,crossing_rich,6cae8dd6dca8ab370494a907f81c49aa,2,2.0,8.10772017238645,8,11,4,3,0.07893711011138911,6.6032179638960775,0.011954339617893528,True,True,1,4,0,-3
random_2658,random_cycle_chord,20260823,200,0.9,crossing_rich,f8e101deee8812cdf51fe0521efd7a68,4,4.0,9.777417943242833,10,14,5,3,0.06545695435289269,5.619425483462927,0.01164833567871343,True,True,1,5,0,-4
random_2659,random_cycle_chord,20260823,200,0.9,baseline,e756644711763e07d0e3622d4415d4c4,0,,,11,13,3,3,0.045561799609666276,4.067914742049441,0.011200283806024893,True,True,1,3,0,-2
random_2660,random_cycle_chord,20260823,200,0.9,baseline,3ddc013bba7f8602e9b01edf73e915d5,0,,,9,11,3,3,0.06283938329958409,5.427450714384794,0.011578066132049066,True,True,1,3,0,-2
random_2661,random_cycle_chord,20260823,200,0.9,crossing_rich,2c8b3e95d62a28423936c85308a28eeb,5,5.0,10.215843347554598,10,15,6,3,0.06264778914735405,5.409268697306263,0.011581563544541934,True,True,1,6,0,-5
random_2662,random_cycle_chord,20260823,200,0.9,crossing_rich,3766c050500c74590e361b5f3d5119d1,2,2.0,9.074536295182236,9,12,4,3,0.07052701969353327,6.007287101799375,0.011740244556050628,True,True,1,4,0,-3
random_2663,random_cycle_chord,20260823,200,0.9,crossing_rich,e4dfd7b460148a3915f7aca370896702,5,5.0,13.33498434021093,8,12,5,3,0.04799405711112193,4.279846536421906,0.01121396683331701,True,True,1,5,0,-4
random_2664,random_cycle_chord,20260823,200,0.9,crossing_rich,6cae8dd6dca8ab370494a907f81c49aa,3,3.0,13.542625800300893,8,11,4,3,0.047258191242778066,4.220748802425305,0.011196636771092089,True,True,1,4,0,-3
random_2665,random_cycle_chord,20260823,200,0.9,crossing_rich,f01bb47f0e11353dcd7e62b1e2f9df0e,4,4.0,8.943735601624732,9,13,5,3,0.07155846600426523,6.081659144199618,0.011766273693999131,True,True,1,5,0,-4
random_2666,random_cycle_chord,20260823,200,0.9,baseline,5a09f2d469638693e252e3673038fcb1,0,,,14,17,4,3,0.04831408627208269,4.295607937269626,0.011247322143368625,True,True,1,4,0,-3
random_2667,random_cycle_chord,20260823,200,0.9,crossing_rich,e4dfd7b460148a3915f7aca370896702,4,4.0,8.105231833710777,8,12,5,3,0.07896134412073838,6.601997971532911,0.011960219385284729,True,True,1,5,0,-4
random_2668,random_cycle_chord,20260823,200,0.9,crossing_rich,b9a7447ce037faba7523c9a69bab3e94,6,6.0,11.49978786174956,12,17,6,3,0.05565320053674724,4.877186236521546,0.011410923806846385,True,True,1,6,0,-5
random_2669,random_cycle_chord,20260823,200,0.9,baseline,3ddc013bba7f8602e9b01edf73e915d5,0,,,9,11,3,3,0.061939992093223,5.345765500937961,0.011586739463666163,True,True,1,3,0,-2
random_2670,random_cycle_chord,20260823,200,0.9,crossing_rich,f01bb47f0e11353dcd7e62b1e2f9df0e,4,4.0,8.942582302365796,9,13,5,3,0.07156769469493006,6.086976714478828,0.011757510838622904,True,True,1,5,0,-4
random_2671,random_cycle_chord,20260823,200,0.9,crossing_rich,50000f533be57d613267a2ac73e30903,4,4.0,14.188654945584638,12,17,6,3,0.04510646022857589,4.036444129767882,0.011174801081953725,True,True,1,6,0,-5
random_2672,random_cycle_chord,20260823,200,0.9,baseline,b73291eb7126cc5eaf4780776629388d,0,,,8,10,3,3,0.07242772128052896,6.133773692455449,0.011808019811623499,True,True,1,3,0,-2
random_2673,random_cycle_chord,20260823,200,0.9,baseline,b73291eb7126cc5eaf4780776629388d,0,,,8,10,3,3,0.07260027603386933,6.14886420386479,0.01180710349534754,True,True,1,3,0,-2
random_2674,random_cycle_chord,20260823,200,0.9,crossing_rich,2c8b3e95d62a28423936c85308a28eeb,6,6.0,9.76605194331118,10,15,6,3,0.06553313495719623,5.619765898879431,0.01166118591706167,True,True,1,6,0,-5
random_2675,random_cycle_chord,20260823,200,0.9,crossing_rich,9864390659db0a33d7b4bc27549e7f6e,4,4.0,10.094571690986868,10,14,5,3,0.06340041158669825,5.466229427363545,0.011598563951472733,True,True,1,5,0,-4
random_2676,random_cycle_chord,20260823,200,0.9,crossing_rich,e4dfd7b460148a3915f7aca370896702,5,5.0,13.451622899307713,8,12,5,3,0.047577902294074687,4.236385030073616,0.011230778589841237,True,True,1,5,0,-4
random_2677,random_cycle_chord,20260823,200,0.9,crossing_rich,6cdd77b034b6c692ed46c16cef903bd4,7,7.0,14.229305972244356,12,17,6,3,0.044977597730232396,4.023386570351677,0.011179039583636374,True,True,1,6,0,-5
random_2678,random_cycle_chord,20260823,200,0.9,crossing_rich,6cae8dd6dca8ab370494a907f81c49aa,2,2.0,8.133855823848648,8,11,4,3,0.07868346991392515,6.583835738603977,0.011951007442753885,True,True,1,4,0,-3
random_2679,random_cycle_chord,20260823,200,0.9,baseline,b73291eb7126cc5eaf4780776629388d,0,,,8,10,3,3,0.07246608193490876,6.137832819342395,0.011806460695140398,True,True,1,3,0,-2
random_2680,random_cycle_chord,20260823,200,0.9,crossing_rich,9864390659db0a33d7b4bc27549e7f6e,3,3.0,9.756924424233324,10,14,5,3,0.06559444064263004,5.626371755944639,0.011658390786802367,True,True,1,5,0,-4
random_2681,random_cycle_chord,20260823,200,0.9,crossing_rich,8d92d8721dbd33134985bb942b070fe4,5,5.0,13.115432628058388,9,13,5,3,0.04879747532161627,4.3389224517160345,0.01124645021076995,True,True,1,5,0,-4
random_2682,random_cycle_chord,20260823,200,0.9,baseline,19fca4749c1a57391a2f17cdb3a8fecb,0,,,11,13,3,3,0.0601847766790674,5.2311576160839985,0.011505058936480914,True,True,1,3,0,-2
random_2683,random_cycle_chord,20260823,200,0.9,baseline,7e6bc2286a474f101d6d3fad2dea3b25,0,,,11,14,4,3,0.04546951023471363,4.067418653829461,0.01117895995090258,True,True,1,4,0,-3
random_2684,random_cycle_chord,20260823,200,0.9,baseline,b73291eb7126cc5eaf4780776629388d,0,,,8,10,3,3,0.073323519081961,6.211772780310812,0.011803960266282016,True,True,1,3,0,-2
random_2685,random_cycle_chord,20260823,200,0.9,baseline,8f34f4541eedc7b1aecfd95c1d8d238c,0,,,11,14,4,3,0.04568369246948107,4.082221807003307,0.011190889331664396,True,True,1,4,0,-3
random_2686,random_cycle_chord,20260823,200,0.9,crossing_rich,8d92d8721dbd33134985bb942b070fe4,5,5.0,13.574449939076514,9,13,5,3,0.047147398448731545,4.197835196878982,0.011231360031424012,True,True,1,5,0,-4
random_2687,random_cycle_chord,20260823,200,0.9,baseline,5ece6bdff7ea6a9025672e56fbda3d50,0,,,11,13,3,3,0.04597954412652852,4.107580757559678,0.011193825962376225,True,True,1,3,0,-2
random_2688,random_cycle_chord,20260823,200,0.9,baseline,5c25c6be641fc20f13f284ff50ca2a81,0,,,13,16,4,3,0.05173045224291452,4.5671191813969045,0.011326713884241616,True,True,1,4,0,-3
random_2689,random_cycle_chord,20260823,200,0.9,baseline,103a02ce2419501dbcecbb0b106c7128,0,,,9,11,3,3,0.06173481241424927,5.339772900660875,0.011561317974142437,True,True,1,3,0,-2
random_2690,random_cycle_chord,20260823,200,0.9,baseline,b73291eb7126cc5eaf4780776629388d,0,,,8,10,3,3,0.07279870796766057,6.165635019190558,0.011807171157727366,True,True,1,3,0,-2
random_2691,random_cycle_chord,20260823,200,0.9,crossing_rich,e4dfd7b460148a3915f7aca370896702,4,4.0,8.122146203748482,8,12,5,3,0.07879690711608112,6.5891848954404315,0.011958521177726673,True,True,1,5,0,-4
random_2692,random_cycle_chord,20260823,200,0.9,crossing_rich,9236a479f157d648c750f5dca50e5358,4,4.0,11.498382286937288,12,16,5,3,0.05566000364477972,4.878089992100053,0.011410204349431793,True,True,1,5,0,-4
random_2693,random_cycle_chord,20260823,200,0.9,crossing_rich,e4dfd7b460148a3915f7aca370896702,5,5.0,13.506068593357433,8,12,5,3,0.04738610614748139,4.2241831616181,0.011217815216452367,True,True,1,5,0,-4
random_2694,random_cycle_chord,20260823,200,0.9,baseline,b73291eb7126cc5eaf4780776629388d,0,,,8,10,3,3,0.07259896369408153,6.143860861928696,0.011816505179007437,True,True,1,3,0,-2
random_2695,random_cycle_chord,20260823,200,0.9,crossing_rich,f8e101deee8812cdf51fe0521efd7a68,4,4.0,9.783163089356087,10,14,5,3,0.06541851486625108,5.627273856611554,0.011625258790167117,True,True,1,5,0,-4
random_2696,random_cycle_chord,20260823,200,0.9,crossing_rich,6cae8dd6dca8ab370494a907f81c49aa,3,3.0,13.893286346402288,8,11,4,3,0.04606541490924716,4.107926359639653,0.01121378790083472,True,True,1,4,0,-3
random_2697,random_cycle_chord,20260823,200,0.9,crossing_rich,2c8b3e95d62a28423936c85308a28eeb,5,5.0,10.269067159188145,10,15,6,3,0.06232309031374544,5.380738009970647,0.011582628665112319,True,True,1,6,0,-5
random_2698,random_cycle_chord,20260823,200,0.9,baseline,4ca7af1950eb0912a81fec832cb4eb96,0,,,10,12,3,3,0.06558818140379356,5.627099538837051,0.01165577060635196,True,True,1,3,0,-2
random_2699,random_cycle_chord,20260823,200,0.9,crossing_rich,e4dfd7b460148a3915f7aca370896702,5,5.0,13.474732322834601,8,12,5,3,0.047496305282104995,4.231397897355539,0.01122473150345619,True,True,1,5,0,-4
random_2700,random_cycle_chord,20260823,200,0.9,baseline,b73291eb7126cc5eaf4780776629388d,0,,,8,10,3,3,0.07315704653109345,6.190704597172685,0.011817240732905349,True,True,1,3,0,-2
random_2701,random_cycle_chord,20260823,200,0.9,crossing_rich,6cae8dd6dca8ab370494a907f81c49aa,3,3.0,13.482085842121307,8,11,4,3,0.047470399424433624,4.22150397429344,0.011244902222881083,True,True,1,4,0,-3
random_2702,random_cycle_chord,20260823,200,0.9,crossing_rich,05dd62ad19ce4d5dd6bedfa658e868da,3,3.0,9.784551441034415,10,14,5,3,0.06540923248826415,5.621708741388114,0.011635115851290666,True,True,1,5,0,-4
random_2703,random_cycle_chord,20260823,200,0.9,crossing_rich,e4dfd7b460148a3915f7aca370896702,5,5.0,13.373503796614685,8,12,5,3,0.047855820713342684,4.263601008608471,0.011224272772409722,True,True,1,5,0,-4
random_2704,random_cycle_chord,20260823,200,0.9,baseline,103a02ce2419501dbcecbb0b106c7128,0,,,9,11,3,3,0.062304576794478435,5.388105865717206,0.011563354237507196,True,True,1,3,0,-2
random_2705,random_cycle_chord,20260823,200,0.9,baseline,f2551d12306507df164d13e621c6cf57,0,,,10,12,3,3,0.05294565813930922,4.664315510970562,0.01135121713245598,True,True,1,3,0,-2
random_2706,random_cycle_chord,20260823,200,0.9,crossing_rich,f8e101deee8812cdf51fe0521efd7a68,4,4.0,9.783279829708752,10,14,5,3,0.06541773425068767,5.626894612220099,0.01162590358607712,True,True,1,5,0,-4
random_2707,random_cycle_chord,20260823,200,0.9,baseline,237b03a6236ff83b0e5299ac7fc023ee,0,,,10,12,3,3,0.05264831362870532,4.643534356257564,0.0113379830080846,True,True,1,3,0,-2
random_2708,random_cycle_chord,20260823,200,0.9,crossing_rich,35e6984785cd33f6953165239be9a661,4,4.0,10.044577348626408,10,14,5,3,0.06371597109434572,5.5014611327735325,0.011581645231441206,True,True,1,5,0,-4
random_2709,random_cycle_chord,20260823,200,0.9,crossing_rich,9a9d31dddbd26369d4b9887955f66826,5,5.0,12.714855899432749,12,17,6,3,0.05033482133514014,4.457255106171103,0.01129278449094179,True,True,1,6,0,-5
random_2710,random_cycle_chord,20260823,200,0.9,crossing_rich,e4dfd7b460148a3915f7aca370896702,4,4.0,8.122092559479817,8,12,5,3,0.07879742754876817,6.588757120478382,0.01195937657253437,True,True,1,5,0,-4
random_2711,random_cycle_chord,20260823,200,0.9,crossing_rich,e4dfd7b460148a3915f7aca370896702,5,5.0,13.529578921065557,8,12,5,3,0.04730376338642143,4.215450992695403,0.011221518994857278,True,True,1,5,0,-4
random_2712,random_cycle_chord,20260823,200,0.9,baseline,103a02ce2419501dbcecbb0b106c7128,0,,,9,11,3,3,0.06177973953390679,5.348164533224623,0.011551577957280476,True,True,1,3,0,-2
random_2713,random_cycle_chord,20260823,200,0.9,baseline,3a351d58f4eb5873cb60bb786dd613d2,0,,,14,17,4,3,0.048332728014930874,4.288914531751653,0.011269221537784086,True,True,1,4,0,-3
random_2714,random_cycle_chord,20260823,200,0.9,crossing_rich,e4dfd7b460148a3915f7aca370896702,4,4.0,8.107358602867732,8,12,5,3,0.07894063052467168,6.602859839820289,0.011955521158968023,True,True,1,5,0,-4
random_2715,random_cycle_chord,20260823,200,0.9,crossing_rich,e4dfd7b460148a3915f7aca370896702,5,5.0,13.640762772994266,8,12,5,3,0.04691819736555058,4.175679599475055,0.011236062597199482,True,True,1,5,0,-4
random_2716,random_cycle_chord,20260823,200,0.9,crossing_rich,f01bb47f0e11353dcd7e62b1e2f9df0e,4,4.0,8.947334398146067,9,13,5,3,0.07152968376063057,6.075941935411581,0.011772608185036117,True,True,1,5,0,-4
random_2717,random_cycle_chord,20260823,200,0.9,baseline,f2551d12306507df164d13e621c6cf57,0,,,10,12,3,3,0.05322788087314555,4.688184460826067,0.011353623416039117,True,True,1,3,0,-2
random_2718,random_cycle_chord,20260823,200,0.9,baseline,7e6bc2286a474f101d6d3fad2dea3b25,0,,,11,14,4,3,0.04511214173208939,4.027453978395547,0.011201156356865714,True,True,1,4,0,-3
random_2719,random_cycle_chord,20260823,200,0.9,baseline,7e6bc2286a474f101d6d3fad2dea3b25,0,,,11,14,4,3,0.04602750995224002,4.106849536690777,0.011207498482968073,True,True,1,4,0,-3
random_2720,random_cycle_chord,20260823,200,0.9,crossing_rich,e4dfd7b460148a3915f7aca370896702,5,5.0,13.64983194155608,8,12,5,3,0.046887024158265206,4.1734378845089095,0.01123462848993197,True,True,1,5,0,-4
random_2721,random_cycle_chord,20260823,200,0.9,crossing_rich,3121daef6f57004910b13a12729ca2fa,6,6.0,13.45914138239222,13,18,6,3,0.04755132454714186,4.230495462137111,0.011240131320958904,True,True,1,6,0,-5
random_2722,random_cycle_chord,20260823,200,0.9,crossing_rich,6cae8dd6dca8ab370494a907f81c49aa,3,3.0,13.415231241330408,8,11,4,3,0.04770696743774729,4.248975260140016,0.011227876021140969,True,True,1,4,0,-3
random_2723,random_cycle_chord,20260823,200,0.9,baseline,5c25c6be641fc20f13f284ff50ca2a81,0,,,13,16,4,3,0.05176019415409782,4.56718660359347,0.011333058761683355,True,True,1,4,0,-3
random_2724,random_cycle_chord,20260823,200,0.9,crossing_rich,6cae8dd6dca8ab370494a907f81c49aa,3,3.0,13.414727950241291,8,11,4,3,0.047708757298241616,4.253585598107384,0.011216127240855207,True,True,1,4,0,-3
random_2725,random_cycle_chord,20260823,200,0.9,baseline,7e6bc2286a474f101d6d3fad2dea3b25,0,,,11,14,4,3,0.045152547471018246,4.031779019678378,0.011199162268228714,True,True,1,4,0,-3
random_2726,random_cycle_chord,20260823,200,0.9,crossing_rich,ef708e22c6afb49a267da2ce884548df,2,2.0,9.682684903836329,9,12,4,3,0.0660973693098728,5.6683434756590305,0.011660791127726779,True,True,1,4,0,-3
random_2727,random_cycle_chord,20260823,200,0.9,crossing_rich,5abff9f8eb816c43fa70e71b5218041d,7,7.0,14.30220221012822,12,18,7,3,0.04474835347711549,4.000909899842168,0.011184544165536136,True,True,1,7,0,-6
random_2728,random_cycle_chord,20260823,200,0.9,baseline,b73291eb7126cc5eaf4780776629388d,0,,,8,10,3,3,0.07279991905309446,6.178349709089825,0.011783068696481915,True,True,1,3,0,-2
random_2729,random_cycle_chord,20260823,200,0.9,crossing_rich,f01bb47f0e11353dcd7e62b1e2f9df0e,4,4.0,8.949771014397097,9,13,5,3,0.07151020947580229,6.080105423446615,0.011761343676713004,True,True,1,5,0,-4
random_2730,random_cycle_chord,20260823,200,0.9,crossing_rich,f01bb47f0e11353dcd7e62b1e2f9df0e,4,4.0,8.934009908356897,9,13,5,3,0.07163636559226808,6.0710867497461,0.011799595121131153,True,True,1,5,0,-4
random_2731,random_cycle_chord,20260823,200,0.9,crossing_rich,8d92d8721dbd33134985bb942b070fe4,5,5.0,13.467392349688055,9,13,5,3,0.04752219163012833,4.232399538845018,0.011228191288173301,True,True,1,5,0,-4
random_2732,random_cycle_chord,20260823,200,0.9,crossing_rich,e4dfd7b460148a3915f7aca370896702,4,4.0,8.12090148479927,8,12,5,3,0.078808984593392,6.59558544881791,0.011948747416731065,True,True,1,5,0,-4
random_2733,random_cycle_chord,20260823,200,0.9,crossing_rich,8d92d8721dbd33134985bb942b070fe4,5,5.0,13.107248032478253,9,13,5,3,0.048827946065730474,4.33553965957841,0.011262253352441602,True,True,1,5,0,-4
random_2734,random_cycle_chord,20260823,200,0.9,crossing_rich,e4dfd7b460148a3915f7aca370896702,4,4.0,8.137212687761846,8,12,5,3,0.07865101043291436,6.5846633543342366,0.011944575781713084,True,True,1,5,0,-4
random_2735,random_cycle_chord,20260823,200,0.9,crossing_rich,f8e101deee8812cdf51fe0521efd7a68,5,5.0,13.301177344197834,10,14,5,3,0.04811604141788075,4.28010940862267,0.011241778380932646,True,True,1,5,0,-4
random_2736,random_cycle_chord,20260823,200,0.9,baseline,b73291eb7126cc5eaf4780776629388d,0,,,8,10,3,3,0.07250871700278433,6.152454474726144,0.011785331740469612,True,True,1,3,0,-2
random_2737,random_cycle_chord,20260823,200,0.9,crossing_rich,e4dfd7b460148a3915f7aca370896702,5,5.0,13.44914075722113,8,12,5,3,0.047586683160883,4.230426226648241,0.011248673445981787,True,True,1,5,0,-4
random_2738,random_cycle_chord,20260823,200,0.9,baseline,103a02ce2419501dbcecbb0b106c7128,0,,,9,11,3,3,0.0620156493843694,5.355023713794685,0.011580835622560444,True,True,1,3,0,-2
random_2739,random_cycle_chord,20260823,200,0.9,crossing_rich,f01bb47f0e11353dcd7e62b1e2f9df0e,4,4.0,8.918968500023485,9,13,5,3,0.0717571768527173,6.078862291535254,0.011804376116997806,True,True,1,5,0,-4
random_2740,random_cycle_chord,20260823,200,0.9,baseline,5a09f2d469638693e252e3673038fcb1,0,,,14,17,4,3,0.04830393565889338,4.297981205475211,0.011238749857109391,True,True,1,4,0,-3
random_2741,random_cycle_chord,20260823,200,0.9,baseline,1d8c899343a1e845cae1da6413821259,0,,,14,16,3,3,0.04830194304864088,4.296637264882183,0.011241801453296606,True,True,1,3,0,-2
random_2742,random_cycle_chord,20260823,200,0.9,crossing_rich,e4dfd7b460148a3915f7aca370896702,5,5.0,13.265433765521887,8,12,5,3,0.048245689610498854,4.297235033670543,0.011227147045128952,True,True,1,5,0,-4
random_2743,random_cycle_chord,20260823,200,0.9,baseline,3ddc013bba7f8602e9b01edf73e915d5,0,,,9,11,3,3,0.06174549088360918,5.350218569564188,0.011540741762376032,True,True,1,3,0,-2
random_2744,random_cycle_chord,20260823,200,0.9,baseline,3ddc013bba7f8602e9b01edf73e915d5,0,,,9,11,3,3,0.06234087197640546,5.3942321720156885,0.011556950088247732,True,True,1,3,0,-2
random_2745,random_cycle_chord,20260823,200,0.9,crossing_rich,f01bb47f0e11353dcd7e62b1e2f9df0e,4,4.0,8.944804824498489,9,13,5,3,0.07154991221799892,6.082036528606882,0.011764137206585925,True,True,1,5,0,-4
random_2746,random_cycle_chord,20260823,200,0.9,crossing_rich,9e29c665f19ef85c09f08031b7489ca3,6,6.0,10.629795529541237,11,16,6,3,0.060208119546738,5.220177293162445,0.011533730784508128,True,True,1,6,0,-5
random_2747,random_cycle_chord,20260823,200,0.9,baseline,3ddc013bba7f8602e9b01edf73e915d5,0,,,9,11,3,3,0.062302780696969574,5.384480668476276,0.011570805901806737,True,True,1,3,0,-2
random_2748,random_cycle_chord,20260823,200,0.9,crossing_rich,e4dfd7b460148a3915f7aca370896702,5,5.0,13.452320957095832,8,12,5,3,0.04757543341711697,4.2321923441459175,0.011241321175519018,True,True,1,5,0,-4
random_2749,random_cycle_chord,20260823,200,0.9,crossing_rich,e4dfd7b460148a3915f7aca370896702,5,5.0,13.725037359830633,8,12,5,3,0.04663010986571898,4.159935207593939,0.011209335611909524,True,True,1,5,0,-4
random_2750,random_cycle_chord,20260823,200,0.9,crossing_rich,35e6984785cd33f6953165239be9a661,4,4.0,10.144055950242201,10,14,5,3,0.06309113466440604,5.444633189732379,0.011587765872526514,True,True,1,5,0,-4
random_2751,random_cycle_chord,20260823,200,0.9,baseline,19fca4749c1a57391a2f17cdb3a8fecb,0,,,11,13,3,3,0.06017650628668438,5.225535216392656,0.011515855083687684,True,True,1,3,0,-2
random_2752,random_cycle_chord,20260823,200,0.9,crossing_rich,e4dfd7b460148a3915f7aca370896702,5,5.0,13.531718444985362,8,12,5,3,0.04729628410478595,4.206659462077308,0.011243192973226878,True,True,1,5,0,-4
random_2753,random_cycle_chord,20260823,200,0.9,baseline,b73291eb7126cc5eaf4780776629388d,0,,,8,10,3,3,0.07314348553930687,6.189315541353027,0.011817701820275462,True,True,1,3,0,-2
random_2754,random_cycle_chord,20260823,200,0.9,baseline,b73291eb7126cc5eaf4780776629388d,0,,,8,10,3,3,0.07198717586829989,6.1077590735820655,0.011786184589314687,True,True,1,3,0,-2
random_2755,random_cycle_chord,20260823,200,0.9,baseline,b73291eb7126cc5eaf4780776629388d,0,,,8,10,3,3,0.07282387335783778,6.1647775397038025,0.011812895581198335,True,True,1,3,0,-2
random_2756,random_cycle_chord,20260823,200,0.9,crossing_rich,7e34be1a88a2550a4be4d370c1ec57a1,4,4.0,11.174689848202757,11,15,5,3,0.05727228305159022,4.990828530556677,0.011475506060954986,True,True,1,5,0,-4
random_2757,random_cycle_chord,20260823,200,0.9,baseline,4e9cca7c282396d17b6e561d68fe510e,0,,,10,13,4,3,0.05296351121646536,4.663568909767389,0.011356862574827287,True,True,1,4,0,-3
random_2758,random_cycle_chord,20260823,200,0.9,crossing_rich,9e29c665f19ef85c09f08031b7489ca3,6,6.0,10.624387768341338,11,16,6,3,0.06023876518391759,5.224343426214428,0.011530399185025771,True,True,1,6,0,-5
random_2759,random_cycle_chord,20260823,200,0.9,baseline,78d712f24f5cff365e8a82f9a84c6043,0,,,10,12,3,3,0.05301793488817893,4.662629345389584,0.011370823404739034,True,True,1,3,0,-2
random_2760,random_cycle_chord,20260823,200,0.9,baseline,b7f57d3553d50f25c5be44b65115c3b8,0,,,13,15,3,3,0.051780327806857984,4.561669749946591,0.01135117854760622,True,True,1,3,0,-2
random_2761,random_cycle_chord,20260823,200,0.9,crossing_rich,e4dfd7b460148a3915f7aca370896702,5,5.0,13.823663743731949,8,12,5,3,0.046297422439126865,4.127371581022727,0.011217168488535934,True,True,1,5,0,-4
random_2762,random_cycle_chord,20260823,200,0.9,baseline,2628a87ca662ceb07ab825aa2ed1faee,0,,,11,13,3,3,0.04512967049289564,4.033392579518152,0.011189010145470898,True,True,1,3,0,-2
random_2763,random_cycle_chord,20260823,200,0.9,baseline,103a02ce2419501dbcecbb0b106c7128,0,,,9,11,3,3,0.062106289968001854,5.3624086586265785,0.01158178981157854,True,True,1,3,0,-2
random_2764,random_cycle_chord,20260823,200,0.9,crossing_rich,cbd367df182ccb02b6db0d327f7ca73e,5,5.0,12.249432736657248,11,16,6,3,0.052247317386768216,4.608656377187295,0.011336778685733831,True,True,1,6,0,-5
random_2765,random_cycle_chord,20260823,200,0.9,baseline,4ca7af1950eb0912a81fec832cb4eb96,0,,,10,12,3,3,0.06545983790916188,5.619102327929571,0.011649518746757077,True,True,1,3,0,-2
random_2766,random_cycle_chord,20260823,200,0.9,baseline,19fca4749c1a57391a2f17cdb3a8fecb,0,,,11,13,3,3,0.06022291052793689,5.228540797177242,0.011518110475574701,True,True,1,3,0,-2
random_2767,random_cycle_chord,20260823,200,0.9,baseline,3ddc013bba7f8602e9b01edf73e915d5,0,,,9,11,3,3,0.062270979233726376,5.38647235605567,0.011560623561674657,True,True,1,3,0,-2
random_2768,random_cycle_chord,20260823,200,0.9,baseline,8f34f4541eedc7b1aecfd95c1d8d238c,0,,,11,14,4,3,0.045331520806309554,4.0457121959173765,0.011204830845865571,True,True,1,4,0,-3
random_2769,random_cycle_chord,20260823,200,0.9,crossing_rich,76f64aeb3bec290543374c9120128d8d,4,4.0,10.155609166194276,10,14,5,3,0.06301936097840542,5.4373582214077985,0.0115900697383313,True,True,1,5,0,-4
random_2770,random_cycle_chord,20260823,200,0.9,crossing_rich,6cae8dd6dca8ab370494a907f81c49aa,2,2.0,8.123262691984246,8,11,4,3,0.07878607700715254,6.598901273501192,0.011939271969945818,True,True,1,4,0,-3
random_2771,random_cycle_chord,20260823,200,0.9,crossing_rich,ef708e22c6afb49a267da2ce884548df,2,2.0,9.756106808391875,9,12,4,3,0.06559993782043197,5.636686802676782,0.011638031367873676,True,True,1,4,0,-3
random_2772,random_cycle_chord,20260823,200,0.9,crossing_rich,e4dfd7b460148a3915f7aca370896702,5,5.0,13.724463683622321,8,12,5,3,0.046632058982656266,4.1577346065429435,0.01121573726934671,True,True,1,5,0,-4
random_2773,random_cycle_chord,20260823,200,0.9,crossing_rich,f8e101deee8812cdf51fe0521efd7a68,5,5.0,13.320034595982184,10,14,5,3,0.04804792325337111,4.272004018535649,0.011247162466350135,True,True,1,5,0,-4
random_2774,random_cycle_chord,20260823,200,0.9,crossing_rich,8d92d8721dbd33134985bb942b070fe4,5,5.0,13.607154351752213,9,13,5,3,0.04703408100295315,4.1900948870035695,0.01122506345830948,True,True,1,5,0,-4
random_2775,random_cycle_chord,20260823,200,0.9,crossing_rich,d3b9e56b5337f4aa08cbf81ed5c2928d,2,2.0,8.337048308165018,8,11,4,3,0.07676577804799405,6.4663416912146126,0.011871593199643407,True,True,1,4,0,-3
random_2776,random_cycle_chord,20260823,200,0.9,crossing_rich,8d92d8721dbd33134985bb942b070fe4,5,5.0,13.187388253426368,9,13,5,3,0.048531216924906584,4.309228121486294,0.011262160079881707,True,True,1,5,0,-4
random_2777,random_cycle_chord,20260823,200,0.9,baseline,e756644711763e07d0e3622d4415d4c4,0,,,11,13,3,3,0.04557337557304716,4.065975960728582,0.011208471474799586,True,True,1,3,0,-2
random_2778,random_cycle_chord,20260823,200,0.9,crossing_rich,76f64aeb3bec290543374c9120128d8d,4,4.0,10.265618437263875,10,14,5,3,0.06234402767950346,5.391423438603187,0.011563556153485059,True,True,1,5,0,-4
random_2779,random_cycle_chord,20260823,200,0.9,crossing_rich,e4dfd7b460148a3915f7aca370896702,5,5.0,13.917989918685185,8,12,5,3,0.04598365164360314,4.103076426705897,0.011207115554637753,True,True,1,5,0,-4
random_2780,random_cycle_chord,20260823,200,0.9,baseline,3ddc013bba7f8602e9b01edf73e915d5,0,,,9,11,3,3,0.06271224301979772,5.410993462277433,0.011589783550284085,True,True,1,3,0,-2
random_2781,random_cycle_chord,20260823,200,0.9,baseline,4ca7af1950eb0912a81fec832cb4eb96,0,,,10,12,3,3,0.06541120638883699,5.621845538364812,0.011635183845314737,True,True,1,3,0,-2
random_2782,random_cycle_chord,20260823,200,0.9,crossing_rich,6cae8dd6dca8ab370494a907f81c49aa,2,2.0,8.10542015905913,8,11,4,3,0.07895950949374234,6.601981617968433,0.01195997112122221,True,True,1,4,0,-3
random_2783,random_cycle_chord,20260823,200,0.9,baseline,237b03a6236ff83b0e5299ac7fc023ee,0,,,10,12,3,3,0.053522986222931626,4.708707343947946,0.011366810955393986,True,True,1,3,0,-2
random_2784,random_cycle_chord,20260823,200,0.9,baseline,103a02ce2419501dbcecbb0b106c7128,0,,,9,11,3,3,0.06245636322583676,5.390747406639879,0.011585844877262873,True,True,1,3,0,-2
random_2785,random_cycle_chord,20260823,200,0.9,crossing_rich,6cae8dd6dca8ab370494a907f81c49aa,2,2.0,8.121772588353203,8,11,4,3,0.07880053190824056,6.586711597482869,0.01196356189913559,True,True,1,4,0,-3
random_2786,random_cycle_chord,20260823,200,0.9,baseline,b73291eb7126cc5eaf4780776629388d,0,,,8,10,3,3,0.07239860233404155,6.137762326301547,0.011795602124213734,True,True,1,3,0,-2
random_2787,random_cycle_chord,20260823,200,0.9,crossing_rich,e4dfd7b460148a3915f7aca370896702,5,5.0,13.930782851549623,8,12,5,3,0.045941423882636154,4.097320121077225,0.011212554187871879,True,True,1,5,0,-4
random_2788,random_cycle_chord,20260823,200,0.9,baseline,3ddc013bba7f8602e9b01edf73e915d5,0,,,9,11,3,3,0.06168249523854344,5.337348435300937,0.011556767557197261,True,True,1,3,0,-2
random_2789,random_cycle_chord,20260823,200,0.9,baseline,19fca4749c1a57391a2f17cdb3a8fecb,0,,,11,13,3,3,0.06016227741037602,5.227740990388811,0.01150827432364844,True,True,1,3,0,-2
random_2790,random_cycle_chord,20260823,200,0.9,crossing_rich,e7776783807ce23ed507aaa65b87c906,4,4.0,10.633045931539533,11,15,5,3,0.06018971460488518,5.223479761711739,0.011522915250113069,True,True,1,5,0,-4
random_2791,random_cycle_chord,20260823,200,0.9,baseline,2226627352f2e0a6e64c2716162ef8cd,0,,,15,18,4,3,0.0452820162724482,4.052684453710694,0.011173338755991071,True,True,1,4,0,-3
random_2792,random_cycle_chord,20260823,200,0.9,baseline,f2551d12306507df164d13e621c6cf57,0,,,10,12,3,3,0.05251833642128504,4.62648645837197,0.011351667597826689,True,True,1,3,0,-2
random_2793,random_cycle_chord,20260823,200,0.9,crossing_rich,74b2009f75f7aa39b3078aa9dd4b778d,2,2.0,8.921506484712056,9,12,4,3,0.07173676341509223,6.08478587713304,0.011789529634014393,True,True,1,4,0,-3
random_2794,random_cycle_chord,20260823,200,0.9,baseline,3ddc013bba7f8602e9b01edf73e915d5,0,,,9,11,3,3,0.06248244292006611,5.395796496420652,0.011579836815846256,True,True,1,3,0,-2
random_2795,random_cycle_chord,20260823,200,0.9,baseline,8f34f4541eedc7b1aecfd95c1d8d238c,0,,,11,14,4,3,0.045270591562006496,4.041614662942833,0.011201115231763209,True,True,1,4,0,-3
random_2796,random_cycle_chord,20260823,200,0.9,crossing_rich,6cae8dd6dca8ab370494a907f81c49aa,3,3.0,13.629251038936848,8,11,4,3,0.04695782608828689,4.1872973165696985,0.01121435201232749,True,True,1,4,0,-3
random_2797,random_cycle_chord,20260823,200,0.9,baseline,103a02ce2419501dbcecbb0b106c7128,0,,,9,11,3,3,0.06197694153392528,5.3693193959298515,0.011542792850227192,True,True,1,3,0,-2
random_2798,random_cycle_chord,20260823,200,0.9,crossing_rich,e639d786283c9628f30f2b58fa8c4d66,6,6.0,12.363104779442496,13,18,6,3,0.0517669316419771,4.563455230377858,0.011343801796800085,True,True,1,6,0,-5
random_2799,random_cycle_chord,20260823,200,0.9,baseline,4ca7af1950eb0912a81fec832cb4eb96,0,,,10,12,3,3,0.06549461401087715,5.617738477733417,0.011658537375933916,True,True,1,3,0,-2
random_2800,random_cycle_chord,20260823,200,0.9,baseline,4e9cca7c282396d17b6e561d68fe510e,0,,,10,13,4,3,0.05245906611508024,4.619275934105915,0.011356556062770466,True,True,1,4,0,-3
random_2801,random_cycle_chord,20260823,200,0.9,crossing_rich,e4dfd7b460148a3915f7aca370896702,4,4.0,8.135991697424217,8,12,5,3,0.07866281380333984,6.583823681966615,0.011947891924688198,True,True,1,5,0,-4
random_2802,random_cycle_chord,20260823,200,0.9,baseline,b73291eb7126cc5eaf4780776629388d,0,,,8,10,3,3,0.07335144336324093,6.202009617021833,0.011827044440873317,True,True,1,3,0,-2
random_2803,random_cycle_chord,20260823,200,0.9,baseline,8f34f4541eedc7b1aecfd95c1d8d238c,0,,,11,14,4,3,0.044937744591113625,4.017591378379868,0.011185245177730145,True,True,1,4,0,-3
random_2804,random_cycle_chord,20260823,200,0.9,crossing_rich,e4dfd7b460148a3915f7aca370896702,5,5.0,13.393002206703304,8,12,5,3,0.04778614907415418,4.260409606509568,0.011216327416298362,True,True,1,5,0,-4
random_2805,random_cycle_chord,20260823,200,0.9,baseline,4ca7af1950eb0912a81fec832cb4eb96,0,,,10,12,3,3,0.06559044072875293,5.6273203786693236,0.011655714676807314,True,True,1,3,0,-2
random_2806,random_cycle_chord,20260823,200,0.9,baseline,3ddc013bba7f8602e9b01edf73e915d5,0,,,9,11,3,3,0.06188164516369244,5.362970642947056,0.011538688030126393,True,True,1,3,0,-2
random_2807,random_cycle_chord,20260823,200,0.9,baseline,7e6bc2286a474f101d6d3fad2dea3b25,0,,,11,14,4,3,0.04566441604398888,4.071015109161649,0.011216960590792953,True,True,1,4,0,-3
random_2808,random_cycle_chord,20260823,200,0.9,baseline,ca62a37d3738941a9501a139c3aa3dc2,0,,,12,14,3,3,0.055664628319672005,4.879377646119826,0.011408141028792387,True,True,1,3,0,-2
random_2809,random_cycle_chord,20260823,200,0.9,baseline,4e9cca7c282396d17b6e561d68fe510e,0,,,10,13,4,3,0.05250919470146857,4.6274853468206425,0.011347241701704255,True,True,1,4,0,-3
random_2810,random_cycle_chord,20260823,200,0.9,crossing_rich,10dcbb082454d7818e1cb8b6962bec8a,3,3.0,12.78976017107231,11,15,5,3,0.05004003135629881,4.439981336824088,0.011270324706385447,True,True,1,5,0,-4
random_2811,random_cycle_chord,20260823,200,0.9,baseline,237b03a6236ff83b0e5299ac7fc023ee,0,,,10,12,3,3,0.0526225420970234,4.6417732993326135,0.011336732473468574,True,True,1,3,0,-2
random_2812,random_cycle_chord,20260823,200,0.9,crossing_rich,e4dfd7b460148a3915f7aca370896702,5,5.0,13.664839551353673,8,12,5,3,0.046835529798562474,4.172487960623829,0.011224844802562377,True,True,1,5,0,-4
random_2813,random_cycle_chord,20260823,200,0.9,crossing_rich,c3024cdf43e7f0d6ca675cff2f56acd5,4,4.0,10.62460541592706,11,15,5,3,0.06023753117839023,5.224241878370684,0.011530387103205274,True,True,1,5,0,-4
random_2814,random_cycle_chord,20260823,200,0.9,crossing_rich,9e29c665f19ef85c09f08031b7489ca3,6,6.0,10.634508080017277,11,16,6,3,0.06018143906464175,5.224127180895908,0.011519903130367697,True,True,1,6,0,-5
random_2815,random_cycle_chord,20260823,200,0.9,crossing_rich,2c8b3e95d62a28423936c85308a28eeb,6,6.0,9.771712258980545,10,15,6,3,0.06549517454444258,5.624720939314028,0.011644164261850498,True,True,1,6,0,-5
random_2816,random_cycle_chord,20260823,200,0.9,baseline,b73291eb7126cc5eaf4780776629388d,0,,,8,10,3,3,0.07342486798161689,6.205125912375901,0.01183293764195399,True,True,1,3,0,-2
random_2817,random_cycle_chord,20260823,200,0.9,crossing_rich,8d92d8721dbd33134985bb942b070fe4,5,5.0,13.021733229027896,9,13,5,3,0.049148603242256526,4.354535704722632,0.011286760879915007,True,True,1,5,0,-4
random_2818,random_cycle_chord,20260823,200,0.9,baseline,c9b2747d4897680c32f2a02811ccda66,0,,,11,13,3,3,0.060231188023511385,5.2266573637936755,0.01152384475032694,True,True,1,3,0,-2
random_2819,random_cycle_chord,20260823,200,0.9,crossing_rich,0ba4cef7d36938b0547a48dd8590384b,4,4.0,12.187586284756932,11,15,5,3,0.05251244873650255,4.621256560408789,0.011363240289748677,True,True,1,5,0,-4
random_2820,random_cycle_chord,20260823,200,0.9,baseline,78d712f24f5cff365e8a82f9a84c6043,0,,,10,12,3,3,0.05264291692147128,4.639507144295657,0.01134666146299538,True,True,1,3,0,-2
random_2821,random_cycle_chord,20260823,200,0.9,baseline,7c306ea22fa11127d6be2c859c9e00b5,0,,,13,16,4,3,0.05173509941366876,4.57067462293896,0.011318919783531408,True,True,1,4,0,-3
random_2822,random_cycle_chord,20260823,200,0.9,crossing_rich,ff2f93083e3bcdf98d470595ef9c7f5b,3,3.0,12.624703769420773,12,16,5,3,0.05069425878729854,4.4853277589165845,0.01130224177854587,True,True,1,5,0,-4
random_2823,random_cycle_chord,20260823,200,0.9,crossing_rich,a17d4027c28a77bd091908d86be3664e,2,2.0,8.942173131075837,9,12,4,3,0.07157096945214271,6.0784115446178975,0.01177461725432443,True,True,1,4,0,-3
random_2824,random_cycle_chord,20260823,200,0.9,crossing_rich,f8e101deee8812cdf51fe0521efd7a68,5,5.0,12.979874836919988,10,14,5,3,0.04930710103456332,4.374496272642456,0.011271492295678401,True,True,1,5,0,-4
random_2825,random_cycle_chord,20260823,200,0.9,crossing_rich,748a628f2d4ade0213315cc4014b52e0,3,3.0,11.424748721659556,10,14,5,3,0.05601873753132609,4.895814930174264,0.011442168123240748,True,True,1,5,0,-4
random_2826,random_cycle_chord,20260823,200,0.9,crossing_rich,7272a6665a131dd6ed0f15277302953e,5,5.0,14.167211110246164,12,17,6,3,0.045174734463943454,4.039029547640961,0.011184551618427314,True,True,1,6,0,-5
random_2827,random_cycle_chord,20260823,200,0.9,crossing_rich,72ef74d557b06956ea26da6588bd6c40,2,2.0,9.774325899975814,10,13,4,3,0.06547766122690708,5.622550983559083,0.011645543351829178,True,True,1,4,0,-3
random_2828,random_cycle_chord,20260823,200,0.9,crossing_rich,cbd367df182ccb02b6db0d327f7ca73e,5,5.0,12.209727670458506,11,16,6,3,0.052417221519893774,4.622400940937522,0.011339825815556025,True,True,1,6,0,-5
random_2829,random_cycle_chord,20260823,200,0.9,crossing_rich,e4dfd7b460148a3915f7aca370896702,5,5.0,13.393209347331435,8,12,5,3,0.04778541000910424,4.2486295621236065,0.0112472526282615,True,True,1,5,0,-4
random_2830,random_cycle_chord,20260823,200,0.9,baseline,e756644711763e07d0e3622d4415d4c4,0,,,11,13,3,3,0.04527638766410089,4.051117563503633,0.011176270980628698,True,True,1,3,0,-2
random_2831,random_cycle_chord,20260823,200,0.9,crossing_rich,cbd367df182ccb02b6db0d327f7ca73e,5,5.0,12.146492575694529,11,16,6,3,0.0526901075361177,4.6433854785847934,0.011347347270461064,True,True,1,6,0,-5
random_2832,random_cycle_chord,20260823,200,0.9,baseline,19fca4749c1a57391a2f17cdb3a8fecb,0,,,11,13,3,3,0.06021004608651872,5.22632961464726,0.011520522149574079,True,True,1,3,0,-2
random_2833,random_cycle_chord,20260823,200,0.9,crossing_rich,2c8b3e95d62a28423936c85308a28eeb,6,6.0,9.782915331867516,10,15,6,3,0.0654201716246303,5.619861506774006,0.011640886798682649,True,True,1,6,0,-5
random_2834,random_cycle_chord,20260823,200,0.9,crossing_rich,8d92d8721dbd33134985bb942b070fe4,5,5.0,13.492294391494907,9,13,5,3,0.04743448233707639,4.215351301297562,0.011252794594480224,True,True,1,5,0,-4
random_2835,random_cycle_chord,20260823,200,0.9,crossing_rich,d3b9e56b5337f4aa08cbf81ed5c2928d,2,2.0,8.548089343918546,8,11,4,3,0.07487053237871474,6.3163857028537365,0.011853381965716298,True,True,1,4,0,-3
random_2836,random_cycle_chord,20260823,200,0.9,crossing_rich,9864390659db0a33d7b4bc27549e7f6e,4,4.0,9.784455013165692,10,14,5,3,0.06540987711005199,5.6224309598552455,0.011633735936836835,True,True,1,5,0,-4
random_2837,random_cycle_chord,20260823,200,0.9,baseline,8f34f4541eedc7b1aecfd95c1d8d238c,0,,,11,14,4,3,0.0455607823273247,4.066381618521219,0.011204256413074517,True,True,1,4,0,-3
random_2838,random_cycle_chord,20260823,200,0.9,baseline,b73291eb7126cc5eaf4780776629388d,0,,,8,10,3,3,0.0733696625101265,6.196858620611748,0.011839815461673953,True,True,1,3,0,-2
random_2839,random_cycle_chord,20260823,200,0.9,baseline,3ddc013bba7f8602e9b01edf73e915d5,0,,,9,11,3,3,0.062390509545753335,5.401495771779333,0.011550598608577819,True,True,1,3,0,-2
random_2840,random_cycle_chord,20260823,200,0.9,crossing_rich,8d92d8721dbd33134985bb942b070fe4,5,5.0,13.260114802777178,9,13,5,3,0.04826504215981293,4.288946517438247,0.011253356031271112,True,True,1,5,0,-4
random_2841,random_cycle_chord,20260823,200,0.9,crossing_rich,f61befc086c76698e58b129c58523394,3,3.0,11.292532264567086,10,14,5,3,0.05667462221986711,4.958055044508744,0.011430817469974775,True,True,1,5,0,-4
random_2842,random_cycle_chord,20260823,200,0.9,crossing_rich,6cae8dd6dca8ab370494a907f81c49aa,3,3.0,13.721689766392563,8,11,4,3,0.04664148591724474,4.162756469322498,0.01120447142679855,True,True,1,4,0,-3
random_2843,random_cycle_chord,20260823,200,0.9,baseline,3ddc013bba7f8602e9b01edf73e915d5,0,,,9,11,3,3,0.06250105629632143,5.40544142144892,0.011562618373462666,True,True,1,3,0,-2
random_2844,random_cycle_chord,20260823,200,0.9,baseline,7e6bc2286a474f101d6d3fad2dea3b25,0,,,11,14,4,3,0.04589451196755774,4.090723396799864,0.011219167740224287,True,True,1,4,0,-3
random_2845,random_cycle_chord,20260823,200,0.9,crossing_rich,d3b9e56b5337f4aa08cbf81ed5c2928d,2,2.0,8.540763420955976,8,11,4,3,0.07493475330667386,6.315484238151137,0.011865242708389859,True,True,1,4,0,-3
random_2846,random_cycle_chord,20260823,200,0.9,crossing_rich,cbd367df182ccb02b6db0d327f7ca73e,5,5.0,12.222706386080333,11,16,6,3,0.052361562143786386,4.617457171722005,0.011339912899345635,True,True,1,6,0,-5
random_2847,random_cycle_chord,20260823,200,0.9,baseline,4ca7af1950eb0912a81fec832cb4eb96,0,,,10,12,3,3,0.06541291317489825,5.624378276675463,0.011630247817108674,True,True,1,3,0,-2
random_2848,random_cycle_chord,20260823,200,0.9,crossing_rich,b497a8280ab5258c0901c20c694e809b,3,3.0,12.54772763810193,9,12,4,3,0.05100525118640617,4.503518398207473,0.011325645123756506,True,True,1,4,0,-3
random_2849,random_cycle_chord,20260823,200,0.9,crossing_rich,e4dfd7b460148a3915f7aca370896702,5,5.0,13.829429174993027,8,12,5,3,0.04627812123708444,4.128737688184549,0.011208782134433307,True,True,1,5,0,-4
random_2850,random_cycle_chord,20260823,200,0.9,crossing_rich,9196592555d997b5ed44ca4d7cf63987,6,6.0,11.514830204922648,12,17,6,3,0.05558049824533207,4.872793533051166,0.011406290430394983,True,True,1,6,0,-5
random_2851,random_cycle_chord,20260823,200,0.9,crossing_rich,e4dfd7b460148a3915f7aca370896702,5,5.0,13.627766673879686,8,12,5,3,0.046962940833635405,4.177114749142394,0.0112429137464508,True,True,1,5,0,-4
random_2852,random_cycle_chord,20260823,200,0.9,crossing_rich,748a628f2d4ade0213315cc4014b52e0,4,4.0,9.78512138675539,10,14,5,3,0.06540542265180985,5.620856478242091,0.011636202223805087,True,True,1,5,0,-4
random_2853,random_cycle_chord,20260823,200,0.9,crossing_rich,3766c050500c74590e361b5f3d5119d1,2,2.0,9.18290080996301,9,12,4,3,0.0696947525890327,5.941937165644695,0.011729298147411641,True,True,1,4,0,-3
random_2854,random_cycle_chord,20260823,200,0.9,baseline,8f34f4541eedc7b1aecfd95c1d8d238c,0,,,11,14,4,3,0.04524397871853232,4.0368034489491675,0.011207872587977976,True,True,1,4,0,-3
random_2855,random_cycle_chord,20260823,200,0.9,baseline,b73291eb7126cc5eaf4780776629388d,0,,,8,10,3,3,0.07273139394939863,6.168858557304535,0.011790089410183916,True,True,1,3,0,-2
random_2856,random_cycle_chord,20260823,200,0.9,baseline,4ca7af1950eb0912a81fec832cb4eb96,0,,,10,12,3,3,0.06541524253518755,5.624681702544555,0.011630034550327406,True,True,1,3,0,-2
random_2857,random_cycle_chord,20260823,200,0.9,crossing_rich,76f64aeb3bec290543374c9120128d8d,4,4.0,9.885129129532622,10,14,5,3,0.06474371670957219,5.574428747344268,0.011614412820401902,True,True,1,5,0,-4
random_2858,random_cycle_chord,20260823,200,0.9,baseline,19fca4749c1a57391a2f17cdb3a8fecb,0,,,11,13,3,3,0.06032149431921774,5.228671186031717,0.011536677708930198,True,True,1,3,0,-2
random_2859,random_cycle_chord,20260823,200,0.9,baseline,7e6bc2286a474f101d6d3fad2dea3b25,0,,,11,14,4,3,0.0455098941308961,4.060348814460629,0.011208370563833336,True,True,1,4,0,-3
random_2860,random_cycle_chord,20260823,200,0.9,baseline,5c25c6be641fc20f13f284ff50ca2a81,0,,,13,16,4,3,0.05173317770094398,4.564500678918259,0.01133380874273508,True,True,1,4,0,-3
random_2861,random_cycle_chord,20260823,200,0.9,baseline,7e6bc2286a474f101d6d3fad2dea3b25,0,,,11,14,4,3,0.04578853308556088,4.082325042241461,0.011216287927043656,True,True,1,4,0,-3
random_2862,random_cycle_chord,20260823,200,0.9,crossing_rich,a9ca2a8949c4cb974344fa065ab4c92a,4,4.0,10.634662700728327,11,15,5,3,0.06018056406774132,5.225869025934789,0.011515895972340482,True,True,1,5,0,-4
random_2863,random_cycle_chord,20260823,200,0.9,crossing_rich,2c8b3e95d62a28423936c85308a28eeb,6,6.0,9.784185394306421,10,15,6,3,0.06541167958371134,5.623654532657354,0.011631525230409605,True,True,1,6,0,-5
random_2864,random_cycle_chord,20260823,200,0.9,crossing_rich,f01bb47f0e11353dcd7e62b1e2f9df0e,4,4.0,8.942478616570305,9,13,5,3,0.07156852450439051,6.085027284065907,0.01176141390389456,True,True,1,5,0,-4
random_2865,random_cycle_chord,20260823,200,0.9,crossing_rich,f8e101deee8812cdf51fe0521efd7a68,5,5.0,11.898645508332773,10,14,5,3,0.05378763486581727,4.723452975583126,0.011387354789782152,True,True,1,5,0,-4
random_2866,random_cycle_chord,20260823,200,0.9,crossing_rich,f01bb47f0e11353dcd7e62b1e2f9df0e,4,4.0,8.94976671991624,9,13,5,3,0.07151024378945932,6.080059158358987,0.01176143881612494,True,True,1,5,0,-4
random_2867,random_cycle_chord,20260823,200,0.9,crossing_rich,6b7f16b2cf53d00a6966ec7ac1369396,8,8.0,14.324746983876011,12,17,6,3,0.044677926997271675,4.001483195782933,0.011165341652404454,True,True,1,6,0,-5
random_2868,random_cycle_chord,20260823,200,0.9,crossing_rich,8d92d8721dbd33134985bb942b070fe4,5,5.0,13.095409189095484,9,13,5,3,0.04887208874182614,4.333277815880766,0.011278318819697597,True,True,1,5,0,-4
random_2869,random_cycle_chord,20260823,200,0.9,crossing_rich,8d92d8721dbd33134985bb942b070fe4,5,5.0,13.428419137791577,9,13,5,3,0.04766011497204828,4.2358901121193915,0.0112514993804223,True,True,1,5,0,-4
random_2870,random_cycle_chord,20260823,200,0.9,crossing_rich,f8e101deee8812cdf51fe0521efd7a68,5,5.0,11.878319304720069,10,14,5,3,0.05387967637354926,4.727232929283337,0.01139771980343638,True,True,1,5,0,-4
random_2871,random_cycle_chord,20260823,200,0.9,baseline,b73291eb7126cc5eaf4780776629388d,0,,,8,10,3,3,0.07327437624284307,6.210417824923604,0.011798622622262044,True,True,1,3,0,-2
random_2872,random_cycle_chord,20260823,200,0.9,crossing_rich,d3b9e56b5337f4aa08cbf81ed5c2928d,2,2.0,8.498957614049425,8,11,4,3,0.075303352371358,6.355316188163861,0.011848875829593333,True,True,1,4,0,-3
random_2873,random_cycle_chord,20260823,200,0.9,crossing_rich,d1bce565667ffa3c2cb8aec95985a8d6,2,2.0,11.028554057090439,11,14,4,3,0.05803117948980206,5.054846541620904,0.011480304893923366,True,True,1,4,0,-3
random_2874,random_cycle_chord,20260823,200,0.9,crossing_rich,9e29c665f19ef85c09f08031b7489ca3,6,6.0,10.621889003362691,11,16,6,3,0.060252936158284844,5.2210700253791495,0.011540342471064507,True,True,1,6,0,-5
random_2875,random_cycle_chord,20260823,200,0.9,crossing_rich,35e6984785cd33f6953165239be9a661,4,4.0,9.796341379243493,10,14,5,3,0.06533051220081337,5.6163993299479404,0.01163209885245445,True,True,1,5,0,-4
random_2876,random_cycle_chord,20260823,200,0.9,crossing_rich,d86c5f9e478e64f89adb822abc677322,4,4.0,10.616618841992041,11,15,5,3,0.06028284612315554,5.222863135750408,0.011542107184567121,True,True,1,5,0,-4
random_2877,random_cycle_chord,20260823,200,0.9,baseline,3ddc013bba7f8602e9b01edf73e915d5,0,,,9,11,3,3,0.06250108511908808,5.394887612480963,0.011585243217021444,True,True,1,3,0,-2
random_2878,random_cycle_chord,20260823,200,0.9,crossing_rich,e4dfd7b460148a3915f7aca370896702,5,5.0,13.89660592879834,8,12,5,3,0.046054410931644064,4.107423815845029,0.011212480863061168,True,True,1,5,0,-4
random_2879,random_cycle_chord,20260823,200,0.9,crossing_rich,fae36ee7f76a92113e0c83a20912d0aa,2,2.0,10.07766950187491,10,13,4,3,0.06350674626518865,5.472076791399139,0.011605602166440139,True,True,1,4,0,-3
random_2880,random_cycle_chord,20260823,200,0.9,crossing_rich,f01bb47f0e11353dcd7e62b1e2f9df0e,4,4.0,8.918705620619976,9,13,5,3,0.07175929189997314,6.0774006553520685,0.011807563129276043,True,True,1,5,0,-4
random_2881,random_cycle_chord,20260823,200,0.9,crossing_rich,e4dfd7b460148a3915f7aca370896702,4,4.0,8.105990654227947,8,12,5,3,0.07895395236684451,6.602049219493526,0.011959006929806172,True,True,1,5,0,-4
random_2882,random_cycle_chord,20260823,200,0.9,crossing_rich,09500b242d88a53069949e92fd3522a2,6,6.0,12.367040144119784,13,18,6,3,0.051750458682250165,4.563627074747936,0.011339765023439937,True,True,1,6,0,-5
random_2883,random_cycle_chord,20260823,200,0.9,baseline,5ece6bdff7ea6a9025672e56fbda3d50,0,,,11,13,3,3,0.045637975408901764,4.069601497948701,0.011214359792207116,True,True,1,3,0,-2
random_2884,random_cycle_chord,20260823,200,0.9,crossing_rich,df8c0405d2c086a2f72eede416d50ac9,7,7.0,13.913032256763842,13,19,7,3,0.04600003710110447,4.105259473077736,0.0112051473001335,True,True,1,7,0,-6
random_2885,random_cycle_chord,20260823,200,0.9,baseline,3a351d58f4eb5873cb60bb786dd613d2,0,,,14,17,4,3,0.048301909743177954,4.291055281390785,0.011256417495400501,True,True,1,4,0,-3
random_2886,random_cycle_chord,20260823,200,0.9,baseline,b73291eb7126cc5eaf4780776629388d,0,,,8,10,3,3,0.07312043167304139,6.192514481620708,0.01180787415032484,True,True,1,3,0,-2
random_2887,random_cycle_chord,20260823,200,0.9,baseline,b73291eb7126cc5eaf4780776629388d,0,,,8,10,3,3,0.07258180633427877,6.140507891562336,0.011820163350659208,True,True,1,3,0,-2
random_2888,random_cycle_chord,20260823,200,0.9,baseline,f2551d12306507df164d13e621c6cf57,0,,,10,12,3,3,0.05297091583010003,4.664434540408024,0.01135634241861745,True,True,1,3,0,-2
random_2889,random_cycle_chord,20260823,200,0.9,crossing_rich,4b011076f0b1f9550e5fa13ae5b0a0c2,3,3.0,13.896101847066433,10,13,4,3,0.0460560815575131,4.117642428937602,0.011185060954745429,True,True,1,4,0,-3
random_2890,random_cycle_chord,20260823,200,0.9,crossing_rich,8d92d8721dbd33134985bb942b070fe4,5,5.0,13.662223945124891,9,13,5,3,0.04684449636974162,4.168389814312308,0.011238031579700021,True,True,1,5,0,-4
random_2891,random_cycle_chord,20260823,200,0.9,crossing_rich,5abff9f8eb816c43fa70e71b5218041d,9,9.0,11.49785719537971,12,18,7,3,0.05566254556172233,4.878351528671841,0.011410113689957225,True,True,1,7,0,-6
random_2892,random_cycle_chord,20260823,200,0.9,crossing_rich,e4dfd7b460148a3915f7aca370896702,5,5.0,13.65811181622752,8,12,5,3,0.046858600120669766,4.177916993291744,0.011215780542291312,True,True,1,5,0,-4
random_2893,random_cycle_chord,20260823,200,0.9,crossing_rich,e4dfd7b460148a3915f7aca370896702,5,5.0,13.924443974012277,8,12,5,3,0.04596233797158842,4.100907549174978,0.011207845439196779,True,True,1,5,0,-4
random_2894,random_cycle_chord,20260823,200,0.9,baseline,7e6bc2286a474f101d6d3fad2dea3b25,0,,,11,14,4,3,0.04582404837466933,4.091089711872583,0.011200939505600487,True,True,1,4,0,-3
random_2895,random_cycle_chord,20260823,200,0.9,crossing_rich,e4dfd7b460148a3915f7aca370896702,5,5.0,13.521961226749658,8,12,5,3,0.0473304123024645,4.208975772191654,0.01124511398121427,True,True,1,5,0,-4
random_2896,random_cycle_chord,20260823,200,0.9,crossing_rich,e4dfd7b460148a3915f7aca370896702,5,5.0,13.475831290823725,8,12,5,3,0.047492431909251016,4.223369118144413,0.011245153000057302,True,True,1,5,0,-4
random_2897,random_cycle_chord,20260823,200,0.9,baseline,4e9cca7c282396d17b6e561d68fe510e,0,,,10,13,4,3,0.05257707871312116,4.631834883412831,0.01135124201024655,True,True,1,4,0,-3
random_2898,random_cycle_chord,20260823,200,0.9,crossing_rich,3fd2c2eb659a4ae21fb8db078f758c89,5,5.0,14.053663660000602,12,17,6,3,0.04553972654273502,4.0648003971136655,0.011203434878394493,True,True,1,6,0,-5
random_2899,random_cycle_chord,20260823,200,0.9,crossing_rich,b760840125e061ef715323aca4c53bb2,5,5.0,12.125788073829693,11,16,6,3,0.0527800746725296,4.6403555075617,0.011374144628902188,True,True,1,6,0,-5
random_2900,random_cycle_chord,20260823,200,0.9,crossing_rich,54949258b87cb182dbc4bda05188186a,3,3.0,13.063606459657816,11,15,5,3,0.048991065520567124,4.343773457520209,0.01127845777402382,True,True,1,5,0,-4
random_2901,random_cycle_chord,20260823,200,0.9,crossing_rich,6cae8dd6dca8ab370494a907f81c49aa,2,2.0,8.12635866629598,8,11,4,3,0.07875606114389165,6.589336638677977,0.011952046990832226,True,True,1,4,0,-3
random_2902,random_cycle_chord,20260823,200,0.9,crossing_rich,ef708e22c6afb49a267da2ce884548df,2,2.0,9.112338311363159,9,12,4,3,0.07023444237160455,5.981390120785526,0.011742160426476375,True,True,1,4,0,-3
random_2903,random_cycle_chord,20260823,200,0.9,baseline,b73291eb7126cc5eaf4780776629388d,0,,,8,10,3,3,0.07276565292228508,6.173098385676993,0.011787541421843871,True,True,1,3,0,-2
random_2904,random_cycle_chord,20260823,200,0.9,crossing_rich,e4dfd7b460148a3915f7aca370896702,5,5.0,13.560516601618186,8,12,5,3,0.04719584207607757,4.199637166807071,0.011238076100740853,True,True,1,5,0,-4
random_2905,random_cycle_chord,20260823,200,0.9,baseline,237b03a6236ff83b0e5299ac7fc023ee,0,,,10,12,3,3,0.05367998589771771,4.724379311158927,0.011362336163594281,True,True,1,3,0,-2
random_2906,random_cycle_chord,20260823,200,0.9,crossing_rich,e4dfd7b460148a3915f7aca370896702,4,4.0,8.134025384683932,8,12,5,3,0.07868182968854465,6.583791505988231,0.01195083860371038,True,True,1,5,0,-4
random_2907,random_cycle_chord,20260823,200,0.9,crossing_rich,d3b9e56b5337f4aa08cbf81ed5c2928d,2,2.0,8.169871280793906,8,11,4,3,0.07833660751847343,6.557461009896119,0.011946179687573074,True,True,1,4,0,-3
random_2908,random_cycle_chord,20260823,200,0.9,baseline,3ddc013bba7f8602e9b01edf73e915d5,0,,,9,11,3,3,0.06213639704210991,5.384105732566756,0.011540708917781176,True,True,1,3,0,-2
random_2909,random_cycle_chord,20260823,200,0.9,crossing_rich,3766c050500c74590e361b5f3d5119d1,2,2.0,9.319928751737176,9,12,4,3,0.06867005285643499,5.849944256288854,0.011738582428817635,True,True,1,4,0,-3
random_2910,random_cycle_chord,20260823,200,0.9,baseline,103a02ce2419501dbcecbb0b106c7128,0,,,9,11,3,3,0.061835966308603954,5.347751994313533,0.011562983170191226,True,True,1,3,0,-2
random_2911,random_cycle_chord,20260823,200,0.9,crossing_rich,8d92d8721dbd33134985bb942b070fe4,5,5.0,13.37497558105455,9,13,5,3,0.04785055465122122,4.257145351648072,0.011240056586909065,True,True,1,5,0,-4
random_2912,random_cycle_chord,20260823,200,0.9,baseline,7e6bc2286a474f101d6d3fad2dea3b25,0,,,11,14,4,3,0.045529999811938324,4.06602273640124,0.011197674672187413,True,True,1,4,0,-3
random_2913,random_cycle_chord,20260823,200,0.9,crossing_rich,e4dfd7b460148a3915f7aca370896702,5,5.0,13.851380287029704,8,12,5,3,0.04620478152630678,4.12052760344238,0.011213316830520997,True,True,1,5,0,-4
random_2914,random_cycle_chord,20260823,200,0.9,crossing_rich,ef708e22c6afb49a267da2ce884548df,2,2.0,9.343024246796743,9,12,4,3,0.06850030387317298,5.851972960048977,0.011705505876534275,True,True,1,4,0,-3
random_2915,random_cycle_chord,20260823,200,0.9,crossing_rich,cbd367df182ccb02b6db0d327f7ca73e,5,5.0,12.26518279081832,11,16,6,3,0.052180225188254194,4.6051947968365505,0.011330731378420385,True,True,1,6,0,-5
random_2916,random_cycle_chord,20260823,200,0.9,baseline,3ddc013bba7f8602e9b01edf73e915d5,0,,,9,11,3,3,0.06201832056146724,5.361925785006025,0.011566426513193069,True,True,1,3,0,-2
random_2917,random_cycle_chord,20260823,200,0.9,baseline,15690ba2e9cfb14a6cdecbf5ca5b8d49,0,,,13,15,3,3,0.05173918161413293,4.569914990643509,0.011321694543566841,True,True,1,3,0,-2
random_2918,random_cycle_chord,20260823,200,0.9,crossing_rich,8d92d8721dbd33134985bb942b070fe4,5,5.0,13.006550200949818,9,13,5,3,0.04920597622829021,4.359907991662704,0.011286012531086674,True,True,1,5,0,-4
random_2919,random_cycle_chord,20260823,200,0.9,baseline,3ddc013bba7f8602e9b01edf73e915d5,0,,,9,11,3,3,0.062393117196145716,5.392278227305945,0.01157082675745353,True,True,1,3,0,-2
random_2920,random_cycle_chord,20260823,200,0.9,baseline,b73291eb7126cc5eaf4780776629388d,0,,,8,10,3,3,0.07213465285611456,6.109179653183707,0.011807584152239273,True,True,1,3,0,-2
random_2921,random_cycle_chord,20260823,200,0.9,baseline,103a02ce2419501dbcecbb0b106c7128,0,,,9,11,3,3,0.06227760227808547,5.389955733337209,0.011554381030050888,True,True,1,3,0,-2
random_2922,random_cycle_chord,20260823,200,0.9,crossing_rich,ef708e22c6afb49a267da2ce884548df,2,2.0,9.179975263359816,9,12,4,3,0.0697169634600697,5.935193676735502,0.011746367053419507,True,True,1,4,0,-3
random_2923,random_cycle_chord,20260823,200,0.9,crossing_rich,6cae8dd6dca8ab370494a907f81c49aa,3,3.0,13.33225567451512,8,11,4,3,0.04800387988533502,4.280020825396781,0.011215805213023655,True,True,1,4,0,-3
random_2924,random_cycle_chord,20260823,200,0.9,crossing_rich,58df12548886d8bab7ac36163f349b90,4,4.0,10.630087702059278,11,15,5,3,0.0602064647007586,5.222927031769514,0.01152734172515537,True,True,1,5,0,-4
random_2925,random_cycle_chord,20260823,200,0.9,baseline,b73291eb7126cc5eaf4780776629388d,0,,,8,10,3,3,0.07236905578411963,6.132886440965359,0.011800162367384098,True,True,1,3,0,-2
random_2926,random_cycle_chord,20260823,200,0.9,crossing_rich,0ba4cef7d36938b0547a48dd8590384b,4,4.0,11.712339126852072,11,15,5,3,0.05464322652105558,4.786366973436453,0.011416430629810974,True,True,1,5,0,-4
random_2927,random_cycle_chord,20260823,200,0.9,crossing_rich,a17d4027c28a77bd091908d86be3664e,2,2.0,8.937942500403189,9,12,4,3,0.07160484641416408,6.076218856885499,0.011784441624090336,True,True,1,4,0,-3
random_2928,random_cycle_chord,20260823,200,0.9,baseline,b73291eb7126cc5eaf4780776629388d,0,,,8,10,3,3,0.07240597064781899,6.131582253289197,0.011808692708799248,True,True,1,3,0,-2
random_2929,random_cycle_chord,20260823,200,0.9,crossing_rich,e4dfd7b460148a3915f7aca370896702,5,5.0,13.668291522508635,8,12,5,3,0.04682370133429349,4.170225185927238,0.011228099022638839,True,True,1,5,0,-4
random_2930,random_cycle_chord,20260823,200,0.9,baseline,db66966f42fa5c2f6d83cadf8fe17186,0,,,15,19,5,3,0.04535182054204325,4.046271267361977,0.01120829957888884,True,True,1,5,0,-4
random_2931,random_cycle_chord,20260823,200,0.9,baseline,4ca7af1950eb0912a81fec832cb4eb96,0,,,10,12,3,3,0.06559110208703764,5.626959448222335,0.01165657984397935,True,True,1,3,0,-2
random_2932,random_cycle_chord,20260823,200,0.9,crossing_rich,0ba4cef7d36938b0547a48dd8590384b,4,4.0,11.71359547001216,11,15,5,3,0.054637365754900497,4.784904749644007,0.011418694543285415,True,True,1,5,0,-4
random_2933,random_cycle_chord,20260823,200,0.9,crossing_rich,f8e101deee8812cdf51fe0521efd7a68,5,5.0,11.613884883225452,10,14,5,3,0.05510645287386875,4.837659702286825,0.011391138745831834,True,True,1,5,0,-4
random_2934,random_cycle_chord,20260823,200,0.9,baseline,4ca7af1950eb0912a81fec832cb4eb96,0,,,10,12,3,3,0.06544243074777638,5.6218071917589665,0.011640817359177444,True,True,1,3,0,-2
random_2935,random_cycle_chord,20260823,200,0.9,crossing_rich,a17d4027c28a77bd091908d86be3664e,2,2.0,8.934846437603104,9,12,4,3,0.07162965860347667,6.073504073262788,0.011793794445419056,True,True,1,4,0,-3
random_2936,random_cycle_chord,20260823,200,0.9,baseline,19fca4749c1a57391a2f17cdb3a8fecb,0,,,11,13,3,3,0.06023633051800612,5.220828466356086,0.011537695771117431,True,True,1,3,0,-2
random_2937,random_cycle_chord,20260823,200,0.9,crossing_rich,0d9383c252bac8778d9583a2a6ee796c,5,5.0,12.21181143966191,11,16,6,3,0.0524082772782904,4.620952584756446,0.011341444500247487,True,True,1,6,0,-5
random_2938,random_cycle_chord,20260823,200,0.9,baseline,e756644711763e07d0e3622d4415d4c4,0,,,11,13,3,3,0.04579710131168111,4.096302974621033,0.011180105962723131,True,True,1,3,0,-2
random_2939,random_cycle_chord,20260823,200,0.9,crossing_rich,e4dfd7b460148a3915f7aca370896702,5,5.0,13.848645855087085,8,12,5,3,0.046213904716532694,4.123581910510799,0.01120722365153844,True,True,1,5,0,-4
random_2940,random_cycle_chord,20260823,200,0.9,crossing_rich,e4dfd7b460148a3915f7aca370896702,5,5.0,13.558731994890165,8,12,5,3,0.04720205401516858,4.200184140770835,0.011238091577219722,True,True,1,5,0,-4
random_2941,random_cycle_chord,20260823,200,0.9,crossing_rich,cb26cc24301cc90da9033428f0e0387b,2,2.0,8.948655939050456,9,12,4,3,0.07151912022979293,6.07307930421463,0.011776417966444087,True,True,1,4,0,-3
random_2942,random_cycle_chord,20260823,200,0.9,crossing_rich,cb26cc24301cc90da9033428f0e0387b,2,2.0,8.946046356835991,9,12,4,3,0.07153998252098855,6.077548694329818,0.011771190346485145,True,True,1,4,0,-3
random_2943,random_cycle_chord,20260823,200,0.9,baseline,f8915e048c5e07d3dc0ece3ddaef1ca9,0,,,14,16,3,3,0.048302657611522755,4.2934480587584485,0.011250318380581645,True,True,1,3,0,-2
random_2944,random_cycle_chord,20260823,200,0.9,baseline,7e6bc2286a474f101d6d3fad2dea3b25,0,,,11,14,4,3,0.045631482604069594,4.0695376230670375,0.01121294034620058,True,True,1,4,0,-3
random_2945,random_cycle_chord,20260823,200,0.9,crossing_rich,e4dfd7b460148a3915f7aca370896702,5,5.0,13.48486156839003,8,12,5,3,0.04746062810909598,4.219380402164484,0.0112482458525781,True,True,1,5,0,-4
random_2946,random_cycle_chord,20260823,200,0.9,crossing_rich,cbd367df182ccb02b6db0d327f7ca73e,5,5.0,12.311449893116144,11,16,6,3,0.05198412904704679,4.584124285684212,0.011340034826147344,True,True,1,6,0,-5
random_2947,random_cycle_chord,20260823,200,0.9,baseline,3ddc013bba7f8602e9b01edf73e915d5,0,,,9,11,3,3,0.06206960056769921,5.379443856142299,0.011538293219070885,True,True,1,3,0,-2
random_2948,random_cycle_chord,20260823,200,0.9,baseline,f2551d12306507df164d13e621c6cf57,0,,,10,12,3,3,0.052641929384752595,4.635962344238537,0.011355124454402595,True,True,1,3,0,-2
random_2949,random_cycle_chord,20260823,200,0.9,baseline,e756644711763e07d0e3622d4415d4c4,0,,,11,13,3,3,0.04546038545064232,4.057789378880445,0.011203239302475814,True,True,1,3,0,-2
random_2950,random_cycle_chord,20260823,200,0.9,crossing_rich,2c8b3e95d62a28423936c85308a28eeb,6,6.0,9.769776669038023,10,15,6,3,0.06550815046041553,5.6181227708598005,0.011660149329629214,True,True,1,6,0,-5
random_2951,random_cycle_chord,20260823,200,0.9,baseline,3ddc013bba7f8602e9b01edf73e915d5,0,,,9,11,3,3,0.06202437135987482,5.354802083796452,0.011582943755766363,True,True,1,3,0,-2
random_2952,random_cycle_chord,20260823,200,0.9,baseline,78d712f24f5cff365e8a82f9a84c6043,0,,,10,12,3,3,0.05252073064582776,4.62785477369103,0.011348828607242335,True,True,1,3,0,-2
random_2953,random_cycle_chord,20260823,200,0.9,baseline,f8915e048c5e07d3dc0ece3ddaef1ca9,0,,,14,16,3,3,0.048320747158350066,4.293729133730036,0.011253794930555623,True,True,1,3,0,-2
random_2954,random_cycle_chord,20260823,200,0.9,baseline,78d712f24f5cff365e8a82f9a84c6043,0,,,10,12,3,3,0.05246513378355401,4.619686855107887,0.011356859334641796,True,True,1,3,0,-2
random_2955,random_cycle_chord,20260823,200,0.9,crossing_rich,b760840125e061ef715323aca4c53bb2,5,5.0,12.18582961504634,11,16,6,3,0.05252001876095214,4.629587739357805,0.011344426700127185,True,True,1,6,0,-5
random_2956,random_cycle_chord,20260823,200,0.9,baseline,7e6bc2286a474f101d6d3fad2dea3b25,0,,,11,14,4,3,0.04587957237108393,4.099121169829568,0.01119253871019175,True,True,1,4,0,-3
random_2957,random_cycle_chord,20260823,200,0.9,baseline,3548961aa89bcaeb30f82f691c1470c0,0,,,14,17,4,3,0.04832499546833491,4.293194077028019,0.01125618702562547,True,True,1,4,0,-3
random_2958,random_cycle_chord,20260823,200,0.9,baseline,78d712f24f5cff365e8a82f9a84c6043,0,,,10,12,3,3,0.05292274465643043,4.653768653263103,0.01137201880873953,True,True,1,3,0,-2
random_2959,random_cycle_chord,20260823,200,0.9,crossing_rich,e4dfd7b460148a3915f7aca370896702,5,5.0,13.543543514514104,8,12,5,3,0.04725498901481257,4.210662738606688,0.011222696270955505,True,True,1,5,0,-4
random_2960,random_cycle_chord,20260823,200,0.9,crossing_rich,6cae8dd6dca8ab370494a907f81c49aa,3,3.0,13.466097095939265,8,11,4,3,0.04752676261282815,4.2323689608533455,0.01122935241525957,True,True,1,4,0,-3
random_2961,random_cycle_chord,20260823,200,0.9,baseline,bc0c53ec9fcf19b8932a465c5162b3af,0,,,12,15,4,3,0.05570093678862872,4.871848055922241,0.011433225369358226,True,True,1,4,0,-3
random_2962,random_cycle_chord,20260823,200,0.9,baseline,4ca7af1950eb0912a81fec832cb4eb96,0,,,10,12,3,3,0.0655910656481782,5.626976608726045,0.011656537819343823,True,True,1,3,0,-2
random_2963,random_cycle_chord,20260823,200,0.9,crossing_rich,e4dfd7b460148a3915f7aca370896702,5,5.0,13.914381006682587,8,12,5,3,0.04599557822174271,4.10516825364176,0.011204310123206107,True,True,1,5,0,-4
random_2964,random_cycle_chord,20260823,200,0.9,baseline,f2551d12306507df164d13e621c6cf57,0,,,10,12,3,3,0.05246048783353192,4.622357688945804,0.01134929214997559,True,True,1,3,0,-2
random_2965,random_cycle_chord,20260823,200,0.9,crossing_rich,d3b9e56b5337f4aa08cbf81ed5c2928d,2,2.0,8.383019627757893,8,11,4,3,0.0763448051440592,6.427296097209843,0.01187821503621115,True,True,1,4,0,-3
random_2966,random_cycle_chord,20260823,200,0.9,baseline,b73291eb7126cc5eaf4780776629388d,0,,,8,10,3,3,0.0726369505940809,6.157130663653166,0.01179720791421109,True,True,1,3,0,-2
random_2967,random_cycle_chord,20260823,200,0.9,crossing_rich,8d92d8721dbd33134985bb942b070fe4,5,5.0,13.250527877979149,9,13,5,3,0.048299962529312235,4.294387737354949,0.011247229054137931,True,True,1,5,0,-4
random_2968,random_cycle_chord,20260823,200,0.9,crossing_rich,510b0406d2b52b041fd46805b014ffef,6,6.0,13.25010268835685,14,19,6,3,0.04830151245260776,4.293391864768989,0.011250198904265797,True,True,1,6,0,-5
random_2969,random_cycle_chord,20260823,200,0.9,crossing_rich,e4dfd7b460148a3915f7aca370896702,4,4.0,8.136986239322033,8,12,5,3,0.07865319925296128,6.584431549049392,0.011945328714718982,True,True,1,5,0,-4
random_2970,random_cycle_chord,20260823,200,0.9,baseline,8f34f4541eedc7b1aecfd95c1d8d238c,0,,,11,14,4,3,0.04534128217235866,4.052082071885554,0.011189625819020001,True,True,1,4,0,-3
random_2971,random_cycle_chord,20260823,200,0.9,baseline,8f34f4541eedc7b1aecfd95c1d8d238c,0,,,11,14,4,3,0.04569703573278297,4.086409143193569,0.0111826873255942,True,True,1,4,0,-3
random_2972,random_cycle_chord,20260823,200,0.9,crossing_rich,bb2c7ed8feef84917625e983562a84b2,5,5.0,14.223592851972295,10,14,5,3,0.04499566365970995,4.019557666772935,0.011194182890236852,True,True,1,5,0,-4
random_2973,random_cycle_chord,20260823,200,0.9,crossing_rich,e4dfd7b460148a3915f7aca370896702,5,5.0,13.620869475026389,8,12,5,3,0.046986721455148525,4.188279068176609,0.01121862241992496,True,True,1,5,0,-4
random_2974,random_cycle_chord,20260823,200,0.9,crossing_rich,d3b9e56b5337f4aa08cbf81ed5c2928d,2,2.0,8.416375324794863,8,11,4,3,0.07604223615296042,6.397880653141032,0.011885535269500156,True,True,1,4,0,-3
random_2975,random_cycle_chord,20260823,200,0.9,crossing_rich,e4dfd7b460148a3915f7aca370896702,4,4.0,8.121787289717105,8,12,5,3,0.0788003892702652,6.586781769976202,0.011963412789756036,True,True,1,5,0,-4
random_2976,random_cycle_chord,20260823,200,0.9,crossing_rich,e4dfd7b460148a3915f7aca370896702,4,4.0,8.121800909180703,8,12,5,3,0.07880025712974056,6.586849081286971,0.011963270473830893,True,True,1,5,0,-4
random_2977,random_cycle_chord,20260823,200,0.9,crossing_rich,6cae8dd6dca8ab370494a907f81c49aa,2,2.0,8.107994491243574,8,11,4,3,0.07893443942163302,6.603529203976577,0.01195337174765571,True,True,1,4,0,-3
random_2978,random_cycle_chord,20260823,200,0.9,crossing_rich,05dd62ad19ce4d5dd6bedfa658e868da,3,3.0,9.772378251452045,10,14,5,3,0.06549071101549969,5.620455057174578,0.011652207934996299,True,True,1,5,0,-4
random_2979,random_cycle_chord,20260823,200,0.9,baseline,4ca7af1950eb0912a81fec832cb4eb96,0,,,10,12,3,3,0.06539690614787262,5.622922179846384,0.011630412809600584,True,True,1,3,0,-2
random_2980,random_cycle_chord,20260823,200,0.9,baseline,b73291eb7126cc5eaf4780776629388d,0,,,8,10,3,3,0.07343305547224421,6.207385094984468,0.011829950027037586,True,True,1,3,0,-2
random_2981,random_cycle_chord,20260823,200,0.9,baseline,f2551d12306507df164d13e621c6cf57,0,,,10,12,3,3,0.052531084133244636,4.621746471326186,0.011366067883462052,True,True,1,3,0,-2
random_2982,random_cycle_chord,20260823,200,0.9,crossing_rich,e4dfd7b460148a3915f7aca370896702,5,5.0,13.48644171772837,8,12,5,3,0.04745506734802398,4.22804767835001,0.011223872330253206,True,True,1,5,0,-4
random_2983,random_cycle_chord,20260823,200,0.9,crossing_rich,e4dfd7b460148a3915f7aca370896702,5,5.0,13.624742623156386,8,12,5,3,0.0469733643931201,4.184640034066599,0.011225186398523213,True,True,1,5,0,-4
random_2984,random_cycle_chord,20260823,200,0.9,crossing_rich,9236a479f157d648c750f5dca50e5358,4,4.0,11.498544064602319,12,16,5,3,0.055659220541686434,4.878326094915643,0.011409491587636251,True,True,1,5,0,-4
random_2985,random_cycle_chord,20260823,200,0.9,crossing_rich,ef708e22c6afb49a267da2ce884548df,2,2.0,9.684532909939646,9,12,4,3,0.06608475658574518,5.665684379113564,0.011664037769093766,True,True,1,4,0,-3
random_2986,random_cycle_chord,20260823,200,0.9,baseline,b73291eb7126cc5eaf4780776629388d,0,,,8,10,3,3,0.07259139659958065,6.149864742322492,0.011803738722905075,True,True,1,3,0,-2
random_2987,random_cycle_chord,20260823,200,0.9,crossing_rich,35e6984785cd33f6953165239be9a661,4,4.0,9.783901514040778,10,14,5,3,0.06541357750602278,5.622698267085041,0.011633840977907383,True,True,1,5,0,-4
random_2988,random_cycle_chord,20260823,200,0.9,baseline,4ca7af1950eb0912a81fec832cb4eb96,0,,,10,12,3,3,0.065416973515546,5.619952239986402,0.011640129795071761,True,True,1,3,0,-2
random_2989,random_cycle_chord,20260823,200,0.9,baseline,4e9cca7c282396d17b6e561d68fe510e,0,,,10,13,4,3,0.05294277776941141,4.656317578901384,0.011370095976551234,True,True,1,4,0,-3
random_2990,random_cycle_chord,20260823,200,0.9,baseline,3ddc013bba7f8602e9b01edf73e915d5,0,,,9,11,3,3,0.06298230446664,5.438353269283296,0.01158113519810754,True,True,1,3,0,-2
random_2991,random_cycle_chord,20260823,200,0.9,crossing_rich,e4dfd7b460148a3915f7aca370896702,5,5.0,13.570599794362995,8,12,5,3,0.047160774740836846,4.202322035527201,0.011222551328082666,True,True,1,5,0,-4
random_2992,random_cycle_chord,20260823,200,0.9,crossing_rich,e4dfd7b460148a3915f7aca370896702,5,5.0,13.537365867599325,8,12,5,3,0.0472765533752613,4.211690223176029,0.011225078500576458,True,True,1,5,0,-4
random_2993,random_cycle_chord,20260823,200,0.9,crossing_rich,6cae8dd6dca8ab370494a907f81c49aa,3,3.0,13.400165928504062,8,11,4,3,0.04776060262348161,4.255477227760657,0.011223324686574455,True,True,1,4,0,-3
random_2994,random_cycle_chord,20260823,200,0.9,baseline,103a02ce2419501dbcecbb0b106c7128,0,,,9,11,3,3,0.06187503664879945,5.359831844589347,0.011544212289283139,True,True,1,3,0,-2
random_2995,random_cycle_chord,20260823,200,0.9,crossing_rich,35e6984785cd33f6953165239be9a661,4,4.0,10.093299649633554,10,14,5,3,0.06340840183252022,5.466776393863093,0.011598865083214558,True,True,1,5,0,-4
random_2996,random_cycle_chord,20260823,200,0.9,crossing_rich,f01bb47f0e11353dcd7e62b1e2f9df0e,4,4.0,8.951416080120055,9,13,5,3,0.07149706753341048,6.072448103050568,0.011774010468280999,True,True,1,5,0,-4
random_2997,random_cycle_chord,20260823,200,0.9,baseline,3ddc013bba7f8602e9b01edf73e915d5,0,,,9,11,3,3,0.06280579004468297,5.413650834702487,0.011601374370523939,True,True,1,3,0,-2
random_2998,random_cycle_chord,20260823,200,0.9,crossing_rich,e4dfd7b460148a3915f7aca370896702,4,4.0,8.13835961150684,8,12,5,3,0.07863992629363577,6.586876871127957,0.011938879051821297,True,True,1,5,0,-4
random_2999,random_cycle_chord,20260823,200,0.9,crossing_rich,e4dfd7b460148a3915f7aca370896702,5,5.0,13.568684335867939,8,12,5,3,0.04716743231384648,4.212940600429925,0.011195845559520376,True,True,1,5,0,-4
random_3000,random_cycle_chord,20260823,200,0.9,crossing_rich,e4dfd7b460148a3915f7aca370896702,5,5.0,13.648634597865918,8,12,5,3,0.04689113738161541,4.173601027078904,0.011235174871143455,True,True,1,5,0,-4
random_3001,random_cycle_chord,20260823,200,0.9,crossing_rich,e4dfd7b460148a3915f7aca370896702,5,5.0,13.620424694785111,8,12,5,3,0.04698825582472759,4.188840262904793,0.011217485718145556,True,True,1,5,0,-4
random_3002,random_cycle_chord,20260823,200,0.9,baseline,5ece6bdff7ea6a9025672e56fbda3d50,0,,,11,13,3,3,0.04512199717062449,4.03240692303237,0.011189842203894629,True,True,1,3,0,-2
random_3003,random_cycle_chord,20260823,200,0.9,crossing_rich,e4dfd7b460148a3915f7aca370896702,5,5.0,13.565499126570508,8,12,5,3,0.047178507331620635,4.1966492626713015,0.011241946700494576,True,True,1,5,0,-4
random_3004,random_cycle_chord,20260823,200,0.9,baseline,4e9cca7c282396d17b6e561d68fe510e,0,,,10,13,4,3,0.05312662333433052,4.680615238851273,0.011350350461057972,True,True,1,4,0,-3
random_3005,random_cycle_chord,20260823,200,0.9,crossing_rich,f01bb47f0e11353dcd7e62b1e2f9df0e,4,4.0,8.943529545931806,9,13,5,3,0.07156011468549578,6.069374093825926,0.011790361506681609,True,True,1,5,0,-4
random_3006,random_cycle_chord,20260823,200,0.9,baseline,b73291eb7126cc5eaf4780776629388d,0,,,8,10,3,3,0.07343732611730616,6.208910766455316,0.011827730962742075,True,True,1,3,0,-2
random_3007,random_cycle_chord,20260823,200,0.9,crossing_rich,f01bb47f0e11353dcd7e62b1e2f9df0e,4,4.0,8.952196272783038,9,13,5,3,0.07149083649403035,6.073769822513709,0.01177042242019684,True,True,1,5,0,-4
random_3008,random_cycle_chord,20260823,200,0.9,crossing_rich,6cae8dd6dca8ab370494a907f81c49aa,2,2.0,8.122086018605039,8,11,4,3,0.07879749100587825,6.58870621178917,0.011959478609758913,True,True,1,4,0,-3
random_3009,random_cycle_chord,20260823,200,0.9,crossing_rich,f01bb47f0e11353dcd7e62b1e2f9df0e,4,4.0,8.91874861997397,9,13,5,3,0.07175894593179687,6.078404481635256,0.011805556235785703,True,True,1,5,0,-4
random_3010,random_cycle_chord,20260823,200,0.9,baseline,bc0c53ec9fcf19b8932a465c5162b3af,0,,,12,15,4,3,0.05570094872955776,4.871768314562053,0.011433414960038999,True,True,1,4,0,-3
random_3011,random_cycle_chord,20260823,200,0.9,baseline,4ca7af1950eb0912a81fec832cb4eb96,0,,,10,12,3,3,0.06558181190841489,5.625570911081362,0.01165780557120532,True,True,1,3,0,-2
random_3012,random_cycle_chord,20260823,200,0.9,baseline,237b03a6236ff83b0e5299ac7fc023ee,0,,,10,12,3,3,0.05305964907136492,4.664804404620462,0.011374463850790753,True,True,1,3,0,-2
random_3013,random_cycle_chord,20260823,200,0.9,crossing_rich,4908e54aac8a12e7fe990027305183ec,5,5.0,13.844256067891944,13,18,6,3,0.04622855838995272,4.130576113822125,0.011191794344439834,True,True,1,6,0,-5
random_3014,random_cycle_chord,20260823,200,0.9,baseline,103a02ce2419501dbcecbb0b106c7128,0,,,9,11,3,3,0.061896404399667045,5.362722993653481,0.011541973074670909,True,True,1,3,0,-2
random_3015,random_cycle_chord,20260823,200,0.9,baseline,3ddc013bba7f8602e9b01edf73e915d5,0,,,9,11,3,3,0.0626646614582702,5.4058201852410654,0.011592072860535917,True,True,1,3,0,-2
random_3016,random_cycle_chord,20260823,200,0.9,baseline,78d712f24f5cff365e8a82f9a84c6043,0,,,10,12,3,3,0.053244184549107884,4.691003992234636,0.011350274831837044,True,True,1,3,0,-2
random_3017,random_cycle_chord,20260823,200,0.9,crossing_rich,8d92d8721dbd33134985bb942b070fe4,5,5.0,13.543594898012262,9,13,5,3,0.04725480973252753,4.203333149759303,0.011242223266369807,True,True,1,5,0,-4
random_3018,random_cycle_chord,20260823,200,0.9,baseline,e756644711763e07d0e3622d4415d4c4,0,,,11,13,3,3,0.046003860413492415,4.109931250037156,0.011193340621713932,True,True,1,3,0,-2
random_3019,random_cycle_chord,20260823,200,0.9,crossing_rich,e4dfd7b460148a3915f7aca370896702,5,5.0,13.35618616163886,8,12,5,3,0.047917870584806926,4.259829366415132,0.01124877699623267,True,True,1,5,0,-4
random_3020,random_cycle_chord,20260823,200,0.9,crossing_rich,f01bb47f0e11353dcd7e62b1e2f9df0e,4,4.0,8.918883151870457,9,13,5,3,0.07175786352417679,6.077172662635082,0.011807771065214781,True,True,1,5,0,-4
random_3021,random_cycle_chord,20260823,200,0.9,crossing_rich,8d92d8721dbd33134985bb942b070fe4,5,5.0,13.286826488175297,9,13,5,3,0.048168010666021145,4.27783694615632,0.011259898699341636,True,True,1,5,0,-4
random_3022,random_cycle_chord,20260823,200,0.9,crossing_rich,d3b9e56b5337f4aa08cbf81ed5c2928d,2,2.0,8.166126932131542,8,11,4,3,0.07837252657459559,6.563860289776885,0.011940005288756623,True,True,1,4,0,-3
random_3023,random_cycle_chord,20260823,200,0.9,crossing_rich,76f64aeb3bec290543374c9120128d8d,4,4.0,9.804424254881337,10,14,5,3,0.06527665300503115,5.6011146801038185,0.011654225405686787,True,True,1,5,0,-4
random_3024,random_cycle_chord,20260823,200,0.9,crossing_rich,9864390659db0a33d7b4bc27549e7f6e,4,4.0,10.290857935298343,10,14,5,3,0.062191121869903235,5.373750258894647,0.01157313214676553,True,True,1,5,0,-4
random_3025,random_cycle_chord,20260823,200,0.9,crossing_rich,8d92d8721dbd33134985bb942b070fe4,5,5.0,12.993264719271439,9,13,5,3,0.04925628884099933,4.375274514629693,0.011257873917693643,True,True,1,5,0,-4
random_3026,random_cycle_chord,20260823,200,0.9,baseline,5ece6bdff7ea6a9025672e56fbda3d50,0,,,11,13,3,3,0.04527421593443154,4.050214773427807,0.011178225962598706,True,True,1,3,0,-2
random_3027,random_cycle_chord,20260823,200,0.9,baseline,b73291eb7126cc5eaf4780776629388d,0,,,8,10,3,3,0.07273190055042932,6.168564153134724,0.011790734236502771,True,True,1,3,0,-2
random_3028,random_cycle_chord,20260823,200,0.9,crossing_rich,f61befc086c76698e58b129c58523394,3,3.0,11.004470031403539,10,14,5,3,0.05815818464438789,5.065985823034181,0.011480131740588862,True,True,1,5,0,-4
random_3029,random_cycle_chord,20260823,200,0.9,crossing_rich,e4dfd7b460148a3915f7aca370896702,4,4.0,8.121889451284558,8,12,5,3,0.07879939807587232,6.587338858744558,0.011962250578815711,True,True,1,5,0,-4
random_3030,random_cycle_chord,20260823,200,0.9,baseline,4e9cca7c282396d17b6e561d68fe510e,0,,,10,13,4,3,0.05288143906973279,4.6633476346375105,0.01133980205055919,True,True,1,4,0,-3
random_3031,random_cycle_chord,20260823,200,0.9,crossing_rich,e4dfd7b460148a3915f7aca370896702,5,5.0,13.624304520039594,8,12,5,3,0.0469748748685588,4.189002110773342,0.01121385800874821,True,True,1,5,0,-4
random_3032,random_cycle_chord,20260823,200,0.9,baseline,19fca4749c1a57391a2f17cdb3a8fecb,0,,,11,13,3,3,0.06032096228685662,5.226877487622929,0.01154053494264877,True,True,1,3,0,-2
random_3033,random_cycle_chord,20260823,200,0.9,crossing_rich,e4dfd7b460148a3915f7aca370896702,5,5.0,13.587363708207143,8,12,5,3,0.0471025883861063,4.205269020998167,0.011200850207420496,True,True,1,5,0,-4
random_3034,random_cycle_chord,20260823,200,0.9,crossing_rich,e4dfd7b460148a3915f7aca370896702,4,4.0,8.127158195566414,8,12,5,3,0.07874831332176324,6.588533893229575,0.011952327270060124,True,True,1,5,0,-4
random_3035,random_cycle_chord,20260823,200,0.9,baseline,78d712f24f5cff365e8a82f9a84c6043,0,,,10,12,3,3,0.05359445994978523,4.704905172616879,0.011391188128872715,True,True,1,3,0,-2
random_3036,random_cycle_chord,20260823,200,0.9,crossing_rich,6cae8dd6dca8ab370494a907f81c49aa,2,2.0,8.112578515228167,8,11,4,3,0.07888983740479706,6.60362195786767,0.011946449676878662,True,True,1,4,0,-3
random_3037,random_cycle_chord,20260823,200,0.9,crossing_rich,2c8b3e95d62a28423936c85308a28eeb,5,5.0,10.285059953771428,10,15,6,3,0.06222618077839385,5.381960422580724,0.011561991522144183,True,True,1,6,0,-5
random_3038,random_cycle_chord,20260823,200,0.9,crossing_rich,6cae8dd6dca8ab370494a907f81c49aa,3,3.0,13.52034285801815,8,11,4,3,0.047336077695725905,4.215368579281804,0.011229404215892035,True,True,1,4,0,-3
random_3039,random_cycle_chord,20260823,200,0.9,crossing_rich,f01bb47f0e11353dcd7e62b1e2f9df0e,4,4.0,8.945179553770107,9,13,5,3,0.07154691486659544,6.079663216589273,0.011768236548262897,True,True,1,5,0,-4
random_3040,random_cycle_chord,20260823,200,0.9,baseline,e756644711763e07d0e3622d4415d4c4,0,,,11,13,3,3,0.045244480556477736,4.044074327336525,0.011187845943048303,True,True,1,3,0,-2
random_3041,random_cycle_chord,20260823,200,0.9,baseline,103a02ce2419501dbcecbb0b106c7128,0,,,9,11,3,3,0.06197370992484547,5.348703379944548,0.011586679148673968,True,True,1,3,0,-2
random_3042,random_cycle_chord,20260823,200,0.9,baseline,78d712f24f5cff365e8a82f9a84c6043,0,,,10,12,3,3,0.05353042530444359,4.7003795543519855,0.011388532497313086,True,True,1,3,0,-2
random_3043,random_cycle_chord,20260823,200,0.9,baseline,b73291eb7126cc5eaf4780776629388d,0,,,8,10,3,3,0.07255636381802084,6.15879357747677,0.011780937760824721,True,True,1,3,0,-2
random_3044,random_cycle_chord,20260823,200,0.9,crossing_rich,f8e101deee8812cdf51fe0521efd7a68,5,5.0,13.057957488823384,10,14,5,3,0.04901225942478303,4.348602618012767,0.01127080667747488,True,True,1,5,0,-4
random_3045,random_cycle_chord,20260823,200,0.9,baseline,103a02ce2419501dbcecbb0b106c7128,0,,,9,11,3,3,0.0618813974079711,5.3629811156992515,0.011538619300154426,True,True,1,3,0,-2
random_3046,random_cycle_chord,20260823,200,0.9,crossing_rich,cbd367df182ccb02b6db0d327f7ca73e,5,5.0,11.939421238201808,11,16,6,3,0.05360393835106786,4.715611927729827,0.011367334541643183,True,True,1,6,0,-5
random_3047,random_cycle_chord,20260823,200,0.9,baseline,b73291eb7126cc5eaf4780776629388d,0,,,8,10,3,3,0.07233725545262332,6.125972024354122,0.011808290205218498,True,True,1,3,0,-2
random_3048,random_cycle_chord,20260823,200,0.9,baseline,e756644711763e07d0e3622d4415d4c4,0,,,11,13,3,3,0.04547920764412367,4.057165269077347,0.011209601933338604,True,True,1,3,0,-2
random_3049,random_cycle_chord,20260823,200,0.9,baseline,4e9cca7c282396d17b6e561d68fe510e,0,,,10,13,4,3,0.052460246306183636,4.622223898432641,0.011349568402338209,True,True,1,4,0,-3
random_3050,random_cycle_chord,20260823,200,0.9,baseline,3ddc013bba7f8602e9b01edf73e915d5,0,,,9,11,3,3,0.06233175606596468,5.380408426670801,0.011584948785111706,True,True,1,3,0,-2
random_3051,random_cycle_chord,20260823,200,0.9,baseline,3ddc013bba7f8602e9b01edf73e915d5,0,,,9,11,3,3,0.062551644189486,5.404896319021772,0.011573144145123431,True,True,1,3,0,-2
random_3052,random_cycle_chord,20260823,200,0.9,baseline,b73291eb7126cc5eaf4780776629388d,0,,,8,10,3,3,0.07337373729533234,6.222315473474491,0.011792031054696915,True,True,1,3,0,-2
random_3053,random_cycle_chord,20260823,200,0.9,baseline,e756644711763e07d0e3622d4415d4c4,0,,,11,13,3,3,0.04532605700146969,4.044228281590795,0.011207591126295352,True,True,1,3,0,-2
random_3054,random_cycle_chord,20260823,200,0.9,baseline,19fca4749c1a57391a2f17cdb3a8fecb,0,,,11,13,3,3,0.06030537128171356,5.223457383979205,0.011545106401494793,True,True,1,3,0,-2
random_3055,random_cycle_chord,20260823,200,0.9,crossing_rich,e4dfd7b460148a3915f7aca370896702,5,5.0,13.460848510250008,8,12,5,3,0.04754529400673816,4.233281331264407,0.011231309777500004,True,True,1,5,0,-4
random_3056,random_cycle_chord,20260823,200,0.9,baseline,4e9cca7c282396d17b6e561d68fe510e,0,,,10,13,4,3,0.05337010877507389,4.693179434734217,0.01137184493311331,True,True,1,4,0,-3
random_3057,random_cycle_chord,20260823,200,0.9,baseline,b73291eb7126cc5eaf4780776629388d,0,,,8,10,3,3,0.07239558957537057,6.140224185607432,0.0117903821402913,True,True,1,3,0,-2
random_3058,random_cycle_chord,20260823,200,0.9,crossing_rich,6d874bcfc7ffa650b637f987a4867714,3,3.0,12.502463132495695,12,16,5,3,0.05118991299694763,4.513890445432491,0.011340530661027809,True,True,1,5,0,-4
random_3059,random_cycle_chord,20260823,200,0.9,crossing_rich,6cae8dd6dca8ab370494a907f81c49aa,3,3.0,13.623840993803592,8,11,4,3,0.046976473102635696,4.181890964699123,0.011233308926316193,True,True,1,4,0,-3
random_3060,random_cycle_chord,20260823,200,0.9,crossing_rich,d529fcf3dbfcc602f5ab87bdbeb0e162,8,8.0,12.347752818398266,13,19,7,3,0.05183129346794131,4.563745516235975,0.011357183103997883,True,True,1,7,0,-6
random_3061,random_cycle_chord,20260823,200,0.9,baseline,4e9cca7c282396d17b6e561d68fe510e,0,,,10,13,4,3,0.052535433694268587,4.627490078118391,0.011352900342820467,True,True,1,4,0,-3
random_3062,random_cycle_chord,20260823,200,0.9,crossing_rich,7e34be1a88a2550a4be4d370c1ec57a1,3,3.0,11.089285610042396,11,15,5,3,0.05771336608197913,5.024673252280548,0.01148599385159717,True,True,1,5,0,-4
random_3063,random_cycle_chord,20260823,200,0.9,crossing_rich,0d9383c252bac8778d9583a2a6ee796c,5,5.0,12.293002604146421,11,16,6,3,0.05206213816176435,4.592558625417253,0.011336194572156233,True,True,1,6,0,-5
random_3064,random_cycle_chord,20260823,200,0.9,baseline,4ca7af1950eb0912a81fec832cb4eb96,0,,,10,12,3,3,0.06541100714120278,5.623232113884255,0.011632279410927614,True,True,1,3,0,-2
random_3065,random_cycle_chord,20260823,200,0.9,crossing_rich,9864390659db0a33d7b4bc27549e7f6e,3,3.0,9.768325494173702,10,14,5,3,0.06551788230047481,5.619588475818526,0.011658839892352037,True,True,1,5,0,-4
random_3066,random_cycle_chord,20260823,200,0.9,crossing_rich,8d92d8721dbd33134985bb942b070fe4,5,5.0,13.386977678029327,9,13,5,3,0.04780765422880822,4.250135176608811,0.011248502045752345,True,True,1,5,0,-4
random_3067,random_cycle_chord,20260823,200,0.9,baseline,8f34f4541eedc7b1aecfd95c1d8d238c,0,,,11,14,4,3,0.04556438355801266,4.070500525334973,0.011193803630393349,True,True,1,4,0,-3
random_3068,random_cycle_chord,20260823,200,0.9,baseline,e756644711763e07d0e3622d4415d4c4,0,,,11,13,3,3,0.04529096252962716,4.04453920650171,0.01119805253879618,True,True,1,3,0,-2
random_3069,random_cycle_chord,20260823,200,0.9,baseline,b73291eb7126cc5eaf4780776629388d,0,,,8,10,3,3,0.07258385636062599,6.143507140493206,0.011814726458476761,True,True,1,3,0,-2
random_3070,random_cycle_chord,20260823,200,0.9,crossing_rich,5abff9f8eb816c43fa70e71b5218041d,8,8.0,11.497408321226303,12,18,7,3,0.05566471870173071,4.879217154193406,0.011408534800278378,True,True,1,7,0,-6
random_3071,random_cycle_chord,20260823,200,0.9,baseline,5ece6bdff7ea6a9025672e56fbda3d50,0,,,11,13,3,3,0.04595517366665298,4.10569891880527,0.011193020865744733,True,True,1,3,0,-2
random_3072,random_cycle_chord,20260823,200,0.9,crossing_rich,e4dfd7b460148a3915f7aca370896702,5,5.0,13.851156933023313,8,12,5,3,0.04620552659208852,4.119977682759293,0.011214994388305293,True,True,1,5,0,-4
random_3073,random_cycle_chord,20260823,200,0.9,crossing_rich,efee0e22eba1d2df64f3624d343b5132,2,2.0,13.403728452026234,11,14,4,3,0.04774790852341175,4.24892226350041,0.011237651706076485,True,True,1,4,0,-3
random_3074,random_cycle_chord,20260823,200,0.9,baseline,103a02ce2419501dbcecbb0b106c7128,0,,,9,11,3,3,0.06191309040872871,5.364328931865923,0.011541628262380421,True,True,1,3,0,-2
random_3075,random_cycle_chord,20260823,200,0.9,crossing_rich,8d92d8721dbd33134985bb942b070fe4,5,5.0,13.203340060612543,9,13,5,3,0.04847258322984589,4.3010481257766955,0.01126994672283342,True,True,1,5,0,-4
random_3076,random_cycle_chord,20260823,200,0.9,crossing_rich,76f64aeb3bec290543374c9120128d8d,4,4.0,10.09777625294045,10,14,5,3,0.06338029126102229,5.468773293630827,0.011589489609093461,True,True,1,5,0,-4
random_3077,random_cycle_chord,20260823,200,0.9,baseline,b73291eb7126cc5eaf4780776629388d,0,,,8,10,3,3,0.07298363641528306,6.17483575611681,0.011819526753077646,True,True,1,3,0,-2
random_3078,random_cycle_chord,20260823,200,0.9,crossing_rich,f01bb47f0e11353dcd7e62b1e2f9df0e,4,4.0,8.948628835214738,9,13,5,3,0.0715193368487321,6.07261540204272,0.011777353267699823,True,True,1,5,0,-4
random_3079,random_cycle_chord,20260823,200,0.9,baseline,8603424a32f201376c6da364b388d315,0,,,11,13,3,3,0.0451856666706038,4.033568483838332,0.011202404732100955,True,True,1,3,0,-2
random_3080,random_cycle_chord,20260823,200,0.9,crossing_rich,cbaf1e371925cd13b01bcc294c94af92,6,6.0,11.498819541674408,12,17,6,3,0.05565788711445471,4.877104446944856,0.011412076103746404,True,True,1,6,0,-5
random_3081,random_cycle_chord,20260823,200,0.9,baseline,b73291eb7126cc5eaf4780776629388d,0,,,8,10,3,3,0.07276289273280272,6.157985759292608,0.011816021598133945,True,True,1,3,0,-2
random_3082,random_cycle_chord,20260823,200,0.9,baseline,3ddc013bba7f8602e9b01edf73e915d5,0,,,9,11,3,3,0.06259458296829493,5.413066153761277,0.011563609457239126,True,True,1,3,0,-2
random_3083,random_cycle_chord,20260823,200,0.9,baseline,78d712f24f5cff365e8a82f9a84c6043,0,,,10,12,3,3,0.05358830999154305,4.714111733644527,0.01136763679339297,True,True,1,3,0,-2
random_3084,random_cycle_chord,20260823,200,0.9,baseline,237b03a6236ff83b0e5299ac7fc023ee,0,,,10,12,3,3,0.053589918967055804,4.705348281197974,0.01138915033796646,True,True,1,3,0,-2
random_3085,random_cycle_chord,20260823,200,0.9,baseline,4e9cca7c282396d17b6e561d68fe510e,0,,,10,13,4,3,0.053388490612250795,4.691511886159647,0.011379805041046857,True,True,1,4,0,-3
random_3086,random_cycle_chord,20260823,200,0.9,baseline,4ca7af1950eb0912a81fec832cb4eb96,0,,,10,12,3,3,0.06550232537901536,5.625041440711685,0.011644772055355372,True,True,1,3,0,-2
random_3087,random_cycle_chord,20260823,200,0.9,crossing_rich,6cae8dd6dca8ab370494a907f81c49aa,3,3.0,13.364680106056667,8,11,4,3,0.04788741630336231,4.256909543414056,0.011249338473130073,True,True,1,4,0,-3
random_3088,random_cycle_chord,20260823,200,0.9,crossing_rich,e4dfd7b460148a3915f7aca370896702,4,4.0,8.10780421809224,8,12,5,3,0.0789362918472878,6.603309690764717,0.011954049642361441,True,True,1,5,0,-4
random_3089,random_cycle_chord,20260823,200,0.9,crossing_rich,e4dfd7b460148a3915f7aca370896702,4,4.0,8.123845092536108,8,12,5,3,0.07878042881295319,6.599381659761462,0.011937547011912136,True,True,1,5,0,-4
random_3090,random_cycle_chord,20260823,200,0.9,baseline,b73291eb7126cc5eaf4780776629388d,0,,,8,10,3,3,0.07336816440134045,6.216819131962876,0.011801560065360216,True,True,1,3,0,-2
random_3091,random_cycle_chord,20260823,200,0.9,crossing_rich,2c8b3e95d62a28423936c85308a28eeb,5,5.0,10.28830622573971,10,15,6,3,0.06220654653521311,5.380401092072004,0.01156169316575193,True,True,1,6,0,-5
random_3092,random_cycle_chord,20260823,200,0.9,baseline,2628a87ca662ceb07ab825aa2ed1faee,0,,,11,13,3,3,0.046049118123372305,4.113815129060705,0.011193774313792891,True,True,1,3,0,-2
random_3093,random_cycle_chord,20260823,200,0.9,crossing_rich,bb2c7ed8feef84917625e983562a84b2,5,5.0,13.957899155086672,10,14,5,3,0.04585217251456965,4.096378073153674,0.011193344875823312,True,True,1,5,0,-4
random_3094,random_cycle_chord,20260823,200,0.9,baseline,5c25c6be641fc20f13f284ff50ca2a81,0,,,13,16,4,3,0.05183088736522653,4.563837344854256,0.011356865604263055,True,True,1,4,0,-3
random_3095,random_cycle_chord,20260823,200,0.9,crossing_rich,d86c5f9e478e64f89adb822abc677322,4,4.0,10.609968359072798,11,15,5,3,0.060320632290361456,5.223322375309225,0.011548326516375591,True,True,1,5,0,-4
random_3096,random_cycle_chord,20260823,200,0.9,baseline,b73291eb7126cc5eaf4780776629388d,0,,,8,10,3,3,0.07288336130279913,6.165785689882033,0.011820612160166334,True,True,1,3,0,-2
random_3097,random_cycle_chord,20260823,200,0.9,crossing_rich,e4dfd7b460148a3915f7aca370896702,5,5.0,13.739120390889235,8,12,5,3,0.046582312534680204,4.150157831214543,0.011224226747310934,True,True,1,5,0,-4
random_3098,random_cycle_chord,20260823,200,0.9,baseline,3a351d58f4eb5873cb60bb786dd613d2,0,,,14,17,4,3,0.048320998183764514,4.291623492878324,0.011259374981041587,True,True,1,4,0,-3
random_3099,random_cycle_chord,20260823,200,0.9,crossing_rich,8d92d8721dbd33134985bb942b070fe4,5,5.0,13.772642109904368,9,13,5,3,0.04646893420251984,4.139701830839942,0.011225188697489192,True,True,1,5,0,-4
random_3100,random_cycle_chord,20260823,200,0.9,baseline,3ddc013bba7f8602e9b01edf73e915d5,0,,,9,11,3,3,0.061479205894477064,5.32879761039551,0.011537162862883433,True,True,1,3,0,-2
random_3101,random_cycle_chord,20260823,200,0.9,crossing_rich,f61befc086c76698e58b129c58523394,3,3.0,11.027811591657715,10,14,5,3,0.05803508653377296,5.057016561638776,0.011476151170635303,True,True,1,5,0,-4
random_3102,random_cycle_chord,20260823,200,0.9,baseline,b73291eb7126cc5eaf4780776629388d,0,,,8,10,3,3,0.07288656212924724,6.16602268764109,0.011820676929285052,True,True,1,3,0,-2
random_3103,random_cycle_chord,20260823,200,0.9,crossing_rich,e4dfd7b460148a3915f7aca370896702,5,5.0,13.837927924353773,8,12,5,3,0.04624969890713518,4.124464067363975,0.01121350511284591,True,True,1,5,0,-4
random_3104,random_cycle_chord,20260823,200,0.9,baseline,7e6bc2286a474f101d6d3fad2dea3b25,0,,,11,14,4,3,0.04553484116945506,4.064835745190059,0.011202135590186311,True,True,1,4,0,-3
random_3105,random_cycle_chord,20260823,200,0.9,crossing_rich,74b2009f75f7aa39b3078aa9dd4b778d,2,2.0,8.949160585037752,9,12,4,3,0.0715150872440513,6.07716433874991,0.01176783829722172,True,True,1,4,0,-3
random_3106,random_cycle_chord,20260823,200,0.9,baseline,e756644711763e07d0e3622d4415d4c4,0,,,11,13,3,3,0.04597126020538164,4.107430417374933,0.011192218865331862,True,True,1,3,0,-2
random_3107,random_cycle_chord,20260823,200,0.9,baseline,4ca7af1950eb0912a81fec832cb4eb96,0,,,10,12,3,3,0.06540952688651132,5.622123551558298,0.01163430975620975,True,True,1,3,0,-2
random_3108,random_cycle_chord,20260823,200,0.9,baseline,5ece6bdff7ea6a9025672e56fbda3d50,0,,,11,13,3,3,0.04542850739310765,4.0514511101315085,0.011212897837889264,True,True,1,3,0,-2
random_3109,random_cycle_chord,20260823,200,0.9,crossing_rich,cbd367df182ccb02b6db0d327f7ca73e,5,5.0,12.281351603396018,11,16,6,3,0.05211152816625072,4.599896752795959,0.01132884735610114,True,True,1,6,0,-5
random_3110,random_cycle_chord,20260823,200,0.9,baseline,8603424a32f201376c6da364b388d315,0,,,11,13,3,3,0.046085498688790257,4.118803717705817,0.011189049502572553,True,True,1,3,0,-2
random_3111,random_cycle_chord,20260823,200,0.9,baseline,4ca7af1950eb0912a81fec832cb4eb96,0,,,10,12,3,3,0.06549271704727831,5.624177637235271,0.011644852149348748,True,True,1,3,0,-2
random_3112,random_cycle_chord,20260823,200,0.9,crossing_rich,d86c5f9e478e64f89adb822abc677322,4,4.0,10.6348431139616,11,15,5,3,0.060179543143405415,5.224132020907912,0.011519529541473322,True,True,1,5,0,-4
random_3113,random_cycle_chord,20260823,200,0.9,crossing_rich,160f71c8722822d99555e73577ebdb55,8,8.0,13.37338328905804,13,19,7,3,0.04785625194214251,4.259398224230336,0.0112354490993361,True,True,1,7,0,-6
random_3114,random_cycle_chord,20260823,200,0.9,crossing_rich,2c8b3e95d62a28423936c85308a28eeb,6,6.0,9.785749678415643,10,15,6,3,0.0654012233126751,5.626980734518122,0.011622791404185581,True,True,1,6,0,-5
random_3115,random_cycle_chord,20260823,200,0.9,baseline,81e5278df3f8e320a85c07960e14ee58,0,,,14,17,4,3,0.04831198572755901,4.295410689989962,0.011247349605043684,True,True,1,4,0,-3
random_3116,random_cycle_chord,20260823,200,0.9,baseline,15690ba2e9cfb14a6cdecbf5ca5b8d49,0,,,13,15,3,3,0.0517480747113072,4.570415651602909,0.011322400117625718,True,True,1,3,0,-2
random_3117,random_cycle_chord,20260823,200,0.9,baseline,3e0db153ae04214574c8c982b8d2f4f0,0,,,11,13,3,3,0.04529927596430273,4.045328088538543,0.011197923869919784,True,True,1,3,0,-2
random_3118,random_cycle_chord,20260823,200,0.9,crossing_rich,11ff92b909908f11810d96187ae2e39a,6,6.0,12.940981983776286,13,18,6,3,0.04945528869465613,4.387887765290668,0.01127086455717038,True,True,1,6,0,-5
random_3119,random_cycle_chord,20260823,200,0.9,crossing_rich,6cae8dd6dca8ab370494a907f81c49aa,2,2.0,8.115138825222585,8,11,4,3,0.07886494781960134,6.603216135258001,0.011943414573165402,True,True,1,4,0,-3
random_3120,random_cycle_chord,20260823,200,0.9,baseline,3ddc013bba7f8602e9b01edf73e915d5,0,,,9,11,3,3,0.0625395228994581,5.396230227455467,0.011589483818029746,True,True,1,3,0,-2
random_3121,random_cycle_chord,20260823,200,0.9,baseline,4ca7af1950eb0912a81fec832cb4eb96,0,,,10,12,3,3,0.06559446657147851,5.626373514638218,0.011658391751066727,True,True,1,3,0,-2
random_3122,random_cycle_chord,20260823,200,0.9,crossing_rich,bd6dd3ebc80dd0444f1dd005eb482598,9,9.0,14.128816166350266,15,21,7,3,0.045297496440236,4.04399612567796,0.011201172066563752,True,True,1,7,0,-6
random_3123,random_cycle_chord,20260823,200,0.9,crossing_rich,f8e101deee8812cdf51fe0521efd7a68,5,5.0,11.930331004973766,10,14,5,3,0.05364478150129979,4.709845615767014,0.011389923551148833,True,True,1,5,0,-4
random_3124,random_cycle_chord,20260823,200,0.9,baseline,b73291eb7126cc5eaf4780776629388d,0,,,8,10,3,3,0.07251601156119851,6.143136537199388,0.01180439521766808,True,True,1,3,0,-2
random_3125,random_cycle_chord,20260823,200,0.9,baseline,4ca7af1950eb0912a81fec832cb4eb96,0,,,10,12,3,3,0.0655909854539858,5.627015428924933,0.011656443150453073,True,True,1,3,0,-2
random_3126,random_cycle_chord,20260823,200,0.9,crossing_rich,b497a8280ab5258c0901c20c694e809b,3,3.0,12.595729271801034,9,12,4,3,0.050810872970476914,4.494863980300823,0.011304207022317134,True,True,1,4,0,-3
random_3127,random_cycle_chord,20260823,200,0.9,crossing_rich,e4dfd7b460148a3915f7aca370896702,4,4.0,8.104290805516277,8,12,5,3,0.07897051270228073,6.6024120800724075,0.011960857902316008,True,True,1,5,0,-4
random_3128,random_cycle_chord,20260823,200,0.9,crossing_rich,6cae8dd6dca8ab370494a907f81c49aa,2,2.0,8.134369098167543,8,11,4,3,0.07867850502925605,6.583720670611515,0.011950462203000506,True,True,1,4,0,-3
random_3129,random_cycle_chord,20260823,200,0.9,baseline,19fca4749c1a57391a2f17cdb3a8fecb,0,,,11,13,3,3,0.060190705667430525,5.2224164002493065,0.011525451257497803,True,True,1,3,0,-2
random_3130,random_cycle_chord,20260823,200,0.9,crossing_rich,9864390659db0a33d7b4bc27549e7f6e,4,4.0,10.118063468174505,10,14,5,3,0.06325321065765843,5.455503955286262,0.01159438452910798,True,True,1,5,0,-4
random_3131,random_cycle_chord,20260823,200,0.9,baseline,8f34f4541eedc7b1aecfd95c1d8d238c,0,,,11,14,4,3,0.045250032371432956,4.038864351559965,0.011203652421244513,True,True,1,4,0,-3
random_3132,random_cycle_chord,20260823,200,0.9,baseline,b73291eb7126cc5eaf4780776629388d,0,,,8,10,3,3,0.07230100449722207,6.133097320403588,0.011788660887002573,True,True,1,3,0,-2
random_3133,random_cycle_chord,20260823,200,0.9,crossing_rich,c086538f249c9c8fa306f8c42905b021,3,3.0,12.451558986747,12,16,5,3,0.05139918629315361,4.542015328144989,0.011316383274766629,True,True,1,5,0,-4
random_3134,random_cycle_chord,20260823,200,0.9,crossing_rich,51c649782519fad82f174ab8ea47ce77,2,2.0,10.904456478222208,10,13,4,3,0.05869160019833849,5.111883773184786,0.011481403490864715,True,True,1,4,0,-3
random_3135,random_cycle_chord,20260823,200,0.9,crossing_rich,e4dfd7b460148a3915f7aca370896702,5,5.0,13.40207861440192,8,12,5,3,0.0477537864396836,4.2544693692113835,0.011224381302464363,True,True,1,5,0,-4
random_3136,random_cycle_chord,20260823,200,0.9,baseline,237b03a6236ff83b0e5299ac7fc023ee,0,,,10,12,3,3,0.05369302699332188,4.726890373303691,0.011359059075405435,True,True,1,3,0,-2
random_3137,random_cycle_chord,20260823,200,0.9,crossing_rich,6cae8dd6dca8ab370494a907f81c49aa,3,3.0,13.690401228019834,8,11,4,3,0.04674808205694706,4.167899632870043,0.011216220680620378,True,True,1,4,0,-3
random_3138,random_cycle_chord,20260823,200,0.9,baseline,3ddc013bba7f8602e9b01edf73e915d5,0,,,9,11,3,3,0.06217213339475539,5.370391838935946,0.011576833731944923,True,True,1,3,0,-2
random_3139,random_cycle_chord,20260823,200,0.9,crossing_rich,8d92d8721dbd33134985bb942b070fe4,5,5.0,13.13770159113766,9,13,5,3,0.048714761525084936,4.327737366774197,0.011256404304726995,True,True,1,5,0,-4
random_3140,random_cycle_chord,20260823,200,0.9,baseline,36e1f5945e20d9ab08e180f10c149151,0,,,15,18,4,3,0.04530868672949009,4.04802479348999,0.011192788839227284,True,True,1,4,0,-3
random_3141,random_cycle_chord,20260823,200,0.9,baseline,b73291eb7126cc5eaf4780776629388d,0,,,8,10,3,3,0.07238439640916888,6.135775476437142,0.011797106443536343,True,True,1,3,0,-2
random_3142,random_cycle_chord,20260823,200,0.9,baseline,b73291eb7126cc5eaf4780776629388d,0,,,8,10,3,3,0.07219820409018336,6.124354875311706,0.011788703554920755,True,True,1,3,0,-2
random_3143,random_cycle_chord,20260823,200,0.9,baseline,8603424a32f201376c6da364b388d315,0,,,11,13,3,3,0.04524514482229477,4.043848481161514,0.011188635042354261,True,True,1,3,0,-2
random_3144,random_cycle_chord,20260823,200,0.9,crossing_rich,a9ca2a8949c4cb974344fa065ab4c92a,4,4.0,10.609628100111122,11,15,5,3,0.06032256681959445,5.2270591591260525,0.011540440806811183,True,True,1,5,0,-4
random_3145,random_cycle_chord,20260823,200,0.9,baseline,7e6bc2286a474f101d6d3fad2dea3b25,0,,,11,14,4,3,0.045365998840987395,4.0481738902018325,0.011206534124137033,True,True,1,4,0,-3
random_3146,random_cycle_chord,20260823,200,0.9,baseline,2628a87ca662ceb07ab825aa2ed1faee,0,,,11,13,3,3,0.04577028280080957,4.082227137530228,0.011212086260467337,True,True,1,3,0,-2
random_3147,random_cycle_chord,20260823,200,0.9,crossing_rich,8d92d8721dbd33134985bb942b070fe4,5,5.0,13.041205499492875,9,13,5,3,0.04907521777989675,4.359555843104181,0.011256930647538901,True,True,1,5,0,-4
random_3148,random_cycle_chord,20260823,200,0.9,baseline,946bafcc7406212e8232b67daff06ec3,0,,,15,17,3,3,0.045288232866414486,4.048871940209808,0.011185395224939542,True,True,1,3,0,-2
random_3149,random_cycle_chord,20260823,200,0.9,crossing_rich,f01bb47f0e11353dcd7e62b1e2f9df0e,4,4.0,8.949528227149038,9,13,5,3,0.07151214944029272,6.078424472229296,0.01176491536038865,True,True,1,5,0,-4
random_3150,random_cycle_chord,20260823,200,0.9,baseline,103a02ce2419501dbcecbb0b106c7128,0,,,9,11,3,3,0.06186266634354491,5.360780422466924,0.01153986201044156,True,True,1,3,0,-2
random_3151,random_cycle_chord,20260823,200,0.9,baseline,e756644711763e07d0e3622d4415d4c4,0,,,11,13,3,3,0.045333390773790304,4.046136541322285,0.011204117881542195,True,True,1,3,0,-2
random_3152,random_cycle_chord,20260823,200,0.9,baseline,19fca4749c1a57391a2f17cdb3a8fecb,0,,,11,13,3,3,0.060194313776586274,5.221676247839028,0.011527775932392874,True,True,1,3,0,-2
random_3153,random_cycle_chord,20260823,200,0.9,crossing_rich,d3b9e56b5337f4aa08cbf81ed5c2928d,2,2.0,8.386795098063294,8,11,4,3,0.07631043712368636,6.435621077661941,0.011857509353457758,True,True,1,4,0,-3
random_3154,random_cycle_chord,20260823,200,0.9,baseline,3ddc013bba7f8602e9b01edf73e915d5,0,,,9,11,3,3,0.062285354156357935,5.37487595505683,0.011588240301203262,True,True,1,3,0,-2
random_3155,random_cycle_chord,20260823,200,0.9,baseline,3ddc013bba7f8602e9b01edf73e915d5,0,,,9,11,3,3,0.062005157111543946,5.355327234712685,0.01157822004034279,True,True,1,3,0,-2
random_3156,random_cycle_chord,20260823,200,0.9,crossing_rich,9864390659db0a33d7b4bc27549e7f6e,4,4.0,9.774277789835184,10,14,5,3,0.06547798351562831,5.6225787836680095,0.011645543092401517,True,True,1,5,0,-4
random_3157,random_cycle_chord,20260823,200,0.9,crossing_rich,d3b9e56b5337f4aa08cbf81ed5c2928d,2,2.0,8.495496687671526,8,11,4,3,0.07533402972527241,6.359444751669799,0.011846007421558613,True,True,1,4,0,-3
random_3158,random_cycle_chord,20260823,200,0.9,crossing_rich,e4dfd7b460148a3915f7aca370896702,5,5.0,13.89738838661965,8,12,5,3,0.04605181795280252,4.110682472328753,0.011202961615936632,True,True,1,5,0,-4
random_3159,random_cycle_chord,20260823,200,0.9,crossing_rich,e4dfd7b460148a3915f7aca370896702,4,4.0,8.128363398382994,8,12,5,3,0.07873663720882823,6.5873950722654255,0.01195262108087749,True,True,1,5,0,-4
random_3160,random_cycle_chord,20260823,200,0.9,crossing_rich,b497a8280ab5258c0901c20c694e809b,3,3.0,12.477210131283568,9,12,4,3,0.051293517802938636,4.523615852888523,0.011339052534751712,True,True,1,4,0,-3
random_3161,random_cycle_chord,20260823,200,0.9,baseline,b73291eb7126cc5eaf4780776629388d,0,,,8,10,3,3,0.0732091381148506,6.200566102722832,0.011806847455864156,True,True,1,3,0,-2
random_3162,random_cycle_chord,20260823,200,0.9,crossing_rich,35e6984785cd33f6953165239be9a661,4,4.0,9.870673006378073,10,14,5,3,0.06483853731011605,5.5813347683696115,0.011617030692652094,True,True,1,5,0,-4
random_3163,random_cycle_chord,20260823,200,0.9,crossing_rich,f01bb47f0e11353dcd7e62b1e2f9df0e,4,4.0,8.936246442288647,9,13,5,3,0.07161843668179889,6.071443804685497,0.01179594821029703,True,True,1,5,0,-4
random_3164,random_cycle_chord,20260823,200,0.9,baseline,b73291eb7126cc5eaf4780776629388d,0,,,8,10,3,3,0.07322827795248177,6.197025582956595,0.011816681563148336,True,True,1,3,0,-2
random_3165,random_cycle_chord,20260823,200,0.9,baseline,f4c63b03cb04e53779a197f375d70184,0,,,12,14,3,3,0.05565678812647228,4.875053234638783,0.011416652382585966,True,True,1,3,0,-2
random_3166,random_cycle_chord,20260823,200,0.9,crossing_rich,f01bb47f0e11353dcd7e62b1e2f9df0e,4,4.0,8.942727926533157,9,13,5,3,0.07156652928030093,6.084523997229608,0.0117620588418891,True,True,1,5,0,-4
random_3167,random_cycle_chord,20260823,200,0.9,crossing_rich,748a628f2d4ade0213315cc4014b52e0,3,3.0,11.35304419209726,10,14,5,3,0.05637254547511562,4.936289621933739,0.011420023903101591,True,True,1,5,0,-4
random_3168,random_cycle_chord,20260823,200,0.9,crossing_rich,f61befc086c76698e58b129c58523394,3,3.0,10.91968146425808,10,14,5,3,0.05860976825146646,5.101170960005702,0.011489473438741788,True,True,1,5,0,-4
random_3169,random_cycle_chord,20260823,200,0.9,crossing_rich,e4dfd7b460148a3915f7aca370896702,4,4.0,8.120798124245546,8,12,5,3,0.07880998766478492,6.59571434227705,0.011948665993557447,True,True,1,5,0,-4
random_3170,random_cycle_chord,20260823,200,0.9,baseline,3ddc013bba7f8602e9b01edf73e915d5,0,,,9,11,3,3,0.062462043652211315,5.392226680781995,0.011583719926839741,True,True,1,3,0,-2
random_3171,random_cycle_chord,20260823,200,0.9,baseline,cbcdcec981f1dd5d52ceecf70d124d2f,0,,,12,14,3,3,0.0556499677162557,4.875990233585781,0.011413059717170715,True,True,1,3,0,-2
random_3172,random_cycle_chord,20260823,200,0.9,baseline,e756644711763e07d0e3622d4415d4c4,0,,,11,13,3,3,0.045745124488875306,4.090713088795612,0.011182677321998055,True,True,1,3,0,-2
random_3173,random_cycle_chord,20260823,200,0.9,baseline,3ddc013bba7f8602e9b01edf73e915d5,0,,,9,11,3,3,0.06244702427867691,5.397370710686207,0.011569897201064695,True,True,1,3,0,-2
random_3174,random_cycle_chord,20260823,200,0.9,crossing_rich,8d92d8721dbd33134985bb942b070fe4,5,5.0,13.052936454984552,9,13,5,3,0.04903111282332198,4.351028398015677,0.011268856081399752,True,True,1,5,0,-4
random_3175,random_cycle_chord,20260823,200,0.9,crossing_rich,e4dfd7b460148a3915f7aca370896702,5,5.0,13.940014470704014,8,12,5,3,0.04591099968690908,4.094339567850003,0.011213285787875579,True,True,1,5,0,-4
random_3176,random_cycle_chord,20260823,200,0.9,crossing_rich,f01bb47f0e11353dcd7e62b1e2f9df0e,4,4.0,8.934040379989648,9,13,5,3,0.07163612125970059,6.070780601447085,0.011800149925138914,True,True,1,5,0,-4
random_3177,random_cycle_chord,20260823,200,0.9,baseline,b73291eb7126cc5eaf4780776629388d,0,,,8,10,3,3,0.07344511531424967,6.21469135968805,0.011817982754647415,True,True,1,3,0,-2
random_3178,random_cycle_chord,20260823,200,0.9,crossing_rich,9e29c665f19ef85c09f08031b7489ca3,6,6.0,10.609564668946254,11,16,6,3,0.060322927468763436,5.226687742438854,0.01154132989024055,True,True,1,6,0,-5
random_3179,random_cycle_chord,20260823,200,0.9,baseline,3ddc013bba7f8602e9b01edf73e915d5,0,,,9,11,3,3,0.06200748343308305,5.361947715714877,0.011564358087892312,True,True,1,3,0,-2
random_3180,random_cycle_chord,20260823,200,0.9,crossing_rich,f9b901ec7382c723cafc32de5113e90c,6,6.0,11.500597893703189,12,17,6,3,0.0556492806648264,4.875665179582875,0.011413679696026077,True,True,1,6,0,-5
random_3181,random_cycle_chord,20260823,200,0.9,baseline,b73291eb7126cc5eaf4780776629388d,0,,,8,10,3,3,0.07289768488987819,6.1667555300927495,0.0118210758532829,True,True,1,3,0,-2
random_3182,random_cycle_chord,20260823,200,0.9,crossing_rich,6cae8dd6dca8ab370494a907f81c49aa,3,3.0,13.73574225319143,8,11,4,3,0.046593768884335265,4.150567987166834,0.011225877766223519,True,True,1,4,0,-3
random_3183,random_cycle_chord,20260823,200,0.9,baseline,e756644711763e07d0e3622d4415d4c4,0,,,11,13,3,3,0.045182791874838035,4.033381506041854,0.011202211297680597,True,True,1,3,0,-2
random_3184,random_cycle_chord,20260823,200,0.9,crossing_rich,245a1af1f73453385ecdf4bb231e1fbb,6,6.0,12.34644640226825,13,18,6,3,0.051836777899300746,4.565148838429653,0.011354893286925532,True,True,1,6,0,-5
random_3185,random_cycle_chord,20260823,200,0.9,crossing_rich,9a9d31dddbd26369d4b9887955f66826,5,5.0,12.593405610371981,12,17,6,3,0.05082024829509925,4.491890348230466,0.011313777575875011,True,True,1,6,0,-5
random_3186,random_cycle_chord,20260823,200,0.9,crossing_rich,e4dfd7b460148a3915f7aca370896702,5,5.0,13.506890444967949,8,12,5,3,0.04738322285263184,4.219354223531262,0.011229970356216236,True,True,1,5,0,-4
random_3187,random_cycle_chord,20260823,200,0.9,baseline,4e9cca7c282396d17b6e561d68fe510e,0,,,10,13,4,3,0.05308044718604534,4.678880939972173,0.011344688584095715,True,True,1,4,0,-3
random_3188,random_cycle_chord,20260823,200,0.9,crossing_rich,e4dfd7b460148a3915f7aca370896702,4,4.0,8.121875219063778,8,12,5,3,0.0787995361585688,6.587254222879635,0.011962425237039262,True,True,1,5,0,-4
random_3189,random_cycle_chord,20260823,200,0.9,baseline,7e6bc2286a474f101d6d3fad2dea3b25,0,,,11,14,4,3,0.045972275597741,4.105485844130164,0.011197767412465948,True,True,1,4,0,-3
random_3190,random_cycle_chord,20260823,200,0.9,crossing_rich,e4dfd7b460148a3915f7aca370896702,5,5.0,13.43228981761259,8,12,5,3,0.0476463811226604,4.241491111401689,0.011233403506276513,True,True,1,5,0,-4
random_3191,random_cycle_chord,20260823,200,0.9,baseline,3ddc013bba7f8602e9b01edf73e915d5,0,,,9,11,3,3,0.061784836261923916,5.33456732337558,0.011581977040797381,True,True,1,3,0,-2
random_3192,random_cycle_chord,20260823,200,0.9,baseline,103a02ce2419501dbcecbb0b106c7128,0,,,9,11,3,3,0.06204666449057349,5.355140753666717,0.011586374167306348,True,True,1,3,0,-2
random_3193,random_cycle_chord,20260823,200,0.9,crossing_rich,f01bb47f0e11353dcd7e62b1e2f9df0e,4,4.0,8.936201990232185,9,13,5,3,0.07161879293905388,6.073528176262673,0.011791958621178947,True,True,1,5,0,-4
random_3194,random_cycle_chord,20260823,200,0.9,crossing_rich,7fb768e017b3b1a07bb2dec1fbe50566,4,4.0,10.609970544802655,11,15,5,3,0.06032061986387955,5.225080394952712,0.011544438612303011,True,True,1,5,0,-4
random_3195,random_cycle_chord,20260823,200,0.9,baseline,5ece6bdff7ea6a9025672e56fbda3d50,0,,,11,13,3,3,0.04552118092809058,4.05889885155191,0.01121515529037775,True,True,1,3,0,-2
random_3196,random_cycle_chord,20260823,200,0.9,crossing_rich,76f64aeb3bec290543374c9120128d8d,4,4.0,9.839541009506593,10,14,5,3,0.06504368439357651,5.58950306307945,0.01163675619451968,True,True,1,5,0,-4
random_3197,random_cycle_chord,20260823,200,0.9,crossing_rich,6d7be31ac542a0764936711ec3c54ff3,5,5.0,12.336660038974838,12,17,6,3,0.0518778987163517,4.577391730249935,0.011333506453798539,True,True,1,6,0,-5
random_3198,random_cycle_chord,20260823,200,0.9,baseline,b73291eb7126cc5eaf4780776629388d,0,,,8,10,3,3,0.0723921143831068,6.130250197908687,0.011808998335468121,True,True,1,3,0,-2
random_3199,random_cycle_chord,20260823,200,0.9,crossing_rich,e4dfd7b460148a3915f7aca370896702,5,5.0,13.320726648216858,8,12,5,3,0.04804542701772743,4.284160895823072,0.011214664478304324,True,True,1,5,0,-4
random_3200,random_cycle_chord,20260823,200,0.9,baseline,fcb06304329c3a95c9fc63ab6e3f83f6,0,,,10,12,3,3,0.05311137984328077,4.667880759796526,0.011378049820963273,True,True,1,3,0,-2
random_3201,random_cycle_chord,20260823,200,0.9,baseline,4e9cca7c282396d17b6e561d68fe510e,0,,,10,13,4,3,0.052942909958466795,4.6603769436621105,0.011360220556937271,True,True,1,4,0,-3
random_3202,random_cycle_chord,20260823,200,0.9,crossing_rich,e4dfd7b460148a3915f7aca370896702,4,4.0,8.124262443657997,8,12,5,3,0.07877638178707533,6.599497218605709,0.011936724750028547,True,True,1,5,0,-4
random_3203,random_cycle_chord,20260823,200,0.9,baseline,db66966f42fa5c2f6d83cadf8fe17186,0,,,15,19,5,3,0.04528310403870344,4.047902198426948,0.011186807837477119,True,True,1,5,0,-4
random_3204,random_cycle_chord,20260823,200,0.9,baseline,4ca7af1950eb0912a81fec832cb4eb96,0,,,10,12,3,3,0.06559170890802751,5.626714691254415,0.011657194741005173,True,True,1,3,0,-2
random_3205,random_cycle_chord,20260823,200,0.9,crossing_rich,f01bb47f0e11353dcd7e62b1e2f9df0e,4,4.0,8.93669139743616,9,13,5,3,0.07161487082161179,6.082458505924814,0.011774000718928543,True,True,1,5,0,-4
random_3206,random_cycle_chord,20260823,200,0.9,baseline,3ddc013bba7f8602e9b01edf73e915d5,0,,,9,11,3,3,0.061849239381343686,5.354158223214432,0.01155162712845863,True,True,1,3,0,-2
random_3207,random_cycle_chord,20260823,200,0.9,baseline,103a02ce2419501dbcecbb0b106c7128,0,,,9,11,3,3,0.06225424125776332,5.375847413494611,0.011580358680101464,True,True,1,3,0,-2
random_3208,random_cycle_chord,20260823,200,0.9,baseline,b7f57d3553d50f25c5be44b65115c3b8,0,,,13,15,3,3,0.051771359383897486,4.561795326628856,0.011348900088017817,True,True,1,3,0,-2
random_3209,random_cycle_chord,20260823,200,0.9,baseline,7e6bc2286a474f101d6d3fad2dea3b25,0,,,11,14,4,3,0.04520548028227098,4.033294233379763,0.011208078971315297,True,True,1,4,0,-3
random_3210,random_cycle_chord,20260823,200,0.9,baseline,b73291eb7126cc5eaf4780776629388d,0,,,8,10,3,3,0.07255314120256295,6.1586691961155875,0.01178065242541747,True,True,1,3,0,-2
random_3211,random_cycle_chord,20260823,200,0.9,crossing_rich,35e6984785cd33f6953165239be9a661,4,4.0,10.091544618846129,10,14,5,3,0.06341942925216713,5.4761621533434734,0.011580999151649733,True,True,1,5,0,-4
random_3212,random_cycle_chord,20260823,200,0.9,baseline,237b03a6236ff83b0e5299ac7fc023ee,0,,,10,12,3,3,0.05339026780633336,4.6900905596996685,0.011383632602981598,True,True,1,3,0,-2
random_3213,random_cycle_chord,20260823,200,0.9,crossing_rich,9864390659db0a33d7b4bc27549e7f6e,3,3.0,9.78437739775414,10,14,5,3,0.06541039597950327,5.620326658200379,0.011638184034030432,True,True,1,5,0,-4
random_3214,random_cycle_chord,20260823,200,0.9,crossing_rich,6cae8dd6dca8ab370494a907f81c49aa,2,2.0,8.118009548281718,8,11,4,3,0.0788370592808017,6.599308768178494,0.011946260138781457,True,True,1,4,0,-3
random_3215,random_cycle_chord,20260823,200,0.9,crossing_rich,0ba4cef7d36938b0547a48dd8590384b,4,4.0,12.232436496444434,11,15,5,3,0.052319911915016025,4.604581283729109,0.011362577548559146,True,True,1,5,0,-4
random_3216,random_cycle_chord,20260823,200,0.9,crossing_rich,0df41eb2ae0636a4941059140d5ea5d1,3,3.0,14.199815191804444,12,16,5,3,0.04507100911914558,4.029489315015859,0.01118529063997982,True,True,1,5,0,-4
random_3217,random_cycle_chord,20260823,200,0.9,baseline,7e6bc2286a474f101d6d3fad2dea3b25,0,,,11,14,4,3,0.04524858813366287,4.042380221014833,0.011193550744789487,True,True,1,4,0,-3
random_3218,random_cycle_chord,20260823,200,0.9,crossing_rich,8d92d8721dbd33134985bb942b070fe4,5,5.0,13.097646597176595,9,13,5,3,0.04886374015756099,4.3431373941887355,0.011250793084036974,True,True,1,5,0,-4
random_3219,random_cycle_chord,20260823,200,0.9,crossing_rich,e4dfd7b460148a3915f7aca370896702,4,4.0,8.138524509762533,8,12,5,3,0.07863833293520106,6.5874655362638315,0.01193757029957865,True,True,1,5,0,-4
random_3220,random_cycle_chord,20260823,200,0.9,crossing_rich,d3b9e56b5337f4aa08cbf81ed5c2928d,2,2.0,8.38626387737721,8,11,4,3,0.0763152709428169,6.427761034711816,0.011872761064185772,True,True,1,4,0,-3
random_3221,random_cycle_chord,20260823,200,0.9,crossing_rich,e4dfd7b460148a3915f7aca370896702,5,5.0,13.681433017592116,8,12,5,3,0.04677872553094864,4.162315724441394,0.011238629798374221,True,True,1,5,0,-4
random_3222,random_cycle_chord,20260823,200,0.9,baseline,78d712f24f5cff365e8a82f9a84c6043,0,,,10,12,3,3,0.05291439991869925,4.655917736718419,0.01136497741388239,True,True,1,3,0,-2
random_3223,random_cycle_chord,20260823,200,0.9,crossing_rich,d3b9e56b5337f4aa08cbf81ed5c2928d,2,2.0,8.368268961082503,8,11,4,3,0.07647937739290957,6.427878699852296,0.01189807414920057,True,True,1,4,0,-3
random_3224,random_cycle_chord,20260823,200,0.9,crossing_rich,2c8b3e95d62a28423936c85308a28eeb,6,6.0,9.78324777599501,10,15,6,3,0.06541794858455463,5.619919243094151,0.011640371641450414,True,True,1,6,0,-5
random_3225,random_cycle_chord,20260823,200,0.9,crossing_rich,e4dfd7b460148a3915f7aca370896702,5,5.0,13.887565562008216,8,12,5,3,0.04608439089935447,4.111153936351403,0.011209599935402511,True,True,1,5,0,-4
random_3226,random_cycle_chord,20260823,200,0.9,crossing_rich,e4dfd7b460148a3915f7aca370896702,5,5.0,13.82386991141373,8,12,5,3,0.04629673196443939,4.130668196340091,0.011208049100980765,True,True,1,5,0,-4
random_3227,random_cycle_chord,20260823,200,0.9,baseline,4e9cca7c282396d17b6e561d68fe510e,0,,,10,13,4,3,0.05312332908548324,4.681618700878505,0.011347213961597227,True,True,1,4,0,-3
random_3228,random_cycle_chord,20260823,200,0.9,baseline,efa81f8d435c5ba80e07756432e1f676,0,,,11,13,3,3,0.045269696121427075,4.049990989911439,0.011177727613269822,True,True,1,3,0,-2
random_3229,random_cycle_chord,20260823,200,0.9,baseline,5c25c6be641fc20f13f284ff50ca2a81,0,,,13,16,4,3,0.05173524269290245,4.566972526728687,0.011328126541185982,True,True,1,4,0,-3
random_3230,random_cycle_chord,20260823,200,0.9,baseline,4ca7af1950eb0912a81fec832cb4eb96,0,,,10,12,3,3,0.0654095023133529,5.621500569758379,0.011635594713844224,True,True,1,3,0,-2
random_3231,random_cycle_chord,20260823,200,0.9,crossing_rich,76f64aeb3bec290543374c9120128d8d,4,4.0,10.280426925722375,10,14,5,3,0.06225422393681662,5.383776674350078,0.011563299836231016,True,True,1,5,0,-4
random_3232,random_cycle_chord,20260823,200,0.9,crossing_rich,e4dfd7b460148a3915f7aca370896702,5,5.0,13.497500723665736,8,12,5,3,0.04741618564078764,4.227513028479639,0.0112160945031647,True,True,1,5,0,-4
random_3233,random_cycle_chord,20260823,200,0.9,baseline,103a02ce2419501dbcecbb0b106c7128,0,,,9,11,3,3,0.06146155300594202,5.328055617011828,0.011535456351037856,True,True,1,3,0,-2
random_3234,random_cycle_chord,20260823,200,0.9,crossing_rich,e4dfd7b460148a3915f7aca370896702,5,5.0,13.616142500438437,8,12,5,3,0.047003033346587855,4.189729337074318,0.01121863241395207,True,True,1,5,0,-4
random_3235,random_cycle_chord,20260823,200,0.9,crossing_rich,35e6984785cd33f6953165239be9a661,4,4.0,10.21580187345462,10,14,5,3,0.06264804348477197,5.413242938444689,0.011573107691112004,True,True,1,5,0,-4
random_3236,random_cycle_chord,20260823,200,0.9,crossing_rich,8f0fcd64f35ed098799bcfa36390d34a,4,4.0,11.91604751558206,11,15,5,3,0.05370908425491774,4.722396773334443,0.011373268031647035,True,True,1,5,0,-4
random_3237,random_cycle_chord,20260823,200,0.9,crossing_rich,9e29c665f19ef85c09f08031b7489ca3,6,6.0,10.63769921212708,11,16,6,3,0.06016338563797647,5.226276439211273,0.011511711318327445,True,True,1,6,0,-5
random_3238,random_cycle_chord,20260823,200,0.9,baseline,3ddc013bba7f8602e9b01edf73e915d5,0,,,9,11,3,3,0.06277327416765104,5.42104018779887,0.011579562591868398,True,True,1,3,0,-2
random_3239,random_cycle_chord,20260823,200,0.9,crossing_rich,b497a8280ab5258c0901c20c694e809b,3,3.0,13.034211459837367,9,12,4,3,0.04910155109666953,4.354464809965413,0.011276139144424395,True,True,1,4,0,-3
random_3240,random_cycle_chord,20260823,200,0.9,crossing_rich,3a49a0000461226249f1a48ca1897deb,2,2.0,13.914425738038437,11,15,5,3,0.045995430357604034,4.109644195241626,0.01119207117999658,True,True,1,5,0,-4
random_3241,random_cycle_chord,20260823,200,0.9,crossing_rich,be78f6cf39b4beff026779ebe74b2956,4,4.0,13.90031452675037,13,18,6,3,0.04604212363456641,4.111320893773694,0.01119886402063482,True,True,1,6,0,-5
random_3242,random_cycle_chord,20260823,200,0.9,crossing_rich,e4dfd7b460148a3915f7aca370896702,5,5.0,13.379429803902891,8,12,5,3,0.04783462444814402,4.2610712635304955,0.011225962085532176,True,True,1,5,0,-4
random_3243,random_cycle_chord,20260823,200,0.9,baseline,103a02ce2419501dbcecbb0b106c7128,0,,,9,11,3,3,0.06176100085251503,5.352603713960534,0.011538496805102806,True,True,1,3,0,-2
random_3244,random_cycle_chord,20260823,200,0.9,crossing_rich,e4dfd7b460148a3915f7aca370896702,4,4.0,8.117888435446202,8,12,5,3,0.07883823547087492,6.599469639903645,0.011946147156156323,True,True,1,5,0,-4
random_3245,random_cycle_chord,20260823,200,0.9,crossing_rich,cbd367df182ccb02b6db0d327f7ca73e,5,5.0,11.953877737201987,11,16,6,3,0.05353911208312251,4.710587864918591,0.011365696515682713,True,True,1,6,0,-5
random_3246,random_cycle_chord,20260823,200,0.9,baseline,4e9cca7c282396d17b6e561d68fe510e,0,,,10,13,4,3,0.05285674807225898,4.656341486401891,0.011351561784422117,True,True,1,4,0,-3
random_3247,random_cycle_chord,20260823,200,0.9,baseline,103a02ce2419501dbcecbb0b106c7128,0,,,9,11,3,3,0.06172626684697332,5.350316626226929,0.011536937186931122,True,True,1,3,0,-2
random_3248,random_cycle_chord,20260823,200,0.9,crossing_rich,6cae8dd6dca8ab370494a907f81c49aa,3,3.0,13.771197633928583,8,11,4,3,0.046473808379832525,4.1407273702676894,0.011223585670849924,True,True,1,4,0,-3
random_3249,random_cycle_chord,20260823,200,0.9,crossing_rich,e4dfd7b460148a3915f7aca370896702,5,5.0,13.42878880390502,8,12,5,3,0.04765880299002777,4.251936871739269,0.011208727793395667,True,True,1,5,0,-4
random_3250,random_cycle_chord,20260823,200,0.9,baseline,3ddc013bba7f8602e9b01edf73e915d5,0,,,9,11,3,3,0.06256651180454996,5.399242167497081,0.01158801732976423,True,True,1,3,0,-2
random_3251,random_cycle_chord,20260823,200,0.9,crossing_rich,d0c686ca198af7e62058bfa7f192cc8d,3,3.0,14.156100375084915,13,17,5,3,0.04521019087477055,4.034375063738415,0.01120624388176665,True,True,1,5,0,-4
random_3252,random_cycle_chord,20260823,200,0.9,crossing_rich,8d92d8721dbd33134985bb942b070fe4,5,5.0,12.974146734617854,9,13,5,3,0.04932887018244833,4.373157821267872,0.011279919956821233,True,True,1,5,0,-4
random_3253,random_cycle_chord,20260823,200,0.9,crossing_rich,8d92d8721dbd33134985bb942b070fe4,5,5.0,13.453111221617103,9,13,5,3,0.047572638734422815,4.229007365751903,0.011249126478162225,True,True,1,5,0,-4
random_3254,random_cycle_chord,20260823,200,0.9,baseline,b73291eb7126cc5eaf4780776629388d,0,,,8,10,3,3,0.07234186075505752,6.129612720133437,0.011802027967842427,True,True,1,3,0,-2
random_3255,random_cycle_chord,20260823,200,0.9,crossing_rich,6cae8dd6dca8ab370494a907f81c49aa,3,3.0,13.492174333175756,8,11,4,3,0.04743490442650976,4.231128708169122,0.01121093393706655,True,True,1,4,0,-3
random_3256,random_cycle_chord,20260823,200,0.9,baseline,4ca7af1950eb0912a81fec832cb4eb96,0,,,10,12,3,3,0.06548381953454345,5.623097383775388,0.011645506927105207,True,True,1,3,0,-2
random_3257,random_cycle_chord,20260823,200,0.9,baseline,3ddc013bba7f8602e9b01edf73e915d5,0,,,9,11,3,3,0.06170887180301556,5.349917841572129,0.011534545694047849,True,True,1,3,0,-2
random_3258,random_cycle_chord,20260823,200,0.9,baseline,4ca7af1950eb0912a81fec832cb4eb96,0,,,10,12,3,3,0.06539754235192258,5.62265925165538,0.011631069823886045,True,True,1,3,0,-2
random_3259,random_cycle_chord,20260823,200,0.9,crossing_rich,bb2c7ed8feef84917625e983562a84b2,5,5.0,14.108949438967498,10,14,5,3,0.04536127957425267,4.049501509688424,0.011201694693958233,True,True,1,5,0,-4
random_3260,random_cycle_chord,20260823,200,0.9,baseline,3ddc013bba7f8602e9b01edf73e915d5,0,,,9,11,3,3,0.06243753954738197,5.4009831363996375,0.011560402610144717,True,True,1,3,0,-2
random_3261,random_cycle_chord,20260823,200,0.9,baseline,b73291eb7126cc5eaf4780776629388d,0,,,8,10,3,3,0.07259165802988317,6.143386488071444,0.011816228422358533,True,True,1,3,0,-2
random_3262,random_cycle_chord,20260823,200,0.9,baseline,7e6bc2286a474f101d6d3fad2dea3b25,0,,,11,14,4,3,0.04524935767711521,4.042672425378036,0.011192932030075098,True,True,1,4,0,-3
random_3263,random_cycle_chord,20260823,200,0.9,crossing_rich,226d48fcb25dc01375a006b884ac6d23,4,4.0,10.627299655660034,11,15,5,3,0.06022225972137146,5.222541738136909,0.01153121654952157,True,True,1,5,0,-4
random_3264,random_cycle_chord,20260823,200,0.9,crossing_rich,e4dfd7b460148a3915f7aca370896702,5,5.0,13.410225248705245,8,12,5,3,0.04772477629052442,4.2517919090043845,0.011224626536744088,True,True,1,5,0,-4
random_3265,random_cycle_chord,20260823,200,0.9,baseline,8603424a32f201376c6da364b388d315,0,,,11,13,3,3,0.045646681747782865,4.0711580494556525,0.011212210676489507,True,True,1,3,0,-2
random_3266,random_cycle_chord,20260823,200,0.9,baseline,b73291eb7126cc5eaf4780776629388d,0,,,8,10,3,3,0.0735588177648053,6.213589673261294,0.011838377110955393,True,True,1,3,0,-2
random_3267,random_cycle_chord,20260823,200,0.9,crossing_rich,e4dfd7b460148a3915f7aca370896702,5,5.0,13.422142058988548,8,12,5,3,0.047682403984944,4.247327248830341,0.011226449291863517,True,True,1,5,0,-4
random_3268,random_cycle_chord,20260823,200,0.9,crossing_rich,e4dfd7b460148a3915f7aca370896702,4,4.0,8.140821334635072,8,12,5,3,0.07861614617153237,6.587806529125468,0.011933584543498832,True,True,1,5,0,-4
random_3269,random_cycle_chord,20260823,200,0.9,crossing_rich,18e5020b14cea3b8ce7dd9567b78df27,5,5.0,12.747710478537156,13,18,6,3,0.050205093775666156,4.440002438867026,0.01130744734196074,True,True,1,6,0,-5
random_3270,random_cycle_chord,20260823,200,0.9,crossing_rich,e4dfd7b460148a3915f7aca370896702,5,5.0,13.428988622321668,8,12,5,3,0.04765809384454998,4.246649697047643,0.011222515923006987,True,True,1,5,0,-4
random_3271,random_cycle_chord,20260823,200,0.9,crossing_rich,9864390659db0a33d7b4bc27549e7f6e,3,3.0,10.299524824905015,10,14,5,3,0.06213878901019128,5.3747011373754185,0.011561347770219457,True,True,1,5,0,-4
random_3272,random_cycle_chord,20260823,200,0.9,baseline,3ddc013bba7f8602e9b01edf73e915d5,0,,,9,11,3,3,0.06160467452917348,5.332496224065973,0.011552689761156653,True,True,1,3,0,-2
random_3273,random_cycle_chord,20260823,200,0.9,crossing_rich,6cae8dd6dca8ab370494a907f81c49aa,2,2.0,8.125821243822596,8,11,4,3,0.0787612698822953,6.589895303831381,0.011951824156675648,True,True,1,4,0,-3
random_3274,random_cycle_chord,20260823,200,0.9,baseline,78d712f24f5cff365e8a82f9a84c6043,0,,,10,12,3,3,0.05310306991866065,4.667378610637848,0.011377493524444022,True,True,1,3,0,-2
random_3275,random_cycle_chord,20260823,200,0.9,crossing_rich,cbd367df182ccb02b6db0d327f7ca73e,5,5.0,12.21602443357062,11,16,6,3,0.05239020300591642,4.61411267473531,0.011354339761311054,True,True,1,6,0,-5
random_3276,random_cycle_chord,20260823,200,0.9,crossing_rich,544a2de3e86737771a60badf7d854343,2,2.0,8.939760624847809,9,12,4,3,0.07159028377349817,6.075446189391318,0.011783543387892404,True,True,1,4,0,-3
random_3277,random_cycle_chord,20260823,200,0.9,crossing_rich,0ba4cef7d36938b0547a48dd8590384b,4,4.0,12.161218049260004,11,15,5,3,0.052626307447792474,4.637202277902699,0.011348719398885949,True,True,1,5,0,-4
random_3278,random_cycle_chord,20260823,200,0.9,crossing_rich,35e6984785cd33f6953165239be9a661,4,4.0,10.257157302939229,10,14,5,3,0.062395455299940214,5.3863554994101905,0.011583983884237228,True,True,1,5,0,-4
random_3279,random_cycle_chord,20260823,200,0.9,crossing_rich,f01bb47f0e11353dcd7e62b1e2f9df0e,4,4.0,8.939815090071239,9,13,5,3,0.07158984761449916,6.076981475053674,0.011780494626876718,True,True,1,5,0,-4
random_3280,random_cycle_chord,20260823,200,0.9,crossing_rich,2c8b3e95d62a28423936c85308a28eeb,6,6.0,9.784403802426315,10,15,6,3,0.0654102194597993,5.620341102051412,0.011638122717485015,True,True,1,6,0,-5
random_3281,random_cycle_chord,20260823,200,0.9,crossing_rich,cb26cc24301cc90da9033428f0e0387b,2,2.0,8.939685555611074,9,12,4,3,0.07159088493870998,6.079864488416984,0.011775079045774937,True,True,1,4,0,-3
random_3282,random_cycle_chord,20260823,200,0.9,baseline,f2551d12306507df164d13e621c6cf57,0,,,10,12,3,3,0.052569155701166555,4.630544193122186,0.01135269495521677,True,True,1,3,0,-2
random_3283,random_cycle_chord,20260823,200,0.9,crossing_rich,8d92d8721dbd33134985bb942b070fe4,5,5.0,13.093518527129008,9,13,5,3,0.048879145714267505,4.330602110695049,0.01128691679929527,True,True,1,5,0,-4
random_3284,random_cycle_chord,20260823,200,0.9,crossing_rich,e4dfd7b460148a3915f7aca370896702,5,5.0,13.835913249585918,8,12,5,3,0.04625643341751611,4.124578350164349,0.011214827187286423,True,True,1,5,0,-4
random_3285,random_cycle_chord,20260823,200,0.9,crossing_rich,bb2c7ed8feef84917625e983562a84b2,5,5.0,13.950072236443056,10,14,5,3,0.045877898633963285,4.098593818633184,0.011193570444914895,True,True,1,5,0,-4
random_3286,random_cycle_chord,20260823,200,0.9,crossing_rich,160f71c8722822d99555e73577ebdb55,8,8.0,12.990494818644802,13,19,7,3,0.04926679152216977,4.36759936970654,0.011280061963531242,True,True,1,7,0,-6
random_3287,random_cycle_chord,20260823,200,0.9,crossing_rich,9e29c665f19ef85c09f08031b7489ca3,6,6.0,10.629356187018697,11,16,6,3,0.060210608125223254,5.222928049043503,0.011528132794448484,True,True,1,6,0,-5
random_3288,random_cycle_chord,20260823,200,0.9,crossing_rich,e4dfd7b460148a3915f7aca370896702,5,5.0,13.500863115028269,8,12,5,3,0.04740437663482376,4.218499837470143,0.01123725932469217,True,True,1,5,0,-4
random_3289,random_cycle_chord,20260823,200,0.9,baseline,3a351d58f4eb5873cb60bb786dd613d2,0,,,14,17,4,3,0.04830098171581226,4.293836213285805,0.011248911070795255,True,True,1,4,0,-3
random_3290,random_cycle_chord,20260823,200,0.9,crossing_rich,e4dfd7b460148a3915f7aca370896702,5,5.0,13.85073306335827,8,12,5,3,0.046206940605411154,4.124580985003291,0.011202820546721374,True,True,1,5,0,-4
random_3291,random_cycle_chord,20260823,200,0.9,baseline,103a02ce2419501dbcecbb0b106c7128,0,,,9,11,3,3,0.0623915057163774,5.400371222333343,0.011553188317565298,True,True,1,3,0,-2
random_3292,random_cycle_chord,20260823,200,0.9,crossing_rich,bb2c7ed8feef84917625e983562a84b2,5,5.0,13.970184541574286,10,14,5,3,0.04581185009370528,4.091628514490288,0.01119648324168849,True,True,1,5,0,-4
random_3293,random_cycle_chord,20260823,200,0.9,baseline,4e9cca7c282396d17b6e561d68fe510e,0,,,10,13,4,3,0.052827577854526075,4.654191955204854,0.011350536970321602,True,True,1,4,0,-3
random_3294,random_cycle_chord,20260823,200,0.9,crossing_rich,f01bb47f0e11353dcd7e62b1e2f9df0e,4,4.0,8.924484217643785,9,13,5,3,0.07171282781078982,6.075676932923408,0.01180326548012882,True,True,1,5,0,-4
random_3295,random_cycle_chord,20260823,200,0.9,baseline,b73291eb7126cc5eaf4780776629388d,0,,,8,10,3,3,0.07280222739949367,6.171142031166654,0.011797204963330008,True,True,1,3,0,-2
random_3296,random_cycle_chord,20260823,200,0.9,crossing_rich,e4dfd7b460148a3915f7aca370896702,5,5.0,13.83862827107132,8,12,5,3,0.04624735829763381,4.130080698632878,0.01119768877952976,True,True,1,5,0,-4
random_3297,random_cycle_chord,20260823,200,0.9,baseline,b73291eb7126cc5eaf4780776629388d,0,,,8,10,3,3,0.07291604621507984,6.176797096802425,0.01180483105925993,True,True,1,3,0,-2
random_3298,random_cycle_chord,20260823,200,0.9,baseline,e756644711763e07d0e3622d4415d4c4,0,,,11,13,3,3,0.045553180851237614,4.065598932509219,0.01120454368653697,True,True,1,3,0,-2
random_3299,random_cycle_chord,20260823,200,0.9,crossing_rich,3766c050500c74590e361b5f3d5119d1,2,2.0,9.714169929741251,9,12,4,3,0.06588313820211782,5.6507393300490785,0.011659206761099277,True,True,1,4,0,-3
random_3300,random_cycle_chord,20260823,200,0.9,crossing_rich,e4dfd7b460148a3915f7aca370896702,5,5.0,13.879585290738714,8,12,5,3,0.04611088779626911,4.110330399499689,0.011218292281779039,True,True,1,5,0,-4
random_3301,random_cycle_chord,20260823,200,0.9,baseline,4ca7af1950eb0912a81fec832cb4eb96,0,,,10,12,3,3,0.06541738110403614,5.626721050908077,0.011626199435189461,True,True,1,3,0,-2
random_3302,random_cycle_chord,20260823,200,0.9,crossing_rich,e4dfd7b460148a3915f7aca370896702,5,5.0,13.5077683648078,8,12,5,3,0.04738014324167799,4.2180048092883595,0.011232832911272032,True,True,1,5,0,-4
random_3303,random_cycle_chord,20260823,200,0.9,crossing_rich,e4dfd7b460148a3915f7aca370896702,4,4.0,8.123169307372514,8,12,5,3,0.07878698273826965,6.598137865286871,0.011940790621058685,True,True,1,5,0,-4
random_3304,random_cycle_chord,20260823,200,0.9,baseline,3ddc013bba7f8602e9b01edf73e915d5,0,,,9,11,3,3,0.06255432274620429,5.408828154821482,0.011565226506677377,True,True,1,3,0,-2
random_3305,random_cycle_chord,20260823,200,0.9,baseline,b73291eb7126cc5eaf4780776629388d,0,,,8,10,3,3,0.07336742128139148,6.216267333069134,0.011802488109076876,True,True,1,3,0,-2
random_3306,random_cycle_chord,20260823,200,0.9,crossing_rich,e4dfd7b460148a3915f7aca370896702,4,4.0,8.13378149154189,8,12,5,3,0.07868418897969161,6.58385695418935,0.0119510781487475,True,True,1,5,0,-4
random_3307,random_cycle_chord,20260823,200,0.9,crossing_rich,e4dfd7b460148a3915f7aca370896702,5,5.0,13.608336078142443,8,12,5,3,0.04702999663771979,4.1875255085670435,0.011230975558597442,True,True,1,5,0,-4
random_3308,random_cycle_chord,20260823,200,0.9,baseline,b73291eb7126cc5eaf4780776629388d,0,,,8,10,3,3,0.0729225649438989,6.167675205084703,0.011823347131473571,True,True,1,3,0,-2
random_3309,random_cycle_chord,20260823,200,0.9,crossing_rich,d3b9e56b5337f4aa08cbf81ed5c2928d,2,2.0,8.366623265001246,8,11,4,3,0.07649442071536905,6.4320070713538415,0.011892776215382504,True,True,1,4,0,-3
random_3310,random_cycle_chord,20260823,200,0.9,baseline,7e6bc2286a474f101d6d3fad2dea3b25,0,,,11,14,4,3,0.04611140766005533,4.121472987934543,0.011188089257176922,True,True,1,4,0,-3
random_3311,random_cycle_chord,20260823,200,0.9,baseline,5a09f2d469638693e252e3673038fcb1,0,,,14,17,4,3,0.04832453193889479,4.293773913999795,0.011254559021222165,True,True,1,4,0,-3
random_3312,random_cycle_chord,20260823,200,0.9,baseline,20c28f1a1912b71b12c741edcd739f5f,0,,,15,18,4,3,0.04531226316723026,4.046216781224081,0.01119867412381256,True,True,1,4,0,-3
random_3313,random_cycle_chord,20260823,200,0.9,crossing_rich,11d9af60042d0b38e66457642de2cb72,6,6.0,13.248698999425354,14,19,6,3,0.048306629958742305,4.290055791813102,0.011260140264592345,True,True,1,6,0,-5
random_3314,random_cycle_chord,20260823,200,0.9,baseline,4e9cca7c282396d17b6e561d68fe510e,0,,,10,13,4,3,0.05274773341505514,4.645563564685175,0.011354431530338946,True,True,1,4,0,-3
random_3315,random_cycle_chord,20260823,200,0.9,baseline,fcb06304329c3a95c9fc63ab6e3f83f6,0,,,10,12,3,3,0.0532634345528795,4.686418942544189,0.011365487210147617,True,True,1,3,0,-2
random_3316,random_cycle_chord,20260823,200,0.9,baseline,7e6bc2286a474f101d6d3fad2dea3b25,0,,,11,14,4,3,0.04543587280753607,4.058671226334938,0.011194765546103517,True,True,1,4,0,-3
random_3317,random_cycle_chord,20260823,200,0.9,baseline,b73291eb7126cc5eaf4780776629388d,0,,,8,10,3,3,0.07253161888191315,6.1451208003502416,0.011803123362160627,True,True,1,3,0,-2
random_3318,random_cycle_chord,20260823,200,0.9,crossing_rich,8d92d8721dbd33134985bb942b070fe4,5,5.0,13.582871274396725,9,13,5,3,0.04711816721744094,4.191991508817948,0.0112400435731625,True,True,1,5,0,-4
random_3319,random_cycle_chord,20260823,200,0.9,crossing_rich,544a2de3e86737771a60badf7d854343,2,2.0,8.919435636687195,9,12,4,3,0.0717534187216474,6.080019266655981,0.011801511734536307,True,True,1,4,0,-3
random_3320,random_cycle_chord,20260823,200,0.9,crossing_rich,6cae8dd6dca8ab370494a907f81c49aa,3,3.0,13.470982255640008,8,11,4,3,0.0475095273570007,4.23631846296574,0.01121481488522005,True,True,1,4,0,-3
random_3321,random_cycle_chord,20260823,200,0.9,baseline,3a351d58f4eb5873cb60bb786dd613d2,0,,,14,17,4,3,0.048300778781234184,4.2947914329510235,0.01124636190960405,True,True,1,4,0,-3
random_3322,random_cycle_chord,20260823,200,0.9,baseline,8f34f4541eedc7b1aecfd95c1d8d238c,0,,,11,14,4,3,0.04549575748273779,4.060249605193572,0.011205162713283185,True,True,1,4,0,-3
random_3323,random_cycle_chord,20260823,200,0.9,baseline,8f34f4541eedc7b1aecfd95c1d8d238c,0,,,11,14,4,3,0.045430431451104814,4.051956593385757,0.011211973870910545,True,True,1,4,0,-3
random_3324,random_cycle_chord,20260823,200,0.9,baseline,4ca7af1950eb0912a81fec832cb4eb96,0,,,10,12,3,3,0.06546919081072645,5.621854385287938,0.011645479644946954,True,True,1,3,0,-2
random_3325,random_cycle_chord,20260823,200,0.9,crossing_rich,b9a7447ce037faba7523c9a69bab3e94,6,6.0,11.49800331620791,12,17,6,3,0.05566183818175091,4.878156595785624,0.011410424632501288,True,True,1,6,0,-5
random_3326,random_cycle_chord,20260823,200,0.9,baseline,3ddc013bba7f8602e9b01edf73e915d5,0,,,9,11,3,3,0.06227802306490396,5.387031205272866,0.011560731819029705,True,True,1,3,0,-2
random_3327,random_cycle_chord,20260823,200,0.9,baseline,20c28f1a1912b71b12c741edcd739f5f,0,,,15,18,4,3,0.04529725208800647,4.044005275632669,0.011201086299502883,True,True,1,4,0,-3
random_3328,random_cycle_chord,20260823,200,0.9,crossing_rich,e4dfd7b460148a3915f7aca370896702,5,5.0,13.568870818305447,8,12,5,3,0.04716678407289359,4.196604372691697,0.01123927344207595,True,True,1,5,0,-4
random_3329,random_cycle_chord,20260823,200,0.9,baseline,3ddc013bba7f8602e9b01edf73e915d5,0,,,9,11,3,3,0.06225645844115428,5.3856412037801595,0.01155971147826497,True,True,1,3,0,-2
random_3330,random_cycle_chord,20260823,200,0.9,crossing_rich,9864390659db0a33d7b4bc27549e7f6e,4,4.0,9.771398433773088,10,14,5,3,0.06549727803422227,5.617781510893986,0.011658922282258599,True,True,1,5,0,-4
random_3331,random_cycle_chord,20260823,200,0.9,baseline,4e9cca7c282396d17b6e561d68fe510e,0,,,10,13,4,3,0.05274039101575567,4.651530856481129,0.011338286822771642,True,True,1,4,0,-3
random_3332,random_cycle_chord,20260823,200,0.9,crossing_rich,e4dfd7b460148a3915f7aca370896702,5,5.0,13.558307247629179,8,12,5,3,0.04720353273539447,4.20047877897479,0.011237655329118322,True,True,1,5,0,-4
random_3333,random_cycle_chord,20260823,200,0.9,crossing_rich,8d92d8721dbd33134985bb942b070fe4,5,5.0,12.984903154516594,9,13,5,3,0.04928800718682188,4.373119324710245,0.011270675123891712,True,True,1,5,0,-4
random_3334,random_cycle_chord,20260823,200,0.9,crossing_rich,5abff9f8eb816c43fa70e71b5218041d,9,9.0,11.48929484045701,12,18,7,3,0.05570402787004661,4.872388848724111,0.01143259078852734,True,True,1,7,0,-6
random_3335,random_cycle_chord,20260823,200,0.9,crossing_rich,9864390659db0a33d7b4bc27549e7f6e,4,4.0,9.783606296185567,10,14,5,3,0.06541555134424443,5.625798911438502,0.011627779871626774,True,True,1,5,0,-4
random_3336,random_cycle_chord,20260823,200,0.9,crossing_rich,51c649782519fad82f174ab8ea47ce77,2,2.0,10.815078029060759,10,13,4,3,0.0591766419327056,5.154737259411852,0.011480050088810458,True,True,1,4,0,-3
random_3337,random_cycle_chord,20260823,200,0.9,crossing_rich,e4dfd7b460148a3915f7aca370896702,5,5.0,13.617657751260603,8,12,5,3,0.046997803270592144,4.18924378409707,0.011218684252514044,True,True,1,5,0,-4
random_3338,random_cycle_chord,20260823,200,0.9,crossing_rich,2c8b3e95d62a28423936c85308a28eeb,6,6.0,9.786788083479944,10,15,6,3,0.06539428406346279,5.628561085207542,0.011618295168782291,True,True,1,6,0,-5
random_3339,random_cycle_chord,20260823,200,0.9,baseline,78d712f24f5cff365e8a82f9a84c6043,0,,,10,12,3,3,0.05263150736848834,4.632197263222516,0.011362104068053823,True,True,1,3,0,-2
random_3340,random_cycle_chord,20260823,200,0.9,crossing_rich,34ad0f2d3b81a6839e28becf759fcc77,2,2.0,9.786667262786336,10,13,4,3,0.06539509138454017,5.6239527820611555,0.011627958825175828,True,True,1,4,0,-3
random_3341,random_cycle_chord,20260823,200,0.9,crossing_rich,6cae8dd6dca8ab370494a907f81c49aa,2,2.0,8.105820108464524,8,11,4,3,0.07895561355126526,6.602011231608021,0.011959327359707386,True,True,1,4,0,-3
random_3342,random_cycle_chord,20260823,200,0.9,baseline,8f34f4541eedc7b1aecfd95c1d8d238c,0,,,11,14,4,3,0.045474048659596096,4.056670373162428,0.011209697726597944,True,True,1,4,0,-3
random_3343,random_cycle_chord,20260823,200,0.9,crossing_rich,e4dfd7b460148a3915f7aca370896702,5,5.0,13.657209444758099,8,12,5,3,0.04686169620439148,4.172245168075762,0.011231769542920716,True,True,1,5,0,-4
random_3344,random_cycle_chord,20260823,200,0.9,crossing_rich,f01bb47f0e11353dcd7e62b1e2f9df0e,4,4.0,8.936384610289174,9,13,5,3,0.07161732936864836,6.075778843149085,0.011787349608585981,True,True,1,5,0,-4
random_3345,random_cycle_chord,20260823,200,0.9,baseline,4e9cca7c282396d17b6e561d68fe510e,0,,,10,13,4,3,0.05287828841497545,4.64971270291723,0.011372377562553404,True,True,1,4,0,-3
random_3346,random_cycle_chord,20260823,200,0.9,crossing_rich,35e6984785cd33f6953165239be9a661,4,4.0,10.0738388011453,10,14,5,3,0.0635308954841761,5.483447824767437,0.011585939634042303,True,True,1,5,0,-4
random_3347,random_cycle_chord,20260823,200,0.9,crossing_rich,0d9383c252bac8778d9583a2a6ee796c,6,6.0,10.636953223527152,11,16,6,3,0.06016760500407462,5.22680924808133,0.011511345095702716,True,True,1,6,0,-5
random_3348,random_cycle_chord,20260823,200,0.9,baseline,3a351d58f4eb5873cb60bb786dd613d2,0,,,14,17,4,3,0.048309928140136946,4.296373901644019,0.011244349129309026,True,True,1,4,0,-3
random_3349,random_cycle_chord,20260823,200,0.9,baseline,4e9cca7c282396d17b6e561d68fe510e,0,,,10,13,4,3,0.052641311991590216,4.632389103655292,0.011363750067983795,True,True,1,4,0,-3
random_3350,random_cycle_chord,20260823,200,0.9,crossing_rich,e4dfd7b460148a3915f7aca370896702,5,5.0,13.531042412344528,8,12,5,3,0.04729864710320622,4.214358682643456,0.011223213462585048,True,True,1,5,0,-4
random_3351,random_cycle_chord,20260823,200,0.9,crossing_rich,8d92d8721dbd33134985bb942b070fe4,5,5.0,13.010265652612546,9,13,5,3,0.04919192406124958,4.357975856330077,0.011287791782920732,True,True,1,5,0,-4
random_3352,random_cycle_chord,20260823,200,0.9,crossing_rich,94dee43e3665152c8ed8e5faa960901f,4,4.0,12.694813827803904,12,17,6,3,0.05041428796681413,4.45925528373203,0.011305539772690816,True,True,1,6,0,-5
random_3353,random_cycle_chord,20260823,200,0.9,baseline,7e6bc2286a474f101d6d3fad2dea3b25,0,,,11,14,4,3,0.04607470166546652,4.117873916637255,0.011188953959788092,True,True,1,4,0,-3
random_3354,random_cycle_chord,20260823,200,0.9,baseline,b73291eb7126cc5eaf4780776629388d,0,,,8,10,3,3,0.07261284684634647,6.164481159892364,0.011779230881389269,True,True,1,3,0,-2
random_3355,random_cycle_chord,20260823,200,0.9,baseline,78d712f24f5cff365e8a82f9a84c6043,0,,,10,12,3,3,0.052857072134837986,4.662342365670637,0.011337020748203884,True,True,1,3,0,-2
random_3356,random_cycle_chord,20260823,200,0.9,baseline,3ddc013bba7f8602e9b01edf73e915d5,0,,,9,11,3,3,0.06204611493520071,5.355103953202845,0.011586351166552317,True,True,1,3,0,-2
random_3357,random_cycle_chord,20260823,200,0.9,crossing_rich,6cae8dd6dca8ab370494a907f81c49aa,2,2.0,8.115754476226085,8,11,4,3,0.07885896522310851,6.60236228881503,0.011944053018220824,True,True,1,4,0,-3
random_3358,random_cycle_chord,20260823,200,0.9,crossing_rich,05dd62ad19ce4d5dd6bedfa658e868da,3,3.0,9.835146181698043,10,14,5,3,0.06507274911591641,5.5921117174906385,0.011636525234713419,True,True,1,5,0,-4
random_3359,random_cycle_chord,20260823,200,0.9,crossing_rich,35e6984785cd33f6953165239be9a661,4,4.0,9.78676079883501,10,14,5,3,0.06539446637708607,5.628837749893105,0.011617756503698824,True,True,1,5,0,-4
random_3360,random_cycle_chord,20260823,200,0.9,crossing_rich,05dd62ad19ce4d5dd6bedfa658e868da,3,3.0,9.849359480646205,10,14,5,3,0.06497884469112811,5.5805038783175185,0.011643902792290283,True,True,1,5,0,-4
random_3361,random_cycle_chord,20260823,200,0.9,crossing_rich,8d92d8721dbd33134985bb942b070fe4,5,5.0,13.534224321694142,9,13,5,3,0.047287527145101156,4.2049217526919245,0.011245756740854554,True,True,1,5,0,-4
random_3362,random_cycle_chord,20260823,200,0.9,crossing_rich,f01bb47f0e11353dcd7e62b1e2f9df0e,4,4.0,8.94702596957696,9,13,5,3,0.07153214958537346,6.07611116014231,0.011772686130992062,True,True,1,5,0,-4
random_3363,random_cycle_chord,20260823,200,0.9,crossing_rich,cbd367df182ccb02b6db0d327f7ca73e,5,5.0,12.292708592841345,11,16,6,3,0.052063383359848274,4.597877131980648,0.011323352465797775,True,True,1,6,0,-5
random_3364,random_cycle_chord,20260823,200,0.9,crossing_rich,e4dfd7b460148a3915f7aca370896702,5,5.0,13.406049472277015,8,12,5,3,0.047739641817933415,4.252037381933062,0.011227474626817608,True,True,1,5,0,-4
random_3365,random_cycle_chord,20260823,200,0.9,baseline,19fca4749c1a57391a2f17cdb3a8fecb,0,,,11,13,3,3,0.060207500537662675,5.222923167767744,0.0115275485783941,True,True,1,3,0,-2
random_3366,random_cycle_chord,20260823,200,0.9,baseline,e756644711763e07d0e3622d4415d4c4,0,,,11,13,3,3,0.045646707208133554,4.075428514660158,0.011200468133334428,True,True,1,3,0,-2
random_3367,random_cycle_chord,20260823,200,0.9,crossing_rich,bc0cf7ceb69e1836068831db1a5b7fb5,2,2.0,10.987876703982385,10,13,4,3,0.058246012149739713,5.074069388344529,0.011479151681199834,True,True,1,4,0,-3
random_3368,random_cycle_chord,20260823,200,0.9,crossing_rich,e4dfd7b460148a3915f7aca370896702,5,5.0,13.693495602932988,8,12,5,3,0.04673751820265086,4.159393344610957,0.011236618980314878,True,True,1,5,0,-4
random_3369,random_cycle_chord,20260823,200,0.9,baseline,c9b2747d4897680c32f2a02811ccda66,0,,,11,13,3,3,0.060178931532232256,5.224204419990749,0.011519252826699078,True,True,1,3,0,-2
random_3370,random_cycle_chord,20260823,200,0.9,crossing_rich,67bd3f475c31a95ddcf874e77304dbc0,2,2.0,9.769658374215387,10,13,4,3,0.06550894365857488,5.622431795184144,0.011651354083954584,True,True,1,4,0,-3
random_3371,random_cycle_chord,20260823,200,0.9,baseline,4e9cca7c282396d17b6e561d68fe510e,0,,,10,13,4,3,0.052834890454734856,4.6545560757611,0.01135122009376489,True,True,1,4,0,-3
random_3372,random_cycle_chord,20260823,200,0.9,baseline,b73291eb7126cc5eaf4780776629388d,0,,,8,10,3,3,0.07288905065438057,6.166245670424852,0.011820653044035878,True,True,1,3,0,-2
random_3373,random_cycle_chord,20260823,200,0.9,crossing_rich,d3b9e56b5337f4aa08cbf81ed5c2928d,2,2.0,8.439394605679615,8,11,4,3,0.07583482345632794,6.384862861469202,0.011877283052384592,True,True,1,4,0,-3
random_3374,random_cycle_chord,20260823,200,0.9,baseline,b73291eb7126cc5eaf4780776629388d,0,,,8,10,3,3,0.07243458102327713,6.13653608272592,0.011803822229152583,True,True,1,3,0,-2
random_3375,random_cycle_chord,20260823,200,0.9,crossing_rich,d3b9e56b5337f4aa08cbf81ed5c2928d,2,2.0,8.375048556964773,8,11,4,3,0.07641746739101228,6.43063860566197,0.011883340376759652,True,True,1,4,0,-3
random_3376,random_cycle_chord,20260823,200,0.9,crossing_rich,748a628f2d4ade0213315cc4014b52e0,4,4.0,9.772051822457072,10,14,5,3,0.06549289868983516,5.624212337846503,0.011644812598756224,True,True,1,5,0,-4
random_3377,random_cycle_chord,20260823,200,0.9,crossing_rich,f8e101deee8812cdf51fe0521efd7a68,4,4.0,9.785844648269846,10,14,5,3,0.06540058860561956,5.627171639756633,0.011622284300616792,True,True,1,5,0,-4
random_3378,random_cycle_chord,20260823,200,0.9,crossing_rich,2c8b3e95d62a28423936c85308a28eeb,5,5.0,10.19445636221438,10,15,6,3,0.06277921816136775,5.420746322028228,0.011581286861968161,True,True,1,6,0,-5
random_3379,random_cycle_chord,20260823,200,0.9,baseline,4ca7af1950eb0912a81fec832cb4eb96,0,,,10,12,3,3,0.06559325088878917,5.626386618836735,0.011658148529855328,True,True,1,3,0,-2
random_3380,random_cycle_chord,20260823,200,0.9,baseline,3ddc013bba7f8602e9b01edf73e915d5,0,,,9,11,3,3,0.061701673654478276,5.34193172240869,0.011550442210941782,True,True,1,3,0,-2
random_3381,random_cycle_chord,20260823,200,0.9,baseline,8f34f4541eedc7b1aecfd95c1d8d238c,0,,,11,14,4,3,0.04531624077565423,4.044454151982722,0.011204538133641282,True,True,1,4,0,-3
random_3382,random_cycle_chord,20260823,200,0.9,baseline,f2551d12306507df164d13e621c6cf57,0,,,10,12,3,3,0.052757810202845416,4.653734183886892,0.011336661725440672,True,True,1,3,0,-2
random_3383,random_cycle_chord,20260823,200,0.9,crossing_rich,d86c5f9e478e64f89adb822abc677322,4,4.0,10.637157676712214,11,15,5,3,0.06016644854302982,5.223860861486198,0.011517620805450081,True,True,1,5,0,-4
random_3384,random_cycle_chord,20260823,200,0.9,baseline,f2551d12306507df164d13e621c6cf57,0,,,10,12,3,3,0.05246846810789675,4.619508016600878,0.011358020793414286,True,True,1,3,0,-2
random_3385,random_cycle_chord,20260823,200,0.9,crossing_rich,f01bb47f0e11353dcd7e62b1e2f9df0e,4,4.0,8.94033788154657,9,13,5,3,0.07158566135637905,6.076324224379032,0.01178107992808674,True,True,1,5,0,-4
random_3386,random_cycle_chord,20260823,200,0.9,crossing_rich,e4dfd7b460148a3915f7aca370896702,5,5.0,13.89576017991201,8,12,5,3,0.04605721397849086,4.109240650796133,0.011208205576757262,True,True,1,5,0,-4
random_3387,random_cycle_chord,20260823,200,0.9,crossing_rich,6cae8dd6dca8ab370494a907f81c49aa,2,2.0,8.123109652327958,8,11,4,3,0.07878756133946634,6.59764223578275,0.011941775337886127,True,True,1,4,0,-3
random_3388,random_cycle_chord,20260823,200,0.9,baseline,103a02ce2419501dbcecbb0b106c7128,0,,,9,11,3,3,0.06241520826655881,5.384707213167608,0.01159119814609984,True,True,1,3,0,-2
random_3389,random_cycle_chord,20260823,200,0.9,baseline,103a02ce2419501dbcecbb0b106c7128,0,,,9,11,3,3,0.062399055081500225,5.386207210468304,0.011584971138916681,True,True,1,3,0,-2
random_3390,random_cycle_chord,20260823,200,0.9,baseline,b73291eb7126cc5eaf4780776629388d,0,,,8,10,3,3,0.07263470342921467,6.156674465511455,0.011797717068865793,True,True,1,3,0,-2
random_3391,random_cycle_chord,20260823,200,0.9,crossing_rich,544a2de3e86737771a60badf7d854343,2,2.0,8.93396255703842,9,12,4,3,0.07163674527556538,6.074484240668471,0.011793058050255484,True,True,1,4,0,-3
random_3392,random_cycle_chord,20260823,200,0.9,baseline,b73291eb7126cc5eaf4780776629388d,0,,,8,10,3,3,0.07246111959496208,6.137297048348166,0.011806682815599543,True,True,1,3,0,-2
random_3393,random_cycle_chord,20260823,200,0.9,baseline,b73291eb7126cc5eaf4780776629388d,0,,,8,10,3,3,0.07264546317372557,6.152285591739377,0.011807882142413226,True,True,1,3,0,-2
random_3394,random_cycle_chord,20260823,200,0.9,baseline,19fca4749c1a57391a2f17cdb3a8fecb,0,,,11,13,3,3,0.060213909068142585,5.219891193675992,0.011535472069052512,True,True,1,3,0,-2
random_3395,random_cycle_chord,20260823,200,0.9,baseline,db66966f42fa5c2f6d83cadf8fe17186,0,,,15,19,5,3,0.0453100732788678,4.046139974226804,0.01119834547679639,True,True,1,5,0,-4
random_3396,random_cycle_chord,20260823,200,0.9,crossing_rich,0effb6e73627c689fd917a766c2ab59e,5,5.0,12.370488220057537,13,18,6,3,0.05173603406875265,4.569267923342125,0.01132260899048158,True,True,1,6,0,-5
random_3397,random_cycle_chord,20260823,200,0.9,baseline,4ca7af1950eb0912a81fec832cb4eb96,0,,,10,12,3,3,0.06540993569118224,5.625255615055055,0.01162790460865876,True,True,1,3,0,-2
random_3398,random_cycle_chord,20260823,200,0.9,crossing_rich,74b2009f75f7aa39b3078aa9dd4b778d,3,3.0,9.16373059516099,9,12,4,3,0.06984055165676292,5.936561902903249,0.01176447795863254,True,True,1,4,0,-3
random_3399,random_cycle_chord,20260823,200,0.9,crossing_rich,e4dfd7b460148a3915f7aca370896702,5,5.0,13.871057093814636,8,12,5,3,0.04613923767103431,4.114863859171767,0.011212822404365315,True,True,1,5,0,-4
random_3400,random_cycle_chord,20260823,200,0.9,crossing_rich,3766c050500c74590e361b5f3d5119d1,2,2.0,9.733685972411124,9,12,4,3,0.06575104249448743,5.644601321910572,0.011648482991927616,True,True,1,4,0,-3
random_3401,random_cycle_chord,20260823,200,0.9,baseline,3ddc013bba7f8602e9b01edf73e915d5,0,,,9,11,3,3,0.061827734385186316,5.343115001085933,0.011571477382130173,True,True,1,3,0,-2
random_3402,random_cycle_chord,20260823,200,0.9,crossing_rich,f57eeb29ecd3774cc3f8c63513aebae3,6,6.0,13.14609436599757,13,18,6,3,0.04868366087918574,4.325490910263214,0.01125506026695667,True,True,1,6,0,-5
random_3403,random_cycle_chord,20260823,200,0.9,baseline,f2551d12306507df164d13e621c6cf57,0,,,10,12,3,3,0.05243861168123772,4.615101184304192,0.011362396963165126,True,True,1,3,0,-2
random_3404,random_cycle_chord,20260823,200,0.9,crossing_rich,e4dfd7b460148a3915f7aca370896702,5,5.0,13.491882771000542,8,12,5,3,0.047435929503895205,4.232676324243852,0.011207077005201765,True,True,1,5,0,-4
random_3405,random_cycle_chord,20260823,200,0.9,crossing_rich,35e6984785cd33f6953165239be9a661,4,4.0,9.815027975458008,10,14,5,3,0.06520613100648193,5.595553083405618,0.011653205685754224,True,True,1,5,0,-4
random_3406,random_cycle_chord,20260823,200,0.9,crossing_rich,fa5ad0dbca8e8ac23d6d5fb1f00cf849,6,6.0,11.498098714996555,12,17,6,3,0.05566137636001256,4.877709113955691,0.011411376746669642,True,True,1,6,0,-5
random_3407,random_cycle_chord,20260823,200,0.9,crossing_rich,e4dfd7b460148a3915f7aca370896702,5,5.0,13.830790145285128,8,12,5,3,0.04627356740122139,4.125377011539582,0.011216809341736307,True,True,1,5,0,-4
random_3408,random_cycle_chord,20260823,200,0.9,baseline,8f34f4541eedc7b1aecfd95c1d8d238c,0,,,11,14,4,3,0.04615678673545232,4.121181638111472,0.011199891387607859,True,True,1,4,0,-3
random_3409,random_cycle_chord,20260823,200,0.9,baseline,3ddc013bba7f8602e9b01edf73e915d5,0,,,9,11,3,3,0.0618463791344532,5.3504472032149515,0.011559104647793037,True,True,1,3,0,-2
random_3410,random_cycle_chord,20260823,200,0.9,crossing_rich,e4dfd7b460148a3915f7aca370896702,5,5.0,13.933755036372508,8,12,5,3,0.04593162419816852,4.096237055470953,0.011213126480759223,True,True,1,5,0,-4
random_3411,random_cycle_chord,20260823,200,0.9,crossing_rich,8d92d8721dbd33134985bb942b070fe4,5,5.0,13.482064162737352,9,13,5,3,0.047470475757627355,4.222577792012614,0.01124206067853197,True,True,1,5,0,-4
random_3412,random_cycle_chord,20260823,200,0.9,crossing_rich,05dd62ad19ce4d5dd6bedfa658e868da,3,3.0,9.828816366005064,10,14,5,3,0.06511465635003301,5.597414504179142,0.01163298810574366,True,True,1,5,0,-4
random_3413,random_cycle_chord,20260823,200,0.9,crossing_rich,35e6984785cd33f6953165239be9a661,4,4.0,9.784327289426644,10,14,5,3,0.06541073096477577,5.62515290633705,0.011628258298736541,True,True,1,5,0,-4
random_3414,random_cycle_chord,20260823,200,0.9,crossing_rich,6cae8dd6dca8ab370494a907f81c49aa,3,3.0,13.870183335194387,8,11,4,3,0.04614214423367105,4.115855444948224,0.011210827214620873,True,True,1,4,0,-3
random_3415,random_cycle_chord,20260823,200,0.9,crossing_rich,6cae8dd6dca8ab370494a907f81c49aa,2,2.0,8.105416466671745,8,11,4,3,0.07895954546340511,6.601981746872948,0.011959976336015254,True,True,1,4,0,-3
random_3416,random_cycle_chord,20260823,200,0.9,crossing_rich,cb26cc24301cc90da9033428f0e0387b,2,2.0,8.949601573026575,9,12,4,3,0.07151156336712372,6.082000322322262,0.011757901936417325,True,True,1,4,0,-3
random_3417,random_cycle_chord,20260823,200,0.9,baseline,b73291eb7126cc5eaf4780776629388d,0,,,8,10,3,3,0.0726248510252085,6.154617708112237,0.011800058828915341,True,True,1,3,0,-2
random_3418,random_cycle_chord,20260823,200,0.9,baseline,78d712f24f5cff365e8a82f9a84c6043,0,,,10,12,3,3,0.05349625511083499,4.7063811078601665,0.011366749501329258,True,True,1,3,0,-2
random_3419,random_cycle_chord,20260823,200,0.9,baseline,7b500e1aa37ad85385a5873be11c8e1c,0,,,14,16,3,3,0.048302279587756076,4.290484804537664,0.01125800038649969,True,True,1,3,0,-2
random_3420,random_cycle_chord,20260823,200,0.9,crossing_rich,8f0fcd64f35ed098799bcfa36390d34a,4,4.0,12.365628071511518,11,15,5,3,0.051756368240967916,4.5693747308642045,0.011326794427993706,True,True,1,5,0,-4
random_3421,random_cycle_chord,20260823,200,0.9,crossing_rich,e4dfd7b460148a3915f7aca370896702,5,5.0,13.4668137421986,8,12,5,3,0.04752423344168962,4.225476220019697,0.011247071564744976,True,True,1,5,0,-4
random_3422,random_cycle_chord,20260823,200,0.9,crossing_rich,cbd367df182ccb02b6db0d327f7ca73e,5,5.0,12.121529591245206,11,16,6,3,0.052798617136754836,4.653276316555894,0.011346546722124066,True,True,1,6,0,-5
random_3423,random_cycle_chord,20260823,200,0.9,crossing_rich,76f64aeb3bec290543374c9120128d8d,4,4.0,10.127290576413099,10,14,5,3,0.06319557982177265,5.450906310306314,0.011593591271654305,True,True,1,5,0,-4
random_3424,random_cycle_chord,20260823,200,0.9,baseline,4e9cca7c282396d17b6e561d68fe510e,0,,,10,13,4,3,0.0527012536436966,4.635281071879162,0.011369591795289189,True,True,1,4,0,-3
random_3425,random_cycle_chord,20260823,200,0.9,crossing_rich,9e29c665f19ef85c09f08031b7489ca3,6,6.0,10.631030238945531,11,16,6,3,0.06020112685367361,5.2214949049676775,0.011529481106339655,True,True,1,6,0,-5
random_3426,random_cycle_chord,20260823,200,0.9,baseline,8603424a32f201376c6da364b388d315,0,,,11,13,3,3,0.04557548412993146,4.070289606678034,0.011197110902171868,True,True,1,3,0,-2
random_3427,random_cycle_chord,20260823,200,0.9,crossing_rich,6cae8dd6dca8ab370494a907f81c49aa,3,3.0,13.43191945355305,8,11,4,3,0.04764769489670409,4.242041323885753,0.01123225618487335,True,True,1,4,0,-3
random_3428,random_cycle_chord,20260823,200,0.9,baseline,103a02ce2419501dbcecbb0b106c7128,0,,,9,11,3,3,0.06181066078457186,5.348001941383575,0.011557710984783394,True,True,1,3,0,-2
random_3429,random_cycle_chord,20260823,200,0.9,crossing_rich,e4dfd7b460148a3915f7aca370896702,4,4.0,8.11237789835046,8,12,5,3,0.07889178832881236,6.6036216079408145,0.011946745742358324,True,True,1,5,0,-4
random_3430,random_cycle_chord,20260823,200,0.9,baseline,4ca7af1950eb0912a81fec832cb4eb96,0,,,10,12,3,3,0.0654580841653722,5.621052879000751,0.011645164273389404,True,True,1,3,0,-2
random_3431,random_cycle_chord,20260823,200,0.9,baseline,8603424a32f201376c6da364b388d315,0,,,11,13,3,3,0.04525922997152214,4.043897655553202,0.011191982049637384,True,True,1,3,0,-2
random_3432,random_cycle_chord,20260823,200,0.9,crossing_rich,eead0f04ab3bff87f6b67bc11b813c0b,3,3.0,11.495939475830847,12,15,4,3,0.055671831027428516,4.875713643096126,0.011418191284932877,True,True,1,4,0,-3
random_3433,random_cycle_chord,20260823,200,0.9,crossing_rich,8d92d8721dbd33134985bb942b070fe4,5,5.0,13.37538693884266,9,13,5,3,0.0478490830154165,4.258358262397476,0.011236509487221312,True,True,1,5,0,-4
random_3434,random_cycle_chord,20260823,200,0.9,baseline,7c306ea22fa11127d6be2c859c9e00b5,0,,,13,16,4,3,0.05174385811967316,4.568909605790528,0.011325209422855339,True,True,1,4,0,-3
random_3435,random_cycle_chord,20260823,200,0.9,baseline,b73291eb7126cc5eaf4780776629388d,0,,,8,10,3,3,0.07311570016000112,6.186515821050237,0.011818558664509942,True,True,1,3,0,-2
random_3436,random_cycle_chord,20260823,200,0.9,crossing_rich,ef457cb883268cd546431e37c4eedca2,3,3.0,10.982802662540651,11,15,5,3,0.05827292173634929,5.073823224275347,0.011485012220675455,True,True,1,5,0,-4
random_3437,random_cycle_chord,20260823,200,0.9,crossing_rich,cb3687284204b54a1f6026fa8a861744,2,2.0,9.78400578202959,10,13,4,3,0.06541288039460241,5.622427808660546,0.011634276618695438,True,True,1,4,0,-3
random_3438,random_cycle_chord,20260823,200,0.9,crossing_rich,cb26cc24301cc90da9033428f0e0387b,2,2.0,8.924165426867642,9,12,4,3,0.07171538955039725,6.075525374009169,0.011803981571238685,True,True,1,4,0,-3
random_3439,random_cycle_chord,20260823,200,0.9,crossing_rich,8d92d8721dbd33134985bb942b070fe4,5,5.0,13.349665512573326,9,13,5,3,0.04794127608644717,4.265603557061383,0.011239036972173379,True,True,1,5,0,-4
random_3440,random_cycle_chord,20260823,200,0.9,baseline,4e9cca7c282396d17b6e561d68fe510e,0,,,10,13,4,3,0.052460643948258646,4.6195760304708156,0.011356159873163076,True,True,1,4,0,-3
random_3441,random_cycle_chord,20260823,200,0.9,baseline,4ca7af1950eb0912a81fec832cb4eb96,0,,,10,12,3,3,0.06549916859201632,5.625650593760503,0.011642950002025095,True,True,1,3,0,-2
random_3442,random_cycle_chord,20260823,200,0.9,baseline,8f34f4541eedc7b1aecfd95c1d8d238c,0,,,11,14,4,3,0.04555859754946619,4.070215806015776,0.011193165109852557,True,True,1,4,0,-3
random_3443,random_cycle_chord,20260823,200,0.9,crossing_rich,b760840125e061ef715323aca4c53bb2,5,5.0,12.055478121115826,11,16,6,3,0.053087898594333244,4.669780036749351,0.011368393837943575,True,True,1,6,0,-5
random_3444,random_cycle_chord,20260823,200,0.9,crossing_rich,76f64aeb3bec290543374c9120128d8d,4,4.0,10.07057851019417,10,14,5,3,0.06355146324038341,5.483595605712759,0.011589378176278368,True,True,1,5,0,-4
random_3445,random_cycle_chord,20260823,200,0.9,baseline,3ddc013bba7f8602e9b01edf73e915d5,0,,,9,11,3,3,0.06199452836170024,5.371400170264348,0.01154159556104144,True,True,1,3,0,-2
random_3446,random_cycle_chord,20260823,200,0.9,baseline,7e6bc2286a474f101d6d3fad2dea3b25,0,,,11,14,4,3,0.04543720120561433,4.058809093069512,0.011194712577933056,True,True,1,4,0,-3
random_3447,random_cycle_chord,20260823,200,0.9,baseline,fcb06304329c3a95c9fc63ab6e3f83f6,0,,,10,12,3,3,0.05260356750984607,4.635927897575523,0.011346933919605708,True,True,1,3,0,-2
random_3448,random_cycle_chord,20260823,200,0.9,baseline,b73291eb7126cc5eaf4780776629388d,0,,,8,10,3,3,0.07301458438471296,6.178022462263797,0.01181843944898161,True,True,1,3,0,-2
random_3449,random_cycle_chord,20260823,200,0.9,crossing_rich,f8e101deee8812cdf51fe0521efd7a68,5,5.0,11.628980503493919,10,14,5,3,0.05503491899463693,4.821194643096671,0.011415203713759998,True,True,1,5,0,-4
random_3450,random_cycle_chord,20260823,200,0.9,crossing_rich,f61befc086c76698e58b129c58523394,3,3.0,10.846037667382054,10,14,5,3,0.05900772426088015,5.133297006717228,0.011495092565979524,True,True,1,5,0,-4
random_3451,random_cycle_chord,20260823,200,0.9,crossing_rich,e4dfd7b460148a3915f7aca370896702,5,5.0,13.85105924326433,8,12,5,3,0.046205852473790214,4.121476609480584,0.011210994711823291,True,True,1,5,0,-4
random_3452,random_cycle_chord,20260823,200,0.9,crossing_rich,d3b9e56b5337f4aa08cbf81ed5c2928d,2,2.0,8.465906739374844,8,11,4,3,0.07559733643454476,6.358826436259111,0.011888567362599469,True,True,1,4,0,-3
random_3453,random_cycle_chord,20260823,200,0.9,crossing_rich,e4dfd7b460148a3915f7aca370896702,5,5.0,13.42779529131485,8,12,5,3,0.047662329229427154,4.246371962841285,0.011224247344911318,True,True,1,5,0,-4
random_3454,random_cycle_chord,20260823,200,0.9,crossing_rich,6cae8dd6dca8ab370494a907f81c49aa,3,3.0,13.391834614687415,8,11,4,3,0.04779031539846556,4.262753372138261,0.011211137784988303,True,True,1,4,0,-3
random_3455,random_cycle_chord,20260823,200,0.9,crossing_rich,e4dfd7b460148a3915f7aca370896702,5,5.0,13.938897022144962,8,12,5,3,0.04591468026366944,4.0948052225720435,0.011212909471388567,True,True,1,5,0,-4
random_3456,random_cycle_chord,20260823,200,0.9,crossing_rich,d3b9e56b5337f4aa08cbf81ed5c2928d,2,2.0,8.56314545598417,8,11,4,3,0.07473889160118724,6.300433554948598,0.011862499770747442,True,True,1,4,0,-3
random_3457,random_cycle_chord,20260823,200,0.9,crossing_rich,6cae8dd6dca8ab370494a907f81c49aa,2,2.0,8.122246935792045,8,11,4,3,0.07879592987744961,6.590029023852641,0.011956841099219347,True,True,1,4,0,-3
random_3458,random_cycle_chord,20260823,200,0.9,crossing_rich,9e29c665f19ef85c09f08031b7489ca3,6,6.0,10.62303158315987,11,16,6,3,0.06024645554236684,5.222749348093824,0.011535390945834941,True,True,1,6,0,-5
random_3459,random_cycle_chord,20260823,200,0.9,baseline,cbcdcec981f1dd5d52ceecf70d124d2f,0,,,12,14,3,3,0.05566428700225601,4.879686567275787,0.011407348860386347,True,True,1,3,0,-2
random_3460,random_cycle_chord,20260823,200,0.9,crossing_rich,9864390659db0a33d7b4bc27549e7f6e,4,4.0,9.775843741179008,10,14,5,3,0.06546749487250021,5.618432423152821,0.011652270587560559,True,True,1,5,0,-4
random_3461,random_cycle_chord,20260823,200,0.9,crossing_rich,e4dfd7b460148a3915f7aca370896702,5,5.0,13.838066600811763,8,12,5,3,0.046249235421547734,4.131675913780739,0.011193819744498505,True,True,1,5,0,-4
random_3462,random_cycle_chord,20260823,200,0.9,crossing_rich,8d92d8721dbd33134985bb942b070fe4,5,5.0,13.470625510488825,9,13,5,3,0.047510785560898244,4.230447992730294,0.011230674775471048,True,True,1,5,0,-4
random_3463,random_cycle_chord,20260823,200,0.9,baseline,4ca7af1950eb0912a81fec832cb4eb96,0,,,10,12,3,3,0.06540825401505163,5.620521560414328,0.011637399360893105,True,True,1,3,0,-2
random_3464,random_cycle_chord,20260823,200,0.9,baseline,b73291eb7126cc5eaf4780776629388d,0,,,8,10,3,3,0.07265043772691189,6.164880857117731,0.011784564764626802,True,True,1,3,0,-2
random_3465,random_cycle_chord,20260823,200,0.9,crossing_rich,9e29c665f19ef85c09f08031b7489ca3,6,6.0,10.635640148749559,11,16,6,3,0.06017503328892199,5.225446851581014,0.01151576793297886,True,True,1,6,0,-5
random_3466,random_cycle_chord,20260823,200,0.9,baseline,4e9cca7c282396d17b6e561d68fe510e,0,,,10,13,4,3,0.052923194478284266,4.665226542099275,0.011344185325343214,True,True,1,4,0,-3
random_3467,random_cycle_chord,20260823,200,0.9,crossing_rich,e4dfd7b460148a3915f7aca370896702,4,4.0,8.12207174300261,8,12,5,3,0.07879762950276543,6.588596124065568,0.01195969945933527,True,True,1,5,0,-4
random_3468,random_cycle_chord,20260823,200,0.9,crossing_rich,0b41205c17a4bb7d4c07126bb8995d97,3,3.0,11.615437194808967,10,13,4,3,0.055099088331003264,4.82880407629619,0.011410504021373674,True,True,1,4,0,-3
random_3469,random_cycle_chord,20260823,200,0.9,crossing_rich,2c8b3e95d62a28423936c85308a28eeb,5,5.0,10.283418531853705,10,15,6,3,0.0622361132163929,5.376343583145729,0.01157591814100136,True,True,1,6,0,-5
random_3470,random_cycle_chord,20260823,200,0.9,crossing_rich,e4dfd7b460148a3915f7aca370896702,5,5.0,13.590669672790392,8,12,5,3,0.0470911305630017,4.196742640136373,0.011220876427502706,True,True,1,5,0,-4
random_3471,random_cycle_chord,20260823,200,0.9,crossing_rich,5abff9f8eb816c43fa70e71b5218041d,8,8.0,11.497630053577431,12,18,7,3,0.05566364520494092,4.881355452590916,0.011403317325599776,True,True,1,7,0,-6
random_3472,random_cycle_chord,20260823,200,0.9,baseline,8e55376de66b216997aaf035ce2ec164,0,,,15,18,4,3,0.045281947480992304,4.049866878206431,0.01118109529097568,True,True,1,4,0,-3
random_3473,random_cycle_chord,20260823,200,0.9,crossing_rich,ef708e22c6afb49a267da2ce884548df,2,2.0,9.184879699246448,9,12,4,3,0.06967973680183392,5.940433578191142,0.011729739232780272,True,True,1,4,0,-3
random_3474,random_cycle_chord,20260823,200,0.9,baseline,7e6bc2286a474f101d6d3fad2dea3b25,0,,,11,14,4,3,0.04555433975892337,4.073258689536538,0.011183758074571644,True,True,1,4,0,-3
random_3475,random_cycle_chord,20260823,200,0.9,crossing_rich,e4dfd7b460148a3915f7aca370896702,5,5.0,13.516763448493649,8,12,5,3,0.04734861288641725,4.227075682138358,0.011201269257252788,True,True,1,5,0,-4
random_3476,random_cycle_chord,20260823,200,0.9,crossing_rich,9e29c665f19ef85c09f08031b7489ca3,6,6.0,10.63365378344836,11,16,6,3,0.06018627397820508,5.225628665126858,0.011517518338005364,True,True,1,6,0,-5
random_3477,random_cycle_chord,20260823,200,0.9,crossing_rich,6cae8dd6dca8ab370494a907f81c49aa,2,2.0,8.10755423004669,8,11,4,3,0.07893872576616912,6.6030462531891825,0.011954895171004258,True,True,1,4,0,-3
random_3478,random_cycle_chord,20260823,200,0.9,baseline,4ca7af1950eb0912a81fec832cb4eb96,0,,,10,12,3,3,0.0655906325642719,5.627204366852518,0.011655989064594596,True,True,1,3,0,-2
random_3479,random_cycle_chord,20260823,200,0.9,baseline,3ddc013bba7f8602e9b01edf73e915d5,0,,,9,11,3,3,0.06201327721210992,5.357138985717323,0.01157582011171329,True,True,1,3,0,-2
random_3480,random_cycle_chord,20260823,200,0.9,baseline,b73291eb7126cc5eaf4780776629388d,0,,,8,10,3,3,0.07258666678567759,6.139496426857083,0.011822902358595554,True,True,1,3,0,-2
random_3481,random_cycle_chord,20260823,200,0.9,baseline,4e9cca7c282396d17b6e561d68fe510e,0,,,10,13,4,3,0.05325562623421218,4.686044026040362,0.011364730236905691,True,True,1,4,0,-3
random_3482,random_cycle_chord,20260823,200,0.9,crossing_rich,8d92d8721dbd33134985bb942b070fe4,5,5.0,13.121224239213232,9,13,5,3,0.048775936477584,4.335896966135457,0.011249330152108647,True,True,1,5,0,-4
random_3483,random_cycle_chord,20260823,200,0.9,crossing_rich,8b831f8e412e4a3d567adf85696c93ab,8,8.0,13.249903649932136,14,20,7,3,0.048302238031993384,4.290519754245485,0.01125789899561659,True,True,1,7,0,-6
random_3484,random_cycle_chord,20260823,200,0.9,crossing_rich,8d92d8721dbd33134985bb942b070fe4,5,5.0,13.438618581355007,9,13,5,3,0.04762394260433495,4.236707141332777,0.011240791731796098,True,True,1,5,0,-4
random_3485,random_cycle_chord,20260823,200,0.9,baseline,e756644711763e07d0e3622d4415d4c4,0,,,11,13,3,3,0.04547632486012243,4.058508881160357,0.011205180570436603,True,True,1,3,0,-2
random_3486,random_cycle_chord,20260823,200,0.9,baseline,e756644711763e07d0e3622d4415d4c4,0,,,11,13,3,3,0.04585175271929381,4.092172288977335,0.011204746399070237,True,True,1,3,0,-2
random_3487,random_cycle_chord,20260823,200,0.9,crossing_rich,d3b9e56b5337f4aa08cbf81ed5c2928d,2,2.0,8.33898981336141,8,11,4,3,0.07674790524081704,6.454025824200545,0.011891477866889964,True,True,1,4,0,-3
random_3488,random_cycle_chord,20260823,200,0.9,crossing_rich,e4dfd7b460148a3915f7aca370896702,5,5.0,13.391325573082339,8,12,5,3,0.047792132041539814,4.262870644138536,0.01121125552032741,True,True,1,5,0,-4
random_3489,random_cycle_chord,20260823,200,0.9,baseline,e756644711763e07d0e3622d4415d4c4,0,,,11,13,3,3,0.045252197584159305,4.042531331731686,0.011194025196280858,True,True,1,3,0,-2
random_3490,random_cycle_chord,20260823,200,0.9,crossing_rich,d5be314abd27fdbd8aa7a387dcc30d67,3,3.0,11.698926672477542,11,15,5,3,0.05470587327516464,4.795872264312197,0.011406866209146277,True,True,1,5,0,-4
random_3491,random_cycle_chord,20260823,200,0.9,crossing_rich,8d92d8721dbd33134985bb942b070fe4,5,5.0,13.50175079082393,9,13,5,3,0.04740126002288216,4.2155627094570525,0.011244349400032352,True,True,1,5,0,-4
random_3492,random_cycle_chord,20260823,200,0.9,crossing_rich,7e34be1a88a2550a4be4d370c1ec57a1,3,3.0,11.142846958958712,11,15,5,3,0.0574359499288867,5.014739227909505,0.011453427051446108,True,True,1,5,0,-4
random_3493,random_cycle_chord,20260823,200,0.9,baseline,b73291eb7126cc5eaf4780776629388d,0,,,8,10,3,3,0.07237019564576169,6.143246030545951,0.011780448851619597,True,True,1,3,0,-2
random_3494,random_cycle_chord,20260823,200,0.9,crossing_rich,ef708e22c6afb49a267da2ce884548df,2,2.0,9.508225885277374,9,12,4,3,0.06731013837092174,5.749085760018916,0.011707972568268015,True,True,1,4,0,-3
random_3495,random_cycle_chord,20260823,200,0.9,crossing_rich,e4dfd7b460148a3915f7aca370896702,5,5.0,13.46839853129951,8,12,5,3,0.047518641396947815,4.232383768845414,0.011227394298865958,True,True,1,5,0,-4
random_3496,random_cycle_chord,20260823,200,0.9,crossing_rich,f61befc086c76698e58b129c58523394,3,3.0,10.9154153856891,10,14,5,3,0.058632674743563706,5.102520561459913,0.011490923757647329,True,True,1,5,0,-4
random_3497,random_cycle_chord,20260823,200,0.9,crossing_rich,e4dfd7b460148a3915f7aca370896702,5,5.0,13.746431729923128,8,12,5,3,0.046557536717463405,4.1463237685006655,0.011228630304067856,True,True,1,5,0,-4
random_3498,random_cycle_chord,20260823,200,0.9,crossing_rich,e4dfd7b460148a3915f7aca370896702,4,4.0,8.12223602439245,8,12,5,3,0.07879603573178268,6.589935470770613,0.01195702690584441,True,True,1,5,0,-4
random_3499,random_cycle_chord,20260823,200,0.9,baseline,237b03a6236ff83b0e5299ac7fc023ee,0,,,10,12,3,3,0.053267120768589735,4.679419409034467,0.011383275597341822,True,True,1,3,0,-2
random_3500,random_cycle_chord,20260823,200,0.9,baseline,19fca4749c1a57391a2f17cdb3a8fecb,0,,,11,13,3,3,0.06024295656422232,5.223197846194121,0.01153373054940247,True,True,1,3,0,-2
random_3501,random_cycle_chord,20260823,200,0.9,baseline,19fca4749c1a57391a2f17cdb3a8fecb,0,,,11,13,3,3,0.06017871662296616,5.224242942662536,0.011519126748783255,True,True,1,3,0,-2
random_3502,random_cycle_chord,20260823,200,0.9,baseline,237b03a6236ff83b0e5299ac7fc023ee,0,,,10,12,3,3,0.05264453933428207,4.6397021164551475,0.0113465343276184,True,True,1,3,0,-2
random_3503,random_cycle_chord,20260823,200,0.9,crossing_rich,07cadc4d29e0c123eb84295e0e6e93fb,3,3.0,11.960388535859598,11,15,5,3,0.05350996734605687,4.708476850021511,0.011364602407636858,True,True,1,5,0,-4
random_3504,random_cycle_chord,20260823,200,0.9,crossing_rich,6cae8dd6dca8ab370494a907f81c49aa,2,2.0,8.130288166762195,8,11,4,3,0.0787179970589989,6.585789086739483,0.011952705442313352,True,True,1,4,0,-3
random_3505,random_cycle_chord,20260823,200,0.9,crossing_rich,9236a479f157d648c750f5dca50e5358,4,4.0,11.497627094509953,12,16,5,3,0.05566365953072144,4.8813074015213616,0.011403432513464058,True,True,1,5,0,-4
random_3506,random_cycle_chord,20260823,200,0.9,baseline,3ddc013bba7f8602e9b01edf73e915d5,0,,,9,11,3,3,0.06280544196504413,5.426517761828525,0.011573801970544209,True,True,1,3,0,-2
random_3507,random_cycle_chord,20260823,200,0.9,crossing_rich,04a999cd9b534baf13f26c6fe693dced,6,6.0,14.148698524134872,12,17,6,3,0.045233842456130297,4.0450023346733515,0.011182649282644504,True,True,1,6,0,-5
random_3508,random_cycle_chord,20260823,200,0.9,crossing_rich,8f0fcd64f35ed098799bcfa36390d34a,4,4.0,11.801380385009159,11,15,5,3,0.05423094410319724,4.753862782379154,0.011407763872405339,True,True,1,5,0,-4
random_3509,random_cycle_chord,20260823,200,0.9,baseline,b73291eb7126cc5eaf4780776629388d,0,,,8,10,3,3,0.07258730265135317,6.144944532095635,0.01181252365618969,True,True,1,3,0,-2
random_3510,random_cycle_chord,20260823,200,0.9,crossing_rich,9864390659db0a33d7b4bc27549e7f6e,4,4.0,9.781102215916492,10,14,5,3,0.06543229851524783,5.6245198455065974,0.01163340166139184,True,True,1,5,0,-4
random_3511,random_cycle_chord,20260823,200,0.9,baseline,b73291eb7126cc5eaf4780776629388d,0,,,8,10,3,3,0.0732150819571224,6.199660292856339,0.011809531248266246,True,True,1,3,0,-2
random_3512,random_cycle_chord,20260823,200,0.9,crossing_rich,b497a8280ab5258c0901c20c694e809b,3,3.0,12.972181386798182,9,12,4,3,0.04933634374333753,4.369839323113897,0.011290196296778486,True,True,1,4,0,-3
random_3513,random_cycle_chord,20260823,200,0.9,baseline,b73291eb7126cc5eaf4780776629388d,0,,,8,10,3,3,0.07260388751043188,6.149794374643018,0.011805904894933399,True,True,1,3,0,-2
random_3514,random_cycle_chord,20260823,200,0.9,crossing_rich,f01bb47f0e11353dcd7e62b1e2f9df0e,4,4.0,8.947341897990842,9,13,5,3,0.07152962380298827,6.075938773866737,0.011772604442731524,True,True,1,5,0,-4
random_3515,random_cycle_chord,20260823,200,0.9,baseline,78d712f24f5cff365e8a82f9a84c6043,0,,,10,12,3,3,0.052540609960258076,4.627977072582133,0.011352824168366846,True,True,1,3,0,-2
random_3516,random_cycle_chord,20260823,200,0.9,crossing_rich,e4dfd7b460148a3915f7aca370896702,5,5.0,13.487971950447672,8,12,5,3,0.04744968349216934,4.236228645832054,0.011200925979020088,True,True,1,5,0,-4
random_3517,random_cycle_chord,20260823,200,0.9,crossing_rich,548b1f86d28403491d505ff6f83390a8,6,6.0,14.126692740215239,15,20,6,3,0.04530430524464347,4.047019938089339,0.011194485309610886,True,True,1,6,0,-5
random_3518,random_cycle_chord,20260823,200,0.9,crossing_rich,6cae8dd6dca8ab370494a907f81c49aa,3,3.0,13.941015756646356,8,11,4,3,0.0459077022199678,4.096044010516107,0.011207814687074949,True,True,1,4,0,-3
random_3519,random_cycle_chord,20260823,200,0.9,crossing_rich,e4dfd7b460148a3915f7aca370896702,5,5.0,13.847520315456729,8,12,5,3,0.04621766102669127,4.122544674022793,0.01121095456355405,True,True,1,5,0,-4
random_3520,random_cycle_chord,20260823,200,0.9,crossing_rich,8d92d8721dbd33134985bb942b070fe4,5,5.0,12.998713718203263,9,13,5,3,0.04923564083912016,4.361052828978157,0.011289851962342912,True,True,1,5,0,-4
random_3521,random_cycle_chord,20260823,200,0.9,baseline,7e6bc2286a474f101d6d3fad2dea3b25,0,,,11,14,4,3,0.04551648637265889,4.062958321738212,0.011202794311014752,True,True,1,4,0,-3
random_3522,random_cycle_chord,20260823,200,0.9,baseline,b73291eb7126cc5eaf4780776629388d,0,,,8,10,3,3,0.07278380344519353,6.162393717028412,0.01181096288023136,True,True,1,3,0,-2
random_3523,random_cycle_chord,20260823,200,0.9,crossing_rich,5abff9f8eb816c43fa70e71b5218041d,8,8.0,11.497969954231909,12,18,7,3,0.05566199968755733,4.878200943303128,0.011410354008473352,True,True,1,7,0,-6
random_3524,random_cycle_chord,20260823,200,0.9,crossing_rich,6cae8dd6dca8ab370494a907f81c49aa,3,3.0,13.678673967179638,8,11,4,3,0.04678816101148433,4.165201765858566,0.011233107936090576,True,True,1,4,0,-3
random_3525,random_cycle_chord,20260823,200,0.9,baseline,56ff7b5b44056ba4d84195d67cb019a7,0,,,15,19,5,3,0.045331805911015155,4.045849914795996,0.011204519906987436,True,True,1,5,0,-4
random_3526,random_cycle_chord,20260823,200,0.9,crossing_rich,6cae8dd6dca8ab370494a907f81c49aa,2,2.0,8.106747398613093,8,11,4,3,0.07894658221489566,6.602389565891936,0.011957274169754407,True,True,1,4,0,-3
random_3527,random_cycle_chord,20260823,200,0.9,baseline,7e6bc2286a474f101d6d3fad2dea3b25,0,,,11,14,4,3,0.04531142395996618,4.0478598446348695,0.011193921158120883,True,True,1,4,0,-3
random_3528,random_cycle_chord,20260823,200,0.9,baseline,19fca4749c1a57391a2f17cdb3a8fecb,0,,,11,13,3,3,0.060162339123082456,5.227202070730828,0.011509472622065864,True,True,1,3,0,-2
random_3529,random_cycle_chord,20260823,200,0.9,baseline,19fca4749c1a57391a2f17cdb3a8fecb,0,,,11,13,3,3,0.060190163204528774,5.222550301333382,0.01152505188684568,True,True,1,3,0,-2
random_3530,random_cycle_chord,20260823,200,0.9,crossing_rich,e4dfd7b460148a3915f7aca370896702,5,5.0,13.3175085035348,8,12,5,3,0.04805703708243385,4.265244589504369,0.011267123390928018,True,True,1,5,0,-4
random_3531,random_cycle_chord,20260823,200,0.9,crossing_rich,d3b9e56b5337f4aa08cbf81ed5c2928d,2,2.0,8.170532582144336,8,11,4,3,0.07833026716014069,6.558214777389249,0.011943839873954703,True,True,1,4,0,-3
random_3532,random_cycle_chord,20260823,200,0.9,crossing_rich,d3b9e56b5337f4aa08cbf81ed5c2928d,2,2.0,8.121993847981253,8,11,4,3,0.07879838522151479,6.588022618290802,0.0119608552955998,True,True,1,4,0,-3
random_3533,random_cycle_chord,20260823,200,0.9,crossing_rich,e4dfd7b460148a3915f7aca370896702,5,5.0,13.507175351046255,8,12,5,3,0.04738222340101819,4.22166967174959,0.011223574340287392,True,True,1,5,0,-4
random_3534,random_cycle_chord,20260823,200,0.9,crossing_rich,f8e101deee8812cdf51fe0521efd7a68,4,4.0,9.784379820985995,10,14,5,3,0.06541037977974834,5.622808214785359,0.011633044784943864,True,True,1,5,0,-4
random_3535,random_cycle_chord,20260823,200,0.9,crossing_rich,6cae8dd6dca8ab370494a907f81c49aa,2,2.0,8.13198246439915,8,11,4,3,0.07870159617311569,6.584655005604313,0.011952273293913107,True,True,1,4,0,-3
random_3536,random_cycle_chord,20260823,200,0.9,baseline,f2551d12306507df164d13e621c6cf57,0,,,10,12,3,3,0.05253019958217018,4.626463000020083,0.011354289352782494,True,True,1,3,0,-2
random_3537,random_cycle_chord,20260823,200,0.9,baseline,b73291eb7126cc5eaf4780776629388d,0,,,8,10,3,3,0.07256778602047123,6.1542309457607445,0.011791527919578404,True,True,1,3,0,-2
random_3538,random_cycle_chord,20260823,200,0.9,crossing_rich,e4dfd7b460148a3915f7aca370896702,5,5.0,13.472900979038753,8,12,5,3,0.047502761357462446,4.223662084277612,0.011246818616074732,True,True,1,5,0,-4
random_3539,random_cycle_chord,20260823,200,0.9,crossing_rich,e4dfd7b460148a3915f7aca370896702,5,5.0,13.919646701365075,8,12,5,3,0.04597817845026457,4.101553547454043,0.011209942261708275,True,True,1,5,0,-4
random_3540,random_cycle_chord,20260823,200,0.9,crossing_rich,e4dfd7b460148a3915f7aca370896702,5,5.0,13.479546741807413,8,12,5,3,0.04747934127599496,4.228023043558207,0.011229678927207888,True,True,1,5,0,-4
random_3541,random_cycle_chord,20260823,200,0.9,crossing_rich,1c44d8b954ae4143d1b4fdbdf23d2706,3,3.0,11.846400116055637,12,16,5,3,0.05402485090239326,4.741248350925656,0.011394646916533224,True,True,1,5,0,-4
random_3542,random_cycle_chord,20260823,200,0.9,crossing_rich,c87a2efe6cc18dd2d2f16e93c3b14a50,2,2.0,9.92556143423834,10,13,4,3,0.0644799797210778,5.54856441939562,0.011621020294128858,True,True,1,4,0,-3
random_3543,random_cycle_chord,20260823,200,0.9,crossing_rich,2c8b3e95d62a28423936c85308a28eeb,6,6.0,9.760306659549075,10,15,6,3,0.06557171022632274,5.6241296966711385,0.011658996816011184,True,True,1,6,0,-5
random_3544,random_cycle_chord,20260823,200,0.9,baseline,237b03a6236ff83b0e5299ac7fc023ee,0,,,10,12,3,3,0.053295262242141976,4.68162248866474,0.011383929902759521,True,True,1,3,0,-2
random_3545,random_cycle_chord,20260823,200,0.9,crossing_rich,a41b3f904211b025ea466ae890546d6e,2,2.0,12.607458747139587,12,15,4,3,0.05076360056662528,4.488971909276723,0.011308513751605203,True,True,1,4,0,-3
random_3546,random_cycle_chord,20260823,200,0.9,baseline,4ca7af1950eb0912a81fec832cb4eb96,0,,,10,12,3,3,0.06542714691671049,5.626423491148826,0.01162855000510303,True,True,1,3,0,-2
random_3547,random_cycle_chord,20260823,200,0.9,crossing_rich,81fe6e12228ca2916c7cff1c6f217b6f,6,6.0,14.106307231489271,12,17,6,3,0.04536977605105175,4.0508808377247,0.011199977947644359,True,True,1,6,0,-5
random_3548,random_cycle_chord,20260823,200,0.9,crossing_rich,8d92d8721dbd33134985bb942b070fe4,5,5.0,12.923456432900824,9,13,5,3,0.049522355209143096,4.395083401183733,0.011267671324690944,True,True,1,5,0,-4
random_3549,random_cycle_chord,20260823,200,0.9,crossing_rich,8d92d8721dbd33134985bb942b070fe4,5,5.0,13.043926445108776,9,13,5,3,0.04906498075508451,4.35192026418212,0.011274328980451933,True,True,1,5,0,-4
random_3550,random_cycle_chord,20260823,200,0.9,crossing_rich,160f71c8722822d99555e73577ebdb55,8,8.0,12.903768407507568,13,19,7,3,0.049597914329246665,4.3897174362429645,0.011298657612845379,True,True,1,7,0,-6
random_3551,random_cycle_chord,20260823,200,0.9,crossing_rich,e6f3579f17341a66c381e2108d3e8d8f,5,5.0,14.13737781685462,12,17,6,3,0.04527006410177355,4.047923362349709,0.011183527959752556,True,True,1,6,0,-5
random_3552,random_cycle_chord,20260823,200,0.9,baseline,4e9cca7c282396d17b6e561d68fe510e,0,,,10,13,4,3,0.05337429288083978,4.697178441329498,0.011363054128668065,True,True,1,4,0,-3
random_3553,random_cycle_chord,20260823,200,0.9,crossing_rich,3766c050500c74590e361b5f3d5119d1,2,2.0,9.318225621965722,9,12,4,3,0.06868260395963552,5.871263631031511,0.011698095721102681,True,True,1,4,0,-3
random_3554,random_cycle_chord,20260823,200,0.9,crossing_rich,6cae8dd6dca8ab370494a907f81c49aa,2,2.0,8.132894665454943,8,11,4,3,0.07869276885122418,6.584187488918792,0.01195178129171813,True,True,1,4,0,-3
random_3555,random_cycle_chord,20260823,200,0.9,baseline,b73291eb7126cc5eaf4780776629388d,0,,,8,10,3,3,0.07329815023102788,6.199705738071732,0.01182284342640841,True,True,1,3,0,-2
random_3556,random_cycle_chord,20260823,200,0.9,crossing_rich,e4dfd7b460148a3915f7aca370896702,5,5.0,13.58431113498249,8,12,5,3,0.0471131729566959,4.198703524167564,0.011220885848575501,True,True,1,5,0,-4
random_3557,random_cycle_chord,20260823,200,0.9,baseline,3ddc013bba7f8602e9b01edf73e915d5,0,,,9,11,3,3,0.062292663216679166,5.38731006508927,0.01156285093377987,True,True,1,3,0,-2
random_3558,random_cycle_chord,20260823,200,0.9,baseline,3ddc013bba7f8602e9b01edf73e915d5,0,,,9,11,3,3,0.06156690693199185,5.3319883216069055,0.01154670701031044,True,True,1,3,0,-2
random_3559,random_cycle_chord,20260823,200,0.9,crossing_rich,8d92d8721dbd33134985bb942b070fe4,5,5.0,12.897792343981783,9,13,5,3,0.049620895028491395,4.404704243774067,0.011265431748029216,True,True,1,5,0,-4
random_3560,random_cycle_chord,20260823,200,0.9,baseline,8603424a32f201376c6da364b388d315,0,,,11,13,3,3,0.04535206621542122,4.051223812579447,0.011194658284392634,True,True,1,3,0,-2
random_3561,random_cycle_chord,20260823,200,0.9,crossing_rich,6cae8dd6dca8ab370494a907f81c49aa,3,3.0,13.772529845634365,8,11,4,3,0.04646931298557818,4.140416034617652,0.01122334388550628,True,True,1,4,0,-3
random_3562,random_cycle_chord,20260823,200,0.9,baseline,4ca7af1950eb0912a81fec832cb4eb96,0,,,10,12,3,3,0.0653943410144925,5.628650640787067,0.011618120432030981,True,True,1,3,0,-2
random_3563,random_cycle_chord,20260823,200,0.9,crossing_rich,8d92d8721dbd33134985bb942b070fe4,5,5.0,13.055687762616838,9,13,5,3,0.049020780186896915,4.355487149924962,0.01125494772444489,True,True,1,5,0,-4
random_3564,random_cycle_chord,20260823,200,0.9,crossing_rich,e4dfd7b460148a3915f7aca370896702,5,5.0,13.656941609537112,8,12,5,3,0.046862615239788824,4.174108836899386,0.011226974923490337,True,True,1,5,0,-4
random_3565,random_cycle_chord,20260823,200,0.9,crossing_rich,cb26cc24301cc90da9033428f0e0387b,2,2.0,8.919338417805756,9,12,4,3,0.07175420081856769,6.079758801346335,0.011802145967152192,True,True,1,4,0,-3
random_3566,random_cycle_chord,20260823,200,0.9,crossing_rich,79911bed486f52f2f6a291f36c1173e2,4,4.0,14.253195926420732,12,16,5,3,0.044902210234383344,4.01087823345656,0.011195106812227204,True,True,1,5,0,-4
random_3567,random_cycle_chord,20260823,200,0.9,crossing_rich,51c649782519fad82f174ab8ea47ce77,2,2.0,10.937216159317027,10,13,4,3,0.0585158042665918,5.097313970282506,0.011479733170791658,True,True,1,4,0,-3
random_3568,random_cycle_chord,20260823,200,0.9,crossing_rich,f01bb47f0e11353dcd7e62b1e2f9df0e,4,4.0,8.92029758289835,9,13,5,3,0.07174648536692131,6.08252453108939,0.011795511057983585,True,True,1,5,0,-4
random_3569,random_cycle_chord,20260823,200,0.9,crossing_rich,e4dfd7b460148a3915f7aca370896702,5,5.0,13.48074445429966,8,12,5,3,0.04747512291844336,4.221603481726814,0.011245756055474928,True,True,1,5,0,-4
random_3570,random_cycle_chord,20260823,200,0.9,crossing_rich,0d9383c252bac8778d9583a2a6ee796c,5,5.0,12.171220547152908,11,16,6,3,0.05258305833178817,4.636158977540673,0.011341944611157773,True,True,1,6,0,-5
random_3571,random_cycle_chord,20260823,200,0.9,crossing_rich,3766c050500c74590e361b5f3d5119d1,2,2.0,9.560032174808121,9,12,4,3,0.0669453813854811,5.7381321920094335,0.011666754815914678,True,True,1,4,0,-3
random_3572,random_cycle_chord,20260823,200,0.9,crossing_rich,e4dfd7b460148a3915f7aca370896702,5,5.0,13.878052884949671,8,12,5,3,0.04611597933122597,4.115437517874592,0.011205607941058586,True,True,1,5,0,-4
random_3573,random_cycle_chord,20260823,200,0.9,crossing_rich,f8e101deee8812cdf51fe0521efd7a68,4,4.0,9.758661732735062,10,14,5,3,0.06558276303943851,5.625712310438746,0.01165768162686651,True,True,1,5,0,-4
random_3574,random_cycle_chord,20260823,200,0.9,crossing_rich,f57eeb29ecd3774cc3f8c63513aebae3,6,6.0,13.401512626442114,13,18,6,3,0.047755803232034835,4.25457316783385,0.011224581491061526,True,True,1,6,0,-5
random_3575,random_cycle_chord,20260823,200,0.9,baseline,3ddc013bba7f8602e9b01edf73e915d5,0,,,9,11,3,3,0.06178258082974389,5.339000183962407,0.011571938321959593,True,True,1,3,0,-2
random_3576,random_cycle_chord,20260823,200,0.9,baseline,b73291eb7126cc5eaf4780776629388d,0,,,8,10,3,3,0.07259075465911097,6.1618805758211295,0.011780616934374382,True,True,1,3,0,-2
random_3577,random_cycle_chord,20260823,200,0.9,crossing_rich,648e3abd92399ac4dc27917713512496,6,6.0,12.370634705779242,13,18,6,3,0.05173542144131121,4.570830030977633,0.011318605393481625,True,True,1,6,0,-5
random_3578,random_cycle_chord,20260823,200,0.9,baseline,19fca4749c1a57391a2f17cdb3a8fecb,0,,,11,13,3,3,0.060289316156326836,5.222241950604164,0.011544719054878708,True,True,1,3,0,-2
random_3579,random_cycle_chord,20260823,200,0.9,crossing_rich,7d5bf4a8ab8b92acc93408493eeb3ef3,2,2.0,12.874458522955031,12,15,4,3,0.049710828526022,4.407404241510301,0.011278935582497741,True,True,1,4,0,-3
random_3580,random_cycle_chord,20260823,200,0.9,crossing_rich,0eec88d76046ce65103af1014c016587,9,9.0,13.246607313728823,14,20,7,3,0.04831425774482664,4.295540186625066,0.011247539458543942,True,True,1,7,0,-6
random_3581,random_cycle_chord,20260823,200,0.9,crossing_rich,c55fd4e0b34b4d785a84453449ce91ea,3,3.0,11.151897870557558,11,15,5,3,0.057389334750785524,5.001962359473487,0.011473363977258398,True,True,1,5,0,-4
random_3582,random_cycle_chord,20260823,200,0.9,crossing_rich,74b2009f75f7aa39b3078aa9dd4b778d,2,2.0,8.922459166414248,9,12,4,3,0.07172910383373632,6.085383662177957,0.011787112828982173,True,True,1,4,0,-3
random_3583,random_cycle_chord,20260823,200,0.9,crossing_rich,8d92d8721dbd33134985bb942b070fe4,5,5.0,13.213595796771056,9,13,5,3,0.04843496122050243,4.306056286669831,0.01124810220675506,True,True,1,5,0,-4
random_3584,random_cycle_chord,20260823,200,0.9,baseline,8603424a32f201376c6da364b388d315,0,,,11,13,3,3,0.04535304445491503,4.04798589963192,0.01120385435607346,True,True,1,3,0,-2
random_3585,random_cycle_chord,20260823,200,0.9,crossing_rich,8d92d8721dbd33134985bb942b070fe4,5,5.0,13.201334626676612,9,13,5,3,0.04847994677043632,4.302318412912778,0.011268330727203004,True,True,1,5,0,-4
random_3586,random_cycle_chord,20260823,200,0.9,crossing_rich,8d92d8721dbd33134985bb942b070fe4,5,5.0,13.260403716590286,9,13,5,3,0.0482639905751351,4.295816074304527,0.011235115689385938,True,True,1,5,0,-4
random_3587,random_cycle_chord,20260823,200,0.9,crossing_rich,8d92d8721dbd33134985bb942b070fe4,5,5.0,13.086893787677417,9,13,5,3,0.0489038889123271,4.3349653738818725,0.011281264022769962,True,True,1,5,0,-4
random_3588,random_cycle_chord,20260823,200,0.9,crossing_rich,76f64aeb3bec290543374c9120128d8d,4,4.0,10.032279960826415,10,14,5,3,0.06379407298231733,5.495926407320382,0.011607519507056328,True,True,1,5,0,-4
random_3589,random_cycle_chord,20260823,200,0.9,crossing_rich,6cae8dd6dca8ab370494a907f81c49aa,2,2.0,8.129421181482332,8,11,4,3,0.07872639216403614,6.586476414569228,0.011952732722141698,True,True,1,4,0,-3
random_3590,random_cycle_chord,20260823,200,0.9,baseline,b73291eb7126cc5eaf4780776629388d,0,,,8,10,3,3,0.07306029636774868,6.187502873442728,0.011807719182051531,True,True,1,3,0,-2
random_3591,random_cycle_chord,20260823,200,0.9,crossing_rich,3766c050500c74590e361b5f3d5119d1,2,2.0,9.174730414549835,9,12,4,3,0.06975681802977556,5.947130282903722,0.011729492160329195,True,True,1,4,0,-3
random_3592,random_cycle_chord,20260823,200,0.9,baseline,8f34f4541eedc7b1aecfd95c1d8d238c,0,,,11,14,4,3,0.04529699782052016,4.043947293080114,0.011201184025823253,True,True,1,4,0,-3
random_3593,random_cycle_chord,20260823,200,0.9,baseline,3ddc013bba7f8602e9b01edf73e915d5,0,,,9,11,3,3,0.0619989813102733,5.355868767209747,0.011575896274727616,True,True,1,3,0,-2
random_3594,random_cycle_chord,20260823,200,0.9,baseline,f8915e048c5e07d3dc0ece3ddaef1ca9,0,,,14,16,3,3,0.04830951935449387,4.295937879328902,0.011245395234169595,True,True,1,3,0,-2
random_3595,random_cycle_chord,20260823,200,0.9,crossing_rich,8f0fcd64f35ed098799bcfa36390d34a,4,4.0,11.985030638075893,11,15,5,3,0.05339994692769073,4.700745563364973,0.011359888810800687,True,True,1,5,0,-4
random_3596,random_cycle_chord,20260823,200,0.9,crossing_rich,cbd367df182ccb02b6db0d327f7ca73e,5,5.0,12.114117229528382,11,16,6,3,0.0528309234485521,4.655688392836812,0.01134760726895665,True,True,1,6,0,-5
random_3597,random_cycle_chord,20260823,200,0.9,crossing_rich,6cae8dd6dca8ab370494a907f81c49aa,2,2.0,8.104523723278513,8,11,4,3,0.0789682431506415,6.602252855478848,0.011960802604691229,True,True,1,4,0,-3
random_3598,random_cycle_chord,20260823,200,0.9,crossing_rich,e4dfd7b460148a3915f7aca370896702,5,5.0,13.649672818731798,8,12,5,3,0.04688757074980666,4.181879627755686,0.011212080433546597,True,True,1,5,0,-4
random_3599,random_cycle_chord,20260823,200,0.9,crossing_rich,e4dfd7b460148a3915f7aca370896702,5,5.0,13.452049616907274,8,12,5,3,0.04757639305727901,4.240919614791878,0.011218414254148462,True,True,1,5,0,-4
random_3600,random_cycle_chord,20260823,200,0.9,baseline,19fca4749c1a57391a2f17cdb3a8fecb,0,,,11,13,3,3,0.06019549040399929,5.22519499132265,0.011520238097135978,True,True,1,3,0,-2
random_3601,random_cycle_chord,20260823,200,0.9,baseline,4ca7af1950eb0912a81fec832cb4eb96,0,,,10,12,3,3,0.06544414081039972,5.620272507290792,0.011644300294247928,True,True,1,3,0,-2
random_3602,random_cycle_chord,20260823,200,0.9,crossing_rich,e4dfd7b460148a3915f7aca370896702,4,4.0,8.122870060024471,8,12,5,3,0.07878988525861903,6.593197602413844,0.01195017804862593,True,True,1,5,0,-4
random_3603,random_cycle_chord,20260823,200,0.9,crossing_rich,8d92d8721dbd33134985bb942b070fe4,5,5.0,13.715740540332185,9,13,5,3,0.04666171674201849,4.151698789520159,0.011239186440934341,True,True,1,5,0,-4
random_3604,random_cycle_chord,20260823,200,0.9,crossing_rich,8d92d8721dbd33134985bb942b070fe4,5,5.0,13.269631184315712,9,13,5,3,0.04823042864646155,4.283180804384838,0.01126042323431372,True,True,1,5,0,-4
random_3605,random_cycle_chord,20260823,200,0.9,crossing_rich,05d80196f323e04ff56b34017006403f,2,2.0,9.78013371104194,10,13,4,3,0.06543877813014243,5.622658695321695,0.01163840483232433,True,True,1,4,0,-3
random_3606,random_cycle_chord,20260823,200,0.9,crossing_rich,d371ad1b1762d15fee4b18c643434bfd,2,2.0,14.004670615487083,11,15,5,3,0.04569903981120807,4.074878165402237,0.011214823598706798,True,True,1,5,0,-4
random_3607,random_cycle_chord,20260823,200,0.9,crossing_rich,bb2c7ed8feef84917625e983562a84b2,5,5.0,13.992031109512764,10,14,5,3,0.04574032140086389,4.091703447345949,0.011178796799297121,True,True,1,5,0,-4
random_3608,random_cycle_chord,20260823,200,0.9,crossing_rich,748a628f2d4ade0213315cc4014b52e0,4,4.0,9.769987533164993,10,14,5,3,0.06550673660815529,5.623258891035703,0.01164924786098371,True,True,1,5,0,-4
random_3609,random_cycle_chord,20260823,200,0.9,baseline,b368b74748fda659bbd4e4bd3936498d,0,,,13,15,3,3,0.05174231382576318,4.5660432673088005,0.011331980622307988,True,True,1,3,0,-2
random_3610,random_cycle_chord,20260823,200,0.9,crossing_rich,76f64aeb3bec290543374c9120128d8d,4,4.0,10.277459859796524,10,14,5,3,0.06227219650874617,5.380562972311952,0.01157354663985815,True,True,1,5,0,-4
random_3611,random_cycle_chord,20260823,200,0.9,crossing_rich,b497a8280ab5258c0901c20c694e809b,3,3.0,12.614692078605923,9,12,4,3,0.05073449244832679,4.489931926549486,0.011299612840080686,True,True,1,4,0,-3
random_3612,random_cycle_chord,20260823,200,0.9,baseline,19fca4749c1a57391a2f17cdb3a8fecb,0,,,11,13,3,3,0.06017344211419664,5.230539145823207,0.01150425232210479,True,True,1,3,0,-2
random_3613,random_cycle_chord,20260823,200,0.9,baseline,3ddc013bba7f8602e9b01edf73e915d5,0,,,9,11,3,3,0.06259931239064322,5.4022526052253,0.011587631487297422,True,True,1,3,0,-2
random_3614,random_cycle_chord,20260823,200,0.9,baseline,3ddc013bba7f8602e9b01edf73e915d5,0,,,9,11,3,3,0.06217966182494751,5.388017522731162,0.01154035998632553,True,True,1,3,0,-2
random_3615,random_cycle_chord,20260823,200,0.9,crossing_rich,226d48fcb25dc01375a006b884ac6d23,4,4.0,10.635049616449399,11,15,5,3,0.06017837462743022,5.229766564028772,0.011506894981001135,True,True,1,5,0,-4
random_3616,random_cycle_chord,20260823,200,0.9,crossing_rich,e4dfd7b460148a3915f7aca370896702,4,4.0,8.131129646722767,8,12,5,3,0.07870985063655338,6.585187621973303,0.011952560071928117,True,True,1,5,0,-4
random_3617,random_cycle_chord,20260823,200,0.9,crossing_rich,0d9383c252bac8778d9583a2a6ee796c,6,6.0,10.616865059966024,11,16,6,3,0.060281448090859335,5.222866155759008,0.011541832835289072,True,True,1,6,0,-5
random_3618,random_cycle_chord,20260823,200,0.9,crossing_rich,e4dfd7b460148a3915f7aca370896702,5,5.0,13.49397142724657,8,12,5,3,0.04742858716209623,4.218200866283561,0.011243795320701053,True,True,1,5,0,-4
random_3619,random_cycle_chord,20260823,200,0.9,baseline,3ddc013bba7f8602e9b01edf73e915d5,0,,,9,11,3,3,0.06190354361222845,5.367345728098035,0.011533362438004251,True,True,1,3,0,-2
random_3620,random_cycle_chord,20260823,200,0.9,baseline,b73291eb7126cc5eaf4780776629388d,0,,,8,10,3,3,0.0730800703886997,6.183018213546951,0.011819481661655428,True,True,1,3,0,-2
random_3621,random_cycle_chord,20260823,200,0.9,baseline,0cc2dea1c592c810d97e1a2b8cd499ac,0,,,15,19,5,3,0.045304899567307017,4.048871382577326,0.011189513147357125,True,True,1,5,0,-4
random_3622,random_cycle_chord,20260823,200,0.9,baseline,103a02ce2419501dbcecbb0b106c7128,0,,,9,11,3,3,0.062321497387981394,5.394925900641245,0.011551872729257284,True,True,1,3,0,-2
random_3623,random_cycle_chord,20260823,200,0.9,crossing_rich,8d92d8721dbd33134985bb942b070fe4,5,5.0,13.175214911742218,9,13,5,3,0.04857605771801182,4.308367676661037,0.011274817138090224,True,True,1,5,0,-4
random_3624,random_cycle_chord,20260823,200,0.9,crossing_rich,f01bb47f0e11353dcd7e62b1e2f9df0e,4,4.0,8.948693183472056,9,13,5,3,0.07151882256752964,6.076445620117214,0.011769844912419385,True,True,1,5,0,-4
random_3625,random_cycle_chord,20260823,200,0.9,crossing_rich,950b2b089df75f3cfd15257e678d9347,5,5.0,12.852641276795163,12,17,6,3,0.04979521222268062,4.409263739652847,0.011293316790027428,True,True,1,6,0,-5
random_3626,random_cycle_chord,20260823,200,0.9,crossing_rich,8d92d8721dbd33134985bb942b070fe4,5,5.0,13.475102453658412,9,13,5,3,0.04749500066518928,4.222534489009011,0.011247984069476698,True,True,1,5,0,-4
random_3627,random_cycle_chord,20260823,200,0.9,crossing_rich,e4dfd7b460148a3915f7aca370896702,4,4.0,8.123066856096614,8,12,5,3,0.0787879764303134,6.5972828842520475,0.011942488720376558,True,True,1,5,0,-4
random_3628,random_cycle_chord,20260823,200,0.9,crossing_rich,e4dfd7b460148a3915f7aca370896702,5,5.0,13.421525016715258,8,12,5,3,0.047684596139629415,4.253166010440287,0.011211552999007699,True,True,1,5,0,-4
random_3629,random_cycle_chord,20260823,200,0.9,baseline,4037cfb9ac0f246d7e72353c4ec553cc,0,,,14,17,4,3,0.04830075994635093,4.294367381227519,0.011247468057226264,True,True,1,4,0,-3
random_3630,random_cycle_chord,20260823,200,0.9,crossing_rich,55b13af6832023a4ab5c28a9a569c335,4,4.0,12.371608934349746,13,17,5,3,0.05173134742588261,4.567817788484521,0.011325177540202557,True,True,1,5,0,-4
random_3631,random_cycle_chord,20260823,200,0.9,crossing_rich,6cae8dd6dca8ab370494a907f81c49aa,2,2.0,8.132292469350634,8,11,4,3,0.07869859604927665,6.584483271271872,0.011952129393758042,True,True,1,4,0,-3
random_3632,random_cycle_chord,20260823,200,0.9,crossing_rich,6cae8dd6dca8ab370494a907f81c49aa,2,2.0,8.105229937579479,8,11,4,3,0.0789613625928949,6.601998239102738,0.011960221698518106,True,True,1,4,0,-3
random_3633,random_cycle_chord,20260823,200,0.9,baseline,3548961aa89bcaeb30f82f691c1470c0,0,,,14,17,4,3,0.04832132638969502,4.293804634564405,0.011253731946888423,True,True,1,4,0,-3
random_3634,random_cycle_chord,20260823,200,0.9,crossing_rich,ef708e22c6afb49a267da2ce884548df,2,2.0,9.19409395956035,9,12,4,3,0.06960990422928025,5.940200871053119,0.011718442817059034,True,True,1,4,0,-3
random_3635,random_cycle_chord,20260823,200,0.9,crossing_rich,f60e95ca03dc1dadd11021c8da73f957,2,2.0,11.246187257530698,11,14,4,3,0.05690817566384036,4.967247519870911,0.011456682083223285,True,True,1,4,0,-3
random_3636,random_cycle_chord,20260823,200,0.9,crossing_rich,c5149a5b550af4047d5ef7b5c057fdfb,5,5.0,13.06753814675931,13,18,6,3,0.048976325365364795,4.34549347918399,0.011270601509350723,True,True,1,6,0,-5
random_3637,random_cycle_chord,20260823,200,0.9,crossing_rich,8d92d8721dbd33134985bb942b070fe4,5,5.0,12.91666517175854,9,13,5,3,0.04954839283124866,4.396106560978769,0.011270971743737026,True,True,1,5,0,-4
random_3638,random_cycle_chord,20260823,200,0.9,crossing_rich,e4dfd7b460148a3915f7aca370896702,4,4.0,8.13712483712261,8,12,5,3,0.07865185957086927,6.584568199234251,0.011944877354298805,True,True,1,5,0,-4
random_3639,random_cycle_chord,20260823,200,0.9,crossing_rich,a17d4027c28a77bd091908d86be3664e,2,2.0,8.919607212120479,9,12,4,3,0.07175203849002801,6.076388751367557,0.011808335744463262,True,True,1,4,0,-3
random_3640,random_cycle_chord,20260823,200,0.9,crossing_rich,f01bb47f0e11353dcd7e62b1e2f9df0e,4,4.0,8.946106505648466,9,13,5,3,0.0715395015245919,6.077450220329255,0.011771301932723383,True,True,1,5,0,-4
random_3641,random_cycle_chord,20260823,200,0.9,crossing_rich,76f64aeb3bec290543374c9120128d8d,4,4.0,9.98003235647346,10,14,5,3,0.06412804860145264,5.531490002199061,0.011593268464004877,True,True,1,5,0,-4
random_3642,random_cycle_chord,20260823,200,0.9,crossing_rich,9e29c665f19ef85c09f08031b7489ca3,6,6.0,10.634371353129376,11,16,6,3,0.060182212821791974,5.226591692678491,0.011514619155365887,True,True,1,6,0,-5
random_3643,random_cycle_chord,20260823,200,0.9,crossing_rich,8d92d8721dbd33134985bb942b070fe4,5,5.0,13.609887678189947,9,13,5,3,0.04702463496635683,4.1862188522855135,0.01123320032364844,True,True,1,5,0,-4
random_3644,random_cycle_chord,20260823,200,0.9,baseline,f2551d12306507df164d13e621c6cf57,0,,,10,12,3,3,0.05281387891343686,4.660730486039471,0.01133167409521598,True,True,1,3,0,-2
random_3645,random_cycle_chord,20260823,200,0.9,crossing_rich,e4dfd7b460148a3915f7aca370896702,4,4.0,8.105231600223044,8,12,5,3,0.078961346395381,6.60199800436875,0.011960219670337644,True,True,1,5,0,-4
random_3646,random_cycle_chord,20260823,200,0.9,crossing_rich,f8e101deee8812cdf51fe0521efd7a68,4,4.0,9.784506057209947,10,14,5,3,0.06540953587824709,5.620399670440868,0.01163787981524743,True,True,1,5,0,-4
random_3647,random_cycle_chord,20260823,200,0.9,crossing_rich,d5fdeadb175aae8480364a69686816cc,8,8.0,13.248763798616116,14,20,7,3,0.04830639369288556,4.292584251663935,0.011253452666458568,True,True,1,7,0,-6
random_3648,random_cycle_chord,20260823,200,0.9,crossing_rich,e4dfd7b460148a3915f7aca370896702,5,5.0,13.666150217529683,8,12,5,3,0.046831037988962446,4.171275380447659,0.01122703099595802,True,True,1,5,0,-4
random_3649,random_cycle_chord,20260823,200,0.9,crossing_rich,e4dfd7b460148a3915f7aca370896702,5,5.0,13.443631861598373,8,12,5,3,0.04760618310503986,4.232235727327061,0.011248471534241865,True,True,1,5,0,-4
random_3650,random_cycle_chord,20260823,200,0.9,baseline,3ddc013bba7f8602e9b01edf73e915d5,0,,,9,11,3,3,0.06224833634405663,5.380345055985049,0.011569580704644979,True,True,1,3,0,-2
random_3651,random_cycle_chord,20260823,200,0.9,crossing_rich,3766c050500c74590e361b5f3d5119d1,2,2.0,9.323745349799925,9,12,4,3,0.06864194333811718,5.852474099079597,0.011728705189641475,True,True,1,4,0,-3
random_3652,random_cycle_chord,20260823,200,0.9,crossing_rich,9864390659db0a33d7b4bc27549e7f6e,3,3.0,10.269778082807784,10,14,5,3,0.062318776008548606,5.377861137108976,0.01158802252786502,True,True,1,5,0,-4
random_3653,random_cycle_chord,20260823,200,0.9,baseline,3ddc013bba7f8602e9b01edf73e915d5,0,,,9,11,3,3,0.062275809652673,5.389759998709821,0.011554468040799652,True,True,1,3,0,-2
random_3654,random_cycle_chord,20260823,200,0.9,baseline,b73291eb7126cc5eaf4780776629388d,0,,,8,10,3,3,0.07206357366598623,6.116010884568996,0.011782773939759699,True,True,1,3,0,-2
random_3655,random_cycle_chord,20260823,200,0.9,crossing_rich,f61befc086c76698e58b129c58523394,3,3.0,11.11727933218332,10,14,5,3,0.05756804168329829,5.015950678219235,0.01147699516529858,True,True,1,5,0,-4
random_3656,random_cycle_chord,20260823,200,0.9,baseline,b73291eb7126cc5eaf4780776629388d,0,,,8,10,3,3,0.072201735105048,6.1246039641108565,0.011788800635622803,True,True,1,3,0,-2
random_3657,random_cycle_chord,20260823,200,0.9,crossing_rich,b6bbb1402661354151e7f8e43af45905,2,2.0,11.011526554886217,11,14,4,3,0.05812091509837104,5.0622868092155135,0.011481158079104936,True,True,1,4,0,-3
random_3658,random_cycle_chord,20260823,200,0.9,baseline,237b03a6236ff83b0e5299ac7fc023ee,0,,,10,12,3,3,0.05358191054092901,4.710007066065199,0.011376184746510804,True,True,1,3,0,-2
random_3659,random_cycle_chord,20260823,200,0.9,crossing_rich,5abff9f8eb816c43fa70e71b5218041d,8,8.0,11.621976189025924,12,18,7,3,0.05506808735370852,4.828501958201297,0.011404797560488587,True,True,1,7,0,-6
random_3660,random_cycle_chord,20260823,200,0.9,crossing_rich,e4dfd7b460148a3915f7aca370896702,5,5.0,13.90330714032113,8,12,5,3,0.04603221331016483,4.104145726882711,0.011216027980840832,True,True,1,5,0,-4
random_3661,random_cycle_chord,20260823,200,0.9,crossing_rich,6cae8dd6dca8ab370494a907f81c49aa,3,3.0,13.381085944881802,8,11,4,3,0.04782870408547049,4.261550080537246,0.011223311513786272,True,True,1,4,0,-3
random_3662,random_cycle_chord,20260823,200,0.9,crossing_rich,594957bbb915558e3b77fc155a7d7418,6,6.0,12.767143363275741,13,18,6,3,0.05012867654019916,4.429328385334314,0.011317444131299283,True,True,1,6,0,-5
random_3663,random_cycle_chord,20260823,200,0.9,crossing_rich,f01bb47f0e11353dcd7e62b1e2f9df0e,4,4.0,8.919958102085355,9,13,5,3,0.07174921593526067,6.081590087435511,0.011797772441699689,True,True,1,5,0,-4
random_3664,random_cycle_chord,20260823,200,0.9,crossing_rich,76f64aeb3bec290543374c9120128d8d,4,4.0,9.983050337825269,10,14,5,3,0.06410866201636514,5.528428125434262,0.011596182596898529,True,True,1,5,0,-4
random_3665,random_cycle_chord,20260823,200,0.9,baseline,103a02ce2419501dbcecbb0b106c7128,0,,,9,11,3,3,0.06165314044597205,5.328335796455409,0.011570806120550028,True,True,1,3,0,-2
random_3666,random_cycle_chord,20260823,200,0.9,baseline,b73291eb7126cc5eaf4780776629388d,0,,,8,10,3,3,0.07232045557176683,6.133497768622585,0.011791062506248864,True,True,1,3,0,-2
random_3667,random_cycle_chord,20260823,200,0.9,crossing_rich,e4dfd7b460148a3915f7aca370896702,4,4.0,8.13362808864758,8,12,5,3,0.07868567298931123,6.583904123422774,0.011951217926971408,True,True,1,5,0,-4
random_3668,random_cycle_chord,20260823,200,0.9,crossing_rich,6cae8dd6dca8ab370494a907f81c49aa,2,2.0,8.138399984229952,8,11,4,3,0.07863953617911988,6.587009950658207,0.011938578621892293,True,True,1,4,0,-3
random_3669,random_cycle_chord,20260823,200,0.9,crossing_rich,6cae8dd6dca8ab370494a907f81c49aa,3,3.0,13.877932334016988,8,11,4,3,0.04611637991858915,4.110817423466822,0.011218299225679863,True,True,1,4,0,-3
random_3670,random_cycle_chord,20260823,200,0.9,crossing_rich,e4dfd7b460148a3915f7aca370896702,5,5.0,13.689139755501488,8,12,5,3,0.046752389955168096,4.171403439333609,0.011207832240421437,True,True,1,5,0,-4
random_3671,random_cycle_chord,20260823,200,0.9,baseline,3ddc013bba7f8602e9b01edf73e915d5,0,,,9,11,3,3,0.0627327619227619,5.414489836297764,0.011586089145871652,True,True,1,3,0,-2
random_3672,random_cycle_chord,20260823,200,0.9,crossing_rich,cbd367df182ccb02b6db0d327f7ca73e,5,5.0,12.231907200857448,11,16,6,3,0.05232217588726772,4.617377068105701,0.011331579620967175,True,True,1,6,0,-5
random_3673,random_cycle_chord,20260823,200,0.9,crossing_rich,e4dfd7b460148a3915f7aca370896702,5,5.0,13.539220793079975,8,12,5,3,0.04727007630506403,4.2129158916304945,0.011220275343965965,True,True,1,5,0,-4
random_3674,random_cycle_chord,20260823,200,0.9,crossing_rich,a17d4027c28a77bd091908d86be3664e,2,2.0,8.93982117890697,9,12,4,3,0.07158979885526635,6.075526997738147,0.011783306844314652,True,True,1,4,0,-3
random_3675,random_cycle_chord,20260823,200,0.9,crossing_rich,e4dfd7b460148a3915f7aca370896702,5,5.0,13.741080686036648,8,12,5,3,0.04657566712713888,4.149759419021236,0.011223702972671182,True,True,1,5,0,-4
random_3676,random_cycle_chord,20260823,200,0.9,crossing_rich,9e29c665f19ef85c09f08031b7489ca3,6,6.0,10.609734883560158,11,16,6,3,0.060321959693044123,5.227882083743819,0.011538508085447489,True,True,1,6,0,-5
random_3677,random_cycle_chord,20260823,200,0.9,crossing_rich,e4dfd7b460148a3915f7aca370896702,5,5.0,13.286439625988296,8,12,5,3,0.04816941317733903,4.277951156537951,0.011259925935274454,True,True,1,5,0,-4
random_3678,random_cycle_chord,20260823,200,0.9,baseline,103a02ce2419501dbcecbb0b106c7128,0,,,9,11,3,3,0.06241521400734293,5.39443535066304,0.011570296045844978,True,True,1,3,0,-2
random_3679,random_cycle_chord,20260823,200,0.9,baseline,e756644711763e07d0e3622d4415d4c4,0,,,11,13,3,3,0.04554687580000443,4.062696391476458,0.011210996690661362,True,True,1,3,0,-2
random_3680,random_cycle_chord,20260823,200,0.9,crossing_rich,e4dfd7b460148a3915f7aca370896702,4,4.0,8.12293908096516,8,12,5,3,0.07878921577778912,6.596191614286398,0.011944652366851058,True,True,1,5,0,-4
random_3681,random_cycle_chord,20260823,200,0.9,baseline,e756644711763e07d0e3622d4415d4c4,0,,,11,13,3,3,0.04519665872443702,4.032544448570446,0.011207975336876801,True,True,1,3,0,-2
random_3682,random_cycle_chord,20260823,200,0.9,baseline,5ece6bdff7ea6a9025672e56fbda3d50,0,,,11,13,3,3,0.045491500265266174,4.064762978669166,0.01119167353766847,True,True,1,3,0,-2
random_3683,random_cycle_chord,20260823,200,0.9,crossing_rich,d3b9e56b5337f4aa08cbf81ed5c2928d,2,2.0,8.443118368820127,8,11,4,3,0.07580137717404004,6.387673735094002,0.011866820429100162,True,True,1,4,0,-3
random_3684,random_cycle_chord,20260823,200,0.9,crossing_rich,76f64aeb3bec290543374c9120128d8d,4,4.0,10.179884914355062,10,14,5,3,0.06286908009122091,5.4311016533453484,0.011575750944100998,True,True,1,5,0,-4
random_3685,random_cycle_chord,20260823,200,0.9,crossing_rich,e4dfd7b460148a3915f7aca370896702,5,5.0,13.81236811830149,8,12,5,3,0.046335284038078545,4.137379497247207,0.011199186361538162,True,True,1,5,0,-4
random_3686,random_cycle_chord,20260823,200,0.9,baseline,5a09f2d469638693e252e3673038fcb1,0,,,14,17,4,3,0.048316397721195385,4.291695253066676,0.011258114771003462,True,True,1,4,0,-3
random_3687,random_cycle_chord,20260823,200,0.9,crossing_rich,e4dfd7b460148a3915f7aca370896702,4,4.0,8.122963922816563,8,12,5,3,0.07878897482263911,6.596405880813386,0.011944227848654431,True,True,1,5,0,-4
random_3688,random_cycle_chord,20260823,200,0.9,crossing_rich,6cae8dd6dca8ab370494a907f81c49aa,3,3.0,13.94816993292822,8,11,4,3,0.0458841556331427,4.092801801830824,0.011210940049092396,True,True,1,4,0,-3
random_3689,random_cycle_chord,20260823,200,0.9,baseline,3ddc013bba7f8602e9b01edf73e915d5,0,,,9,11,3,3,0.06252543164720771,5.394882572378124,0.011589766933452605,True,True,1,3,0,-2
random_3690,random_cycle_chord,20260823,200,0.9,baseline,3ddc013bba7f8602e9b01edf73e915d5,0,,,9,11,3,3,0.06269363551921661,5.4085858587266715,0.011591502318126536,True,True,1,3,0,-2
random_3691,random_cycle_chord,20260823,200,0.9,crossing_rich,d3b9e56b5337f4aa08cbf81ed5c2928d,2,2.0,8.484338084699155,8,11,4,3,0.07543310905469341,6.353490956444554,0.01187270267193489,True,True,1,4,0,-3
random_3692,random_cycle_chord,20260823,200,0.9,baseline,f2551d12306507df164d13e621c6cf57,0,,,10,12,3,3,0.053028344113755434,4.671808551107136,0.011350710015972005,True,True,1,3,0,-2
random_3693,random_cycle_chord,20260823,200,0.9,baseline,3ddc013bba7f8602e9b01edf73e915d5,0,,,9,11,3,3,0.06209527289873697,5.379180880987815,0.011543629833718103,True,True,1,3,0,-2
random_3694,random_cycle_chord,20260823,200,0.9,crossing_rich,d3b9e56b5337f4aa08cbf81ed5c2928d,2,2.0,8.352359335313997,8,11,4,3,0.07662505578442524,6.44317954470762,0.011892429079888748,True,True,1,4,0,-3
random_3695,random_cycle_chord,20260823,200,0.9,baseline,b368b74748fda659bbd4e4bd3936498d,0,,,13,15,3,3,0.05176061768195264,4.562318458047214,0.011345244344058236,True,True,1,3,0,-2
random_3696,random_cycle_chord,20260823,200,0.9,crossing_rich,e4dfd7b460148a3915f7aca370896702,5,5.0,13.510558427529352,8,12,5,3,0.047370358777763376,4.2217975810849095,0.011220423970585114,True,True,1,5,0,-4
random_3697,random_cycle_chord,20260823,200,0.9,crossing_rich,2c8b3e95d62a28423936c85308a28eeb,6,6.0,9.758670114750267,10,15,6,3,0.06558270670843126,5.625703909260586,0.011657689022785973,True,True,1,6,0,-5
random_3698,random_cycle_chord,20260823,200,0.9,crossing_rich,e4dfd7b460148a3915f7aca370896702,5,5.0,13.454559486994,8,12,5,3,0.04756751795691737,4.23065415394276,0.0112435373410485,True,True,1,5,0,-4
random_3699,random_cycle_chord,20260823,200,0.9,baseline,8f34f4541eedc7b1aecfd95c1d8d238c,0,,,11,14,4,3,0.04535427401382685,4.047037080945052,0.011206784891438617,True,True,1,4,0,-3
random_3700,random_cycle_chord,20260823,200,0.9,crossing_rich,4b011076f0b1f9550e5fa13ae5b0a0c2,3,3.0,14.181450086671404,10,13,4,3,0.045129376480442664,4.033185643231477,0.011189511337316972,True,True,1,4,0,-3
random_3701,random_cycle_chord,20260823,200,0.9,baseline,b73291eb7126cc5eaf4780776629388d,0,,,8,10,3,3,0.07223855793986031,6.114357668801671,0.011814578383017306,True,True,1,3,0,-2
random_3702,random_cycle_chord,20260823,200,0.9,crossing_rich,6cae8dd6dca8ab370494a907f81c49aa,2,2.0,8.112773814581674,8,11,4,3,0.0788879382843981,6.603623806140158,0.011946158745603707,True,True,1,4,0,-3
random_3703,random_cycle_chord,20260823,200,0.9,baseline,b0621227ec7d34a9a637ad6d32a04aed,0,,,13,15,3,3,0.051740516015313494,4.566743398664927,0.01132984963211195,True,True,1,3,0,-2
random_3704,random_cycle_chord,20260823,200,0.9,baseline,5ece6bdff7ea6a9025672e56fbda3d50,0,,,11,13,3,3,0.04574375438658206,4.082883631954344,0.011203785978266056,True,True,1,3,0,-2
random_3705,random_cycle_chord,20260823,200,0.9,crossing_rich,6cae8dd6dca8ab370494a907f81c49aa,3,3.0,13.52690752883308,8,11,4,3,0.04731310527818849,4.2157009706596105,0.011223069569563334,True,True,1,4,0,-3
random_3706,random_cycle_chord,20260823,200,0.9,crossing_rich,8d92d8721dbd33134985bb942b070fe4,5,5.0,13.266144869930535,9,13,5,3,0.048243103499543735,4.279637617155639,0.011272707601726191,True,True,1,5,0,-4
random_3707,random_cycle_chord,20260823,200,0.9,crossing_rich,226d48fcb25dc01375a006b884ac6d23,4,4.0,10.60992726907687,11,15,5,3,0.060320865899364834,5.226474690122672,0.011541405914270107,True,True,1,5,0,-4
random_3708,random_cycle_chord,20260823,200,0.9,baseline,3d7e91941584d93f787d03fbadb804ee,0,,,15,18,4,3,0.04528213740440695,4.052430962064257,0.011174067572847881,True,True,1,4,0,-3
random_3709,random_cycle_chord,20260823,200,0.9,crossing_rich,ad639fff94e4a66bf5a2227d94e1836d,6,6.0,14.169061449753869,12,17,6,3,0.04516883508971707,4.034193981568442,0.011196495581542665,True,True,1,6,0,-5
random_3710,random_cycle_chord,20260823,200,0.9,crossing_rich,e4dfd7b460148a3915f7aca370896702,5,5.0,13.445644991114497,8,12,5,3,0.04759905533895485,4.231946246647765,0.01124755669490351,True,True,1,5,0,-4
random_3711,random_cycle_chord,20260823,200,0.9,crossing_rich,0d9383c252bac8778d9583a2a6ee796c,5,5.0,12.261069012314884,11,16,6,3,0.05219773246176096,4.598090727425426,0.01135204491517018,True,True,1,6,0,-5
random_3712,random_cycle_chord,20260823,200,0.9,crossing_rich,9e29c665f19ef85c09f08031b7489ca3,6,6.0,10.634802325791016,11,16,6,3,0.06017977395291142,5.224116209071961,0.011519608589182221,True,True,1,6,0,-5
random_3713,random_cycle_chord,20260823,200,0.9,crossing_rich,6cae8dd6dca8ab370494a907f81c49aa,2,2.0,8.118395642766,8,11,4,3,0.0788333099496426,6.598798427722747,0.011946615859403978,True,True,1,4,0,-3
random_3714,random_cycle_chord,20260823,200,0.9,crossing_rich,b497a8280ab5258c0901c20c694e809b,3,3.0,12.447837785002514,9,12,4,3,0.05141455175219981,4.5308277004895565,0.011347717271756872,True,True,1,4,0,-3
random_3715,random_cycle_chord,20260823,200,0.9,baseline,8f34f4541eedc7b1aecfd95c1d8d238c,0,,,11,14,4,3,0.045473458852543315,4.060514080552271,0.011198941304091835,True,True,1,4,0,-3
random_3716,random_cycle_chord,20260823,200,0.9,crossing_rich,74b2009f75f7aa39b3078aa9dd4b778d,2,2.0,8.949347755720293,9,12,4,3,0.07151359154536388,6.07139902373068,0.011778766519190345,True,True,1,4,0,-3
random_3717,random_cycle_chord,20260823,200,0.9,crossing_rich,d3b9e56b5337f4aa08cbf81ed5c2928d,2,2.0,8.336732197025396,8,11,4,3,0.07676868884289655,6.453241385412878,0.011896144008563984,True,True,1,4,0,-3
random_3718,random_cycle_chord,20260823,200,0.9,baseline,b73291eb7126cc5eaf4780776629388d,0,,,8,10,3,3,0.0725563730065079,6.158694080406954,0.011781129580268668,True,True,1,3,0,-2
random_3719,random_cycle_chord,20260823,200,0.9,crossing_rich,cef8e8826a17d803155f6dbb64f1a12f,3,3.0,11.089919713814785,11,15,5,3,0.0577100661245318,5.024628998155434,0.011485438257375311,True,True,1,5,0,-4
random_3720,random_cycle_chord,20260823,200,0.9,crossing_rich,d3b9e56b5337f4aa08cbf81ed5c2928d,2,2.0,8.418561411492934,8,11,4,3,0.07602248991452133,6.414869490815076,0.011850979980710703,True,True,1,4,0,-3
random_3721,random_cycle_chord,20260823,200,0.9,baseline,fcb06304329c3a95c9fc63ab6e3f83f6,0,,,10,12,3,3,0.052493090871983596,4.630306076186747,0.011336851173176414,True,True,1,3,0,-2
random_3722,random_cycle_chord,20260823,200,0.9,baseline,fcb06304329c3a95c9fc63ab6e3f83f6,0,,,10,12,3,3,0.05293622293609709,4.66585307192402,0.011345454329591267,True,True,1,3,0,-2
random_3723,random_cycle_chord,20260823,200,0.9,crossing_rich,6cae8dd6dca8ab370494a907f81c49aa,3,3.0,13.67764955013697,8,11,4,3,0.0467916653116464,4.172714123640679,0.011213724191299458,True,True,1,4,0,-3
random_3724,random_cycle_chord,20260823,200,0.9,crossing_rich,3413ec26db867dbc204368c4635ec429,8,8.0,12.865359250822012,13,19,7,3,0.049745987463125696,4.402966230370918,0.011298289575783313,True,True,1,7,0,-6
random_3725,random_cycle_chord,20260823,200,0.9,baseline,f2551d12306507df164d13e621c6cf57,0,,,10,12,3,3,0.05327683069258454,4.694033933688423,0.011349903184598688,True,True,1,3,0,-2
random_3726,random_cycle_chord,20260823,200,0.9,baseline,2628a87ca662ceb07ab825aa2ed1faee,0,,,11,13,3,3,0.045938983499126146,4.104417660218055,0.01119257037225728,True,True,1,3,0,-2
random_3727,random_cycle_chord,20260823,200,0.9,crossing_rich,6cae8dd6dca8ab370494a907f81c49aa,3,3.0,13.453186539718681,8,11,4,3,0.04757237239746049,4.244337530041837,0.011208432896945302,True,True,1,4,0,-3
random_3728,random_cycle_chord,20260823,200,0.9,baseline,5ece6bdff7ea6a9025672e56fbda3d50,0,,,11,13,3,3,0.046308659453291864,4.135777268939863,0.011197087377280911,True,True,1,3,0,-2
random_3729,random_cycle_chord,20260823,200,0.9,baseline,5c25c6be641fc20f13f284ff50ca2a81,0,,,13,16,4,3,0.05173167497894643,4.568928858140371,0.011322495181070093,True,True,1,4,0,-3
random_3730,random_cycle_chord,20260823,200,0.9,baseline,f2551d12306507df164d13e621c6cf57,0,,,10,12,3,3,0.05345900232170268,4.696416440074149,0.011382934840603412,True,True,1,3,0,-2
random_3731,random_cycle_chord,20260823,200,0.9,baseline,b73291eb7126cc5eaf4780776629388d,0,,,8,10,3,3,0.07291232652425769,6.176686090080667,0.011804440999737688,True,True,1,3,0,-2
random_3732,random_cycle_chord,20260823,200,0.9,crossing_rich,9864390659db0a33d7b4bc27549e7f6e,4,4.0,10.051869036633123,10,14,5,3,0.06366975113459777,5.49114495221874,0.011594986416971476,True,True,1,5,0,-4
random_3733,random_cycle_chord,20260823,200,0.9,baseline,e756644711763e07d0e3622d4415d4c4,0,,,11,13,3,3,0.04575911244840297,4.080784663064032,0.011213312200121098,True,True,1,3,0,-2
random_3734,random_cycle_chord,20260823,200,0.9,crossing_rich,8d92d8721dbd33134985bb942b070fe4,5,5.0,13.260395764797916,9,13,5,3,0.04826401951735061,4.289154226215863,0.011252572645290932,True,True,1,5,0,-4
random_3735,random_cycle_chord,20260823,200,0.9,baseline,b73291eb7126cc5eaf4780776629388d,0,,,8,10,3,3,0.0723307891791551,6.138757897337538,0.011782642415418588,True,True,1,3,0,-2
random_3736,random_cycle_chord,20260823,200,0.9,baseline,e756644711763e07d0e3622d4415d4c4,0,,,11,13,3,3,0.04568843112629945,4.078341981907571,0.011202697402273634,True,True,1,3,0,-2
random_3737,random_cycle_chord,20260823,200,0.9,crossing_rich,9e29c665f19ef85c09f08031b7489ca3,6,6.0,10.635279588119984,11,16,6,3,0.060177073362030334,5.227529189079829,0.011511570989931278,True,True,1,6,0,-5
random_3738,random_cycle_chord,20260823,200,0.9,crossing_rich,58df12548886d8bab7ac36163f349b90,4,4.0,10.62921900316164,11,15,5,3,0.0602113852212127,5.219998818861618,0.011534750736656996,True,True,1,5,0,-4
random_3739,random_cycle_chord,20260823,200,0.9,crossing_rich,e4dfd7b460148a3915f7aca370896702,4,4.0,8.126277427483755,8,12,5,3,0.07875684847227417,6.600163803924014,0.011932559677602341,True,True,1,5,0,-4
random_3740,random_cycle_chord,20260823,200,0.9,crossing_rich,e4dfd7b460148a3915f7aca370896702,5,5.0,13.734313686855222,8,12,5,3,0.0465986153070414,4.158767460992982,0.011204910047053974,True,True,1,5,0,-4
random_3741,random_cycle_chord,20260823,200,0.9,crossing_rich,9864390659db0a33d7b4bc27549e7f6e,4,4.0,9.77852590253564,10,14,5,3,0.06544953772981708,5.620540110699447,0.011644706103106563,True,True,1,5,0,-4
random_3742,random_cycle_chord,20260823,200,0.9,crossing_rich,e4dfd7b460148a3915f7aca370896702,5,5.0,13.65683270856679,8,12,5,3,0.046862988927039766,4.1755204138195126,0.011223269025805659,True,True,1,5,0,-4
random_3743,random_cycle_chord,20260823,200,0.9,baseline,237b03a6236ff83b0e5299ac7fc023ee,0,,,10,12,3,3,0.05248989672554906,4.628597320325632,0.011340346349648815,True,True,1,3,0,-2
random_3744,random_cycle_chord,20260823,200,0.9,crossing_rich,e4dfd7b460148a3915f7aca370896702,5,5.0,13.477837238457424,8,12,5,3,0.04748536346572247,4.2340504478424,0.011215115183599241,True,True,1,5,0,-4
random_3745,random_cycle_chord,20260823,200,0.9,baseline,b73291eb7126cc5eaf4780776629388d,0,,,8,10,3,3,0.07262554707797571,6.145669770550621,0.01181735267097972,True,True,1,3,0,-2
random_3746,random_cycle_chord,20260823,200,0.9,crossing_rich,6cae8dd6dca8ab370494a907f81c49aa,2,2.0,8.122201367005903,8,11,4,3,0.07879637195401423,6.589641458457812,0.01195761141949218,True,True,1,4,0,-3
random_3747,random_cycle_chord,20260823,200,0.9,crossing_rich,e4dfd7b460148a3915f7aca370896702,5,5.0,13.472741616073069,8,12,5,3,0.04750332324613691,4.223710432590785,0.011246822907080496,True,True,1,5,0,-4
random_3748,random_cycle_chord,20260823,200,0.9,crossing_rich,cbd367df182ccb02b6db0d327f7ca73e,5,5.0,12.209575097929548,11,16,6,3,0.05241787653270004,4.613066440341962,0.01136291384713166,True,True,1,6,0,-5
random_3749,random_cycle_chord,20260823,200,0.9,baseline,ac248208ae374e8a4f8aa20e84131332,0,,,14,17,4,3,0.04830775222729488,4.292585974711944,0.011253764633225919,True,True,1,4,0,-3
random_3750,random_cycle_chord,20260823,200,0.9,crossing_rich,6cae8dd6dca8ab370494a907f81c49aa,3,3.0,13.787186676596725,8,11,4,3,0.04641991256173952,4.137363367590056,0.011219684721281402,True,True,1,4,0,-3
random_3751,random_cycle_chord,20260823,200,0.9,baseline,4ca7af1950eb0912a81fec832cb4eb96,0,,,10,12,3,3,0.06544718180121949,5.620869718961189,0.011643604117071582,True,True,1,3,0,-2
random_3752,random_cycle_chord,20260823,200,0.9,crossing_rich,f01bb47f0e11353dcd7e62b1e2f9df0e,4,4.0,8.918712578369854,9,13,5,3,0.07175923591843993,6.078335183787484,0.011805738536736285,True,True,1,5,0,-4
random_3753,random_cycle_chord,20260823,200,0.9,baseline,efa81f8d435c5ba80e07756432e1f676,0,,,11,13,3,3,0.04591783936430991,4.09896144490098,0.01120231062954513,True,True,1,3,0,-2
random_3754,random_cycle_chord,20260823,200,0.9,crossing_rich,e4dfd7b460148a3915f7aca370896702,5,5.0,13.878015056288572,8,12,5,3,0.046116105034054965,4.11659345369093,0.01120249195186067,True,True,1,5,0,-4
random_3755,random_cycle_chord,20260823,200,0.9,crossing_rich,8f0fcd64f35ed098799bcfa36390d34a,4,4.0,12.255245570210334,11,15,5,3,0.052222535756908196,4.601262941332421,0.011349609101405915,True,True,1,5,0,-4
random_3756,random_cycle_chord,20260823,200,0.9,baseline,7e6bc2286a474f101d6d3fad2dea3b25,0,,,11,14,4,3,0.04578163965521951,4.096004297751111,0.01117714639126616,True,True,1,4,0,-3
random_3757,random_cycle_chord,20260823,200,0.9,crossing_rich,226d48fcb25dc01375a006b884ac6d23,4,4.0,10.634543742167237,11,15,5,3,0.060181237250670525,5.227472680377475,0.011512491968934566,True,True,1,5,0,-4
random_3758,random_cycle_chord,20260823,200,0.9,baseline,3ddc013bba7f8602e9b01edf73e915d5,0,,,9,11,3,3,0.06165875277260912,5.331724867945476,0.011564503851896744,True,True,1,3,0,-2
random_3759,random_cycle_chord,20260823,200,0.9,baseline,4ca7af1950eb0912a81fec832cb4eb96,0,,,10,12,3,3,0.0655925809857889,5.626482453134519,0.0116578308973926,True,True,1,3,0,-2
random_3760,random_cycle_chord,20260823,200,0.9,crossing_rich,8d92d8721dbd33134985bb942b070fe4,5,5.0,13.058200086251734,9,13,5,3,0.04901134886681826,4.351373710455494,0.011263419813621993,True,True,1,5,0,-4
random_3761,random_cycle_chord,20260823,200,0.9,baseline,103a02ce2419501dbcecbb0b106c7128,0,,,9,11,3,3,0.061518538187085865,5.326018516567445,0.01155056783894432,True,True,1,3,0,-2
random_3762,random_cycle_chord,20260823,200,0.9,baseline,4e9cca7c282396d17b6e561d68fe510e,0,,,10,13,4,3,0.0527027912109578,4.646550655592761,0.011342347284543808,True,True,1,4,0,-3
random_3763,random_cycle_chord,20260823,200,0.9,crossing_rich,1bd7a88747bdc961e21c3ee07c2e7c28,5,5.0,14.304416151448613,12,17,6,3,0.04474142762794181,4.00231133581215,0.011178897360533015,True,True,1,6,0,-5
random_3764,random_cycle_chord,20260823,200,0.9,baseline,7e6bc2286a474f101d6d3fad2dea3b25,0,,,11,14,4,3,0.045548841846076174,4.065506984567858,0.011203729822374851,True,True,1,4,0,-3
random_3765,random_cycle_chord,20260823,200,0.9,crossing_rich,6cae8dd6dca8ab370494a907f81c49aa,2,2.0,8.106314729873228,8,11,4,3,0.07895079593214965,6.602161302945252,0.011958325813234732,True,True,1,4,0,-3
random_3766,random_cycle_chord,20260823,200,0.9,crossing_rich,6cae8dd6dca8ab370494a907f81c49aa,3,3.0,13.493525880369475,8,11,4,3,0.04743015322118875,4.22051163346701,0.011238010303084144,True,True,1,4,0,-3
random_3767,random_cycle_chord,20260823,200,0.9,crossing_rich,bb2c7ed8feef84917625e983562a84b2,5,5.0,14.001146588478086,10,14,5,3,0.04571054205851062,4.08703638192673,0.011184275789823419,True,True,1,5,0,-4
random_3768,random_cycle_chord,20260823,200,0.9,baseline,19fca4749c1a57391a2f17cdb3a8fecb,0,,,11,13,3,3,0.06022980620857705,5.2276867615026115,0.011521311233128474,True,True,1,3,0,-2
random_3769,random_cycle_chord,20260823,200,0.9,crossing_rich,6cae8dd6dca8ab370494a907f81c49aa,3,3.0,13.483705216415133,8,11,4,3,0.04746469829530689,4.220165483972747,0.011247117790894053,True,True,1,4,0,-3
random_3770,random_cycle_chord,20260823,200,0.9,crossing_rich,e4dfd7b460148a3915f7aca370896702,4,4.0,8.135100636836201,8,12,5,3,0.0786714299638831,6.5836658961014205,0.011949486988771579,True,True,1,5,0,-4
random_3771,random_cycle_chord,20260823,200,0.9,crossing_rich,69b3e3dd7eb2f54db193b652ca130066,5,5.0,12.8489347027991,12,17,6,3,0.04980957680955278,4.408829157351683,0.011297688123500037,True,True,1,6,0,-5
random_3772,random_cycle_chord,20260823,200,0.9,baseline,4ca7af1950eb0912a81fec832cb4eb96,0,,,10,12,3,3,0.06539366428718599,5.625924928264331,0.011623629024740784,True,True,1,3,0,-2
random_3773,random_cycle_chord,20260823,200,0.9,baseline,e756644711763e07d0e3622d4415d4c4,0,,,11,13,3,3,0.04559768057219011,4.072029608318343,0.011197777265431263,True,True,1,3,0,-2
random_3774,random_cycle_chord,20260823,200,0.9,crossing_rich,e4dfd7b460148a3915f7aca370896702,4,4.0,8.123195210669408,8,12,5,3,0.07878673150183467,6.598351147883156,0.011940366575839264,True,True,1,5,0,-4
random_3775,random_cycle_chord,20260823,200,0.9,baseline,cbcdcec981f1dd5d52ceecf70d124d2f,0,,,12,14,3,3,0.055663756801888675,4.880543735688548,0.011405236755661534,True,True,1,3,0,-2
random_3776,random_cycle_chord,20260823,200,0.9,crossing_rich,f01bb47f0e11353dcd7e62b1e2f9df0e,4,4.0,8.94975760986401,9,13,5,3,0.07151031658048722,6.079964778540651,0.011761633362233317,True,True,1,5,0,-4
random_3777,random_cycle_chord,20260823,200,0.9,crossing_rich,e4dfd7b460148a3915f7aca370896702,4,4.0,8.136140715578886,8,12,5,3,0.07866137304810172,6.583880642627239,0.011947569726402665,True,True,1,5,0,-4
random_3778,random_cycle_chord,20260823,200,0.9,baseline,237b03a6236ff83b0e5299ac7fc023ee,0,,,10,12,3,3,0.053535624938843736,4.706554871226948,0.011374694740335105,True,True,1,3,0,-2
random_3779,random_cycle_chord,20260823,200,0.9,crossing_rich,e4dfd7b460148a3915f7aca370896702,5,5.0,13.644210120900267,8,12,5,3,0.046906343007694154,4.179410708343658,0.011223195393085358,True,True,1,5,0,-4
random_3780,random_cycle_chord,20260823,200,0.9,crossing_rich,74b2009f75f7aa39b3078aa9dd4b778d,2,2.0,8.923145159094602,9,12,4,3,0.07172358945071095,6.0752077223876295,0.011805948492329528,True,True,1,4,0,-3
random_3781,random_cycle_chord,20260823,200,0.9,baseline,7e6bc2286a474f101d6d3fad2dea3b25,0,,,11,14,4,3,0.04535286005642571,4.053846423527712,0.011187611793383886,True,True,1,4,0,-3
random_3782,random_cycle_chord,20260823,200,0.9,baseline,3ddc013bba7f8602e9b01edf73e915d5,0,,,9,11,3,3,0.06210813662618299,5.363277761983241,0.011580257331892605,True,True,1,3,0,-2
random_3783,random_cycle_chord,20260823,200,0.9,baseline,3ddc013bba7f8602e9b01edf73e915d5,0,,,9,11,3,3,0.061628128293810334,5.333709055923862,0.011554460066651612,True,True,1,3,0,-2
random_3784,random_cycle_chord,20260823,200,0.9,baseline,62c285453040d1bf75cf8872f45e6677,0,,,14,18,5,3,0.048308912101846214,4.296141419181878,0.01124472110860954,True,True,1,5,0,-4
random_3785,random_cycle_chord,20260823,200,0.9,baseline,1837574bc7ed6a7228b5e0eb65ae216b,0,,,15,18,4,3,0.045285362557767446,4.0536898827663785,0.011171392945052606,True,True,1,4,0,-3
random_3786,random_cycle_chord,20260823,200,0.9,crossing_rich,e4dfd7b460148a3915f7aca370896702,4,4.0,8.12585779217622,8,12,5,3,0.07876091563111136,6.589856848701686,0.01195184014454405,True,True,1,5,0,-4
random_3787,random_cycle_chord,20260823,200,0.9,crossing_rich,d3b9e56b5337f4aa08cbf81ed5c2928d,2,2.0,8.366100670137559,8,11,4,3,0.0764991989977425,6.436768004562426,0.011884722106423494,True,True,1,4,0,-3
random_3788,random_cycle_chord,20260823,200,0.9,crossing_rich,9e29c665f19ef85c09f08031b7489ca3,6,6.0,10.62571064298711,11,16,6,3,0.06023126560691686,5.226610024659379,0.01152396396952194,True,True,1,6,0,-5
random_3789,random_cycle_chord,20260823,200,0.9,crossing_rich,6cae8dd6dca8ab370494a907f81c49aa,3,3.0,13.66428267809068,8,11,4,3,0.04683743853061357,4.178062033291978,0.01121032626069207,True,True,1,4,0,-3
random_3790,random_cycle_chord,20260823,200,0.9,crossing_rich,6cae8dd6dca8ab370494a907f81c49aa,2,2.0,8.11308893084832,8,11,4,3,0.07888487423902556,6.603629944834286,0.011945683646421396,True,True,1,4,0,-3
random_3791,random_cycle_chord,20260823,200,0.9,baseline,3ddc013bba7f8602e9b01edf73e915d5,0,,,9,11,3,3,0.06172420380215292,5.339928771127586,0.011558993845739848,True,True,1,3,0,-2
random_3792,random_cycle_chord,20260823,200,0.9,crossing_rich,8d92d8721dbd33134985bb942b070fe4,5,5.0,13.221876643692163,9,13,5,3,0.04840462645711708,4.296279593769639,0.011266637889980974,True,True,1,5,0,-4
random_3793,random_cycle_chord,20260823,200,0.9,baseline,3ddc013bba7f8602e9b01edf73e915d5,0,,,9,11,3,3,0.06205796707948342,5.375075415714061,0.011545506300815172,True,True,1,3,0,-2
random_3794,random_cycle_chord,20260823,200,0.9,crossing_rich,cb26cc24301cc90da9033428f0e0387b,2,2.0,8.920629465419227,9,12,4,3,0.07174381611532646,6.082948360911216,0.011794250396131812,True,True,1,4,0,-3
random_3795,random_cycle_chord,20260823,200,0.9,crossing_rich,9a9d31dddbd26369d4b9887955f66826,5,5.0,12.745397808835635,12,17,6,3,0.05021420355795608,4.442154801733897,0.011304019287746584,True,True,1,6,0,-5
random_3796,random_cycle_chord,20260823,200,0.9,baseline,3ddc013bba7f8602e9b01edf73e915d5,0,,,9,11,3,3,0.06209262848296965,5.370940450276688,0.011560848432004287,True,True,1,3,0,-2
random_3797,random_cycle_chord,20260823,200,0.9,crossing_rich,a4f42d9f888770eaac6edd702246672c,2,2.0,11.33736298651343,11,14,4,3,0.0564505168231205,4.931607759352644,0.011446676130327642,True,True,1,4,0,-3
random_3798,random_cycle_chord,20260823,200,0.9,crossing_rich,e4dfd7b460148a3915f7aca370896702,5,5.0,13.552736378523798,8,12,5,3,0.04722293580609812,4.201290937413912,0.011240101318754662,True,True,1,5,0,-4
random_3799,random_cycle_chord,20260823,200,0.9,crossing_rich,f0ee0a7c5d7344e4976a3191bc56adbe,2,2.0,9.784551756975652,10,13,4,3,0.06540923037621299,5.621647831892632,0.011635241539879911,True,True,1,4,0,-3
random_3800,random_cycle_chord,20260823,200,0.9,crossing_rich,d3b9e56b5337f4aa08cbf81ed5c2928d,2,2.0,8.131622366258982,8,11,4,3,0.07870508136919756,6.5800824371253155,0.011961108712732477,True,True,1,4,0,-3
random_3801,random_cycle_chord,20260823,200,0.9,crossing_rich,e4dfd7b460148a3915f7aca370896702,5,5.0,13.678191714837874,8,12,5,3,0.04678981062282807,4.172380697764246,0.011214175793666242,True,True,1,5,0,-4
random_3802,random_cycle_chord,20260823,200,0.9,baseline,5c25c6be641fc20f13f284ff50ca2a81,0,,,13,16,4,3,0.05173244029871156,4.569340293088867,0.011321643165197598,True,True,1,4,0,-3
random_3803,random_cycle_chord,20260823,200,0.9,crossing_rich,6cae8dd6dca8ab370494a907f81c49aa,2,2.0,8.104260727830633,8,11,4,3,0.0789708057888849,6.6024357186438944,0.0119608594697693,True,True,1,4,0,-3
random_3804,random_cycle_chord,20260823,200,0.9,crossing_rich,f01bb47f0e11353dcd7e62b1e2f9df0e,4,4.0,8.952160681587014,9,13,5,3,0.07149112072087413,6.077218010787846,0.0117637907006081,True,True,1,5,0,-4
random_3805,random_cycle_chord,20260823,200,0.9,crossing_rich,e4dfd7b460148a3915f7aca370896702,5,5.0,13.7247138751005,8,12,5,3,0.04663120891438719,4.15147959268002,0.011232431202747176,True,True,1,5,0,-4
random_3806,random_cycle_chord,20260823,200,0.9,crossing_rich,66f8361e68254053548b61bcf8022e32,3,3.0,12.378957702281618,12,16,5,3,0.051700637112770724,4.565027816501303,0.01132537175915716,True,True,1,5,0,-4
random_3807,random_cycle_chord,20260823,200,0.9,baseline,3ddc013bba7f8602e9b01edf73e915d5,0,,,9,11,3,3,0.0626867580008391,5.402602770136299,0.011603066275268211,True,True,1,3,0,-2
random_3808,random_cycle_chord,20260823,200,0.9,baseline,3ddc013bba7f8602e9b01edf73e915d5,0,,,9,11,3,3,0.061866447015567747,5.361393957859524,0.011539246602998604,True,True,1,3,0,-2
random_3809,random_cycle_chord,20260823,200,0.9,baseline,5a09f2d469638693e252e3673038fcb1,0,,,14,17,4,3,0.04830219247824074,4.292564007190401,0.01125252702052446,True,True,1,4,0,-3
random_3810,random_cycle_chord,20260823,200,0.9,crossing_rich,6cae8dd6dca8ab370494a907f81c49aa,2,2.0,8.140147716592388,8,11,4,3,0.07862265185869569,6.5886091721127285,0.011933118174846035,True,True,1,4,0,-3
random_3811,random_cycle_chord,20260823,200,0.9,baseline,3ddc013bba7f8602e9b01edf73e915d5,0,,,9,11,3,3,0.06244192376427027,5.399815628581713,0.011563714033819878,True,True,1,3,0,-2
random_3812,random_cycle_chord,20260823,200,0.9,baseline,103a02ce2419501dbcecbb0b106c7128,0,,,9,11,3,3,0.06189500514730208,5.356662957064679,0.011554769385979631,True,True,1,3,0,-2
random_3813,random_cycle_chord,20260823,200,0.9,crossing_rich,e4dfd7b460148a3915f7aca370896702,5,5.0,13.515665463297939,8,12,5,3,0.04735245939150631,4.218347889411705,0.011225356616594783,True,True,1,5,0,-4
random_3814,random_cycle_chord,20260823,200,0.9,crossing_rich,6cae8dd6dca8ab370494a907f81c49aa,3,3.0,13.5749122933378,8,11,4,3,0.0471457926335255,4.202386682869677,0.011218813543672075,True,True,1,4,0,-3
random_3815,random_cycle_chord,20260823,200,0.9,crossing_rich,f01bb47f0e11353dcd7e62b1e2f9df0e,4,4.0,8.950557905943368,9,13,5,3,0.07150392262978668,6.072175031080146,0.011775668893567324,True,True,1,5,0,-4
random_3816,random_cycle_chord,20260823,200,0.9,crossing_rich,6cae8dd6dca8ab370494a907f81c49aa,3,3.0,13.91693705784177,8,11,4,3,0.04598713045406637,4.100498527851831,0.011215009624246373,True,True,1,4,0,-3
random_3817,random_cycle_chord,20260823,200,0.9,baseline,c9b2747d4897680c32f2a02811ccda66,0,,,11,13,3,3,0.06018203009390375,5.227598717667633,0.011512366067905611,True,True,1,3,0,-2
random_3818,random_cycle_chord,20260823,200,0.9,baseline,3ddc013bba7f8602e9b01edf73e915d5,0,,,9,11,3,3,0.061374178346331514,5.315950810097499,0.011545287106448199,True,True,1,3,0,-2
random_3819,random_cycle_chord,20260823,200,0.9,crossing_rich,a9ca2a8949c4cb974344fa065ab4c92a,4,4.0,10.634252437415638,11,15,5,3,0.06018288579912011,5.219478167972824,0.011530441140343795,True,True,1,5,0,-4
random_3820,random_cycle_chord,20260823,200,0.9,crossing_rich,2c8b3e95d62a28423936c85308a28eeb,6,6.0,9.786787586883056,10,15,6,3,0.0653942873816709,5.628566390914566,0.011618284806452325,True,True,1,6,0,-5
random_3821,random_cycle_chord,20260823,200,0.9,baseline,3ddc013bba7f8602e9b01edf73e915d5,0,,,9,11,3,3,0.06182429745685411,5.342709060073216,0.011571713294080603,True,True,1,3,0,-2
random_3822,random_cycle_chord,20260823,200,0.9,crossing_rich,cbd367df182ccb02b6db0d327f7ca73e,5,5.0,12.01250864756092,11,16,6,3,0.05327779723429783,4.689990031372822,0.01135989562406441,True,True,1,6,0,-5
random_3823,random_cycle_chord,20260823,200,0.9,crossing_rich,0eec88d76046ce65103af1014c016587,9,9.0,13.242401693378296,14,20,7,3,0.048329601745884535,4.290170854524589,0.011265192782453913,True,True,1,7,0,-6
random_3824,random_cycle_chord,20260823,200,0.9,crossing_rich,cbd367df182ccb02b6db0d327f7ca73e,5,5.0,11.954179639009764,11,16,6,3,0.05353775995732109,4.710092292120007,0.011366605288582108,True,True,1,6,0,-5
random_3825,random_cycle_chord,20260823,200,0.9,crossing_rich,f01bb47f0e11353dcd7e62b1e2f9df0e,4,4.0,8.951538508999654,9,13,5,3,0.07149608967850163,6.080241988195916,0.011758757269415096,True,True,1,5,0,-4
random_3826,random_cycle_chord,20260823,200,0.9,crossing_rich,dff411908415c31419fb1ad564ce747c,9,9.0,13.249999595642468,14,20,7,3,0.0483018882665081,4.291165246309158,0.011256124034853394,True,True,1,7,0,-6
random_3827,random_cycle_chord,20260823,200,0.9,crossing_rich,e4dfd7b460148a3915f7aca370896702,5,5.0,13.431518115934962,8,12,5,3,0.047649118623509366,4.2424471543930995,0.011231517303443178,True,True,1,5,0,-4
random_3828,random_cycle_chord,20260823,200,0.9,crossing_rich,e4dfd7b460148a3915f7aca370896702,5,5.0,13.423499278186345,8,12,5,3,0.047677582926534096,4.253953512739189,0.01120782885467729,True,True,1,5,0,-4
random_3829,random_cycle_chord,20260823,200,0.9,crossing_rich,f01bb47f0e11353dcd7e62b1e2f9df0e,4,4.0,8.937283033535499,9,13,5,3,0.07161013001362031,6.073660210071334,0.011790275968167679,True,True,1,5,0,-4
random_3830,random_cycle_chord,20260823,200,0.9,baseline,b73291eb7126cc5eaf4780776629388d,0,,,8,10,3,3,0.07274371814555021,6.156329852228754,0.011816085214994623,True,True,1,3,0,-2
random_3831,random_cycle_chord,20260823,200,0.9,crossing_rich,6d7be31ac542a0764936711ec3c54ff3,5,5.0,12.764897555152418,12,17,6,3,0.05013749599123658,4.441633831932074,0.011288075039140989,True,True,1,6,0,-5
random_3832,random_cycle_chord,20260823,200,0.9,crossing_rich,e4dfd7b460148a3915f7aca370896702,5,5.0,13.460440870457058,8,12,5,3,0.047546733881850066,4.227507010739562,0.011246991137108064,True,True,1,5,0,-4
random_3833,random_cycle_chord,20260823,200,0.9,crossing_rich,8d92d8721dbd33134985bb942b070fe4,5,5.0,13.115464750118711,9,13,5,3,0.048797355808089624,4.340362115159998,0.011242692317687143,True,True,1,5,0,-4
random_3834,random_cycle_chord,20260823,200,0.9,crossing_rich,9e29c665f19ef85c09f08031b7489ca3,6,6.0,10.627078658332422,11,16,6,3,0.06022351208421632,5.225020868481507,0.011525984986490294,True,True,1,6,0,-5
random_3835,random_cycle_chord,20260823,200,0.9,crossing_rich,e4dfd7b460148a3915f7aca370896702,4,4.0,8.133093765506239,8,12,5,3,0.07869084243370501,6.584101660287643,0.011951644505784743,True,True,1,5,0,-4
random_3836,random_cycle_chord,20260823,200,0.9,baseline,b73291eb7126cc5eaf4780776629388d,0,,,8,10,3,3,0.0723980625369392,6.140477631145128,0.011790298228549658,True,True,1,3,0,-2
random_3837,random_cycle_chord,20260823,200,0.9,crossing_rich,6cae8dd6dca8ab370494a907f81c49aa,3,3.0,13.880775870592569,8,11,4,3,0.04610693278002467,4.112739155133557,0.011210760284292184,True,True,1,4,0,-3
random_3838,random_cycle_chord,20260823,200,0.9,crossing_rich,f01bb47f0e11353dcd7e62b1e2f9df0e,4,4.0,8.944484466832987,9,13,5,3,0.07155247486573227,6.0818153272643505,0.011764986441625012,True,True,1,5,0,-4
random_3839,random_cycle_chord,20260823,200,0.9,baseline,4e9cca7c282396d17b6e561d68fe510e,0,,,10,13,4,3,0.053123218242932514,4.6817606500972895,0.011346846242946783,True,True,1,4,0,-3
random_3840,random_cycle_chord,20260823,200,0.9,baseline,5c25c6be641fc20f13f284ff50ca2a81,0,,,13,16,4,3,0.05174075002385552,4.568304009937087,0.01132603038486663,True,True,1,4,0,-3
random_3841,random_cycle_chord,20260823,200,0.9,baseline,237b03a6236ff83b0e5299ac7fc023ee,0,,,10,12,3,3,0.05356172284209884,4.710322474519053,0.011371137142275542,True,True,1,3,0,-2
random_3842,random_cycle_chord,20260823,200,0.9,crossing_rich,bb2c7ed8feef84917625e983562a84b2,5,5.0,14.242281469907782,10,14,5,3,0.04493662067782066,4.016605491399628,0.011187710810543662,True,True,1,5,0,-4
random_3843,random_cycle_chord,20260823,200,0.9,crossing_rich,3766c050500c74590e361b5f3d5119d1,2,2.0,9.376804183100992,9,12,4,3,0.06825353153406115,5.845808755495846,0.011675635380629525,True,True,1,4,0,-3
random_3844,random_cycle_chord,20260823,200,0.9,baseline,b7f57d3553d50f25c5be44b65115c3b8,0,,,13,15,3,3,0.05176180254251933,4.565566793250196,0.011337431886670626,True,True,1,3,0,-2
random_3845,random_cycle_chord,20260823,200,0.9,crossing_rich,76f64aeb3bec290543374c9120128d8d,4,4.0,10.244323897600793,10,14,5,3,0.06247362016246744,5.390662534280905,0.01158922855310979,True,True,1,5,0,-4
random_3846,random_cycle_chord,20260823,200,0.9,crossing_rich,e4dfd7b460148a3915f7aca370896702,5,5.0,13.515021808032241,8,12,5,3,0.04735471456062583,4.221782286829184,0.011216759023401017,True,True,1,5,0,-4
random_3847,random_cycle_chord,20260823,200,0.9,crossing_rich,58df12548886d8bab7ac36163f349b90,4,4.0,10.609859461323024,11,15,5,3,0.060321251410826275,5.22264029761924,0.01154995327522823,True,True,1,5,0,-4
random_3848,random_cycle_chord,20260823,200,0.9,crossing_rich,ef708e22c6afb49a267da2ce884548df,2,2.0,9.60396485855095,9,12,4,3,0.06663914429363743,5.705331791773827,0.011680152307657265,True,True,1,4,0,-3
random_3849,random_cycle_chord,20260823,200,0.9,crossing_rich,e4dfd7b460148a3915f7aca370896702,5,5.0,13.646383844078219,8,12,5,3,0.046898871328298807,4.179802636407634,0.011220355458842054,True,True,1,5,0,-4
random_3850,random_cycle_chord,20260823,200,0.9,crossing_rich,01f1e0ddfc6103e0c7f99c04b3d36683,3,3.0,11.059868499992938,11,15,5,3,0.05786687246782443,5.047300237369018,0.011464915845384388,True,True,1,5,0,-4
random_3851,random_cycle_chord,20260823,200,0.9,crossing_rich,e4dfd7b460148a3915f7aca370896702,5,5.0,13.543808721255848,8,12,5,3,0.04725406369595096,4.208340431350281,0.011228669464078767,True,True,1,5,0,-4
random_3852,random_cycle_chord,20260823,200,0.9,crossing_rich,e4dfd7b460148a3915f7aca370896702,5,5.0,13.779428836291238,8,12,5,3,0.04644604704618928,4.144665768651725,0.01120622256141497,True,True,1,5,0,-4
random_3853,random_cycle_chord,20260823,200,0.9,crossing_rich,e4dfd7b460148a3915f7aca370896702,4,4.0,8.137524821735157,8,12,5,3,0.07864799358775208,6.58506340752414,0.011943391994963684,True,True,1,5,0,-4
random_3854,random_cycle_chord,20260823,200,0.9,baseline,3ddc013bba7f8602e9b01edf73e915d5,0,,,9,11,3,3,0.06245867070539267,5.399887993960413,0.011566660415040186,True,True,1,3,0,-2
random_3855,random_cycle_chord,20260823,200,0.9,crossing_rich,6cae8dd6dca8ab370494a907f81c49aa,3,3.0,13.681192692709915,8,11,4,3,0.04677954724963613,4.164295438463283,0.011233484257038885,True,True,1,4,0,-3
random_3856,random_cycle_chord,20260823,200,0.9,crossing_rich,9e29c665f19ef85c09f08031b7489ca3,6,6.0,10.63111843218642,11,16,6,3,0.06020062743938185,5.223005931363926,0.011526049985484349,True,True,1,6,0,-5
random_3857,random_cycle_chord,20260823,200,0.9,baseline,103a02ce2419501dbcecbb0b106c7128,0,,,9,11,3,3,0.06198108643025217,5.369442093775162,0.011543301026024166,True,True,1,3,0,-2
random_3858,random_cycle_chord,20260823,200,0.9,baseline,b73291eb7126cc5eaf4780776629388d,0,,,8,10,3,3,0.07264258874089649,6.164806966554596,0.011783432820362124,True,True,1,3,0,-2
random_3859,random_cycle_chord,20260823,200,0.9,crossing_rich,0b41205c17a4bb7d4c07126bb8995d97,2,2.0,9.829764349010071,10,13,4,3,0.06510837668905589,5.598602279378973,0.011629398453407921,True,True,1,4,0,-3
random_3860,random_cycle_chord,20260823,200,0.9,crossing_rich,6cae8dd6dca8ab370494a907f81c49aa,3,3.0,13.914188895425749,8,11,4,3,0.04599621327624769,4.102625291903965,0.011211409769011969,True,True,1,4,0,-3
random_3861,random_cycle_chord,20260823,200,0.9,baseline,f2551d12306507df164d13e621c6cf57,0,,,10,12,3,3,0.05335459326138461,4.692258649141966,0.011370769868183016,True,True,1,3,0,-2
random_3862,random_cycle_chord,20260823,200,0.9,crossing_rich,8d92d8721dbd33134985bb942b070fe4,5,5.0,13.198919553229176,9,13,5,3,0.04848881739289191,4.3118112015343675,0.011245579902857773,True,True,1,5,0,-4
random_3863,random_cycle_chord,20260823,200,0.9,crossing_rich,e4dfd7b460148a3915f7aca370896702,5,5.0,13.711990147843734,8,12,5,3,0.04667447927685702,4.156036286748798,0.011230527371879549,True,True,1,5,0,-4
random_3864,random_cycle_chord,20260823,200,0.9,crossing_rich,76f64aeb3bec290543374c9120128d8d,4,4.0,10.167432293638631,10,14,5,3,0.06294607935579008,5.4360177930134865,0.011579446895241962,True,True,1,5,0,-4
random_3865,random_cycle_chord,20260823,200,0.9,baseline,4e9cca7c282396d17b6e561d68fe510e,0,,,10,13,4,3,0.05339588438959839,4.692346562573398,0.011379356506931743,True,True,1,4,0,-3
random_3866,random_cycle_chord,20260823,200,0.9,crossing_rich,76f64aeb3bec290543374c9120128d8d,4,4.0,10.196903522632402,10,14,5,3,0.06276415174268311,5.421736271271236,0.011576393354884962,True,True,1,5,0,-4
random_3867,random_cycle_chord,20260823,200,0.9,crossing_rich,f01bb47f0e11353dcd7e62b1e2f9df0e,4,4.0,8.94838520899823,9,13,5,3,0.07152128401406267,6.073570070659566,0.011775822651585171,True,True,1,5,0,-4
random_3868,random_cycle_chord,20260823,200,0.9,baseline,4ca7af1950eb0912a81fec832cb4eb96,0,,,10,12,3,3,0.06541282876232103,5.620153497214977,0.011638975482562148,True,True,1,3,0,-2
random_3869,random_cycle_chord,20260823,200,0.9,crossing_rich,e4dfd7b460148a3915f7aca370896702,4,4.0,8.122395619180594,8,12,5,3,0.07879448748946369,6.591338028962667,0.011954247702550953,True,True,1,5,0,-4
random_3870,random_cycle_chord,20260823,200,0.9,baseline,19fca4749c1a57391a2f17cdb3a8fecb,0,,,11,13,3,3,0.06018940507743667,5.2258375146758915,0.011517657200095637,True,True,1,3,0,-2
random_3871,random_cycle_chord,20260823,200,0.9,crossing_rich,e4dfd7b460148a3915f7aca370896702,4,4.0,8.123287502686782,8,12,5,3,0.07878583637330572,6.5991015383532945,0.011938873180752046,True,True,1,5,0,-4
random_3872,random_cycle_chord,20260823,200,0.9,baseline,19fca4749c1a57391a2f17cdb3a8fecb,0,,,11,13,3,3,0.06025091171069682,5.219811770231841,0.011542736474579951,True,True,1,3,0,-2
random_3873,random_cycle_chord,20260823,200,0.9,crossing_rich,6cae8dd6dca8ab370494a907f81c49aa,2,2.0,8.141492860757722,8,11,4,3,0.07860966175930979,6.587160630370907,0.011933770279848705,True,True,1,4,0,-3
random_3874,random_cycle_chord,20260823,200,0.9,crossing_rich,6cae8dd6dca8ab370494a907f81c49aa,2,2.0,8.11733294593135,8,11,4,3,0.07884363056966724,6.600212176528514,0.011945620604447945,True,True,1,4,0,-3
random_3875,random_cycle_chord,20260823,200,0.9,crossing_rich,76f64aeb3bec290543374c9120128d8d,4,4.0,10.185817932896157,10,14,5,3,0.06283246021245417,5.4272947264268225,0.01157712329616219,True,True,1,5,0,-4
random_3876,random_cycle_chord,20260823,200,0.9,crossing_rich,e4dfd7b460148a3915f7aca370896702,5,5.0,13.481239312738625,8,12,5,3,0.04747338023999429,4.22893468973712,0.011225848522845205,True,True,1,5,0,-4
random_3877,random_cycle_chord,20260823,200,0.9,crossing_rich,8d92d8721dbd33134985bb942b070fe4,5,5.0,13.334619962058063,9,13,5,3,0.04799536858350949,4.260415889769872,0.011265418641113455,True,True,1,5,0,-4
random_3878,random_cycle_chord,20260823,200,0.9,crossing_rich,8d92d8721dbd33134985bb942b070fe4,5,5.0,13.002718025994769,9,13,5,3,0.04922047826619981,4.368750772186072,0.01126648802663798,True,True,1,5,0,-4
random_3879,random_cycle_chord,20260823,200,0.9,crossing_rich,f01bb47f0e11353dcd7e62b1e2f9df0e,4,4.0,8.942635044091924,9,13,5,3,0.07156727260415541,6.077045835995131,0.011776655061617796,True,True,1,5,0,-4
random_3880,random_cycle_chord,20260823,200,0.9,baseline,b73291eb7126cc5eaf4780776629388d,0,,,8,10,3,3,0.07242642344535925,6.136462545100164,0.011802634321167694,True,True,1,3,0,-2
random_3881,random_cycle_chord,20260823,200,0.9,baseline,b73291eb7126cc5eaf4780776629388d,0,,,8,10,3,3,0.0723167433205213,6.1246099901818125,0.011807567083691895,True,True,1,3,0,-2
random_3882,random_cycle_chord,20260823,200,0.9,baseline,5ece6bdff7ea6a9025672e56fbda3d50,0,,,11,13,3,3,0.04586926211617766,4.0968445409744465,0.011196241804495593,True,True,1,3,0,-2
random_3883,random_cycle_chord,20260823,200,0.9,crossing_rich,69b3e3dd7eb2f54db193b652ca130066,5,5.0,12.630137832066092,12,17,6,3,0.05067244779982786,4.473647758675637,0.011326874741436673,True,True,1,6,0,-5
random_3884,random_cycle_chord,20260823,200,0.9,baseline,b73291eb7126cc5eaf4780776629388d,0,,,8,10,3,3,0.07282809369100089,6.177866528806869,0.011788550845410733,True,True,1,3,0,-2
random_3885,random_cycle_chord,20260823,200,0.9,crossing_rich,7e4a50685ef75bd50022d036157f3cc3,3,3.0,11.96796302338983,12,16,5,3,0.05347610104987817,4.697337006772184,0.01138434414494453,True,True,1,5,0,-4
random_3886,random_cycle_chord,20260823,200,0.9,crossing_rich,9e29c665f19ef85c09f08031b7489ca3,6,6.0,10.636473840123548,11,16,6,3,0.060170316744046645,5.230538596799347,0.011503656006069023,True,True,1,6,0,-5
random_3887,random_cycle_chord,20260823,200,0.9,crossing_rich,f01bb47f0e11353dcd7e62b1e2f9df0e,4,4.0,8.952168007033425,9,13,5,3,0.0714910622205898,6.077168044766471,0.011763877795374838,True,True,1,5,0,-4
random_3888,random_cycle_chord,20260823,200,0.9,crossing_rich,9864390659db0a33d7b4bc27549e7f6e,4,4.0,9.784528286578269,10,14,5,3,0.06540938727500101,5.621974467833553,0.011634593442080631,True,True,1,5,0,-4
random_3889,random_cycle_chord,20260823,200,0.9,crossing_rich,2c8b3e95d62a28423936c85308a28eeb,5,5.0,10.198925475668572,10,15,6,3,0.06275170865076313,5.421153078821347,0.011575343425721238,True,True,1,6,0,-5
random_3890,random_cycle_chord,20260823,200,0.9,baseline,f2551d12306507df164d13e621c6cf57,0,,,10,12,3,3,0.05265768550366186,4.6412896229381815,0.011345485798476579,True,True,1,3,0,-2
random_3891,random_cycle_chord,20260823,200,0.9,crossing_rich,cbd367df182ccb02b6db0d327f7ca73e,5,5.0,12.283611454327644,11,16,6,3,0.05210194106021819,4.596179369376938,0.011335924225968833,True,True,1,6,0,-5
random_3892,random_cycle_chord,20260823,200,0.9,crossing_rich,6cae8dd6dca8ab370494a907f81c49aa,3,3.0,13.886719271108095,8,11,4,3,0.046087199395723866,4.113579769609902,0.011203672221505116,True,True,1,4,0,-3
random_3893,random_cycle_chord,20260823,200,0.9,crossing_rich,9864390659db0a33d7b4bc27549e7f6e,4,4.0,9.784085281776369,10,14,5,3,0.06541234888784653,5.622231007412774,0.011634589329681038,True,True,1,5,0,-4
random_3894,random_cycle_chord,20260823,200,0.9,crossing_rich,e4dfd7b460148a3915f7aca370896702,5,5.0,13.551345556225442,8,12,5,3,0.04722778246223573,4.201163055083607,0.011241597110849547,True,True,1,5,0,-4
random_3895,random_cycle_chord,20260823,200,0.9,crossing_rich,9864390659db0a33d7b4bc27549e7f6e,4,4.0,9.7714345610513,10,14,5,3,0.0654970358754716,5.625146347386415,0.011643614553406805,True,True,1,5,0,-4
random_3896,random_cycle_chord,20260823,200,0.9,crossing_rich,0d9383c252bac8778d9583a2a6ee796c,6,6.0,10.609940140867524,11,16,6,3,0.06032079271916328,5.222854743448031,0.011549391220354067,True,True,1,6,0,-5
random_3897,random_cycle_chord,20260823,200,0.9,crossing_rich,d3b9e56b5337f4aa08cbf81ed5c2928d,2,2.0,8.445282550157422,8,11,4,3,0.07578195237388123,6.387785729843014,0.011863571443831704,True,True,1,4,0,-3
random_3898,random_cycle_chord,20260823,200,0.9,crossing_rich,e4dfd7b460148a3915f7aca370896702,5,5.0,13.8877422261395,8,12,5,3,0.04608380466591556,4.11134093823365,0.011208947484105874,True,True,1,5,0,-4
random_3899,random_cycle_chord,20260823,200,0.9,crossing_rich,e4dfd7b460148a3915f7aca370896702,5,5.0,13.504102439646148,8,12,5,3,0.047393005411529604,4.221247927538866,0.011227249909284852,True,True,1,5,0,-4
random_3900,random_cycle_chord,20260823,200,0.9,crossing_rich,0b41205c17a4bb7d4c07126bb8995d97,2,2.0,9.78544929429898,10,13,4,3,0.065403230935228,5.626454496944633,0.011624235292535345,True,True,1,4,0,-3
random_3901,random_cycle_chord,20260823,200,0.9,crossing_rich,3766c050500c74590e361b5f3d5119d1,2,2.0,9.168446494230507,9,12,4,3,0.06980462834164297,5.939543051562797,0.011752525023499267,True,True,1,4,0,-3
random_3902,random_cycle_chord,20260823,200,0.9,crossing_rich,cbd367df182ccb02b6db0d327f7ca73e,5,5.0,12.184043930604961,11,16,6,3,0.05252771605594685,4.629806948628672,0.01134555212318417,True,True,1,6,0,-5
random_3903,random_cycle_chord,20260823,200,0.9,crossing_rich,e4dfd7b460148a3915f7aca370896702,5,5.0,13.296673739641477,8,12,5,3,0.04813233839768235,4.27440086114307,0.011260604693217916,True,True,1,5,0,-4
random_3904,random_cycle_chord,20260823,200,0.9,baseline,4e9cca7c282396d17b6e561d68fe510e,0,,,10,13,4,3,0.052955361578611686,4.657944046726469,0.011368827329694504,True,True,1,4,0,-3
random_3905,random_cycle_chord,20260823,200,0.9,crossing_rich,a80e9b3e3dc8eb9387cefc9f549c7f07,4,4.0,14.178767678438609,12,17,6,3,0.045137914275387714,4.031688144264489,0.011195785155059987,True,True,1,6,0,-5
random_3906,random_cycle_chord,20260823,200,0.9,crossing_rich,c4365d72dce08edef88398c38d8f58b5,2,2.0,9.757004882399434,10,13,4,3,0.0655938997380733,5.626354997748217,0.011658329373870886,True,True,1,4,0,-3
random_3907,random_cycle_chord,20260823,200,0.9,baseline,4e9cca7c282396d17b6e561d68fe510e,0,,,10,13,4,3,0.05302231536614635,4.662384179511477,0.011372360861884617,True,True,1,4,0,-3
random_3908,random_cycle_chord,20260823,200,0.9,baseline,8f34f4541eedc7b1aecfd95c1d8d238c,0,,,11,14,4,3,0.04533773980929727,4.05154354930377,0.011190238796048052,True,True,1,4,0,-3
random_3909,random_cycle_chord,20260823,200,0.9,baseline,b368b74748fda659bbd4e4bd3936498d,0,,,13,15,3,3,0.05173917338927314,4.569639533131047,0.011322375214533005,True,True,1,3,0,-2
random_3910,random_cycle_chord,20260823,200,0.9,crossing_rich,e2e4547f237f4b7d6245ef6308d564b1,3,3.0,11.113195530509309,11,15,5,3,0.057589196396571396,5.027964568242174,0.011453779280848264,True,True,1,5,0,-4
random_3911,random_cycle_chord,20260823,200,0.9,crossing_rich,43ae8eb978ceb1fc284f911e5c627e0d,4,4.0,13.40984200006739,14,18,5,3,0.04772614024809418,4.24350027012269,0.011246880454826576,True,True,1,5,0,-4
random_3912,random_cycle_chord,20260823,200,0.9,crossing_rich,ef708e22c6afb49a267da2ce884548df,2,2.0,9.121190881525328,9,12,4,3,0.0701662763462498,5.971415603797378,0.011750358876650498,True,True,1,4,0,-3
random_3913,random_cycle_chord,20260823,200,0.9,crossing_rich,8d92d8721dbd33134985bb942b070fe4,5,5.0,13.209051654422616,9,13,5,3,0.048451623685317115,4.305920127987549,0.011252327550246938,True,True,1,5,0,-4
random_3914,random_cycle_chord,20260823,200,0.9,baseline,e756644711763e07d0e3622d4415d4c4,0,,,11,13,3,3,0.0457686027803723,4.087169766042213,0.011198116398451453,True,True,1,3,0,-2
random_3915,random_cycle_chord,20260823,200,0.9,crossing_rich,e4dfd7b460148a3915f7aca370896702,5,5.0,13.42930185310657,8,12,5,3,0.04765698224676886,4.242760729828219,0.011232540621893237,True,True,1,5,0,-4
random_3916,random_cycle_chord,20260823,200,0.9,crossing_rich,e4dfd7b460148a3915f7aca370896702,5,5.0,13.926188929900123,8,12,5,3,0.04595657887606944,4.0980737599773525,0.01121419026784999,True,True,1,5,0,-4
random_3917,random_cycle_chord,20260823,200,0.9,baseline,4e9cca7c282396d17b6e561d68fe510e,0,,,10,13,4,3,0.052806563709822216,4.653183672701667,0.011348480400551737,True,True,1,4,0,-3
random_3918,random_cycle_chord,20260823,200,0.9,baseline,7e6bc2286a474f101d6d3fad2dea3b25,0,,,11,14,4,3,0.04512202367746152,4.032407712931285,0.011189846585394236,True,True,1,4,0,-3
random_3919,random_cycle_chord,20260823,200,0.9,baseline,b73291eb7126cc5eaf4780776629388d,0,,,8,10,3,3,0.07317370628923694,6.1994469682325875,0.011803263527246234,True,True,1,3,0,-2
random_3920,random_cycle_chord,20260823,200,0.9,crossing_rich,d3b9e56b5337f4aa08cbf81ed5c2928d,2,2.0,8.146186986006095,8,11,4,3,0.0785643640514786,6.572312044078061,0.011953839611475614,True,True,1,4,0,-3
random_3921,random_cycle_chord,20260823,200,0.9,baseline,8603424a32f201376c6da364b388d315,0,,,11,13,3,3,0.04553033582365543,4.065824255280435,0.011198303951412436,True,True,1,3,0,-2
random_3922,random_cycle_chord,20260823,200,0.9,crossing_rich,e4dfd7b460148a3915f7aca370896702,5,5.0,13.581624371992385,8,12,5,3,0.047122493044336335,4.192379542240359,0.011240035061127748,True,True,1,5,0,-4
random_3923,random_cycle_chord,20260823,200,0.9,crossing_rich,2c8b3e95d62a28423936c85308a28eeb,5,5.0,10.179078170805951,10,15,6,3,0.0628740627845406,5.427444030531088,0.011584470043514795,True,True,1,6,0,-5
random_3924,random_cycle_chord,20260823,200,0.9,crossing_rich,789ee8cd1e3f8635a6c7952abf77c8df,4,4.0,14.200214021492764,13,18,6,3,0.04506974324692055,4.022541465260406,0.01120429550227219,True,True,1,6,0,-5
random_3925,random_cycle_chord,20260823,200,0.9,crossing_rich,e4dfd7b460148a3915f7aca370896702,5,5.0,13.445517433677615,8,12,5,3,0.0475995069105308,4.239179900236547,0.011228470607693422,True,True,1,5,0,-4
random_3926,random_cycle_chord,20260823,200,0.9,crossing_rich,35e6984785cd33f6953165239be9a661,4,4.0,10.203490479576654,10,14,5,3,0.06272363376836843,5.408310732055191,0.011597638685329951,True,True,1,5,0,-4
random_3927,random_cycle_chord,20260823,200,0.9,crossing_rich,d3b9e56b5337f4aa08cbf81ed5c2928d,2,2.0,8.52995236622475,8,11,4,3,0.07502972730939833,6.318975020067441,0.011873717979755134,True,True,1,4,0,-3
random_3928,random_cycle_chord,20260823,200,0.9,crossing_rich,cb26cc24301cc90da9033428f0e0387b,2,2.0,8.948834063042419,9,12,4,3,0.07151769666208485,6.072750013232962,0.011776822116214666,True,True,1,4,0,-3
random_3929,random_cycle_chord,20260823,200,0.9,baseline,b7f57d3553d50f25c5be44b65115c3b8,0,,,13,15,3,3,0.0517798781401795,4.563213196451272,0.011347240619931536,True,True,1,3,0,-2
random_3930,random_cycle_chord,20260823,200,0.9,baseline,4e9cca7c282396d17b6e561d68fe510e,0,,,10,13,4,3,0.05292561784238405,4.661719394011414,0.011353239731755177,True,True,1,4,0,-3
random_3931,random_cycle_chord,20260823,200,0.9,baseline,3ddc013bba7f8602e9b01edf73e915d5,0,,,9,11,3,3,0.06242466140601686,5.385174333230584,0.011591948104782729,True,True,1,3,0,-2
random_3932,random_cycle_chord,20260823,200,0.9,crossing_rich,e4dfd7b460148a3915f7aca370896702,4,4.0,8.122152752539312,8,12,5,3,0.07879684358311412,6.589238277634749,0.011958414654781428,True,True,1,5,0,-4
random_3933,random_cycle_chord,20260823,200,0.9,crossing_rich,8d92d8721dbd33134985bb942b070fe4,5,5.0,13.114370964234617,9,13,5,3,0.048801425683732885,4.332408266226271,0.011264272128776356,True,True,1,5,0,-4
random_3934,random_cycle_chord,20260823,200,0.9,crossing_rich,6cae8dd6dca8ab370494a907f81c49aa,3,3.0,13.843655141864648,8,11,4,3,0.04623056508136884,4.120577185899425,0.011219439169728307,True,True,1,4,0,-3
random_3935,random_cycle_chord,20260823,200,0.9,crossing_rich,f01bb47f0e11353dcd7e62b1e2f9df0e,4,4.0,8.948432944052973,9,13,5,3,0.07152090248665681,6.075512044000815,0.011771995836512115,True,True,1,5,0,-4
random_3936,random_cycle_chord,20260823,200,0.9,baseline,b73291eb7126cc5eaf4780776629388d,0,,,8,10,3,3,0.07293450913028227,6.178164348690906,0.01180520701844657,True,True,1,3,0,-2
random_3937,random_cycle_chord,20260823,200,0.9,crossing_rich,cb26cc24301cc90da9033428f0e0387b,2,2.0,8.944528542193414,9,12,4,3,0.0715521222813446,6.069755664628511,0.011788303555333281,True,True,1,4,0,-3
random_3938,random_cycle_chord,20260823,200,0.9,baseline,efa81f8d435c5ba80e07756432e1f676,0,,,11,13,3,3,0.045834510530789116,4.100071872998266,0.011178952942908202,True,True,1,3,0,-2
random_3939,random_cycle_chord,20260823,200,0.9,baseline,b73291eb7126cc5eaf4780776629388d,0,,,8,10,3,3,0.07352079770752928,6.2110948448322825,0.01183701095285956,True,True,1,3,0,-2
random_3940,random_cycle_chord,20260823,200,0.9,crossing_rich,50000f533be57d613267a2ac73e30903,4,4.0,14.062570774134032,12,17,6,3,0.045510882062701014,4.067128368282646,0.011189930078828096,True,True,1,6,0,-5
random_3941,random_cycle_chord,20260823,200,0.9,baseline,f2551d12306507df164d13e621c6cf57,0,,,10,12,3,3,0.05307432178117846,4.680021658647221,0.011340614563847938,True,True,1,3,0,-2
random_3942,random_cycle_chord,20260823,200,0.9,crossing_rich,cbd367df182ccb02b6db0d327f7ca73e,5,5.0,12.267300028262277,11,16,6,3,0.052171219300540674,4.606441257014432,0.011325710323798713,True,True,1,6,0,-5
random_3943,random_cycle_chord,20260823,200,0.9,baseline,b73291eb7126cc5eaf4780776629388d,0,,,8,10,3,3,0.07243051323562076,6.143874226930426,0.011789061846047614,True,True,1,3,0,-2
random_3944,random_cycle_chord,20260823,200,0.9,baseline,8f34f4541eedc7b1aecfd95c1d8d238c,0,,,11,14,4,3,0.04492164848222041,4.012935319934553,0.011194211942332784,True,True,1,4,0,-3
random_3945,random_cycle_chord,20260823,200,0.9,baseline,b73291eb7126cc5eaf4780776629388d,0,,,8,10,3,3,0.07246923255247284,6.147423634265999,0.011788553524850033,True,True,1,3,0,-2
random_3946,random_cycle_chord,20260823,200,0.9,crossing_rich,e4dfd7b460148a3915f7aca370896702,5,5.0,13.51646737420839,8,12,5,3,0.0473496500440066,4.222409370564848,0.011213893748457755,True,True,1,5,0,-4
random_3947,random_cycle_chord,20260823,200,0.9,crossing_rich,e4dfd7b460148a3915f7aca370896702,5,5.0,13.391475798261384,8,12,5,3,0.04779159591081748,4.25785016201606,0.011224348930162569,True,True,1,5,0,-4
random_3948,random_cycle_chord,20260823,200,0.9,crossing_rich,e4dfd7b460148a3915f7aca370896702,5,5.0,13.821783069234403,8,12,5,3,0.046303721943412764,4.127253473053568,0.011219015804511451,True,True,1,5,0,-4
random_3949,random_cycle_chord,20260823,200,0.9,crossing_rich,fa5ad0dbca8e8ac23d6d5fb1f00cf849,6,6.0,11.49995972781115,12,17,6,3,0.0556523688037136,4.876899458378203,0.011411424262213643,True,True,1,6,0,-5
random_3950,random_cycle_chord,20260823,200,0.9,crossing_rich,6cae8dd6dca8ab370494a907f81c49aa,2,2.0,8.105511366576122,8,11,4,3,0.0789586209994231,6.601980818318443,0.011959837989885926,True,True,1,4,0,-3
random_3951,random_cycle_chord,20260823,200,0.9,baseline,f2551d12306507df164d13e621c6cf57,0,,,10,12,3,3,0.0529675654472865,4.667439963634264,0.011348312106845771,True,True,1,3,0,-2
random_3952,random_cycle_chord,20260823,200,0.9,crossing_rich,3766c050500c74590e361b5f3d5119d1,2,2.0,9.531705431769552,9,12,4,3,0.06714433262560282,5.743839360266403,0.011689799873248653,True,True,1,4,0,-3
random_3953,random_cycle_chord,20260823,200,0.9,baseline,ca62a37d3738941a9501a139c3aa3dc2,0,,,12,14,3,3,0.05564954698483756,4.87580072538683,0.01141341701991369,True,True,1,3,0,-2
random_3954,random_cycle_chord,20260823,200,0.9,baseline,4037cfb9ac0f246d7e72353c4ec553cc,0,,,14,17,4,3,0.04831657561402969,4.2917318458453115,0.01125806023058114,True,True,1,4,0,-3
random_3955,random_cycle_chord,20260823,200,0.9,baseline,5c25c6be641fc20f13f284ff50ca2a81,0,,,13,16,4,3,0.05174260196606131,4.56594267993923,0.011332293371398603,True,True,1,4,0,-3
random_3956,random_cycle_chord,20260823,200,0.9,crossing_rich,f01bb47f0e11353dcd7e62b1e2f9df0e,4,4.0,8.942363923145018,9,13,5,3,0.07156944243160625,6.077292722450478,0.011776533680403024,True,True,1,5,0,-4
random_3957,random_cycle_chord,20260823,200,0.9,baseline,19fca4749c1a57391a2f17cdb3a8fecb,0,,,11,13,3,3,0.0602214834484209,5.228134199378119,0.011518733290278619,True,True,1,3,0,-2
random_3958,random_cycle_chord,20260823,200,0.9,baseline,4e9cca7c282396d17b6e561d68fe510e,0,,,10,13,4,3,0.05252576956090293,4.628068141836468,0.011349394164291655,True,True,1,4,0,-3
random_3959,random_cycle_chord,20260823,200,0.9,crossing_rich,8f0fcd64f35ed098799bcfa36390d34a,4,4.0,12.127081544248895,11,15,5,3,0.05277444516760188,4.64933485888762,0.01135096670155276,True,True,1,5,0,-4
random_3960,random_cycle_chord,20260823,200,0.9,crossing_rich,76f64aeb3bec290543374c9120128d8d,4,4.0,10.082074658163954,10,14,5,3,0.06347899829146379,5.478479095675555,0.011586974629796623,True,True,1,5,0,-4
random_3961,random_cycle_chord,20260823,200,0.9,crossing_rich,c4365d72dce08edef88398c38d8f58b5,2,2.0,9.770709584155435,10,13,4,3,0.06550189569013995,5.625223692281985,0.011644318390397698,True,True,1,4,0,-3
random_3962,random_cycle_chord,20260823,200,0.9,baseline,4e9cca7c282396d17b6e561d68fe510e,0,,,10,13,4,3,0.05270322938327274,4.644735520460523,0.011346874144094911,True,True,1,4,0,-3
random_3963,random_cycle_chord,20260823,200,0.9,baseline,f2551d12306507df164d13e621c6cf57,0,,,10,12,3,3,0.05279041982517484,4.652091491988474,0.011347674463429411,True,True,1,3,0,-2
random_3964,random_cycle_chord,20260823,200,0.9,baseline,103a02ce2419501dbcecbb0b106c7128,0,,,9,11,3,3,0.06169589658594272,5.33341230741301,0.011567809317908993,True,True,1,3,0,-2
random_3965,random_cycle_chord,20260823,200,0.9,baseline,b73291eb7126cc5eaf4780776629388d,0,,,8,10,3,3,0.07277236779657918,6.153399105658361,0.01182636889742148,True,True,1,3,0,-2
random_3966,random_cycle_chord,20260823,200,0.9,baseline,fcb06304329c3a95c9fc63ab6e3f83f6,0,,,10,12,3,3,0.052640904382429264,4.6358754414925345,0.011355116211983762,True,True,1,3,0,-2
random_3967,random_cycle_chord,20260823,200,0.9,baseline,3ddc013bba7f8602e9b01edf73e915d5,0,,,9,11,3,3,0.0621829233020438,5.37151805039549,0.011576415217941127,True,True,1,3,0,-2
random_3968,random_cycle_chord,20260823,200,0.9,baseline,3ddc013bba7f8602e9b01edf73e915d5,0,,,9,11,3,3,0.06228656988373878,5.383245328528016,0.011570449809087615,True,True,1,3,0,-2
random_3969,random_cycle_chord,20260823,200,0.9,baseline,fcb06304329c3a95c9fc63ab6e3f83f6,0,,,10,12,3,3,0.052887209111984655,4.658898428615782,0.011351869958602665,True,True,1,3,0,-2
random_3970,random_cycle_chord,20260823,200,0.9,crossing_rich,a17d4027c28a77bd091908d86be3664e,2,2.0,8.94986153815552,9,12,4,3,0.0715094861827212,6.083060218177502,0.011755511801286358,True,True,1,4,0,-3
random_3971,random_cycle_chord,20260823,200,0.9,baseline,bc0c53ec9fcf19b8932a465c5162b3af,0,,,12,15,4,3,0.05564894978177661,4.87535872023735,0.011414329278126927,True,True,1,4,0,-3
random_3972,random_cycle_chord,20260823,200,0.9,crossing_rich,35e6984785cd33f6953165239be9a661,4,4.0,10.132280754551635,10,14,5,3,0.06316445581242885,5.453760347277961,0.011581817276579637,True,True,1,5,0,-4
random_3973,random_cycle_chord,20260823,200,0.9,crossing_rich,bb2c7ed8feef84917625e983562a84b2,5,5.0,13.97135720716899,10,14,5,3,0.04580800494254079,4.093011082512837,0.011191761766356546,True,True,1,5,0,-4
random_3974,random_cycle_chord,20260823,200,0.9,baseline,3ddc013bba7f8602e9b01edf73e915d5,0,,,9,11,3,3,0.06234707990990947,5.381268612225675,0.011585944579734131,True,True,1,3,0,-2
random_3975,random_cycle_chord,20260823,200,0.9,crossing_rich,9e29c665f19ef85c09f08031b7489ca3,6,6.0,10.622701783858453,11,16,6,3,0.06024832599296925,5.223739739577765,0.011533561968353177,True,True,1,6,0,-5
random_3976,random_cycle_chord,20260823,200,0.9,crossing_rich,8b8935ea945cc27aac069c85a801a65f,3,3.0,11.946246514352511,11,15,5,3,0.0535733126912364,4.714391727925275,0.011363780479653337,True,True,1,5,0,-4
random_3977,random_cycle_chord,20260823,200,0.9,crossing_rich,e4dfd7b460148a3915f7aca370896702,5,5.0,13.882078864454641,8,12,5,3,0.04610260511044449,4.112647262828205,0.011209958492462693,True,True,1,5,0,-4
random_3978,random_cycle_chord,20260823,200,0.9,crossing_rich,e4dfd7b460148a3915f7aca370896702,4,4.0,8.12230952846694,8,12,5,3,0.07879532265508206,6.590573365713962,0.01195576140082102,True,True,1,5,0,-4
random_3979,random_cycle_chord,20260823,200,0.9,crossing_rich,6cae8dd6dca8ab370494a907f81c49aa,3,3.0,13.682747320321035,8,11,4,3,0.0467742321784675,4.166929540042972,0.01122510753517208,True,True,1,4,0,-3
random_3980,random_cycle_chord,20260823,200,0.9,crossing_rich,e4dfd7b460148a3915f7aca370896702,5,5.0,13.668457791877811,8,12,5,3,0.0468231317493848,4.1661301102237,0.011238998905598423,True,True,1,5,0,-4
random_3981,random_cycle_chord,20260823,200,0.9,crossing_rich,6cae8dd6dca8ab370494a907f81c49aa,3,3.0,13.456128430064359,8,11,4,3,0.047561971731042624,4.229535882731085,0.011245198775883427,True,True,1,4,0,-3
random_3982,random_cycle_chord,20260823,200,0.9,crossing_rich,6cae8dd6dca8ab370494a907f81c49aa,2,2.0,8.125226405673807,8,11,4,3,0.07876703590106622,6.590530266688336,0.011951547555921586,True,True,1,4,0,-3
random_3983,random_cycle_chord,20260823,200,0.9,crossing_rich,d3b9e56b5337f4aa08cbf81ed5c2928d,2,2.0,8.376599193195622,8,11,4,3,0.07640332135264119,6.429389564658659,0.011883448744903902,True,True,1,4,0,-3
random_3984,random_cycle_chord,20260823,200,0.9,crossing_rich,cef8e8826a17d803155f6dbb64f1a12f,3,3.0,11.026830433025054,11,15,5,3,0.058040250449777266,5.065512268224749,0.011457923182588195,True,True,1,5,0,-4
random_3985,random_cycle_chord,20260823,200,0.9,crossing_rich,a8ced580481e578e4757ce5ccef9f4dc,7,7.0,14.021211041299154,13,19,7,3,0.04564512994739861,4.079167149217448,0.011189816028047594,True,True,1,7,0,-6
random_3986,random_cycle_chord,20260823,200,0.9,crossing_rich,e4dfd7b460148a3915f7aca370896702,5,5.0,13.90133048024402,8,12,5,3,0.04603875872957202,4.10470805299394,0.011216086049284731,True,True,1,5,0,-4
random_3987,random_cycle_chord,20260823,200,0.9,crossing_rich,f01bb47f0e11353dcd7e62b1e2f9df0e,4,4.0,8.931215977099969,9,13,5,3,0.07165877542777917,6.075268363166616,0.01179516214661971,True,True,1,5,0,-4
random_3988,random_cycle_chord,20260823,200,0.9,baseline,c9b2747d4897680c32f2a02811ccda66,0,,,11,13,3,3,0.06017747691139601,5.224711431229336,0.011517856575140399,True,True,1,3,0,-2
random_3989,random_cycle_chord,20260823,200,0.9,crossing_rich,6cae8dd6dca8ab370494a907f81c49aa,3,3.0,13.491863770693291,8,11,4,3,0.04743599630691447,4.231975803853018,0.011208947901764037,True,True,1,4,0,-3
random_3990,random_cycle_chord,20260823,200,0.9,crossing_rich,8d92d8721dbd33134985bb942b070fe4,5,5.0,13.002031710607154,9,13,5,3,0.049223076381046144,4.366403394768933,0.01127313991190477,True,True,1,5,0,-4
random_3991,random_cycle_chord,20260823,200,0.9,crossing_rich,e4dfd7b460148a3915f7aca370896702,5,5.0,13.876813916989123,8,12,5,3,0.04612009671877635,4.1165829554679245,0.011203490180494605,True,True,1,5,0,-4
random_3992,random_cycle_chord,20260823,200,0.9,crossing_rich,cb26cc24301cc90da9033428f0e0387b,2,2.0,8.942743442079879,9,12,4,3,0.07156640511327815,6.084475965769245,0.011762131285570817,True,True,1,4,0,-3
random_3993,random_cycle_chord,20260823,200,0.9,crossing_rich,9000479d2e59a126b74cc6270d44f3d5,4,4.0,10.610318716977451,11,15,5,3,0.06031864047363094,5.22350602794725,0.011547539172140124,True,True,1,5,0,-4
random_3994,random_cycle_chord,20260823,200,0.9,baseline,3ddc013bba7f8602e9b01edf73e915d5,0,,,9,11,3,3,0.06252307961034172,5.412216994431445,0.011552212277273962,True,True,1,3,0,-2
random_3995,random_cycle_chord,20260823,200,0.9,crossing_rich,cb26cc24301cc90da9033428f0e0387b,2,2.0,8.948437248860978,9,12,4,3,0.07152086808022974,6.07607443546983,0.011770900577306608,True,True,1,4,0,-3
random_3996,random_cycle_chord,20260823,200,0.9,crossing_rich,e4dfd7b460148a3915f7aca370896702,5,5.0,13.686537857121364,8,12,5,3,0.046761277883507694,4.175220939630109,0.011199713394724057,True,True,1,5,0,-4
random_3997,random_cycle_chord,20260823,200,0.9,crossing_rich,f01bb47f0e11353dcd7e62b1e2f9df0e,4,4.0,8.933741042270558,9,13,5,3,0.07163852152998389,6.074879913519976,0.011792582330812573,True,True,1,5,0,-4
random_3998,random_cycle_chord,20260823,200,0.9,baseline,f2551d12306507df164d13e621c6cf57,0,,,10,12,3,3,0.05262183700236626,4.641611579195541,0.011336975553539616,True,True,1,3,0,-2
random_3999,random_cycle_chord,20260823,200,0.9,crossing_rich,3766c050500c74590e361b5f3d5119d1,2,2.0,9.070008291532893,9,12,4,3,0.07056222876857322,6.0032295700073375,0.01175404470971897,True,True,1,4,0,-3
random_4000,random_cycle_chord,20260823,200,0.9,baseline,4e9cca7c282396d17b6e561d68fe510e,0,,,10,13,4,3,0.05295721616132546,4.662597870295943,0.011357877654150814,True,True,1,4,0,-3
random_4001,random_cycle_chord,20260823,200,0.9,crossing_rich,226d48fcb25dc01375a006b884ac6d23,4,4.0,10.634839905726894,11,15,5,3,0.0601795612978958,5.23130240812135,0.01150374354280683,True,True,1,5,0,-4
random_4002,random_cycle_chord,20260823,200,0.9,crossing_rich,e4dfd7b460148a3915f7aca370896702,5,5.0,13.63407898099319,8,12,5,3,0.046941197927062216,4.177640012656568,0.011236295560376022,True,True,1,5,0,-4
random_4003,random_cycle_chord,20260823,200,0.9,crossing_rich,81fe6e12228ca2916c7cff1c6f217b6f,6,6.0,14.101532778506668,12,17,6,3,0.04538513720830957,4.051984417741464,0.011200718593485313,True,True,1,6,0,-5
random_4004,random_cycle_chord,20260823,200,0.9,crossing_rich,6cae8dd6dca8ab370494a907f81c49aa,3,3.0,13.48457247351239,8,11,4,3,0.04746164561443424,4.22194484300521,0.011241654587948314,True,True,1,4,0,-3
random_4005,random_cycle_chord,20260823,200,0.9,baseline,b73291eb7126cc5eaf4780776629388d,0,,,8,10,3,3,0.07283481630620768,6.172553231299402,0.011799787474797527,True,True,1,3,0,-2
random_4006,random_cycle_chord,20260823,200,0.9,crossing_rich,f01bb47f0e11353dcd7e62b1e2f9df0e,4,4.0,8.94291552245083,9,13,5,3,0.07156502802618517,6.08395147026418,0.011762918947655188,True,True,1,5,0,-4
random_4007,random_cycle_chord,20260823,200,0.9,crossing_rich,35e6984785cd33f6953165239be9a661,4,4.0,10.033583752891003,10,14,5,3,0.06378578340122941,5.501566246119418,0.011594113484722886,True,True,1,5,0,-4
random_4008,random_cycle_chord,20260823,200,0.9,crossing_rich,a3826756d5dfd0d450c1a14cf955fa3c,2,2.0,11.14312883739265,11,14,4,3,0.05743449701957783,5.0214920639549785,0.011437735296218278,True,True,1,4,0,-3
random_4009,random_cycle_chord,20260823,200,0.9,baseline,62c285453040d1bf75cf8872f45e6677,0,,,14,18,5,3,0.04830604020882665,4.297546196099532,0.01124037718376812,True,True,1,5,0,-4
random_4010,random_cycle_chord,20260823,200,0.9,crossing_rich,abd746e482f4f756f2952f875de5a898,6,6.0,12.988613860265758,13,18,6,3,0.04927392613909804,4.367309570108708,0.01128244411075067,True,True,1,6,0,-5
random_4011,random_cycle_chord,20260823,200,0.9,baseline,f2551d12306507df164d13e621c6cf57,0,,,10,12,3,3,0.053132202512741464,4.668982125867593,0.011379825640876362,True,True,1,3,0,-2
random_4012,random_cycle_chord,20260823,200,0.9,crossing_rich,d3b9e56b5337f4aa08cbf81ed5c2928d,2,2.0,8.438984174754022,8,11,4,3,0.07583851169132623,6.386585594075374,0.011874656743296312,True,True,1,4,0,-3
random_4013,random_cycle_chord,20260823,200,0.9,baseline,b73291eb7126cc5eaf4780776629388d,0,,,8,10,3,3,0.07314530427629365,6.191992990460795,0.011812885510203127,True,True,1,3,0,-2
random_4014,random_cycle_chord,20260823,200,0.9,crossing_rich,e4dfd7b460148a3915f7aca370896702,5,5.0,13.458560719094297,8,12,5,3,0.0475533761267653,4.2277739803844305,0.011247852025060545,True,True,1,5,0,-4
random_4015,random_cycle_chord,20260823,200,0.9,baseline,5ece6bdff7ea6a9025672e56fbda3d50,0,,,11,13,3,3,0.04591283029116951,4.094282243261757,0.0112138898989515,True,True,1,3,0,-2
random_4016,random_cycle_chord,20260823,200,0.9,baseline,4ca7af1950eb0912a81fec832cb4eb96,0,,,10,12,3,3,0.06550704129881292,5.623142024494272,0.011649544154045162,True,True,1,3,0,-2
random_4017,random_cycle_chord,20260823,200,0.9,crossing_rich,cb26cc24301cc90da9033428f0e0387b,2,2.0,8.922272953102881,9,12,4,3,0.07173060086414734,6.075149437673089,0.011807215871815935,True,True,1,4,0,-3
random_4018,random_cycle_chord,20260823,200,0.9,crossing_rich,cbd367df182ccb02b6db0d327f7ca73e,5,5.0,12.013103779008986,11,16,6,3,0.053275157842080714,4.690840988308547,0.011357272176751192,True,True,1,6,0,-5
random_4019,random_cycle_chord,20260823,200,0.9,baseline,b73291eb7126cc5eaf4780776629388d,0,,,8,10,3,3,0.07269681168343478,6.1745931442234445,0.011773538755577002,True,True,1,3,0,-2
random_4020,random_cycle_chord,20260823,200,0.9,baseline,f2551d12306507df164d13e621c6cf57,0,,,10,12,3,3,0.05287542313622388,4.655285792120665,0.011358147597665975,True,True,1,3,0,-2
random_4021,random_cycle_chord,20260823,200,0.9,crossing_rich,9864390659db0a33d7b4bc27549e7f6e,4,4.0,9.785258907820218,10,14,5,3,0.06540450345044244,5.612223505763045,0.011653937763398101,True,True,1,5,0,-4
random_4022,random_cycle_chord,20260823,200,0.9,baseline,4e9cca7c282396d17b6e561d68fe510e,0,,,10,13,4,3,0.0533453099556962,4.691368279270618,0.011370949109113637,True,True,1,4,0,-3
random_4023,random_cycle_chord,20260823,200,0.9,baseline,3ddc013bba7f8602e9b01edf73e915d5,0,,,9,11,3,3,0.06184286804764826,5.354412116646919,0.011549889455721607,True,True,1,3,0,-2
random_4024,random_cycle_chord,20260823,200,0.9,crossing_rich,d3b9e56b5337f4aa08cbf81ed5c2928d,2,2.0,8.138789105993975,8,11,4,3,0.07863577636243936,6.58877147256592,0.011934816177774575,True,True,1,4,0,-3
random_4025,random_cycle_chord,20260823,200,0.9,baseline,b73291eb7126cc5eaf4780776629388d,0,,,8,10,3,3,0.0724385015368195,6.1432529214945335,0.011791554484655114,True,True,1,3,0,-2
random_4026,random_cycle_chord,20260823,200,0.9,crossing_rich,8d92d8721dbd33134985bb942b070fe4,5,5.0,13.19502384665058,9,13,5,3,0.04850313325977485,4.3106949512719925,0.011251812946184613,True,True,1,5,0,-4
random_4027,random_cycle_chord,20260823,200,0.9,crossing_rich,e4dfd7b460148a3915f7aca370896702,5,5.0,13.466841763151267,8,12,5,3,0.04752413455627021,4.22536518525116,0.011247343714137534,True,True,1,5,0,-4
random_4028,random_cycle_chord,20260823,200,0.9,crossing_rich,a51f209ae39a56fb708ea506a898b2e0,6,6.0,13.867388562073437,13,18,6,3,0.046151443520546155,4.119241742225947,0.011203868675016614,True,True,1,6,0,-5
random_4029,random_cycle_chord,20260823,200,0.9,crossing_rich,f01bb47f0e11353dcd7e62b1e2f9df0e,4,4.0,8.940127285115468,9,13,5,3,0.07158734765058035,6.0695302254306185,0.011794545045782584,True,True,1,5,0,-4
random_4030,random_cycle_chord,20260823,200,0.9,crossing_rich,76f64aeb3bec290543374c9120128d8d,4,4.0,10.034862081191827,10,14,5,3,0.06377765781151504,5.496357326458595,0.011603622913033598,True,True,1,5,0,-4
random_4031,random_cycle_chord,20260823,200,0.9,crossing_rich,6cae8dd6dca8ab370494a907f81c49aa,2,2.0,8.135822579224424,8,11,4,3,0.07866444895618782,6.583770819444911,0.011948236218043227,True,True,1,4,0,-3
random_4032,random_cycle_chord,20260823,200,0.9,baseline,4e9cca7c282396d17b6e561d68fe510e,0,,,10,13,4,3,0.05331168383486387,4.692098483780675,0.011362012971199998,True,True,1,4,0,-3
random_4033,random_cycle_chord,20260823,200,0.9,crossing_rich,76f64aeb3bec290543374c9120128d8d,4,4.0,10.125181928222354,10,14,5,3,0.06320874079468149,5.456070921636827,0.011585029172553132,True,True,1,5,0,-4
random_4034,random_cycle_chord,20260823,200,0.9,crossing_rich,6cae8dd6dca8ab370494a907f81c49aa,2,2.0,8.140887265893983,8,11,4,3,0.07861550947662202,6.587733557445615,0.01193362008209468,True,True,1,4,0,-3
random_4035,random_cycle_chord,20260823,200,0.9,crossing_rich,2c8b3e95d62a28423936c85308a28eeb,5,5.0,10.242945844110157,10,15,6,3,0.06248202516544685,5.396980794069216,0.01157721836514757,True,True,1,6,0,-5
random_4036,random_cycle_chord,20260823,200,0.9,crossing_rich,11d791503c3a667541544086d31d8d36,2,2.0,10.91442653842723,11,14,4,3,0.05863798686506383,5.111918778666392,0.011470836960434147,True,True,1,4,0,-3
random_4037,random_cycle_chord,20260823,200,0.9,crossing_rich,d3b9e56b5337f4aa08cbf81ed5c2928d,2,2.0,8.130954061817942,8,11,4,3,0.07871155034627104,6.581071021771799,0.011960294925533231,True,True,1,4,0,-3
random_4038,random_cycle_chord,20260823,200,0.9,crossing_rich,e4dfd7b460148a3915f7aca370896702,5,5.0,13.506865118076748,8,12,5,3,0.04738331170150384,4.220425174527277,0.011227141755169529,True,True,1,5,0,-4
random_4039,random_cycle_chord,20260823,200,0.9,crossing_rich,35e6984785cd33f6953165239be9a661,4,4.0,9.84106984331377,10,14,5,3,0.06503357970117746,5.5866661453620035,0.01164085664133836,True,True,1,5,0,-4
random_4040,random_cycle_chord,20260823,200,0.9,crossing_rich,d3b9e56b5337f4aa08cbf81ed5c2928d,2,2.0,8.565887595435791,8,11,4,3,0.07471496594713836,6.299164808834094,0.011861090829431287,True,True,1,4,0,-3
random_4041,random_cycle_chord,20260823,200,0.9,crossing_rich,3766c050500c74590e361b5f3d5119d1,2,2.0,9.34732282093601,9,12,4,3,0.06846880248604835,5.8480515216773155,0.011707968411743814,True,True,1,4,0,-3
random_4042,random_cycle_chord,20260823,200,0.9,crossing_rich,3766c050500c74590e361b5f3d5119d1,2,2.0,9.22586412052884,9,12,4,3,0.06937019574956782,5.914556376434234,0.011728723396054548,True,True,1,4,0,-3
random_4043,random_cycle_chord,20260823,200,0.9,crossing_rich,f01bb47f0e11353dcd7e62b1e2f9df0e,4,4.0,8.929830299422203,9,13,5,3,0.07166989500812918,6.075329062087868,0.011796874585012001,True,True,1,5,0,-4
random_4044,random_cycle_chord,20260823,200,0.9,crossing_rich,e4dfd7b460148a3915f7aca370896702,5,5.0,13.731722515034317,8,12,5,3,0.046607408451437134,4.155112411091077,0.011216882683373336,True,True,1,5,0,-4
random_4045,random_cycle_chord,20260823,200,0.9,baseline,f2551d12306507df164d13e621c6cf57,0,,,10,12,3,3,0.05258179854592598,4.637546341279245,0.011338279917095457,True,True,1,3,0,-2
random_4046,random_cycle_chord,20260823,200,0.9,baseline,3ddc013bba7f8602e9b01edf73e915d5,0,,,9,11,3,3,0.06221760770482722,5.382668100649756,0.011558878708742374,True,True,1,3,0,-2
random_4047,random_cycle_chord,20260823,200,0.9,crossing_rich,8d92d8721dbd33134985bb942b070fe4,5,5.0,13.00782371494012,9,13,5,3,0.04920115878145925,4.366345809008006,0.011268268921796028,True,True,1,5,0,-4
random_4048,random_cycle_chord,20260823,200,0.9,baseline,8f34f4541eedc7b1aecfd95c1d8d238c,0,,,11,14,4,3,0.04540088652103466,4.051885986054783,0.011204877599539847,True,True,1,4,0,-3
random_4049,random_cycle_chord,20260823,200,0.9,baseline,3ddc013bba7f8602e9b01edf73e915d5,0,,,9,11,3,3,0.062377006831332744,5.393290163202732,0.011565668625974874,True,True,1,3,0,-2
random_4050,random_cycle_chord,20260823,200,0.9,crossing_rich,e4dfd7b460148a3915f7aca370896702,4,4.0,8.106040866880445,8,12,5,3,0.07895346328870652,6.60206319719603,0.01195890753094259,True,True,1,5,0,-4
random_4051,random_cycle_chord,20260823,200,0.9,baseline,b73291eb7126cc5eaf4780776629388d,0,,,8,10,3,3,0.07258599498882512,6.13955807746752,0.011822674217419539,True,True,1,3,0,-2
random_4052,random_cycle_chord,20260823,200,0.9,baseline,8f34f4541eedc7b1aecfd95c1d8d238c,0,,,11,14,4,3,0.045416683866824986,4.0588136278426665,0.011189645061619836,True,True,1,4,0,-3
random_4053,random_cycle_chord,20260823,200,0.9,crossing_rich,f6ac52b6a4ce992194c23bbe9223738f,6,6.0,13.241484630404955,14,19,6,3,0.04833294889988687,4.289792301689618,0.011266967139842645,True,True,1,6,0,-5
random_4054,random_cycle_chord,20260823,200,0.9,baseline,bc0c53ec9fcf19b8932a465c5162b3af,0,,,12,15,4,3,0.05566407757010207,4.880265365219515,0.01140595303829309,True,True,1,4,0,-3
random_4055,random_cycle_chord,20260823,200,0.9,crossing_rich,d4627c1bcf9f36c916ab60d95b5ec6ec,4,4.0,14.03370380548922,12,16,5,3,0.045604496779365324,4.076669705530988,0.011186703871910886,True,True,1,5,0,-4
random_4056,random_cycle_chord,20260823,200,0.9,baseline,78d712f24f5cff365e8a82f9a84c6043,0,,,10,12,3,3,0.05359568592902658,4.705941365886718,0.011388940439747234,True,True,1,3,0,-2
random_4057,random_cycle_chord,20260823,200,0.9,crossing_rich,8d92d8721dbd33134985bb942b070fe4,5,5.0,13.197456349643383,9,13,5,3,0.04849419335395596,4.310310388137389,0.011250742751013742,True,True,1,5,0,-4
random_4058,random_cycle_chord,20260823,200,0.9,crossing_rich,8d92d8721dbd33134985bb942b070fe4,5,5.0,12.996027662775694,9,13,5,3,0.04924581699938523,4.369477818309791,0.01127041240329138,True,True,1,5,0,-4
random_4059,random_cycle_chord,20260823,200,0.9,crossing_rich,88e8f3f165ec943d08bbe0f962c02372,3,3.0,13.28651744259034,13,17,5,3,0.048169131058260636,4.283685895506525,0.011244785970135859,True,True,1,5,0,-4
random_4060,random_cycle_chord,20260823,200,0.9,crossing_rich,f01bb47f0e11353dcd7e62b1e2f9df0e,4,4.0,8.943715022624364,9,13,5,3,0.07155863065639184,6.069426317726922,0.011790015548486214,True,True,1,5,0,-4
random_4061,random_cycle_chord,20260823,200,0.9,crossing_rich,6cae8dd6dca8ab370494a907f81c49aa,2,2.0,8.117328142239817,8,11,4,3,0.07884367722793631,6.600218630852591,0.011945615992079883,True,True,1,4,0,-3
random_4062,random_cycle_chord,20260823,200,0.9,crossing_rich,e4dfd7b460148a3915f7aca370896702,5,5.0,13.38663725092064,8,12,5,3,0.047808869995038174,4.249811606016421,0.011249644555385838,True,True,1,5,0,-4
random_4063,random_cycle_chord,20260823,200,0.9,crossing_rich,e4dfd7b460148a3915f7aca370896702,5,5.0,13.454234506919862,8,12,5,3,0.04756866692570517,4.245800476236184,0.011203698146426754,True,True,1,5,0,-4
random_4064,random_cycle_chord,20260823,200,0.9,crossing_rich,e4dfd7b460148a3915f7aca370896702,4,4.0,8.105454885997394,8,12,5,3,0.07895917120032758,6.6019807746407455,0.011959921407772387,True,True,1,5,0,-4
random_4065,random_cycle_chord,20260823,200,0.9,crossing_rich,903374818a4c6203cdd98492aba07cc5,6,6.0,14.073110222833247,12,17,6,3,0.04547679865120484,4.062576101949735,0.011194079202449735,True,True,1,6,0,-5
random_4066,random_cycle_chord,20260823,200,0.9,crossing_rich,a17d4027c28a77bd091908d86be3664e,2,2.0,8.945828346693178,9,12,4,3,0.0715417259528097,6.0828442578199695,0.011761229273762394,True,True,1,4,0,-3
random_4067,random_cycle_chord,20260823,200,0.9,crossing_rich,f01bb47f0e11353dcd7e62b1e2f9df0e,4,4.0,8.943537720001812,9,13,5,3,0.07156004928213915,6.082180851465196,0.011765524740176107,True,True,1,5,0,-4
random_4068,random_cycle_chord,20260823,200,0.9,crossing_rich,e4dfd7b460148a3915f7aca370896702,5,5.0,13.400288301503295,8,12,5,3,0.04776016646807535,4.25887590459865,0.011214265815189606,True,True,1,5,0,-4
random_4069,random_cycle_chord,20260823,200,0.9,baseline,fcb06304329c3a95c9fc63ab6e3f83f6,0,,,10,12,3,3,0.05274231546724976,4.6489613492594755,0.011344967511001352,True,True,1,3,0,-2
random_4070,random_cycle_chord,20260823,200,0.9,crossing_rich,35e6984785cd33f6953165239be9a661,4,4.0,10.25023360103521,10,14,5,3,0.062437601415773,5.388338768589912,0.011587541930314166,True,True,1,5,0,-4
random_4071,random_cycle_chord,20260823,200,0.9,baseline,19fca4749c1a57391a2f17cdb3a8fecb,0,,,11,13,3,3,0.060250889992827024,5.222345812685323,0.011537131425972364,True,True,1,3,0,-2
random_4072,random_cycle_chord,20260823,200,0.9,baseline,c9b2747d4897680c32f2a02811ccda66,0,,,11,13,3,3,0.06021575974061262,5.223729807068205,0.011527349607388758,True,True,1,3,0,-2
random_4073,random_cycle_chord,20260823,200,0.9,crossing_rich,51c649782519fad82f174ab8ea47ce77,2,2.0,11.033495802290776,10,13,4,3,0.058005188153252674,5.0521893542705145,0.011481198364867709,True,True,1,4,0,-3
random_4074,random_cycle_chord,20260823,200,0.9,baseline,103a02ce2419501dbcecbb0b106c7128,0,,,9,11,3,3,0.06250417436897028,5.397245545609867,0.011580754264517636,True,True,1,3,0,-2
random_4075,random_cycle_chord,20260823,200,0.9,baseline,103a02ce2419501dbcecbb0b106c7128,0,,,9,11,3,3,0.06209192155630233,5.362849244468017,0.011578159057958325,True,True,1,3,0,-2
random_4076,random_cycle_chord,20260823,200,0.9,crossing_rich,5abff9f8eb816c43fa70e71b5218041d,8,8.0,11.5005336282381,12,18,7,3,0.055649591635344754,4.875311230108388,0.01141457211832352,True,True,1,7,0,-6
random_4077,random_cycle_chord,20260823,200,0.9,baseline,103a02ce2419501dbcecbb0b106c7128,0,,,9,11,3,3,0.06211473322272768,5.359020733351651,0.011590687238091677,True,True,1,3,0,-2
random_4078,random_cycle_chord,20260823,200,0.9,crossing_rich,6cae8dd6dca8ab370494a907f81c49aa,2,2.0,8.107127092198759,8,11,4,3,0.07894288478786184,6.602661638221905,0.011956221462398175,True,True,1,4,0,-3
random_4079,random_cycle_chord,20260823,200,0.9,crossing_rich,e4dfd7b460148a3915f7aca370896702,4,4.0,8.134276342514022,8,12,5,3,0.07867940220508887,6.583737194834706,0.0119505684805914,True,True,1,5,0,-4
random_4080,random_cycle_chord,20260823,200,0.9,crossing_rich,6cae8dd6dca8ab370494a907f81c49aa,3,3.0,13.558788705107899,8,11,4,3,0.047201856590544676,4.206421000189276,0.01122138192739641,True,True,1,4,0,-3
random_4081,random_cycle_chord,20260823,200,0.9,crossing_rich,abd746e482f4f756f2952f875de5a898,6,6.0,13.28781676281653,13,18,6,3,0.0481644209446747,4.2846513685808105,0.011241152850349182,True,True,1,6,0,-5
random_4082,random_cycle_chord,20260823,200,0.9,baseline,56ff7b5b44056ba4d84195d67cb019a7,0,,,15,19,5,3,0.045353512306539216,4.045889765388947,0.011209774595077038,True,True,1,5,0,-4
random_4083,random_cycle_chord,20260823,200,0.9,crossing_rich,9864390659db0a33d7b4bc27549e7f6e,3,3.0,10.097907062740074,10,14,5,3,0.06337947022324204,5.464603895395614,0.011598181942637151,True,True,1,5,0,-4
random_4084,random_cycle_chord,20260823,200,0.9,crossing_rich,e4dfd7b460148a3915f7aca370896702,5,5.0,13.65328975540382,8,12,5,3,0.046875149613425225,4.1761563416546315,0.011224471925505753,True,True,1,5,0,-4
random_4085,random_cycle_chord,20260823,200,0.9,crossing_rich,e4dfd7b460148a3915f7aca370896702,4,4.0,8.13794372318405,8,12,5,3,0.07864394517459182,6.585797267550063,0.01194144641562093,True,True,1,5,0,-4
random_4086,random_cycle_chord,20260823,200,0.9,crossing_rich,9e29c665f19ef85c09f08031b7489ca3,6,6.0,10.625943565750582,11,16,6,3,0.060229945325781756,5.227561956720487,0.011521612909503808,True,True,1,6,0,-5
random_4087,random_cycle_chord,20260823,200,0.9,crossing_rich,e4dfd7b460148a3915f7aca370896702,5,5.0,13.429361571131437,8,12,5,3,0.04765677032449424,4.244930652327553,0.011226748851212302,True,True,1,5,0,-4
random_4088,random_cycle_chord,20260823,200,0.9,crossing_rich,6cae8dd6dca8ab370494a907f81c49aa,3,3.0,13.635670025297078,8,11,4,3,0.0469357207099221,4.184421595860451,0.011216776234104732,True,True,1,4,0,-3
random_4089,random_cycle_chord,20260823,200,0.9,crossing_rich,e4dfd7b460148a3915f7aca370896702,5,5.0,13.524254241603343,8,12,5,3,0.04732238750963661,4.219828895121836,0.011214290599398892,True,True,1,5,0,-4
random_4090,random_cycle_chord,20260823,200,0.9,baseline,3ddc013bba7f8602e9b01edf73e915d5,0,,,9,11,3,3,0.06161655180486655,5.3330703264996435,0.011553673218726992,True,True,1,3,0,-2
random_4091,random_cycle_chord,20260823,200,0.9,crossing_rich,b878865dc29da29e076e67c6e864d35a,3,3.0,12.403894855741445,12,16,5,3,0.05159669663789196,4.5565517703811915,0.011323627874324687,True,True,1,5,0,-4
random_4092,random_cycle_chord,20260823,200,0.9,crossing_rich,c3024cdf43e7f0d6ca675cff2f56acd5,4,4.0,10.627156040110572,11,15,5,3,0.06022307356591153,5.222485519414921,0.011531496514835406,True,True,1,5,0,-4
random_4093,random_cycle_chord,20260823,200,0.9,crossing_rich,0a5d1a60fa40a746bf3d7ec802f48aca,5,5.0,12.367790519900305,13,18,6,3,0.051747318890161716,4.5736280456411516,0.011314282310184573,True,True,1,6,0,-5
random_4094,random_cycle_chord,20260823,200,0.9,crossing_rich,6131b4a2508794607a78bcc22975067c,8,8.0,12.829054789467122,13,19,7,3,0.0498867617687198,4.422450006123437,0.011280344989687914,True,True,1,7,0,-6
random_4095,random_cycle_chord,20260823,200,0.9,crossing_rich,d3b9e56b5337f4aa08cbf81ed5c2928d,2,2.0,8.58368903915979,8,11,4,3,0.07456001692049251,6.290952929588408,0.011851943219891596,True,True,1,4,0,-3
random_4096,random_cycle_chord,20260823,200,0.9,baseline,ca62a37d3738941a9501a139c3aa3dc2,0,,,12,14,3,3,0.05566492450042043,4.8790326440318665,0.011409008416557925,True,True,1,3,0,-2
random_4097,random_cycle_chord,20260823,200,0.9,crossing_rich,35e6984785cd33f6953165239be9a661,4,4.0,10.190475234011464,10,14,5,3,0.06280374421243405,5.425367974201914,0.011575941855201563,True,True,1,5,0,-4
random_4098,random_cycle_chord,20260823,200,0.9,crossing_rich,e4dfd7b460148a3915f7aca370896702,5,5.0,13.845989306727056,8,12,5,3,0.04622277150604593,4.118869586828209,0.011222198356039817,True,True,1,5,0,-4
random_4099,random_cycle_chord,20260823,200,0.9,crossing_rich,f01bb47f0e11353dcd7e62b1e2f9df0e,4,4.0,8.942322854279958,9,13,5,3,0.07156977112425374,6.083399218786641,0.011764766465306649,True,True,1,5,0,-4
random_4100,random_cycle_chord,20260823,200,0.9,crossing_rich,03196bebf08fc35c7591560a92b3fae9,2,2.0,11.058988064565792,10,13,4,3,0.05787147940331268,5.040908518532261,0.011480366920081078,True,True,1,4,0,-3
random_4101,random_cycle_chord,20260823,200,0.9,baseline,f2551d12306507df164d13e621c6cf57,0,,,10,12,3,3,0.05332217956512955,4.694698650607835,0.011357955756803642,True,True,1,3,0,-2
random_4102,random_cycle_chord,20260823,200,0.9,baseline,237b03a6236ff83b0e5299ac7fc023ee,0,,,10,12,3,3,0.05318528229122669,4.67482517184091,0.011376956428572223,True,True,1,3,0,-2
random_4103,random_cycle_chord,20260823,200,0.9,crossing_rich,34ad0f2d3b81a6839e28becf759fcc77,2,2.0,9.78327991010074,10,13,4,3,0.06541773371313157,5.626894349002139,0.011625904034386679,True,True,1,4,0,-3
random_4104,random_cycle_chord,20260823,200,0.9,crossing_rich,76f64aeb3bec290543374c9120128d8d,4,4.0,9.951225955830338,10,14,5,3,0.06431368384566019,5.544026764035702,0.01160053632187805,True,True,1,5,0,-4
random_4105,random_cycle_chord,20260823,200,0.9,crossing_rich,76f64aeb3bec290543374c9120128d8d,4,4.0,10.232511532085852,10,14,5,3,0.06254573942996954,5.402074339336867,0.011578096764519414,True,True,1,5,0,-4
random_4106,random_cycle_chord,20260823,200,0.9,crossing_rich,e4dfd7b460148a3915f7aca370896702,4,4.0,8.121929195574925,8,12,5,3,0.07879901247460906,6.587586517358046,0.011961742326567793,True,True,1,5,0,-4
random_4107,random_cycle_chord,20260823,200,0.9,baseline,7e6bc2286a474f101d6d3fad2dea3b25,0,,,11,14,4,3,0.0456498659539233,4.078239814993635,0.011193521721329805,True,True,1,4,0,-3
random_4108,random_cycle_chord,20260823,200,0.9,crossing_rich,e4dfd7b460148a3915f7aca370896702,5,5.0,13.639360583122865,8,12,5,3,0.046923020775030036,4.180864811164172,0.011223281042173714,True,True,1,5,0,-4
random_4109,random_cycle_chord,20260823,200,0.9,crossing_rich,b497a8280ab5258c0901c20c694e809b,3,3.0,12.613929235792698,9,12,4,3,0.05073756067886966,4.486636730166626,0.011308595665373906,True,True,1,4,0,-3
random_4110,random_cycle_chord,20260823,200,0.9,baseline,4e9cca7c282396d17b6e561d68fe510e,0,,,10,13,4,3,0.05263692415938049,4.635451150607073,0.011355296916997387,True,True,1,4,0,-3
random_4111,random_cycle_chord,20260823,200,0.9,crossing_rich,f8e101deee8812cdf51fe0521efd7a68,4,4.0,9.78614364146099,10,14,5,3,0.06539859044051936,5.627877809874969,0.01162047092169762,True,True,1,5,0,-4
random_4112,random_cycle_chord,20260823,200,0.9,baseline,b73291eb7126cc5eaf4780776629388d,0,,,8,10,3,3,0.07234763246969603,6.141349991755763,0.011780411891003857,True,True,1,3,0,-2
random_4113,random_cycle_chord,20260823,200,0.9,baseline,5c25c6be641fc20f13f284ff50ca2a81,0,,,13,16,4,3,0.05173358394273192,4.569927821483641,0.011320437863269459,True,True,1,4,0,-3
random_4114,random_cycle_chord,20260823,200,0.9,baseline,b0621227ec7d34a9a637ad6d32a04aed,0,,,13,15,3,3,0.0517307316095885,4.566484694203329,0.011328348844627733,True,True,1,3,0,-2
random_4115,random_cycle_chord,20260823,200,0.9,crossing_rich,e4dfd7b460148a3915f7aca370896702,4,4.0,8.136595766144913,8,12,5,3,0.07865697380014118,6.58412334771852,0.011946461153009352,True,True,1,5,0,-4
random_4116,random_cycle_chord,20260823,200,0.9,crossing_rich,7e34be1a88a2550a4be4d370c1ec57a1,4,4.0,10.952551690713307,11,15,5,3,0.058433871674183235,5.0936684585685335,0.01147186397180723,True,True,1,5,0,-4
random_4117,random_cycle_chord,20260823,200,0.9,crossing_rich,6cae8dd6dca8ab370494a907f81c49aa,3,3.0,13.437568764367319,8,11,4,3,0.04762766324940426,4.241505338300728,0.011228952801102757,True,True,1,4,0,-3
random_4118,random_cycle_chord,20260823,200,0.9,baseline,4e9cca7c282396d17b6e561d68fe510e,0,,,10,13,4,3,0.05270135514817015,4.646317822054228,0.011342606590108346,True,True,1,4,0,-3
random_4119,random_cycle_chord,20260823,200,0.9,crossing_rich,e4dfd7b460148a3915f7aca370896702,4,4.0,8.138392584109962,8,12,5,3,0.07863960768488687,6.586985072596929,0.011938634567739059,True,True,1,5,0,-4
random_4120,random_cycle_chord,20260823,200,0.9,baseline,7e6bc2286a474f101d6d3fad2dea3b25,0,,,11,14,4,3,0.045538332183641395,4.064014576455747,0.011205258083339765,True,True,1,4,0,-3
random_4121,random_cycle_chord,20260823,200,0.9,crossing_rich,9864390659db0a33d7b4bc27549e7f6e,3,3.0,10.264646836294013,10,14,5,3,0.062349928858445564,5.383655058764023,0.01158133799024632,True,True,1,5,0,-4
random_4122,random_cycle_chord,20260823,200,0.9,crossing_rich,74b2009f75f7aa39b3078aa9dd4b778d,3,3.0,8.947087617030933,9,12,4,3,0.07153165671271053,6.072332519237059,0.011779930773899371,True,True,1,4,0,-3
random_4123,random_cycle_chord,20260823,200,0.9,crossing_rich,e4dfd7b460148a3915f7aca370896702,5,5.0,13.551070966551288,8,12,5,3,0.047228739453858706,4.2102948591646125,0.011217442253730803,True,True,1,5,0,-4
random_4124,random_cycle_chord,20260823,200,0.9,baseline,5ece6bdff7ea6a9025672e56fbda3d50,0,,,11,13,3,3,0.04524716666721883,4.045491911277586,0.011184589577619388,True,True,1,3,0,-2
random_4125,random_cycle_chord,20260823,200,0.9,crossing_rich,8d92d8721dbd33134985bb942b070fe4,5,5.0,13.40256557518627,9,13,5,3,0.047752051382229876,4.2422672990494075,0.011256257094627202,True,True,1,5,0,-4
random_4126,random_cycle_chord,20260823,200,0.9,crossing_rich,9e29c665f19ef85c09f08031b7489ca3,6,6.0,10.62742036306492,11,16,6,3,0.060221575710347246,5.2226405371901405,0.011530867437939232,True,True,1,6,0,-5
random_4127,random_cycle_chord,20260823,200,0.9,crossing_rich,e4dfd7b460148a3915f7aca370896702,5,5.0,13.563132924729185,8,12,5,3,0.047186738016340636,4.197365501181761,0.011241989291391299,True,True,1,5,0,-4
random_4128,random_cycle_chord,20260823,200,0.9,crossing_rich,ceefd8f4d6f9a7cc73afc7349328cf40,9,9.0,13.246712845296702,14,20,7,3,0.04831387284334729,4.295761619612928,0.01124687008300536,True,True,1,7,0,-6
random_4129,random_cycle_chord,20260823,200,0.9,crossing_rich,6cae8dd6dca8ab370494a907f81c49aa,2,2.0,8.105414952670124,8,11,4,3,0.0789595602121725,6.601981801914578,0.011959978470294206,True,True,1,4,0,-3
random_4130,random_cycle_chord,20260823,200,0.9,baseline,8603424a32f201376c6da364b388d315,0,,,11,13,3,3,0.045264257115595063,4.039733857193451,0.011204762173872953,True,True,1,3,0,-2
random_4131,random_cycle_chord,20260823,200,0.9,baseline,b73291eb7126cc5eaf4780776629388d,0,,,8,10,3,3,0.07252718542996496,6.155206923368876,0.01178306210220294,True,True,1,3,0,-2
random_4132,random_cycle_chord,20260823,200,0.9,baseline,7e6bc2286a474f101d6d3fad2dea3b25,0,,,11,14,4,3,0.04556891367756216,4.0657087691368785,0.011208110630913716,True,True,1,4,0,-3
random_4133,random_cycle_chord,20260823,200,0.9,crossing_rich,e4dfd7b460148a3915f7aca370896702,5,5.0,13.705827032535138,8,12,5,3,0.046695467444668355,4.166375369777788,0.011207695730775893,True,True,1,5,0,-4
random_4134,random_cycle_chord,20260823,200,0.9,baseline,7e6bc2286a474f101d6d3fad2dea3b25,0,,,11,14,4,3,0.046123276933555855,4.123553109559431,0.011185323847686241,True,True,1,4,0,-3
random_4135,random_cycle_chord,20260823,200,0.9,crossing_rich,8d92d8721dbd33134985bb942b070fe4,5,5.0,13.303499770572321,9,13,5,3,0.048107641676041986,4.279054037910816,0.011242588022919622,True,True,1,5,0,-4
random_4136,random_cycle_chord,20260823,200,0.9,baseline,103a02ce2419501dbcecbb0b106c7128,0,,,9,11,3,3,0.062297438861574614,5.3822714978562125,0.011574562689078026,True,True,1,3,0,-2
random_4137,random_cycle_chord,20260823,200,0.9,baseline,103a02ce2419501dbcecbb0b106c7128,0,,,9,11,3,3,0.062422845971473656,5.3951488772264415,0.011570180432826949,True,True,1,3,0,-2
random_4138,random_cycle_chord,20260823,200,0.9,crossing_rich,6cae8dd6dca8ab370494a907f81c49aa,3,3.0,13.715463240588187,8,11,4,3,0.046662660150336537,4.166586930391884,0.011199252752887537,True,True,1,4,0,-3
random_4139,random_cycle_chord,20260823,200,0.9,crossing_rich,e4dfd7b460148a3915f7aca370896702,5,5.0,13.535704014455815,8,12,5,3,0.047282357778841426,4.2129760889587615,0.011223030176401328,True,True,1,5,0,-4
random_4140,random_cycle_chord,20260823,200,0.9,baseline,f2551d12306507df164d13e621c6cf57,0,,,10,12,3,3,0.05315261232573426,4.683050882575764,0.011349996756067562,True,True,1,3,0,-2
random_4141,random_cycle_chord,20260823,200,0.9,baseline,237b03a6236ff83b0e5299ac7fc023ee,0,,,10,12,3,3,0.05252005535916372,4.626410376495276,0.011352225826311185,True,True,1,3,0,-2
random_4142,random_cycle_chord,20260823,200,0.9,crossing_rich,9e66b0fa81952d5b2891447f79eb22f8,2,2.0,9.76832978725104,10,13,4,3,0.06551785350606042,5.619596211151248,0.011658818720115519,True,True,1,4,0,-3
random_4143,random_cycle_chord,20260823,200,0.9,crossing_rich,6cae8dd6dca8ab370494a907f81c49aa,3,3.0,13.63626716658035,8,11,4,3,0.046933665363238605,4.181980123240592,0.011222833198659486,True,True,1,4,0,-3
random_4144,random_cycle_chord,20260823,200,0.9,crossing_rich,e4dfd7b460148a3915f7aca370896702,5,5.0,13.454677278537595,8,12,5,3,0.04756710151799066,4.243712821731853,0.011208840823158858,True,True,1,5,0,-4
random_4145,random_cycle_chord,20260823,200,0.9,crossing_rich,6cae8dd6dca8ab370494a907f81c49aa,2,2.0,8.123284904279691,8,11,4,3,0.07878586157464708,6.599080615059319,0.011938914853510828,True,True,1,4,0,-3
random_4146,random_cycle_chord,20260823,200,0.9,crossing_rich,f01bb47f0e11353dcd7e62b1e2f9df0e,4,4.0,8.925040373599018,9,13,5,3,0.07170835908968784,6.08237019646197,0.011789542032709485,True,True,1,5,0,-4
random_4147,random_cycle_chord,20260823,200,0.9,baseline,c9b2747d4897680c32f2a02811ccda66,0,,,11,13,3,3,0.060171865524344094,5.226008803489203,0.011513923490555484,True,True,1,3,0,-2
random_4148,random_cycle_chord,20260823,200,0.9,baseline,4e9cca7c282396d17b6e561d68fe510e,0,,,10,13,4,3,0.05276915624597936,4.647631876873597,0.011353987932769859,True,True,1,4,0,-3
random_4149,random_cycle_chord,20260823,200,0.9,baseline,3ddc013bba7f8602e9b01edf73e915d5,0,,,9,11,3,3,0.062138811743147296,5.38518594038084,0.011538842378161756,True,True,1,3,0,-2
random_4150,random_cycle_chord,20260823,200,0.9,crossing_rich,76f64aeb3bec290543374c9120128d8d,4,4.0,9.87482161986089,10,14,5,3,0.06481129732133996,5.58481038863619,0.01160492349985885,True,True,1,5,0,-4
random_4151,random_cycle_chord,20260823,200,0.9,crossing_rich,76f64aeb3bec290543374c9120128d8d,4,4.0,9.93659582564973,10,14,5,3,0.06440837599008933,5.55417343896139,0.011596392640222171,True,True,1,5,0,-4
random_4152,random_cycle_chord,20260823,200,0.9,crossing_rich,cb26cc24301cc90da9033428f0e0387b,2,2.0,8.93148452014143,9,12,4,3,0.071656620862605,6.0752651178197175,0.011794813802022361,True,True,1,4,0,-3
random_4153,random_cycle_chord,20260823,200,0.9,crossing_rich,f01bb47f0e11353dcd7e62b1e2f9df0e,4,4.0,8.948368446939998,9,13,5,3,0.07152141798752773,6.0736001312164865,0.011775786426888568,True,True,1,5,0,-4
random_4154,random_cycle_chord,20260823,200,0.9,crossing_rich,748a628f2d4ade0213315cc4014b52e0,3,3.0,11.285929128767656,10,14,5,3,0.05670778122898629,4.960260088490521,0.011432420924976797,True,True,1,5,0,-4
random_4155,random_cycle_chord,20260823,200,0.9,crossing_rich,e4dfd7b460148a3915f7aca370896702,4,4.0,8.10628714350947,8,12,5,3,0.0789510646082201,6.6021497666789015,0.01195838740385544,True,True,1,5,0,-4
random_4156,random_cycle_chord,20260823,200,0.9,baseline,b73291eb7126cc5eaf4780776629388d,0,,,8,10,3,3,0.0726119011694148,6.151732533032495,0.011803488005942414,True,True,1,3,0,-2
random_4157,random_cycle_chord,20260823,200,0.9,crossing_rich,9e29c665f19ef85c09f08031b7489ca3,6,6.0,10.634684373133636,11,16,6,3,0.06018044142587153,5.225857249676566,0.01151589845466907,True,True,1,6,0,-5
random_4158,random_cycle_chord,20260823,200,0.9,crossing_rich,e4dfd7b460148a3915f7aca370896702,4,4.0,8.121843158946888,8,12,5,3,0.0787998472114038,6.587071721386884,0.011962803889861515,True,True,1,5,0,-4
random_4159,random_cycle_chord,20260823,200,0.9,crossing_rich,e4dfd7b460148a3915f7aca370896702,5,5.0,13.366017802400824,8,12,5,3,0.047882623640157225,4.25493106898824,0.011253442855783563,True,True,1,5,0,-4
random_4160,random_cycle_chord,20260823,200,0.9,crossing_rich,8d92d8721dbd33134985bb942b070fe4,5,5.0,13.023228255642787,9,13,5,3,0.04914296113351901,4.360010780852951,0.0112712934906792,True,True,1,5,0,-4
random_4161,random_cycle_chord,20260823,200,0.9,crossing_rich,6cae8dd6dca8ab370494a907f81c49aa,3,3.0,13.39526940469933,8,11,4,3,0.047778061094872426,4.256387786115039,0.011225025419613191,True,True,1,4,0,-3
random_4162,random_cycle_chord,20260823,200,0.9,baseline,237b03a6236ff83b0e5299ac7fc023ee,0,,,10,12,3,3,0.053561228966594175,4.718938361833864,0.01135027094225052,True,True,1,3,0,-2
random_4163,random_cycle_chord,20260823,200,0.9,crossing_rich,e4dfd7b460148a3915f7aca370896702,4,4.0,8.113075182751604,8,12,5,3,0.07888500791421726,6.603629595324302,0.011945704521354707,True,True,1,5,0,-4
random_4164,random_cycle_chord,20260823,200,0.9,baseline,3ddc013bba7f8602e9b01edf73e915d5,0,,,9,11,3,3,0.06174524933330692,5.352904514972583,0.011534905799384163,True,True,1,3,0,-2
random_4165,random_cycle_chord,20260823,200,0.9,crossing_rich,7272a6665a131dd6ed0f15277302953e,5,5.0,13.988087388248292,12,17,6,3,0.04575321716517717,4.082170398556222,0.011208061569737294,True,True,1,6,0,-5
random_4166,random_cycle_chord,20260823,200,0.9,crossing_rich,8d92d8721dbd33134985bb942b070fe4,5,5.0,13.081247308402661,9,13,5,3,0.04892499812222798,4.347623599617486,0.011253273656563213,True,True,1,5,0,-4
random_4167,random_cycle_chord,20260823,200,0.9,baseline,5c25c6be641fc20f13f284ff50ca2a81,0,,,13,16,4,3,0.051744683215299216,4.571407758379996,0.011319200988020453,True,True,1,4,0,-3
random_4168,random_cycle_chord,20260823,200,0.9,crossing_rich,66e45e67ab5e566cccaabc3bc58e1f27,9,9.0,14.122697723353587,15,21,7,3,0.04531712088843215,4.04398698894765,0.011206050121398841,True,True,1,7,0,-6
random_4169,random_cycle_chord,20260823,200,0.9,crossing_rich,b497a8280ab5258c0901c20c694e809b,3,3.0,12.837558910608191,9,12,4,3,0.04985371474877068,4.427205325124148,0.01126076409102907,True,True,1,4,0,-3
random_4170,random_cycle_chord,20260823,200,0.9,crossing_rich,e4dfd7b460148a3915f7aca370896702,4,4.0,8.113829142877824,8,12,5,3,0.07887767769448051,6.603659877666683,0.011944539718231355,True,True,1,5,0,-4
random_4171,random_cycle_chord,20260823,200,0.9,crossing_rich,e4dfd7b460148a3915f7aca370896702,4,4.0,8.104474277549784,8,12,5,3,0.07896872493911974,6.602283236329597,0.011960820539262533,True,True,1,5,0,-4
random_4172,random_cycle_chord,20260823,200,0.9,crossing_rich,e4dfd7b460148a3915f7aca370896702,5,5.0,13.654551169596033,8,12,5,3,0.04687081926391391,4.181220910255866,0.01120984044371999,True,True,1,5,0,-4
random_4173,random_cycle_chord,20260823,200,0.9,crossing_rich,cbd367df182ccb02b6db0d327f7ca73e,5,5.0,12.167543638298017,11,16,6,3,0.052598948401184654,4.636769587337802,0.011343877975913035,True,True,1,6,0,-5
random_4174,random_cycle_chord,20260823,200,0.9,crossing_rich,d529fcf3dbfcc602f5ab87bdbeb0e162,8,8.0,12.36757043373558,13,19,7,3,0.05174823975566318,4.562692478378529,0.011341601477830313,True,True,1,7,0,-6
random_4175,random_cycle_chord,20260823,200,0.9,crossing_rich,3766c050500c74590e361b5f3d5119d1,2,2.0,9.594253776400214,9,12,4,3,0.06670659489686018,5.7150046527082266,0.011672185579980105,True,True,1,4,0,-3
random_4176,random_cycle_chord,20260823,200,0.9,crossing_rich,2c8b3e95d62a28423936c85308a28eeb,6,6.0,9.786666046563548,10,15,6,3,0.06539509951141402,5.623946650570528,0.011627972947570534,True,True,1,6,0,-5
random_4177,random_cycle_chord,20260823,200,0.9,crossing_rich,6cae8dd6dca8ab370494a907f81c49aa,3,3.0,13.619086779303707,8,11,4,3,0.04699287186954255,4.189152799259731,0.011217750729418774,True,True,1,4,0,-3
random_4178,random_cycle_chord,20260823,200,0.9,baseline,4ca7af1950eb0912a81fec832cb4eb96,0,,,10,12,3,3,0.06540947720062383,5.6220734772783185,0.011634404542199077,True,True,1,3,0,-2
random_4179,random_cycle_chord,20260823,200,0.9,crossing_rich,e2e4547f237f4b7d6245ef6308d564b1,3,3.0,11.222429374091254,11,15,5,3,0.05702865027402541,4.982611642589021,0.011445533861513774,True,True,1,5,0,-4
random_4180,random_cycle_chord,20260823,200,0.9,baseline,3ddc013bba7f8602e9b01edf73e915d5,0,,,9,11,3,3,0.06192002792014206,5.348726341107141,0.011576593000143123,True,True,1,3,0,-2
random_4181,random_cycle_chord,20260823,200,0.9,crossing_rich,e4dfd7b460148a3915f7aca370896702,4,4.0,8.108256201427926,8,12,5,3,0.07893189165474213,6.603858118693107,0.011952390592904292,True,True,1,5,0,-4
random_4182,random_cycle_chord,20260823,200,0.9,baseline,b73291eb7126cc5eaf4780776629388d,0,,,8,10,3,3,0.07334424213033056,6.218662264861925,0.01179421538049374,True,True,1,3,0,-2
random_4183,random_cycle_chord,20260823,200,0.9,crossing_rich,e4dfd7b460148a3915f7aca370896702,5,5.0,13.86980099758354,8,12,5,3,0.04614341619692335,4.11895630009963,0.011202696225693684,True,True,1,5,0,-4
random_4184,random_cycle_chord,20260823,200,0.9,baseline,103a02ce2419501dbcecbb0b106c7128,0,,,9,11,3,3,0.062168546211877465,5.365450324546341,0.011586827284088951,True,True,1,3,0,-2
random_4185,random_cycle_chord,20260823,200,0.9,crossing_rich,424f7646e94f7765f921feee852c5612,2,2.0,9.77901293461338,10,13,4,3,0.065446278093639,5.61338765959752,0.011658962833564837,True,True,1,4,0,-3
random_4186,random_cycle_chord,20260823,200,0.9,crossing_rich,cb3687284204b54a1f6026fa8a861744,2,2.0,10.080589404014852,10,13,4,3,0.0634883511617985,5.468060223603299,0.011610762969973557,True,True,1,4,0,-3
random_4187,random_cycle_chord,20260823,200,0.9,crossing_rich,226d48fcb25dc01375a006b884ac6d23,4,4.0,10.609979274254913,11,15,5,3,0.0603205702345676,5.224509281641593,0.01154569108462073,True,True,1,5,0,-4
random_4188,random_cycle_chord,20260823,200,0.9,crossing_rich,a80a87ed6a398622e09e4789c36540b3,9,9.0,14.131072876891213,15,21,7,3,0.04529026249992688,4.044760220789003,0.011197267582673219,True,True,1,7,0,-6
random_4189,random_cycle_chord,20260823,200,0.9,crossing_rich,76f64aeb3bec290543374c9120128d8d,4,4.0,10.05001423004573,10,14,5,3,0.06368150187157376,5.4880753830618385,0.011603612819918186,True,True,1,5,0,-4
random_4190,random_cycle_chord,20260823,200,0.9,crossing_rich,35e6984785cd33f6953165239be9a661,4,4.0,10.011245107460018,10,14,5,3,0.06392811215091469,5.507319140490946,0.011607845944663353,True,True,1,5,0,-4
random_4191,random_cycle_chord,20260823,200,0.9,crossing_rich,e4dfd7b460148a3915f7aca370896702,4,4.0,8.131317657119226,8,12,5,3,0.078708030726073,6.585063106888435,0.011952509710003981,True,True,1,5,0,-4
random_4192,random_cycle_chord,20260823,200,0.9,baseline,b73291eb7126cc5eaf4780776629388d,0,,,8,10,3,3,0.07231637128006028,6.1252171139236475,0.011806335993490423,True,True,1,3,0,-2
random_4193,random_cycle_chord,20260823,200,0.9,crossing_rich,e2e8feb0a47d88aea3ac55077a8c7825,3,3.0,11.11760632227268,11,15,5,3,0.057566348496964063,5.02492794438793,0.011456154025304345,True,True,1,5,0,-4
random_4194,random_cycle_chord,20260823,200,0.9,crossing_rich,cbd367df182ccb02b6db0d327f7ca73e,5,5.0,12.219992210954116,11,16,6,3,0.0523731921388868,4.611754062001976,0.011356458179418058,True,True,1,6,0,-5
random_4195,random_cycle_chord,20260823,200,0.9,crossing_rich,81fe6e12228ca2916c7cff1c6f217b6f,6,6.0,14.229888837653206,12,17,6,3,0.04497575541887008,4.017358432625976,0.011195355399112683,True,True,1,6,0,-5
random_4196,random_cycle_chord,20260823,200,0.9,baseline,3e0db153ae04214574c8c982b8d2f4f0,0,,,11,13,3,3,0.0455162071835796,4.061606516018302,0.011206454146671084,True,True,1,3,0,-2
random_4197,random_cycle_chord,20260823,200,0.9,baseline,3ddc013bba7f8602e9b01edf73e915d5,0,,,9,11,3,3,0.06227754536785012,5.386855317390326,0.011561020613789311,True,True,1,3,0,-2
random_4198,random_cycle_chord,20260823,200,0.9,baseline,19fca4749c1a57391a2f17cdb3a8fecb,0,,,11,13,3,3,0.06018266276113232,5.225885316657205,0.011516261669444522,True,True,1,3,0,-2
random_4199,random_cycle_chord,20260823,200,0.9,crossing_rich,9a9d31dddbd26369d4b9887955f66826,5,5.0,12.425080493259866,12,17,6,3,0.05150872063542572,4.551956774124366,0.011315731495568554,True,True,1,6,0,-5
random_4200,random_cycle_chord,20260823,200,0.9,crossing_rich,0d9383c252bac8778d9583a2a6ee796c,5,5.0,11.991368316528275,11,16,6,3,0.0533717239856487,4.697318103958002,0.011362169392078686,True,True,1,6,0,-5
random_4201,random_cycle_chord,20260823,200,0.9,crossing_rich,8f0fcd64f35ed098799bcfa36390d34a,4,4.0,12.051692076491461,11,15,5,3,0.053104576182162085,4.670334702328914,0.011370614649027383,True,True,1,5,0,-4
random_4202,random_cycle_chord,20260823,200,0.9,crossing_rich,e4dfd7b460148a3915f7aca370896702,5,5.0,13.704955288102461,8,12,5,3,0.04669843764872378,4.158855271397444,0.011228675825747677,True,True,1,5,0,-4
random_4203,random_cycle_chord,20260823,200,0.9,crossing_rich,6cae8dd6dca8ab370494a907f81c49aa,2,2.0,8.112757079828455,8,11,4,3,0.07888810101208316,6.603623589301018,0.011946183780052995,True,True,1,4,0,-3
random_4204,random_cycle_chord,20260823,200,0.9,crossing_rich,e4dfd7b460148a3915f7aca370896702,5,5.0,13.718136829395107,8,12,5,3,0.04665356585659748,4.165528533671556,0.011199915083879252,True,True,1,5,0,-4
random_4205,random_cycle_chord,20260823,200,0.9,crossing_rich,6cae8dd6dca8ab370494a907f81c49aa,3,3.0,13.62077238486318,8,11,4,3,0.04698705638097547,4.18280477471794,0.011233384992046146,True,True,1,4,0,-3
random_4206,random_cycle_chord,20260823,200,0.9,crossing_rich,0ba4cef7d36938b0547a48dd8590384b,4,4.0,12.106323567447532,11,15,5,3,0.05286493429936765,4.650940784706303,0.011366503412213612,True,True,1,5,0,-4
random_4207,random_cycle_chord,20260823,200,0.9,crossing_rich,3766c050500c74590e361b5f3d5119d1,2,2.0,9.209247544847202,9,12,4,3,0.06949536288207342,5.929664136135226,0.011719949273108135,True,True,1,4,0,-3
random_4208,random_cycle_chord,20260823,200,0.9,crossing_rich,76f64aeb3bec290543374c9120128d8d,4,4.0,9.992428262808353,10,14,5,3,0.06404849583780041,5.526018807659796,0.011590350678687647,True,True,1,5,0,-4
random_4209,random_cycle_chord,20260823,200,0.9,crossing_rich,07cadc4d29e0c123eb84295e0e6e93fb,3,3.0,11.731381069284067,11,15,5,3,0.05455453166342822,4.782396973598951,0.011407361614812516,True,True,1,5,0,-4
random_4210,random_cycle_chord,20260823,200,0.9,crossing_rich,d371ad1b1762d15fee4b18c643434bfd,2,2.0,13.858325653593832,11,15,5,3,0.046181625110969377,4.122448414482157,0.011202474953654572,True,True,1,5,0,-4
random_4211,random_cycle_chord,20260823,200,0.9,crossing_rich,b497a8280ab5258c0901c20c694e809b,3,3.0,12.582042118584305,9,12,4,3,0.05086614668493981,4.49512333806135,0.01131585117014326,True,True,1,4,0,-3
random_4212,random_cycle_chord,20260823,200,0.9,crossing_rich,d3b9e56b5337f4aa08cbf81ed5c2928d,2,2.0,8.492628511165924,8,11,4,3,0.07535947194187782,6.345010739147606,0.011876965231425547,True,True,1,4,0,-3
random_4213,random_cycle_chord,20260823,200,0.9,crossing_rich,bb2c7ed8feef84917625e983562a84b2,5,5.0,14.075784035039263,10,14,5,3,0.045468159955198886,4.057137480831551,0.011206955684893313,True,True,1,5,0,-4
random_4214,random_cycle_chord,20260823,200,0.9,baseline,b73291eb7126cc5eaf4780776629388d,0,,,8,10,3,3,0.07251547542311253,6.143125205059391,0.011804329718591737,True,True,1,3,0,-2
random_4215,random_cycle_chord,20260823,200,0.9,crossing_rich,d3b9e56b5337f4aa08cbf81ed5c2928d,2,2.0,8.399291428276188,8,11,4,3,0.0761969036870708,6.405480866181902,0.011895579001626038,True,True,1,4,0,-3
random_4216,random_cycle_chord,20260823,200,0.9,crossing_rich,f01bb47f0e11353dcd7e62b1e2f9df0e,4,4.0,8.940942989893188,9,13,5,3,0.07158081655631335,6.077590108734121,0.011777828921605681,True,True,1,5,0,-4
random_4217,random_cycle_chord,20260823,200,0.9,crossing_rich,bb2c7ed8feef84917625e983562a84b2,5,5.0,14.244589250093986,10,14,5,3,0.04492934045085065,4.01848701002587,0.01118066086533434,True,True,1,5,0,-4
random_4218,random_cycle_chord,20260823,200,0.9,crossing_rich,6cae8dd6dca8ab370494a907f81c49aa,2,2.0,8.121945555226556,8,11,4,3,0.078798853753477,6.59430264662947,0.011949535527271148,True,True,1,4,0,-3
random_4219,random_cycle_chord,20260823,200,0.9,crossing_rich,cc2834f9a8b6ae9055030f868b9d2921,3,3.0,12.487891358030177,12,16,5,3,0.051249645088276355,4.519559808446848,0.011339521382700399,True,True,1,5,0,-4
random_4220,random_cycle_chord,20260823,200,0.9,crossing_rich,7e34be1a88a2550a4be4d370c1ec57a1,3,3.0,11.06936488150235,11,15,5,3,0.05781722861710728,5.042361926498828,0.011466298821840573,True,True,1,5,0,-4
random_4221,random_cycle_chord,20260823,200,0.9,crossing_rich,e4dfd7b460148a3915f7aca370896702,5,5.0,13.687030563504083,8,12,5,3,0.046759594568783557,4.164000600369759,0.011229487950753741,True,True,1,5,0,-4
random_4222,random_cycle_chord,20260823,200,0.9,baseline,b73291eb7126cc5eaf4780776629388d,0,,,8,10,3,3,0.07238386536067241,6.13043510692712,0.01180729656185119,True,True,1,3,0,-2
random_4223,random_cycle_chord,20260823,200,0.9,baseline,b73291eb7126cc5eaf4780776629388d,0,,,8,10,3,3,0.0721441534356441,6.120693985206647,0.01178692377204484,True,True,1,3,0,-2
random_4224,random_cycle_chord,20260823,200,0.9,crossing_rich,6cae8dd6dca8ab370494a907f81c49aa,2,2.0,8.122350710631354,8,11,4,3,0.07879492314488505,6.590937314877208,0.011955040592940768,True,True,1,4,0,-3
random_4225,random_cycle_chord,20260823,200,0.9,baseline,8f34f4541eedc7b1aecfd95c1d8d238c,0,,,11,14,4,3,0.046000584700081226,4.1076911832117435,0.011198647281004713,True,True,1,4,0,-3
random_4226,random_cycle_chord,20260823,200,0.9,crossing_rich,e4dfd7b460148a3915f7aca370896702,5,5.0,13.754812855134672,8,12,5,3,0.046529168134853104,4.148510182543874,0.011215874154205724,True,True,1,5,0,-4
random_4227,random_cycle_chord,20260823,200,0.9,crossing_rich,8d92d8721dbd33134985bb942b070fe4,5,5.0,13.657409582185693,9,13,5,3,0.04686100948709896,4.1707308792517725,0.011235682868012286,True,True,1,5,0,-4
random_4228,random_cycle_chord,20260823,200,0.9,crossing_rich,3766c050500c74590e361b5f3d5119d1,2,2.0,9.419027300518012,9,12,4,3,0.06794756821278163,5.802277337884272,0.011710499904776675,True,True,1,4,0,-3
random_4229,random_cycle_chord,20260823,200,0.9,baseline,7e6bc2286a474f101d6d3fad2dea3b25,0,,,11,14,4,3,0.04554861530881543,4.068071625351608,0.0111966109507422,True,True,1,4,0,-3
random_4230,random_cycle_chord,20260823,200,0.9,crossing_rich,e4dfd7b460148a3915f7aca370896702,5,5.0,13.713183535422093,8,12,5,3,0.04667041743784994,4.156590505006118,0.011228052746990829,True,True,1,5,0,-4
random_4231,random_cycle_chord,20260823,200,0.9,crossing_rich,d3b9e56b5337f4aa08cbf81ed5c2928d,2,2.0,8.1370868156344,8,11,4,3,0.0786522270808663,6.5768535514898865,0.011958944572066506,True,True,1,4,0,-3
random_4232,random_cycle_chord,20260823,200,0.9,crossing_rich,a2e312c80792e1f56e615b43281f7702,4,4.0,12.501587057779952,12,17,6,3,0.051193500236573326,4.522564193855166,0.011319574038579758,True,True,1,6,0,-5
random_4233,random_cycle_chord,20260823,200,0.9,baseline,103a02ce2419501dbcecbb0b106c7128,0,,,9,11,3,3,0.06191465901727125,5.359088507141322,0.011553207030405653,True,True,1,3,0,-2
random_4234,random_cycle_chord,20260823,200,0.9,crossing_rich,e4dfd7b460148a3915f7aca370896702,4,4.0,8.122395283556651,8,12,5,3,0.07879449074531565,6.591335022274586,0.011954253649532242,True,True,1,5,0,-4
random_4235,random_cycle_chord,20260823,200,0.9,crossing_rich,e4dfd7b460148a3915f7aca370896702,5,5.0,13.463482295623885,8,12,5,3,0.04753599298808622,4.232875685833046,0.011230188769111218,True,True,1,5,0,-4
random_4236,random_cycle_chord,20260823,200,0.9,crossing_rich,8b86c5f1b641baa672a68f468fe62576,6,6.0,13.246654711018163,14,19,6,3,0.048314084873644934,4.295608635763447,0.011247319988930556,True,True,1,6,0,-5
random_4237,random_cycle_chord,20260823,200,0.9,crossing_rich,e4dfd7b460148a3915f7aca370896702,5,5.0,13.919642929192674,8,12,5,3,0.04597819091018302,4.101555401878367,0.0112099402312417,True,True,1,5,0,-4
random_4238,random_cycle_chord,20260823,200,0.9,crossing_rich,e4dfd7b460148a3915f7aca370896702,5,5.0,13.850550938901375,8,12,5,3,0.04620754819235839,4.122392120333933,0.011208916290237661,True,True,1,5,0,-4
random_4239,random_cycle_chord,20260823,200,0.9,crossing_rich,e4dfd7b460148a3915f7aca370896702,4,4.0,8.138615818215348,8,12,5,3,0.07863745067897068,6.587852918856451,0.011936734418263381,True,True,1,5,0,-4
random_4240,random_cycle_chord,20260823,200,0.9,crossing_rich,2c8b3e95d62a28423936c85308a28eeb,6,6.0,9.784597452241385,10,15,6,3,0.06540892490711443,5.620455723466356,0.011637655045305504,True,True,1,6,0,-5
random_4241,random_cycle_chord,20260823,200,0.9,baseline,b73291eb7126cc5eaf4780776629388d,0,,,8,10,3,3,0.0725886152146263,6.163384342256004,0.011777395532022988,True,True,1,3,0,-2
random_4242,random_cycle_chord,20260823,200,0.9,crossing_rich,903374818a4c6203cdd98492aba07cc5,6,6.0,13.839350754932473,12,17,6,3,0.04624494395243925,4.1221318856628955,0.0112186958678549,True,True,1,6,0,-5
random_4243,random_cycle_chord,20260823,200,0.9,crossing_rich,6cae8dd6dca8ab370494a907f81c49aa,3,3.0,13.58565777730605,8,11,4,3,0.0471085029882821,4.191990481014914,0.01123774092561316,True,True,1,4,0,-3
random_4244,random_cycle_chord,20260823,200,0.9,crossing_rich,d46e10eea0e92a62646448c1bc2d21e3,6,6.0,13.247808691744922,14,19,6,3,0.04830987636459468,4.295831845468414,0.011245755910012119,True,True,1,6,0,-5
random_4245,random_cycle_chord,20260823,200,0.9,crossing_rich,6cae8dd6dca8ab370494a907f81c49aa,3,3.0,13.480385484442996,8,11,4,3,0.047476387135856786,4.230778064225302,0.011221668075030588,True,True,1,4,0,-3
random_4246,random_cycle_chord,20260823,200,0.9,crossing_rich,8d92d8721dbd33134985bb942b070fe4,5,5.0,12.963778876553377,9,13,5,3,0.04936832123521641,4.380587472814087,0.011269794643206207,True,True,1,5,0,-4
random_4247,random_cycle_chord,20260823,200,0.9,baseline,3a351d58f4eb5873cb60bb786dd613d2,0,,,14,17,4,3,0.04830748168776749,4.290144862999709,0.011260105015192996,True,True,1,4,0,-3
random_4248,random_cycle_chord,20260823,200,0.9,baseline,b73291eb7126cc5eaf4780776629388d,0,,,8,10,3,3,0.07198081539684865,6.108413082405897,0.01178388141499066,True,True,1,3,0,-2
random_4249,random_cycle_chord,20260823,200,0.9,crossing_rich,e4dfd7b460148a3915f7aca370896702,4,4.0,8.130017069688083,8,12,5,3,0.07872062192663444,6.5859970895432935,0.011952726497802525,True,True,1,5,0,-4
random_4250,random_cycle_chord,20260823,200,0.9,baseline,c9b2747d4897680c32f2a02811ccda66,0,,,11,13,3,3,0.06031098943860256,5.223262410751077,0.011546612958687284,True,True,1,3,0,-2
random_4251,random_cycle_chord,20260823,200,0.9,baseline,3ddc013bba7f8602e9b01edf73e915d5,0,,,9,11,3,3,0.06264830837073523,5.407110972855779,0.011586281229520868,True,True,1,3,0,-2
random_4252,random_cycle_chord,20260823,200,0.9,crossing_rich,e4dfd7b460148a3915f7aca370896702,5,5.0,13.859270583293188,8,12,5,3,0.046178476432338016,4.116296519265628,0.011218452367609448,True,True,1,5,0,-4
random_4253,random_cycle_chord,20260823,200,0.9,baseline,237b03a6236ff83b0e5299ac7fc023ee,0,,,10,12,3,3,0.05321232503504721,4.684385942945848,0.011359509161532456,True,True,1,3,0,-2
random_4254,random_cycle_chord,20260823,200,0.9,crossing_rich,f57eeb29ecd3774cc3f8c63513aebae3,6,6.0,12.950221977412802,13,18,6,3,0.04942000230700751,4.37294312951795,0.011301313747580179,True,True,1,6,0,-5
random_4255,random_cycle_chord,20260823,200,0.9,crossing_rich,43af5ef3bcb3f3a536770324997157af,8,8.0,12.704200208244636,13,19,7,3,0.050377039837947425,4.451087449436368,0.011317917342721846,True,True,1,7,0,-6
random_4256,random_cycle_chord,20260823,200,0.9,crossing_rich,e4dfd7b460148a3915f7aca370896702,5,5.0,13.700489849813941,8,12,5,3,0.04671365819877539,4.167134456932584,0.0112100194225941,True,True,1,5,0,-4
random_4257,random_cycle_chord,20260823,200,0.9,crossing_rich,8d92d8721dbd33134985bb942b070fe4,5,5.0,13.199965223307105,9,13,5,3,0.048484976223267286,4.302095074762573,0.011270084779784443,True,True,1,5,0,-4
random_4258,random_cycle_chord,20260823,200,0.9,crossing_rich,6cae8dd6dca8ab370494a907f81c49aa,2,2.0,8.12392415175658,8,11,4,3,0.07877966214906343,6.591976250534101,0.011950841319047603,True,True,1,4,0,-3
random_4259,random_cycle_chord,20260823,200,0.9,crossing_rich,190511b78a5d8243460942aefdfc3f43,7,7.0,14.232098333333425,12,17,6,3,0.044968773051619296,4.018887716146464,0.01118935790889373,True,True,1,6,0,-5
random_4260,random_cycle_chord,20260823,200,0.9,baseline,b73291eb7126cc5eaf4780776629388d,0,,,8,10,3,3,0.07294649008444147,6.178984792781964,0.011805578510187395,True,True,1,3,0,-2
random_4261,random_cycle_chord,20260823,200,0.9,crossing_rich,6cae8dd6dca8ab370494a907f81c49aa,3,3.0,13.329462901786172,8,11,4,3,0.04801393759940911,4.269561828140491,0.0112456358596218,True,True,1,4,0,-3
random_4262,random_cycle_chord,20260823,200,0.9,baseline,3ddc013bba7f8602e9b01edf73e915d5,0,,,9,11,3,3,0.061788301210521174,5.340961372141722,0.011568760173553568,True,True,1,3,0,-2
random_4263,random_cycle_chord,20260823,200,0.9,baseline,103a02ce2419501dbcecbb0b106c7128,0,,,9,11,3,3,0.0621396175936134,5.363974625845734,0.011584621838850681,True,True,1,3,0,-2
random_4264,random_cycle_chord,20260823,200,0.9,crossing_rich,c73960678f8441c4e862c3374a3093c3,5,5.0,12.685330116128837,13,18,6,3,0.05045197831992313,4.455238252214489,0.01132419311017673,True,True,1,6,0,-5
random_4265,random_cycle_chord,20260823,200,0.9,crossing_rich,8d92d8721dbd33134985bb942b070fe4,5,5.0,13.356759545206048,9,13,5,3,0.047915813549979355,4.2705296538886355,0.011220110251745574,True,True,1,5,0,-4
random_4266,random_cycle_chord,20260823,200,0.9,crossing_rich,b497a8280ab5258c0901c20c694e809b,3,3.0,12.403995090775652,9,12,4,3,0.05159627969185041,4.550073002909087,0.011339659750263865,True,True,1,4,0,-3
random_4267,random_cycle_chord,20260823,200,0.9,baseline,b73291eb7126cc5eaf4780776629388d,0,,,8,10,3,3,0.07265281472183252,6.147579834268881,0.011818116507709081,True,True,1,3,0,-2
random_4268,random_cycle_chord,20260823,200,0.9,baseline,4e9cca7c282396d17b6e561d68fe510e,0,,,10,13,4,3,0.052648695648584765,4.636372510087348,0.011355579288341711,True,True,1,4,0,-3
random_4269,random_cycle_chord,20260823,200,0.9,baseline,4ca7af1950eb0912a81fec832cb4eb96,0,,,10,12,3,3,0.06559347675898522,5.626369022756697,0.01165822513483963,True,True,1,3,0,-2
random_4270,random_cycle_chord,20260823,200,0.9,crossing_rich,2c8b3e95d62a28423936c85308a28eeb,5,5.0,10.203067756714777,10,15,6,3,0.06272623246854431,5.408816110046618,0.011597035505058736,True,True,1,6,0,-5
random_4271,random_cycle_chord,20260823,200,0.9,baseline,103a02ce2419501dbcecbb0b106c7128,0,,,9,11,3,3,0.061942489714057886,5.3683459474064374,0.011538468332873298,True,True,1,3,0,-2
random_4272,random_cycle_chord,20260823,200,0.9,baseline,3ddc013bba7f8602e9b01edf73e915d5,0,,,9,11,3,3,0.06219568169249915,5.370003923862594,0.011582055166872648,True,True,1,3,0,-2
random_4273,random_cycle_chord,20260823,200,0.9,crossing_rich,bb2c7ed8feef84917625e983562a84b2,5,5.0,13.903983867758887,10,14,5,3,0.046029972854331164,4.111752076402016,0.011194734507098405,True,True,1,5,0,-4
random_4274,random_cycle_chord,20260823,200,0.9,crossing_rich,0ea767070aaa9d39f9740b10ad5b57da,3,3.0,10.985654057022426,11,15,5,3,0.05825779663896197,5.077206416730756,0.011474380172329986,True,True,1,5,0,-4
random_4275,random_cycle_chord,20260823,200,0.9,crossing_rich,8f0fcd64f35ed098799bcfa36390d34a,4,4.0,12.21453081612323,11,15,5,3,0.05239660938553591,4.615064745724735,0.011353385547640399,True,True,1,5,0,-4
random_4276,random_cycle_chord,20260823,200,0.9,crossing_rich,6cae8dd6dca8ab370494a907f81c49aa,2,2.0,8.122233009672076,8,11,4,3,0.07879606497842138,6.589909702243925,0.011957078099505764,True,True,1,4,0,-3
random_4277,random_cycle_chord,20260823,200,0.9,baseline,b73291eb7126cc5eaf4780776629388d,0,,,8,10,3,3,0.07285382003732437,6.163293210165547,0.011820599402469042,True,True,1,3,0,-2
random_4278,random_cycle_chord,20260823,200,0.9,crossing_rich,9864390659db0a33d7b4bc27549e7f6e,4,4.0,10.043736823708425,10,14,5,3,0.06372130325928775,5.495418912033823,0.011595349559203098,True,True,1,5,0,-4
random_4279,random_cycle_chord,20260823,200,0.9,crossing_rich,e4dfd7b460148a3915f7aca370896702,5,5.0,13.579882866724466,8,12,5,3,0.04712853610602395,4.193577138203269,0.011238266175357893,True,True,1,5,0,-4
random_4280,random_cycle_chord,20260823,200,0.9,crossing_rich,cbd367df182ccb02b6db0d327f7ca73e,5,5.0,12.182380617383938,11,16,6,3,0.0525348878926617,4.630224073549229,0.011346078949564067,True,True,1,6,0,-5
random_4281,random_cycle_chord,20260823,200,0.9,crossing_rich,6cae8dd6dca8ab370494a907f81c49aa,2,2.0,8.12402781825005,8,11,4,3,0.0787786568827701,6.591858499645226,0.011950902296675508,True,True,1,4,0,-3
random_4282,random_cycle_chord,20260823,200,0.9,crossing_rich,6cae8dd6dca8ab370494a907f81c49aa,2,2.0,8.110535989674737,8,11,4,3,0.0789097047118419,6.603690354349854,0.011949334459612274,True,True,1,4,0,-3
random_4283,random_cycle_chord,20260823,200,0.9,crossing_rich,e4dfd7b460148a3915f7aca370896702,5,5.0,13.925692232448862,8,12,5,3,0.04595821804166461,4.098231064101632,0.011214159797927123,True,True,1,5,0,-4
random_4284,random_cycle_chord,20260823,200,0.9,crossing_rich,8d92d8721dbd33134985bb942b070fe4,5,5.0,13.316027671874556,9,13,5,3,0.048062381347537736,4.274571673813763,0.01124378885537708,True,True,1,5,0,-4
random_4285,random_cycle_chord,20260823,200,0.9,crossing_rich,f02e99943ada11435c1f354c1371d333,6,6.0,13.150441332776227,13,18,6,3,0.04866756816783485,4.318555101226671,0.011269410028833715,True,True,1,6,0,-5
random_4286,random_cycle_chord,20260823,200,0.9,baseline,3a351d58f4eb5873cb60bb786dd613d2,0,,,14,17,4,3,0.048301884468657526,4.293210109295406,0.011250761839975436,True,True,1,4,0,-3
random_4287,random_cycle_chord,20260823,200,0.9,crossing_rich,e4dfd7b460148a3915f7aca370896702,5,5.0,13.237337541198563,8,12,5,3,0.048348090997009645,4.308883736778699,0.011220560579143045,True,True,1,5,0,-4
random_4288,random_cycle_chord,20260823,200,0.9,crossing_rich,e4dfd7b460148a3915f7aca370896702,5,5.0,13.371878391089107,8,12,5,3,0.047861637780559685,4.26363101598438,0.011225558121968364,True,True,1,5,0,-4
random_4289,random_cycle_chord,20260823,200,0.9,crossing_rich,f8e101deee8812cdf51fe0521efd7a68,5,5.0,13.00735205036025,10,14,5,3,0.04920294288354213,4.357811287956808,0.011290746577190884,True,True,1,5,0,-4
random_4290,random_cycle_chord,20260823,200,0.9,crossing_rich,9a9d31dddbd26369d4b9887955f66826,5,5.0,12.811230544692572,12,17,6,3,0.049956169141389686,4.420470774182486,0.011301097030921664,True,True,1,6,0,-5
random_4291,random_cycle_chord,20260823,200,0.9,crossing_rich,e4dfd7b460148a3915f7aca370896702,5,5.0,13.53713172799422,8,12,5,3,0.04727737107532956,4.207849723784334,0.01123551794354733,True,True,1,5,0,-4
random_4292,random_cycle_chord,20260823,200,0.9,baseline,4e9cca7c282396d17b6e561d68fe510e,0,,,10,13,4,3,0.05243504837655469,4.614327119492639,0.011363530807135343,True,True,1,4,0,-3
random_4293,random_cycle_chord,20260823,200,0.9,crossing_rich,f01bb47f0e11353dcd7e62b1e2f9df0e,4,4.0,8.949437344259437,9,13,5,3,0.07151287565698465,6.078030650041679,0.011765797142943703,True,True,1,5,0,-4
random_4294,random_cycle_chord,20260823,200,0.9,baseline,b73291eb7126cc5eaf4780776629388d,0,,,8,10,3,3,0.07308574858599452,6.183568555046974,0.011819347992243505,True,True,1,3,0,-2
random_4295,random_cycle_chord,20260823,200,0.9,crossing_rich,e4dfd7b460148a3915f7aca370896702,5,5.0,13.618888011364593,8,12,5,3,0.046993557731434266,4.187329210461664,0.011222799873013353,True,True,1,5,0,-4
random_4296,random_cycle_chord,20260823,200,0.9,crossing_rich,cbd367df182ccb02b6db0d327f7ca73e,5,5.0,12.082828140444322,11,16,6,3,0.05296773177280872,4.661965950797903,0.011361672807529451,True,True,1,6,0,-5
random_4297,random_cycle_chord,20260823,200,0.9,baseline,3ddc013bba7f8602e9b01edf73e915d5,0,,,9,11,3,3,0.062002713572018024,5.3568588423737085,0.011574453499047895,True,True,1,3,0,-2
random_4298,random_cycle_chord,20260823,200,0.9,crossing_rich,e4dfd7b460148a3915f7aca370896702,5,5.0,13.303460729219886,8,12,5,3,0.04810778285640338,4.2874208557478575,0.011220681261534776,True,True,1,5,0,-4
random_4299,random_cycle_chord,20260823,200,0.9,baseline,4ca7af1950eb0912a81fec832cb4eb96,0,,,10,12,3,3,0.06551677812604213,5.618565236651833,0.011660766648868587,True,True,1,3,0,-2
random_4300,random_cycle_chord,20260823,200,0.9,baseline,3ddc013bba7f8602e9b01edf73e915d5,0,,,9,11,3,3,0.06205288731536344,5.369203926176139,0.01155718578928264,True,True,1,3,0,-2
random_4301,random_cycle_chord,20260823,200,0.9,baseline,4ca7af1950eb0912a81fec832cb4eb96,0,,,10,12,3,3,0.06543810524894512,5.620034567721767,0.011643719350906453,True,True,1,3,0,-2
random_4302,random_cycle_chord,20260823,200,0.9,baseline,3ddc013bba7f8602e9b01edf73e915d5,0,,,9,11,3,3,0.06252841453276717,5.391627887290648,0.011597316402372935,True,True,1,3,0,-2
random_4303,random_cycle_chord,20260823,200,0.9,crossing_rich,3766c050500c74590e361b5f3d5119d1,2,2.0,9.35119928980238,9,12,4,3,0.0684404192623645,5.839173512382342,0.011720908638394149,True,True,1,4,0,-3
random_4304,random_cycle_chord,20260823,200,0.9,crossing_rich,e4dfd7b460148a3915f7aca370896702,5,5.0,13.486807406976812,8,12,5,3,0.047453780623346334,4.232320315473377,0.011212237516582844,True,True,1,5,0,-4
random_4305,random_cycle_chord,20260823,200,0.9,baseline,78d712f24f5cff365e8a82f9a84c6043,0,,,10,12,3,3,0.05294724526181146,4.6556346425767385,0.011372723447325093,True,True,1,3,0,-2
random_4306,random_cycle_chord,20260823,200,0.9,crossing_rich,b497a8280ab5258c0901c20c694e809b,3,3.0,12.603023080220659,9,12,4,3,0.05078146694854697,4.497777534878275,0.011290346522201055,True,True,1,4,0,-3
random_4307,random_cycle_chord,20260823,200,0.9,crossing_rich,e4dfd7b460148a3915f7aca370896702,5,5.0,13.744336072515775,8,12,5,3,0.04656463554320335,4.148487108622938,0.011224486017183302,True,True,1,5,0,-4
random_4308,random_cycle_chord,20260823,200,0.9,baseline,b73291eb7126cc5eaf4780776629388d,0,,,8,10,3,3,0.07260533196576298,6.150155270650318,0.011805446979891564,True,True,1,3,0,-2
random_4309,random_cycle_chord,20260823,200,0.9,crossing_rich,6cae8dd6dca8ab370494a907f81c49aa,3,3.0,13.419690214383065,8,11,4,3,0.047691115798936666,4.2463713114509725,0.011231028165231445,True,True,1,4,0,-3
random_4310,random_cycle_chord,20260823,200,0.9,baseline,8f34f4541eedc7b1aecfd95c1d8d238c,0,,,11,14,4,3,0.045301425129216685,4.04485337148962,0.011199769427620384,True,True,1,4,0,-3
random_4311,random_cycle_chord,20260823,200,0.9,baseline,4dd12823b4c3d089de2f1ce5c865f355,0,,,14,17,4,3,0.048304633692363395,4.297680698997415,0.01123969812453311,True,True,1,4,0,-3
random_4312,random_cycle_chord,20260823,200,0.9,crossing_rich,8d92d8721dbd33134985bb942b070fe4,5,5.0,13.568050290059032,9,13,5,3,0.04716963648556874,4.197046801407903,0.01123876828577314,True,True,1,5,0,-4
random_4313,random_cycle_chord,20260823,200,0.9,crossing_rich,f01bb47f0e11353dcd7e62b1e2f9df0e,4,4.0,8.93390534145233,9,13,5,3,0.0716372040601853,6.074580693310075,0.011792946324522319,True,True,1,5,0,-4
random_4314,random_cycle_chord,20260823,200,0.9,crossing_rich,e4dfd7b460148a3915f7aca370896702,4,4.0,8.111059117262108,8,12,5,3,0.07890461538345098,6.603657798537388,0.01194862268619176,True,True,1,5,0,-4
random_4315,random_cycle_chord,20260823,200,0.9,crossing_rich,3fab4ef2f63da835bddba85944e4d7b7,4,4.0,11.81003225614446,11,15,5,3,0.05419121524134909,4.7559494337632,0.011394405259365777,True,True,1,5,0,-4
random_4316,random_cycle_chord,20260823,200,0.9,crossing_rich,cb3687284204b54a1f6026fa8a861744,2,2.0,10.153650804106613,10,13,4,3,0.06303151569297163,5.438354260923622,0.011590182005220582,True,True,1,4,0,-3
random_4317,random_cycle_chord,20260823,200,0.9,crossing_rich,6cae8dd6dca8ab370494a907f81c49aa,3,3.0,13.432370773997599,8,11,4,3,0.04764609395974334,4.245150843814578,0.011223651576284119,True,True,1,4,0,-3
random_4318,random_cycle_chord,20260823,200,0.9,crossing_rich,8d92d8721dbd33134985bb942b070fe4,5,5.0,13.206331104694545,9,13,5,3,0.04846160488680273,4.307473295877972,0.011250587422835091,True,True,1,5,0,-4
random_4319,random_cycle_chord,20260823,200,0.9,crossing_rich,f8e101deee8812cdf51fe0521efd7a68,5,5.0,11.607884908281138,10,14,5,3,0.055134936731102493,4.840559317550321,0.011390199585242317,True,True,1,5,0,-4
random_4320,random_cycle_chord,20260823,200,0.9,crossing_rich,35e6984785cd33f6953165239be9a661,4,4.0,10.327360909107,10,14,5,3,0.06197130182945649,5.361867370196611,0.011557783427079454,True,True,1,5,0,-4
random_4321,random_cycle_chord,20260823,200,0.9,crossing_rich,e4dfd7b460148a3915f7aca370896702,5,5.0,13.597302044459267,8,12,5,3,0.047068160868044565,4.194915169182597,0.01122028908089125,True,True,1,5,0,-4
random_4322,random_cycle_chord,20260823,200,0.9,crossing_rich,6cae8dd6dca8ab370494a907f81c49aa,3,3.0,13.523417849291441,8,11,4,3,0.04732531429053882,4.217382356123994,0.011221490084203175,True,True,1,4,0,-3
random_4323,random_cycle_chord,20260823,200,0.9,crossing_rich,f01bb47f0e11353dcd7e62b1e2f9df0e,4,4.0,8.946664275623652,9,13,5,3,0.0715350414728049,6.076400639183256,0.01177260120267845,True,True,1,5,0,-4
random_4324,random_cycle_chord,20260823,200,0.9,crossing_rich,e4dfd7b460148a3915f7aca370896702,5,5.0,13.532101971096228,8,12,5,3,0.04729494363602951,4.214321061363131,0.011222434870857197,True,True,1,5,0,-4
random_4325,random_cycle_chord,20260823,200,0.9,crossing_rich,9e29c665f19ef85c09f08031b7489ca3,6,6.0,10.62882568731425,11,16,6,3,0.06021361332172893,5.2233831434442735,0.011527703725372205,True,True,1,6,0,-5
random_4326,random_cycle_chord,20260823,200,0.9,crossing_rich,f01bb47f0e11353dcd7e62b1e2f9df0e,4,4.0,8.942539749167205,9,13,5,3,0.0715680352507912,6.085983098983855,0.011759486361823867,True,True,1,5,0,-4
random_4327,random_cycle_chord,20260823,200,0.9,crossing_rich,e4dfd7b460148a3915f7aca370896702,4,4.0,8.126093100336183,8,12,5,3,0.07875863494272822,6.589610862863722,0.01195194019522136,True,True,1,5,0,-4
random_4328,random_cycle_chord,20260823,200,0.9,crossing_rich,e4dfd7b460148a3915f7aca370896702,5,5.0,13.814875631705648,8,12,5,3,0.046326873803422194,4.12939544626942,0.011218802947359966,True,True,1,5,0,-4
random_4329,random_cycle_chord,20260823,200,0.9,crossing_rich,2c8b3e95d62a28423936c85308a28eeb,6,6.0,9.77276059687194,10,15,6,3,0.06548814878416759,5.617707226986466,0.011657451365491987,True,True,1,6,0,-5
random_4330,random_cycle_chord,20260823,200,0.9,crossing_rich,9e29c665f19ef85c09f08031b7489ca3,6,6.0,10.61601634982597,11,16,6,3,0.06028626736341562,5.222032970568893,0.011544597229313927,True,True,1,6,0,-5
random_4331,random_cycle_chord,20260823,200,0.9,baseline,b73291eb7126cc5eaf4780776629388d,0,,,8,10,3,3,0.07344081825117471,6.210536666878992,0.01182519678900491,True,True,1,3,0,-2
random_4332,random_cycle_chord,20260823,200,0.9,crossing_rich,e4dfd7b460148a3915f7aca370896702,5,5.0,13.590985384818456,8,12,5,3,0.04709003665877674,4.194663624355578,0.01122617708494114,True,True,1,5,0,-4
random_4333,random_cycle_chord,20260823,200,0.9,baseline,b73291eb7126cc5eaf4780776629388d,0,,,8,10,3,3,0.0733264554995246,6.216510864990565,0.011795435911240201,True,True,1,3,0,-2
random_4334,random_cycle_chord,20260823,200,0.9,crossing_rich,a9ca2a8949c4cb974344fa065ab4c92a,4,4.0,10.60987886375922,11,15,5,3,0.06032114110049693,5.227541497156295,0.011539103254046043,True,True,1,5,0,-4
random_4335,random_cycle_chord,20260823,200,0.9,crossing_rich,e4dfd7b460148a3915f7aca370896702,4,4.0,8.105608050418423,8,12,5,3,0.07895767917953574,6.601984909473219,0.011959687921467222,True,True,1,5,0,-4
random_4336,random_cycle_chord,20260823,200,0.9,baseline,b73291eb7126cc5eaf4780776629388d,0,,,8,10,3,3,0.07252346287895126,6.139498697066054,0.011812603350434587,True,True,1,3,0,-2
random_4337,random_cycle_chord,20260823,200,0.9,crossing_rich,6cae8dd6dca8ab370494a907f81c49aa,2,2.0,8.135344743962959,8,11,4,3,0.07866906936856345,6.5836814380314745,0.011949100227438338,True,True,1,4,0,-3
random_4338,random_cycle_chord,20260823,200,0.9,baseline,59b8a3996410db2fb3f2d81dd28a72be,0,,,15,18,4,3,0.045285104269337115,4.050417501892244,0.011180354679037694,True,True,1,4,0,-3
random_4339,random_cycle_chord,20260823,200,0.9,crossing_rich,e4dfd7b460148a3915f7aca370896702,5,5.0,13.869941945787414,8,12,5,3,0.04614294728136055,4.116496403922386,0.011209276713419073,True,True,1,5,0,-4
random_4340,random_cycle_chord,20260823,200,0.9,baseline,b73291eb7126cc5eaf4780776629388d,0,,,8,10,3,3,0.07320163141397432,6.202386539790976,0.011802171784095426,True,True,1,3,0,-2
random_4341,random_cycle_chord,20260823,200,0.9,crossing_rich,6cae8dd6dca8ab370494a907f81c49aa,3,3.0,13.650781495560025,8,11,4,3,0.04688376267748207,4.177675338213588,0.01122245241238157,True,True,1,4,0,-3
random_4342,random_cycle_chord,20260823,200,0.9,crossing_rich,74b2009f75f7aa39b3078aa9dd4b778d,3,3.0,9.15744533596761,9,12,4,3,0.06988848707469518,5.947256021743485,0.011751383632918971,True,True,1,4,0,-3
random_4343,random_cycle_chord,20260823,200,0.9,crossing_rich,e2e4547f237f4b7d6245ef6308d564b1,3,3.0,10.976176257904271,11,15,5,3,0.05830810156124425,5.081593746848648,0.011474372896771615,True,True,1,5,0,-4
random_4344,random_cycle_chord,20260823,200,0.9,crossing_rich,34ad0f2d3b81a6839e28becf759fcc77,2,2.0,9.80087240669105,10,13,4,3,0.06530030934420412,5.609186916990507,0.011641671121068587,True,True,1,4,0,-3
random_4345,random_cycle_chord,20260823,200,0.9,crossing_rich,544a2de3e86737771a60badf7d854343,2,2.0,8.938004771555915,9,12,4,3,0.07160434754261041,6.073932635008797,0.01178879514235948,True,True,1,4,0,-3
random_4346,random_cycle_chord,20260823,200,0.9,crossing_rich,0ea767070aaa9d39f9740b10ad5b57da,3,3.0,11.114332831431113,11,15,5,3,0.057583303443108406,5.025042520233811,0.011459266903960269,True,True,1,5,0,-4
random_4347,random_cycle_chord,20260823,200,0.9,baseline,103a02ce2419501dbcecbb0b106c7128,0,,,9,11,3,3,0.06194931607877556,5.364745481036192,0.011547484647269818,True,True,1,3,0,-2
random_4348,random_cycle_chord,20260823,200,0.9,baseline,4ca7af1950eb0912a81fec832cb4eb96,0,,,10,12,3,3,0.06554954531480582,5.621383796581947,0.011660748969793324,True,True,1,3,0,-2
random_4349,random_cycle_chord,20260823,200,0.9,crossing_rich,cb26cc24301cc90da9033428f0e0387b,2,2.0,8.942555613854745,9,12,4,3,0.07156790828434378,6.086301332413782,0.011758850634488793,True,True,1,4,0,-3
random_4350,random_cycle_chord,20260823,200,0.9,crossing_rich,f01bb47f0e11353dcd7e62b1e2f9df0e,4,4.0,8.942467090325248,9,13,5,3,0.0715686167514565,6.077198448918029,0.011776580500542715,True,True,1,5,0,-4
random_4351,random_cycle_chord,20260823,200,0.9,crossing_rich,3413ec26db867dbc204368c4635ec429,9,9.0,12.370679118630907,13,19,7,3,0.05173523570230883,4.570708407637393,0.011318865936812377,True,True,1,7,0,-6
random_4352,random_cycle_chord,20260823,200,0.9,baseline,62c285453040d1bf75cf8872f45e6677,0,,,14,18,5,3,0.04830812903434599,4.290224762889011,0.011260046199028415,True,True,1,5,0,-4
random_4353,random_cycle_chord,20260823,200,0.9,baseline,f2551d12306507df164d13e621c6cf57,0,,,10,12,3,3,0.053102706962667716,4.668143032980711,0.011375552674263384,True,True,1,3,0,-2
random_4354,random_cycle_chord,20260823,200,0.9,crossing_rich,e4dfd7b460148a3915f7aca370896702,5,5.0,13.39044674203422,8,12,5,3,0.047795268696373155,4.262379311527762,0.011213283756119286,True,True,1,5,0,-4
random_4355,random_cycle_chord,20260823,200,0.9,crossing_rich,e4dfd7b460148a3915f7aca370896702,4,4.0,8.114999692016655,8,12,5,3,0.07886629997406124,6.603410231884506,0.011943268281782046,True,True,1,5,0,-4
random_4356,random_cycle_chord,20260823,200,0.9,baseline,13d07bf53ced6b7924ec4c5f8f39b04c,0,,,15,18,4,3,0.04529492909081932,4.0461296029757525,0.011194631298391152,True,True,1,4,0,-3
random_4357,random_cycle_chord,20260823,200,0.9,crossing_rich,e4dfd7b460148a3915f7aca370896702,5,5.0,13.902224637460002,8,12,5,3,0.04603579762878374,4.1046126492227355,0.011215625337387498,True,True,1,5,0,-4
random_4358,random_cycle_chord,20260823,200,0.9,crossing_rich,8d92d8721dbd33134985bb942b070fe4,5,5.0,13.272543468349596,9,13,5,3,0.04821984584387895,4.2763687010278675,0.01127588597126549,True,True,1,5,0,-4
random_4359,random_cycle_chord,20260823,200,0.9,crossing_rich,6cae8dd6dca8ab370494a907f81c49aa,3,3.0,13.548925248544945,8,11,4,3,0.047236218981186816,4.208496473501967,0.011224012964867877,True,True,1,4,0,-3
random_4360,random_cycle_chord,20260823,200,0.9,baseline,3ddc013bba7f8602e9b01edf73e915d5,0,,,9,11,3,3,0.06224765361973482,5.384059925205958,0.011561471173141455,True,True,1,3,0,-2
random_4361,random_cycle_chord,20260823,200,0.9,crossing_rich,f01bb47f0e11353dcd7e62b1e2f9df0e,4,4.0,8.934894178263885,9,13,5,3,0.07162927587401563,6.073478151179338,0.01179378176574271,True,True,1,5,0,-4
random_4362,random_cycle_chord,20260823,200,0.9,baseline,3ddc013bba7f8602e9b01edf73e915d5,0,,,9,11,3,3,0.06211679478445773,5.373922855520402,0.011558929380731208,True,True,1,3,0,-2
random_4363,random_cycle_chord,20260823,200,0.9,crossing_rich,e4dfd7b460148a3915f7aca370896702,5,5.0,13.36149641573971,8,12,5,3,0.04789882660493673,4.265631402939417,0.0112290120923083,True,True,1,5,0,-4
random_4364,random_cycle_chord,20260823,200,0.9,crossing_rich,e4dfd7b460148a3915f7aca370896702,5,5.0,13.453634730358578,8,12,5,3,0.04757078758469773,4.229523280033192,0.011247316644235237,True,True,1,5,0,-4
random_4365,random_cycle_chord,20260823,200,0.9,crossing_rich,9864390659db0a33d7b4bc27549e7f6e,4,4.0,9.784546767545065,10,14,5,3,0.06540926373031947,5.621579554594692,0.011635388789767895,True,True,1,5,0,-4
random_4366,random_cycle_chord,20260823,200,0.9,crossing_rich,744c436ed1b6b88a85e5d2859bdfd6b3,3,3.0,12.638693161238816,12,16,5,3,0.050638146826983234,4.474970934981947,0.011315860496686671,True,True,1,5,0,-4
random_4367,random_cycle_chord,20260823,200,0.9,crossing_rich,05dd62ad19ce4d5dd6bedfa658e868da,3,3.0,9.781992644096887,10,14,5,3,0.06542634239110977,5.626764850326534,0.011627701553462454,True,True,1,5,0,-4
random_4368,random_cycle_chord,20260823,200,0.9,crossing_rich,2c8b3e95d62a28423936c85308a28eeb,6,6.0,9.781074486168322,10,15,6,3,0.06543248401850339,5.624459189163451,0.011633560102022081,True,True,1,6,0,-5
random_4369,random_cycle_chord,20260823,200,0.9,crossing_rich,d3b9e56b5337f4aa08cbf81ed5c2928d,2,2.0,8.12322607900689,8,11,4,3,0.07878643211149473,6.59860378181806,0.01193986405557258,True,True,1,4,0,-3
random_4370,random_cycle_chord,20260823,200,0.9,crossing_rich,6cae8dd6dca8ab370494a907f81c49aa,2,2.0,8.109470059830906,8,11,4,3,0.078920076808736,6.6037879807271525,0.011950728436324814,True,True,1,4,0,-3
random_4371,random_cycle_chord,20260823,200,0.9,crossing_rich,3116bf58ed10c8f08a0864a083184f1d,2,2.0,9.799539400636656,10,13,4,3,0.0653091919767597,5.61543710031217,0.011630295346577574,True,True,1,4,0,-3
random_4372,random_cycle_chord,20260823,200,0.9,crossing_rich,f61befc086c76698e58b129c58523394,3,3.0,11.394173903845452,10,14,5,3,0.056169056695194425,4.906902176797485,0.011446948537265002,True,True,1,5,0,-4
random_4373,random_cycle_chord,20260823,200,0.9,crossing_rich,6cae8dd6dca8ab370494a907f81c49aa,3,3.0,13.546460773041762,8,11,4,3,0.04724481255455572,4.202905545024757,0.01124098841823423,True,True,1,4,0,-3
random_4374,random_cycle_chord,20260823,200,0.9,crossing_rich,e4dfd7b460148a3915f7aca370896702,5,5.0,13.320938391409237,8,12,5,3,0.048044663310862566,4.283674463877134,0.011215759674552293,True,True,1,5,0,-4
random_4375,random_cycle_chord,20260823,200,0.9,baseline,8f34f4541eedc7b1aecfd95c1d8d238c,0,,,11,14,4,3,0.0459060617191245,4.102367145952676,0.01119013976221378,True,True,1,4,0,-3
random_4376,random_cycle_chord,20260823,200,0.9,baseline,3ddc013bba7f8602e9b01edf73e915d5,0,,,9,11,3,3,0.0626440926243377,5.399128354265581,0.011602630742209666,True,True,1,3,0,-2
random_4377,random_cycle_chord,20260823,200,0.9,crossing_rich,e4dfd7b460148a3915f7aca370896702,5,5.0,13.840666783043519,8,12,5,3,0.04624054679100265,4.122012492608524,0.011217954063438645,True,True,1,5,0,-4
random_4378,random_cycle_chord,20260823,200,0.9,crossing_rich,50000f533be57d613267a2ac73e30903,4,4.0,14.00936714919373,12,17,6,3,0.0456837195559425,4.077800198044351,0.011203030393164358,True,True,1,6,0,-5
random_4379,random_cycle_chord,20260823,200,0.9,crossing_rich,d3b9e56b5337f4aa08cbf81ed5c2928d,2,2.0,8.130275547323535,8,11,4,3,0.07871811924144272,6.585798622811028,0.011952706687506233,True,True,1,4,0,-3
random_4380,random_cycle_chord,20260823,200,0.9,crossing_rich,744c436ed1b6b88a85e5d2859bdfd6b3,3,3.0,12.564473809353965,12,16,5,3,0.05093727041108037,4.496809583707301,0.011327424357845768,True,True,1,5,0,-4
random_4381,random_cycle_chord,20260823,200,0.9,baseline,4ca7af1950eb0912a81fec832cb4eb96,0,,,10,12,3,3,0.06558715292019274,5.626377277020843,0.011657084068653322,True,True,1,3,0,-2
random_4382,random_cycle_chord,20260823,200,0.9,crossing_rich,594957bbb915558e3b77fc155a7d7418,6,6.0,13.0204353377253,13,18,6,3,0.04915350242903702,4.356743599547714,0.01128216552246494,True,True,1,6,0,-5
random_4383,random_cycle_chord,20260823,200,0.9,crossing_rich,e4dfd7b460148a3915f7aca370896702,5,5.0,13.445576964585788,8,12,5,3,0.04759929616153264,4.241088905675078,0.011223366739103055,True,True,1,5,0,-4
random_4384,random_cycle_chord,20260823,200,0.9,crossing_rich,05dd62ad19ce4d5dd6bedfa658e868da,3,3.0,9.828441395646585,10,14,5,3,0.06511714057566462,5.599186648887857,0.011629749936733859,True,True,1,5,0,-4
random_4385,random_cycle_chord,20260823,200,0.9,crossing_rich,9864390659db0a33d7b4bc27549e7f6e,3,3.0,9.757890423648929,10,14,5,3,0.06558794700634425,5.6266411038981765,0.011656678610779788,True,True,1,5,0,-4
random_4386,random_cycle_chord,20260823,200,0.9,crossing_rich,0d9383c252bac8778d9583a2a6ee796c,6,6.0,10.627118345764377,11,16,6,3,0.06022328717691219,5.222480865298031,0.01153154769356449,True,True,1,6,0,-5
random_4387,random_cycle_chord,20260823,200,0.9,crossing_rich,3766c050500c74590e361b5f3d5119d1,2,2.0,9.373449723725084,9,12,4,3,0.06827795730104572,5.84199221185961,0.011687444081564708,True,True,1,4,0,-3
random_4388,random_cycle_chord,20260823,200,0.9,baseline,e756644711763e07d0e3622d4415d4c4,0,,,11,13,3,3,0.045383758372192724,4.049565572819264,0.011207068401808108,True,True,1,3,0,-2
random_4389,random_cycle_chord,20260823,200,0.9,crossing_rich,69b3e3dd7eb2f54db193b652ca130066,5,5.0,12.64044890709497,12,17,6,3,0.05063111323845261,4.4796791163942,0.011302397319745259,True,True,1,6,0,-5
random_4390,random_cycle_chord,20260823,200,0.9,baseline,3ddc013bba7f8602e9b01edf73e915d5,0,,,9,11,3,3,0.06276918987940014,5.419940110014925,0.011581159312704526,True,True,1,3,0,-2
random_4391,random_cycle_chord,20260823,200,0.9,crossing_rich,e4dfd7b460148a3915f7aca370896702,5,5.0,13.76304525016752,8,12,5,3,0.046501336613146,4.142950008785788,0.0112242089608932,True,True,1,5,0,-4
random_4392,random_cycle_chord,20260823,200,0.9,baseline,3ddc013bba7f8602e9b01edf73e915d5,0,,,9,11,3,3,0.06244478089001262,5.386204032947699,0.01159346740450873,True,True,1,3,0,-2
random_4393,random_cycle_chord,20260823,200,0.9,crossing_rich,6cae8dd6dca8ab370494a907f81c49aa,2,2.0,8.123213779951671,8,11,4,3,0.07878655139909511,6.598503322847583,0.011940063912113753,True,True,1,4,0,-3
random_4394,random_cycle_chord,20260823,200,0.9,baseline,b73291eb7126cc5eaf4780776629388d,0,,,8,10,3,3,0.07239583439358434,6.142552786730116,0.011785952340528934,True,True,1,3,0,-2
random_4395,random_cycle_chord,20260823,200,0.9,baseline,3ddc013bba7f8602e9b01edf73e915d5,0,,,9,11,3,3,0.062591496678433,5.408193497936075,0.011573457329572203,True,True,1,3,0,-2
random_4396,random_cycle_chord,20260823,200,0.9,baseline,19fca4749c1a57391a2f17cdb3a8fecb,0,,,11,13,3,3,0.060320774611786476,5.226045981389149,0.011542335223723473,True,True,1,3,0,-2
random_4397,random_cycle_chord,20260823,200,0.9,baseline,103a02ce2419501dbcecbb0b106c7128,0,,,9,11,3,3,0.06208475840288212,5.377672589740833,0.011544912295576214,True,True,1,3,0,-2
random_4398,random_cycle_chord,20260823,200,0.9,crossing_rich,cb3687284204b54a1f6026fa8a861744,2,2.0,9.787632080010699,10,13,4,3,0.06538864505410592,5.619625606967712,0.011635765374303808,True,True,1,4,0,-3
random_4399,random_cycle_chord,20260823,200,0.9,crossing_rich,cbd367df182ccb02b6db0d327f7ca73e,5,5.0,12.036362473908044,11,16,6,3,0.05317221057336608,4.6840255421906685,0.011351819091169604,True,True,1,6,0,-5
random_4400,random_cycle_chord,20260823,200,0.9,baseline,7e6bc2286a474f101d6d3fad2dea3b25,0,,,11,14,4,3,0.04577509802771628,4.093484727213966,0.011182427950298206,True,True,1,4,0,-3
random_4401,random_cycle_chord,20260823,200,0.9,crossing_rich,e4dfd7b460148a3915f7aca370896702,5,5.0,13.506024205436201,8,12,5,3,0.0473862618832268,4.225249127893147,0.011215021990160189,True,True,1,5,0,-4
random_4402,random_cycle_chord,20260823,200,0.9,baseline,efa81f8d435c5ba80e07756432e1f676,0,,,11,13,3,3,0.04546434249927758,4.058374019366954,0.011202600421330644,True,True,1,3,0,-2
random_4403,random_cycle_chord,20260823,200,0.9,baseline,5a09f2d469638693e252e3673038fcb1,0,,,14,17,4,3,0.04832691897726066,4.2914131375809115,0.011261306573830072,True,True,1,4,0,-3
random_4404,random_cycle_chord,20260823,200,0.9,crossing_rich,e4dfd7b460148a3915f7aca370896702,4,4.0,8.133962082233124,8,12,5,3,0.07868244202882889,6.583807330455498,0.011950902886367618,True,True,1,5,0,-4
random_4405,random_cycle_chord,20260823,200,0.9,baseline,fcb06304329c3a95c9fc63ab6e3f83f6,0,,,10,12,3,3,0.05254823165417877,4.63962658126116,0.011325961418191314,True,True,1,3,0,-2
random_4406,random_cycle_chord,20260823,200,0.9,crossing_rich,6cae8dd6dca8ab370494a907f81c49aa,2,2.0,8.123042105066844,8,11,4,3,0.07878821649844613,6.592995357788105,0.011950291517402026,True,True,1,4,0,-3
random_4407,random_cycle_chord,20260823,200,0.9,crossing_rich,9e29c665f19ef85c09f08031b7489ca3,6,6.0,10.609848978503642,11,16,6,3,0.06032131100986343,5.222680814005382,0.011549875084861211,True,True,1,6,0,-5
random_4408,random_cycle_chord,20260823,200,0.9,crossing_rich,e4dfd7b460148a3915f7aca370896702,5,5.0,13.583084157976119,8,12,5,3,0.04711742874862376,4.195739350358618,0.011229827406842263,True,True,1,5,0,-4
random_4409,random_cycle_chord,20260823,200,0.9,crossing_rich,f01bb47f0e11353dcd7e62b1e2f9df0e,4,4.0,8.921704522507572,9,13,5,3,0.07173517105228217,6.075224864109966,0.011807821546831177,True,True,1,5,0,-4
random_4410,random_cycle_chord,20260823,200,0.9,crossing_rich,e4dfd7b460148a3915f7aca370896702,5,5.0,13.789810980694876,8,12,5,3,0.046411078505424884,4.140008226449203,0.011210383160332673,True,True,1,5,0,-4
random_4411,random_cycle_chord,20260823,200,0.9,crossing_rich,d3b9e56b5337f4aa08cbf81ed5c2928d,2,2.0,8.379798697059853,8,11,4,3,0.07637414968268287,6.4334828746172965,0.011871353537600902,True,True,1,4,0,-3
random_4412,random_cycle_chord,20260823,200,0.9,baseline,f8915e048c5e07d3dc0ece3ddaef1ca9,0,,,14,16,3,3,0.04833622766357204,4.288361608448277,0.011271490624379103,True,True,1,3,0,-2
random_4413,random_cycle_chord,20260823,200,0.9,crossing_rich,9864390659db0a33d7b4bc27549e7f6e,4,4.0,9.777917603942193,10,14,5,3,0.06545360944154094,5.619855308685259,0.011646849579985633,True,True,1,5,0,-4
random_4414,random_cycle_chord,20260823,200,0.9,baseline,103a02ce2419501dbcecbb0b106c7128,0,,,9,11,3,3,0.06170758314547265,5.349508308526058,0.011535187831585001,True,True,1,3,0,-2
random_4415,random_cycle_chord,20260823,200,0.9,crossing_rich,e4dfd7b460148a3915f7aca370896702,5,5.0,13.416115218394909,8,12,5,3,0.04770382406395053,4.249133663321192,0.011226717689710059,True,True,1,5,0,-4
random_4416,random_cycle_chord,20260823,200,0.9,baseline,b73291eb7126cc5eaf4780776629388d,0,,,8,10,3,3,0.07279428517866798,6.160636626143159,0.011816032919351153,True,True,1,3,0,-2
random_4417,random_cycle_chord,20260823,200,0.9,baseline,f2551d12306507df164d13e621c6cf57,0,,,10,12,3,3,0.053016195062504066,4.673504682628018,0.01134399100092307,True,True,1,3,0,-2
random_4418,random_cycle_chord,20260823,200,0.9,baseline,78d712f24f5cff365e8a82f9a84c6043,0,,,10,12,3,3,0.05319177746142978,4.67625219148102,0.011374873570405826,True,True,1,3,0,-2
random_4419,random_cycle_chord,20260823,200,0.9,crossing_rich,35e6984785cd33f6953165239be9a661,4,4.0,10.21486686833056,10,14,5,3,0.06265377789545257,5.416087420233951,0.0115680883697306,True,True,1,5,0,-4
random_4420,random_cycle_chord,20260823,200,0.9,crossing_rich,6cae8dd6dca8ab370494a907f81c49aa,3,3.0,13.431449543881298,8,11,4,3,0.04764936188823732,4.242091551968026,0.011232516154945178,True,True,1,4,0,-3
random_4421,random_cycle_chord,20260823,200,0.9,crossing_rich,ef708e22c6afb49a267da2ce884548df,2,2.0,9.101710014552838,9,12,4,3,0.07031645690498775,5.987465730520256,0.011743943108777993,True,True,1,4,0,-3
random_4422,random_cycle_chord,20260823,200,0.9,crossing_rich,6cae8dd6dca8ab370494a907f81c49aa,3,3.0,13.599839156164498,8,11,4,3,0.04705938008905808,4.193868750348924,0.011220994954871397,True,True,1,4,0,-3
random_4423,random_cycle_chord,20260823,200,0.9,crossing_rich,e4dfd7b460148a3915f7aca370896702,4,4.0,8.10705481925174,8,12,5,3,0.07894358854959246,6.602604756552498,0.011956431054160553,True,True,1,5,0,-4
random_4424,random_cycle_chord,20260823,200,0.9,crossing_rich,e4dfd7b460148a3915f7aca370896702,5,5.0,13.668752848502693,8,12,5,3,0.04682212101524003,4.175021993983829,0.011214820205189413,True,True,1,5,0,-4
random_4425,random_cycle_chord,20260823,200,0.9,baseline,3ddc013bba7f8602e9b01edf73e915d5,0,,,9,11,3,3,0.06266541871213646,5.400830087229731,0.011602923569158177,True,True,1,3,0,-2
random_4426,random_cycle_chord,20260823,200,0.9,crossing_rich,4f5a61a4f571d85b5f4ecbbdca508b0d,3,3.0,9.786674132214074,10,13,4,3,0.06539504548264861,5.623987816113527,0.011627878228200012,True,True,1,4,0,-3
random_4427,random_cycle_chord,20260823,200,0.9,crossing_rich,cbd367df182ccb02b6db0d327f7ca73e,5,5.0,12.062290383931936,11,16,6,3,0.05305791683248962,4.670770606368236,0.011359563828750066,True,True,1,6,0,-5
random_4428,random_cycle_chord,20260823,200,0.9,baseline,3ddc013bba7f8602e9b01edf73e915d5,0,,,9,11,3,3,0.061825548015509116,5.352451033644812,0.011550885309717315,True,True,1,3,0,-2
random_4429,random_cycle_chord,20260823,200,0.9,baseline,b73291eb7126cc5eaf4780776629388d,0,,,8,10,3,3,0.07204336981076921,6.1065808956839565,0.011797660759998845,True,True,1,3,0,-2
random_4430,random_cycle_chord,20260823,200,0.9,crossing_rich,e4dfd7b460148a3915f7aca370896702,4,4.0,8.127583476831152,8,12,5,3,0.0787441927633733,6.588121745490587,0.011952449545619255,True,True,1,5,0,-4
random_4431,random_cycle_chord,20260823,200,0.9,crossing_rich,4467d186770b135b5b560de83378064c,3,3.0,12.757315840339635,12,16,5,3,0.050167292870203134,4.443451812717081,0.011290162464826383,True,True,1,5,0,-4
random_4432,random_cycle_chord,20260823,200,0.9,crossing_rich,76f64aeb3bec290543374c9120128d8d,4,4.0,9.768259258808518,10,14,5,3,0.06551832655576588,5.619470380219664,0.01165916396434583,True,True,1,5,0,-4
random_4433,random_cycle_chord,20260823,200,0.9,crossing_rich,e4dfd7b460148a3915f7aca370896702,5,5.0,13.731669433539926,8,12,5,3,0.04660758861823348,4.153844271827468,0.011220350491793627,True,True,1,5,0,-4
random_4434,random_cycle_chord,20260823,200,0.9,crossing_rich,e4dfd7b460148a3915f7aca370896702,5,5.0,13.606288212092162,8,12,5,3,0.047037075065866976,4.191829222948143,0.011221133439397485,True,True,1,5,0,-4
random_4435,random_cycle_chord,20260823,200,0.9,crossing_rich,2c8b3e95d62a28423936c85308a28eeb,5,5.0,10.055522628310799,10,15,6,3,0.06364661725270385,5.486080349426249,0.0116014737661216,True,True,1,6,0,-5
random_4436,random_cycle_chord,20260823,200,0.9,crossing_rich,e4dfd7b460148a3915f7aca370896702,5,5.0,13.392567158081507,8,12,5,3,0.04778770137537099,4.255136701060803,0.01123059133763142,True,True,1,5,0,-4
random_4437,random_cycle_chord,20260823,200,0.9,baseline,c9b2747d4897680c32f2a02811ccda66,0,,,11,13,3,3,0.06016295617496511,5.228962124010209,0.011505716573985197,True,True,1,3,0,-2
random_4438,random_cycle_chord,20260823,200,0.9,crossing_rich,e4dfd7b460148a3915f7aca370896702,5,5.0,13.713962360393314,8,12,5,3,0.04666776699404948,4.160084472235879,0.011217985429263994,True,True,1,5,0,-4
random_4439,random_cycle_chord,20260823,200,0.9,crossing_rich,d86c5f9e478e64f89adb822abc677322,4,4.0,10.610122020009387,11,15,5,3,0.06031975869768874,5.224932863579679,0.011544599762830786,True,True,1,5,0,-4
random_4440,random_cycle_chord,20260823,200,0.9,crossing_rich,6cae8dd6dca8ab370494a907f81c49aa,3,3.0,13.734495487115717,8,11,4,3,0.046597998492218504,4.151642728922262,0.011223990486367073,True,True,1,4,0,-3
random_4441,random_cycle_chord,20260823,200,0.9,crossing_rich,424f7646e94f7765f921feee852c5612,2,2.0,10.087282053969098,10,13,4,3,0.06344622828784446,5.477328161435282,0.0115834265207179,True,True,1,4,0,-3
random_4442,random_cycle_chord,20260823,200,0.9,crossing_rich,ea4e9e20f1e69fb97740ea580a58af91,2,2.0,10.660926072009065,11,14,4,3,0.06003230823261784,5.211245640099872,0.011519761757280615,True,True,1,4,0,-3
random_4443,random_cycle_chord,20260823,200,0.9,baseline,f8915e048c5e07d3dc0ece3ddaef1ca9,0,,,14,16,3,3,0.0483008104410089,4.294151611475654,0.011248044971661044,True,True,1,3,0,-2
random_4444,random_cycle_chord,20260823,200,0.9,crossing_rich,d3b9e56b5337f4aa08cbf81ed5c2928d,2,2.0,8.474885163731624,8,11,4,3,0.07551724744765721,6.352052195075704,0.011888637739186147,True,True,1,4,0,-3
random_4445,random_cycle_chord,20260823,200,0.9,crossing_rich,424f7646e94f7765f921feee852c5612,2,2.0,10.358371905663118,10,13,4,3,0.061785771531344603,5.348230117819308,0.011552564151173284,True,True,1,4,0,-3
random_4446,random_cycle_chord,20260823,200,0.9,baseline,4ca7af1950eb0912a81fec832cb4eb96,0,,,10,12,3,3,0.06545466599102504,5.619712840316064,0.011647332853282186,True,True,1,3,0,-2
random_4447,random_cycle_chord,20260823,200,0.9,baseline,8f34f4541eedc7b1aecfd95c1d8d238c,0,,,11,14,4,3,0.045327194726662454,4.044822558826805,0.011206225753401043,True,True,1,4,0,-3
random_4448,random_cycle_chord,20260823,200,0.9,crossing_rich,e4dfd7b460148a3915f7aca370896702,5,5.0,13.412252283985984,8,12,5,3,0.04771756349708318,4.257463562318751,0.011207979304723554,True,True,1,5,0,-4
random_4449,random_cycle_chord,20260823,200,0.9,crossing_rich,bb2c7ed8feef84917625e983562a84b2,5,5.0,14.123066454996646,10,14,5,3,0.045315937727785194,4.050471801287126,0.011187817111425158,True,True,1,5,0,-4
random_4450,random_cycle_chord,20260823,200,0.9,crossing_rich,e4dfd7b460148a3915f7aca370896702,5,5.0,13.828928085310853,8,12,5,3,0.046279798119697416,4.135350969070202,0.011191262474658355,True,True,1,5,0,-4
random_4451,random_cycle_chord,20260823,200,0.9,baseline,19fca4749c1a57391a2f17cdb3a8fecb,0,,,11,13,3,3,0.06016633941175159,5.225558631662952,0.01151385787678065,True,True,1,3,0,-2
random_4452,random_cycle_chord,20260823,200,0.9,crossing_rich,3413ec26db867dbc204368c4635ec429,8,8.0,13.159882192197559,13,19,7,3,0.04863265420259259,4.320337359591951,0.011256679780947909,True,True,1,7,0,-6
random_4453,random_cycle_chord,20260823,200,0.9,crossing_rich,05dd62ad19ce4d5dd6bedfa658e868da,3,3.0,9.786709420052139,10,14,5,3,0.06539480968840193,5.629297550575446,0.01161686855258114,True,True,1,5,0,-4
random_4454,random_cycle_chord,20260823,200,0.9,crossing_rich,ef708e22c6afb49a267da2ce884548df,2,2.0,9.774074941160075,9,12,4,3,0.06547934242910962,5.6238059859144,0.011643243489037796,True,True,1,4,0,-3
random_4455,random_cycle_chord,20260823,200,0.9,baseline,8f34f4541eedc7b1aecfd95c1d8d238c,0,,,11,14,4,3,0.04603887729419674,4.116356573135852,0.011184375424290368,True,True,1,4,0,-3
random_4456,random_cycle_chord,20260823,200,0.9,crossing_rich,cbd367df182ccb02b6db0d327f7ca73e,5,5.0,12.168093922335107,11,16,6,3,0.0525965696915973,4.630853316354889,0.011357856986279571,True,True,1,6,0,-5
random_4457,random_cycle_chord,20260823,200,0.9,baseline,19fca4749c1a57391a2f17cdb3a8fecb,0,,,11,13,3,3,0.060299584818506245,5.223001084477074,0.01154500714114698,True,True,1,3,0,-2
random_4458,random_cycle_chord,20260823,200,0.9,crossing_rich,cb26cc24301cc90da9033428f0e0387b,2,2.0,8.939514843548007,9,12,4,3,0.07159225206297551,6.08003560138757,0.011774972509476246,True,True,1,4,0,-3
random_4459,random_cycle_chord,20260823,200,0.9,crossing_rich,d225b8f4cd850922e71c75c0e5cd79de,4,4.0,10.63254387961576,11,15,5,3,0.06019255666811585,5.223307087066292,0.011523840292132513,True,True,1,5,0,-4
random_4460,random_cycle_chord,20260823,200,0.9,crossing_rich,9864390659db0a33d7b4bc27549e7f6e,3,3.0,10.167796451631963,10,14,5,3,0.0629438249520896,5.431628211647298,0.011588389797577855,True,True,1,5,0,-4
random_4461,random_cycle_chord,20260823,200,0.9,baseline,7e6bc2286a474f101d6d3fad2dea3b25,0,,,11,14,4,3,0.04552795856362148,4.067254830250502,0.011193780685931945,True,True,1,4,0,-3
random_4462,random_cycle_chord,20260823,200,0.9,crossing_rich,6cae8dd6dca8ab370494a907f81c49aa,2,2.0,8.115430796357439,8,11,4,3,0.0788621104732062,6.6028101729206075,0.011943719175304306,True,True,1,4,0,-3
random_4463,random_cycle_chord,20260823,200,0.9,baseline,237b03a6236ff83b0e5299ac7fc023ee,0,,,10,12,3,3,0.05360064153621387,4.706386136579866,0.011388917097050071,True,True,1,3,0,-2
random_4464,random_cycle_chord,20260823,200,0.9,crossing_rich,9864390659db0a33d7b4bc27549e7f6e,3,3.0,10.223082755512518,10,14,5,3,0.06260342553276285,5.405859460114037,0.011580660946639228,True,True,1,5,0,-4
random_4465,random_cycle_chord,20260823,200,0.9,baseline,8603424a32f201376c6da364b388d315,0,,,11,13,3,3,0.045531133932857445,4.065768410782218,0.011198654063057579,True,True,1,3,0,-2
random_4466,random_cycle_chord,20260823,200,0.9,crossing_rich,35e6984785cd33f6953165239be9a661,4,4.0,9.849162840538137,10,14,5,3,0.0649801420041332,5.594533380984673,0.011614935076622293,True,True,1,5,0,-4
random_4467,random_cycle_chord,20260823,200,0.9,crossing_rich,ba53b17c7e6c0cdbf4b9bf6bc764e778,4,4.0,11.654603585844589,12,16,5,3,0.054913922664630924,4.821733321913377,0.011388834470596519,True,True,1,5,0,-4
random_4468,random_cycle_chord,20260823,200,0.9,crossing_rich,6cae8dd6dca8ab370494a907f81c49aa,3,3.0,13.322681896902,8,11,4,3,0.048038375827979714,4.278839031499732,0.011226964948747389,True,True,1,4,0,-3
random_4469,random_cycle_chord,20260823,200,0.9,crossing_rich,2c8b3e95d62a28423936c85308a28eeb,6,6.0,9.782752301472451,10,15,6,3,0.06542126185732725,5.62856674831718,0.011623076492232555,True,True,1,6,0,-5
random_4470,random_cycle_chord,20260823,200,0.9,crossing_rich,8d92d8721dbd33134985bb942b070fe4,5,5.0,13.195908043056503,9,13,5,3,0.04849988329046888,4.3118861495699266,0.011247950805775873,True,True,1,5,0,-4
random_4471,random_cycle_chord,20260823,200,0.9,crossing_rich,6cae8dd6dca8ab370494a907f81c49aa,3,3.0,13.445251271571008,8,11,4,3,0.0476004491900596,4.235206177524535,0.011239228314944023,True,True,1,4,0,-3
random_4472,random_cycle_chord,20260823,200,0.9,crossing_rich,8d92d8721dbd33134985bb942b070fe4,5,5.0,13.153937699912465,9,13,5,3,0.0486546321413898,4.31557394812087,0.011274197297111656,True,True,1,5,0,-4
random_4473,random_cycle_chord,20260823,200,0.9,crossing_rich,6cae8dd6dca8ab370494a907f81c49aa,3,3.0,13.251023223828868,8,11,4,3,0.04829815699433004,4.284085404692081,0.011273854844591145,True,True,1,4,0,-3
random_4474,random_cycle_chord,20260823,200,0.9,crossing_rich,6cae8dd6dca8ab370494a907f81c49aa,2,2.0,8.105149458058374,8,11,4,3,0.07896214663428489,6.602011529426943,0.011960316379686605,True,True,1,4,0,-3
random_4475,random_cycle_chord,20260823,200,0.9,crossing_rich,f01bb47f0e11353dcd7e62b1e2f9df0e,4,4.0,8.951856176792495,9,13,5,3,0.0714935525504964,6.072913727046733,0.011772528931555204,True,True,1,5,0,-4
random_4476,random_cycle_chord,20260823,200,0.9,crossing_rich,74b2009f75f7aa39b3078aa9dd4b778d,2,2.0,8.945616048713143,9,12,4,3,0.07154342378600814,6.0782489090736895,0.011770400465043013,True,True,1,4,0,-3
random_4477,random_cycle_chord,20260823,200,0.9,baseline,f4c63b03cb04e53779a197f375d70184,0,,,12,14,3,3,0.0556498433232641,4.87533760049155,0.011414562002363338,True,True,1,3,0,-2
random_4478,random_cycle_chord,20260823,200,0.9,crossing_rich,f01bb47f0e11353dcd7e62b1e2f9df0e,4,4.0,8.95064658620253,9,13,5,3,0.07150321419086789,6.083380368073845,0.011753862139892404,True,True,1,5,0,-4
random_4479,random_cycle_chord,20260823,200,0.9,baseline,5ece6bdff7ea6a9025672e56fbda3d50,0,,,11,13,3,3,0.045585632434482,4.072968770319064,0.011192237162896529,True,True,1,3,0,-2
random_4480,random_cycle_chord,20260823,200,0.9,crossing_rich,9864390659db0a33d7b4bc27549e7f6e,3,3.0,10.223221154066845,10,14,5,3,0.06260257802849203,5.401076268961856,0.011590759861742317,True,True,1,5,0,-4
random_4481,random_cycle_chord,20260823,200,0.9,crossing_rich,f8e101deee8812cdf51fe0521efd7a68,5,5.0,11.692463008469552,10,14,5,3,0.05473611501155998,4.8084113799158015,0.011383409339763778,True,True,1,5,0,-4
random_4482,random_cycle_chord,20260823,200,0.9,baseline,c9b2747d4897680c32f2a02811ccda66,0,,,11,13,3,3,0.060162443572511756,5.228245272311174,0.011507196093330301,True,True,1,3,0,-2
random_4483,random_cycle_chord,20260823,200,0.9,crossing_rich,3766c050500c74590e361b5f3d5119d1,2,2.0,9.618034064009226,9,12,4,3,0.0665416649328459,5.707462901800775,0.011658711773991765,True,True,1,4,0,-3
random_4484,random_cycle_chord,20260823,200,0.9,crossing_rich,0d9383c252bac8778d9583a2a6ee796c,5,5.0,12.188578559975825,11,16,6,3,0.052508173684960795,4.625046525663855,0.011353004427868765,True,True,1,6,0,-5
random_4485,random_cycle_chord,20260823,200,0.9,crossing_rich,d1299e1ebf4274c638790f7cb6398f0a,5,5.0,14.04347188549985,12,17,6,3,0.04557277610679821,4.06757824011312,0.011203908914983974,True,True,1,6,0,-5
random_4486,random_cycle_chord,20260823,200,0.9,crossing_rich,6cae8dd6dca8ab370494a907f81c49aa,2,2.0,8.105455262514058,8,11,4,3,0.07895916753249614,6.601980769142751,0.011959920862167064,True,True,1,4,0,-3
random_4487,random_cycle_chord,20260823,200,0.9,crossing_rich,e4dfd7b460148a3915f7aca370896702,5,5.0,13.447243353168007,8,12,5,3,0.04759339763485605,4.246297624722026,0.011208210502666224,True,True,1,5,0,-4
random_4488,random_cycle_chord,20260823,200,0.9,baseline,3ddc013bba7f8602e9b01edf73e915d5,0,,,9,11,3,3,0.0625912387726201,5.39723296950053,0.01159691255247268,True,True,1,3,0,-2
random_4489,random_cycle_chord,20260823,200,0.9,baseline,3ddc013bba7f8602e9b01edf73e915d5,0,,,9,11,3,3,0.06243030382766703,5.401686758275372,0.011557557226365254,True,True,1,3,0,-2
random_4490,random_cycle_chord,20260823,200,0.9,crossing_rich,ef708e22c6afb49a267da2ce884548df,2,2.0,9.185282140126883,9,12,4,3,0.06967668387714426,5.9396705678245585,0.011730732046754537,True,True,1,4,0,-3
random_4491,random_cycle_chord,20260823,200,0.9,crossing_rich,6cae8dd6dca8ab370494a907f81c49aa,3,3.0,13.488009941304094,8,11,4,3,0.04744954984353469,4.2196717940218615,0.011244843712906278,True,True,1,4,0,-3
random_4492,random_cycle_chord,20260823,200,0.9,crossing_rich,9e29c665f19ef85c09f08031b7489ca3,6,6.0,10.61252536146118,11,16,6,3,0.06030609852053931,5.223521667163959,0.011545103545685434,True,True,1,6,0,-5
random_4493,random_cycle_chord,20260823,200,0.9,baseline,8f34f4541eedc7b1aecfd95c1d8d238c,0,,,11,14,4,3,0.0461849746676305,4.123921132346818,0.01119928659774049,True,True,1,4,0,-3
random_4494,random_cycle_chord,20260823,200,0.9,crossing_rich,bb2c7ed8feef84917625e983562a84b2,5,5.0,13.997538566061502,10,14,5,3,0.04572232446294144,4.0914242066923565,0.011175161057157866,True,True,1,5,0,-4
random_4495,random_cycle_chord,20260823,200,0.9,crossing_rich,e2e4547f237f4b7d6245ef6308d564b1,3,3.0,11.13494463735746,11,15,5,3,0.05747671145600635,5.01562907341565,0.011459521949230713,True,True,1,5,0,-4
random_4496,random_cycle_chord,20260823,200,0.9,crossing_rich,b9a7447ce037faba7523c9a69bab3e94,6,6.0,11.674590476817158,12,17,6,3,0.05481991006630008,4.808840221846785,0.0113998194028678,True,True,1,6,0,-5
random_4497,random_cycle_chord,20260823,200,0.9,crossing_rich,9864390659db0a33d7b4bc27549e7f6e,4,4.0,9.785285234187416,10,14,5,3,0.06540432748592703,5.621015495442438,0.011635678204224372,True,True,1,5,0,-4
random_4498,random_cycle_chord,20260823,200,0.9,crossing_rich,f01bb47f0e11353dcd7e62b1e2f9df0e,4,4.0,8.949601570837803,9,13,5,3,0.07151156338461304,6.08651938729523,0.011749172036465302,True,True,1,5,0,-4
random_4499,random_cycle_chord,20260823,200,0.9,baseline,b73291eb7126cc5eaf4780776629388d,0,,,8,10,3,3,0.07240893351963663,6.1423583734072364,0.011788457969682184,True,True,1,3,0,-2
random_4500,random_cycle_chord,20260823,200,0.9,baseline,b73291eb7126cc5eaf4780776629388d,0,,,8,10,3,3,0.07273909059148329,6.1695673177820085,0.011789982480916242,True,True,1,3,0,-2
random_4501,random_cycle_chord,20260823,200,0.9,crossing_rich,76f64aeb3bec290543374c9120128d8d,4,4.0,10.25676659842246,10,14,5,3,0.06239783209051818,5.3906691474686115,0.0115751552142315,True,True,1,5,0,-4
random_4502,random_cycle_chord,20260823,200,0.9,baseline,ca62a37d3738941a9501a139c3aa3dc2,0,,,12,14,3,3,0.0556584879576143,4.877259981593927,0.011411835368149612,True,True,1,3,0,-2
random_4503,random_cycle_chord,20260823,200,0.9,crossing_rich,2c8b3e95d62a28423936c85308a28eeb,6,6.0,9.781136403512399,10,15,6,3,0.06543206981247869,5.624595304219307,0.011633204928254062,True,True,1,6,0,-5
random_4504,random_cycle_chord,20260823,200,0.9,baseline,3ddc013bba7f8602e9b01edf73e915d5,0,,,9,11,3,3,0.06268817960613363,5.41396324853137,0.011578981372498026,True,True,1,3,0,-2
random_4505,random_cycle_chord,20260823,200,0.9,crossing_rich,e4dfd7b460148a3915f7aca370896702,5,5.0,13.71287296164808,8,12,5,3,0.046671474445212226,4.15434425747285,0.011234378172020627,True,True,1,5,0,-4
random_4506,random_cycle_chord,20260823,200,0.9,crossing_rich,e4dfd7b460148a3915f7aca370896702,4,4.0,8.105288126834024,8,12,5,3,0.07896079571572097,6.60199097224981,0.01196014899863047,True,True,1,5,0,-4
random_4507,random_cycle_chord,20260823,200,0.9,baseline,13d07bf53ced6b7924ec4c5f8f39b04c,0,,,15,18,4,3,0.04528955369891869,4.049452605702982,0.01118411748667854,True,True,1,4,0,-3
random_4508,random_cycle_chord,20260823,200,0.9,crossing_rich,8d92d8721dbd33134985bb942b070fe4,5,5.0,13.063758286183901,9,13,5,3,0.0489904961481764,4.3524575543757456,0.01125582398820266,True,True,1,5,0,-4
random_4509,random_cycle_chord,20260823,200,0.9,baseline,b73291eb7126cc5eaf4780776629388d,0,,,8,10,3,3,0.07280247918213358,6.179127962715685,0.011781998952185055,True,True,1,3,0,-2
random_4510,random_cycle_chord,20260823,200,0.9,crossing_rich,8d92d8721dbd33134985bb942b070fe4,5,5.0,13.185125004348304,9,13,5,3,0.048539547390634166,4.314183456367223,0.01125115514478077,True,True,1,5,0,-4
random_4511,random_cycle_chord,20260823,200,0.9,crossing_rich,6cae8dd6dca8ab370494a907f81c49aa,2,2.0,8.122367176219772,8,11,4,3,0.07879476341253784,6.5937949465544445,0.011949835269553183,True,True,1,4,0,-3
random_4512,random_cycle_chord,20260823,200,0.9,baseline,3ddc013bba7f8602e9b01edf73e915d5,0,,,9,11,3,3,0.061605900338620796,5.327754958685992,0.011563200788388912,True,True,1,3,0,-2
random_4513,random_cycle_chord,20260823,200,0.9,baseline,103a02ce2419501dbcecbb0b106c7128,0,,,9,11,3,3,0.06233870128420686,5.38434816999894,0.01157776193440684,True,True,1,3,0,-2
random_4514,random_cycle_chord,20260823,200,0.9,crossing_rich,424f7646e94f7765f921feee852c5612,2,2.0,10.286324874848672,10,13,4,3,0.06221852875412078,5.373999089780527,0.011577696183916132,True,True,1,4,0,-3
random_4515,random_cycle_chord,20260823,200,0.9,crossing_rich,69b3e3dd7eb2f54db193b652ca130066,5,5.0,12.847274493736696,12,17,6,3,0.049816013529718914,4.408224047183883,0.011300699101612815,True,True,1,6,0,-5
random_4516,random_cycle_chord,20260823,200,0.9,crossing_rich,e4dfd7b460148a3915f7aca370896702,5,5.0,13.729083491293022,8,12,5,3,0.046616367393051965,4.157606080953248,0.011212309796882886,True,True,1,5,0,-4
random_4517,random_cycle_chord,20260823,200,0.9,crossing_rich,e4dfd7b460148a3915f7aca370896702,5,5.0,13.672139622942908,8,12,5,3,0.04681052254074633,4.168591690348623,0.011229337392080136,True,True,1,5,0,-4
random_4518,random_cycle_chord,20260823,200,0.9,crossing_rich,f8e101deee8812cdf51fe0521efd7a68,4,4.0,9.780122969695533,10,14,5,3,0.06543885000046415,5.622640709522872,0.011638454843759203,True,True,1,5,0,-4
random_4519,random_cycle_chord,20260823,200,0.9,crossing_rich,e4dfd7b460148a3915f7aca370896702,4,4.0,8.104749194389553,8,12,5,3,0.07896604628345993,6.602136298702076,0.01196068101456554,True,True,1,5,0,-4
random_4520,random_cycle_chord,20260823,200,0.9,baseline,103a02ce2419501dbcecbb0b106c7128,0,,,9,11,3,3,0.061727974473744784,5.352047385371358,0.011533525402346886,True,True,1,3,0,-2
random_4521,random_cycle_chord,20260823,200,0.9,crossing_rich,f01bb47f0e11353dcd7e62b1e2f9df0e,4,4.0,8.935340445428412,9,13,5,3,0.07162569841728227,6.073365594734228,0.01179341129725233,True,True,1,5,0,-4
random_4522,random_cycle_chord,20260823,200,0.9,crossing_rich,e4dfd7b460148a3915f7aca370896702,5,5.0,13.910266164752416,8,12,5,3,0.04600918432615708,4.105785459915156,0.011205939710037319,True,True,1,5,0,-4
random_4523,random_cycle_chord,20260823,200,0.9,crossing_rich,e4d407a5754b14e0d77d168a4e94f636,8,8.0,13.249995492469465,14,20,7,3,0.04830190322432481,4.291682171269832,0.011254771741410931,True,True,1,7,0,-6
random_4524,random_cycle_chord,20260823,200,0.9,crossing_rich,e4dfd7b460148a3915f7aca370896702,4,4.0,8.122357197906641,8,12,5,3,0.07879486021187863,6.590994980370126,0.011954926448366649,True,True,1,5,0,-4
random_4525,random_cycle_chord,20260823,200,0.9,baseline,4dd12823b4c3d089de2f1ce5c865f355,0,,,14,17,4,3,0.04835921443579754,4.288856262907408,0.011275550279928225,True,True,1,4,0,-3
random_4526,random_cycle_chord,20260823,200,0.9,crossing_rich,05dd62ad19ce4d5dd6bedfa658e868da,3,3.0,9.784381021372605,10,14,5,3,0.06541037175494392,5.622802524338846,0.011633055130748195,True,True,1,5,0,-4
random_4527,random_cycle_chord,20260823,200,0.9,crossing_rich,f01bb47f0e11353dcd7e62b1e2f9df0e,4,4.0,8.951193982844854,9,13,5,3,0.07149884152064775,6.072322102237768,0.011774546922387243,True,True,1,5,0,-4
random_4528,random_cycle_chord,20260823,200,0.9,crossing_rich,9a9d31dddbd26369d4b9887955f66826,5,5.0,14.279376424491721,12,17,6,3,0.044819884354493515,4.006797657186949,0.011185961505717809,True,True,1,6,0,-5
random_4529,random_cycle_chord,20260823,200,0.9,baseline,4ca7af1950eb0912a81fec832cb4eb96,0,,,10,12,3,3,0.0655931261393016,5.62639944138247,0.011658099788802877,True,True,1,3,0,-2
random_4530,random_cycle_chord,20260823,200,0.9,crossing_rich,2c8b3e95d62a28423936c85308a28eeb,6,6.0,9.785613316472059,10,15,6,3,0.06540213467485909,5.621398400351613,0.011634495550211892,True,True,1,6,0,-5
random_4531,random_cycle_chord,20260823,200,0.9,crossing_rich,e4dfd7b460148a3915f7aca370896702,5,5.0,13.391043850424017,8,12,5,3,0.04779313749911549,4.248084944247285,0.011250513614101924,True,True,1,5,0,-4
random_4532,random_cycle_chord,20260823,200,0.9,crossing_rich,76f64aeb3bec290543374c9120128d8d,4,4.0,10.141993550977888,10,14,5,3,0.06310396440138649,5.4489134901540615,0.011581017851616195,True,True,1,5,0,-4
random_4533,random_cycle_chord,20260823,200,0.9,baseline,4e9cca7c282396d17b6e561d68fe510e,0,,,10,13,4,3,0.05260278409511825,4.634446537712105,0.01135039182501537,True,True,1,4,0,-3
random_4534,random_cycle_chord,20260823,200,0.9,baseline,19fca4749c1a57391a2f17cdb3a8fecb,0,,,11,13,3,3,0.06031737501056899,5.224659408417089,0.011544747761623623,True,True,1,3,0,-2
random_4535,random_cycle_chord,20260823,200,0.9,crossing_rich,e4dfd7b460148a3915f7aca370896702,5,5.0,13.4302819883635,8,12,5,3,0.047653504264059385,4.246745599759032,0.011221181760160846,True,True,1,5,0,-4
random_4536,random_cycle_chord,20260823,200,0.9,baseline,b73291eb7126cc5eaf4780776629388d,0,,,8,10,3,3,0.07279716654276103,6.165767586151486,0.01180666730064004,True,True,1,3,0,-2
random_4537,random_cycle_chord,20260823,200,0.9,crossing_rich,e4dfd7b460148a3915f7aca370896702,5,5.0,13.483785577550595,8,12,5,3,0.047464415413542904,4.220867494357424,0.011245180161896741,True,True,1,5,0,-4
random_4538,random_cycle_chord,20260823,200,0.9,crossing_rich,35e6984785cd33f6953165239be9a661,4,4.0,10.231264832060505,10,14,5,3,0.06255336075306228,5.407299416755245,0.011568318291979962,True,True,1,5,0,-4
random_4539,random_cycle_chord,20260823,200,0.9,baseline,3ddc013bba7f8602e9b01edf73e915d5,0,,,9,11,3,3,0.06169845129624865,5.343278851368541,0.011546927085874662,True,True,1,3,0,-2
random_4540,random_cycle_chord,20260823,200,0.9,crossing_rich,6d874bcfc7ffa650b637f987a4867714,3,3.0,12.47826693130191,12,16,5,3,0.051289173690823274,4.5249392922899405,0.011334776088204117,True,True,1,5,0,-4
random_4541,random_cycle_chord,20260823,200,0.9,crossing_rich,d3b9e56b5337f4aa08cbf81ed5c2928d,2,2.0,8.121798930535036,8,11,4,3,0.07880027632718543,6.586839165601069,0.011963291397596266,True,True,1,4,0,-3
random_4542,random_cycle_chord,20260823,200,0.9,crossing_rich,e4dfd7b460148a3915f7aca370896702,4,4.0,8.115668968800057,8,12,5,3,0.07885979608833495,6.6024803839946085,0.011943965222449246,True,True,1,5,0,-4
random_4543,random_cycle_chord,20260823,200,0.9,crossing_rich,b305b70f623a871a7070c53e144609b5,4,4.0,10.631420188118101,11,15,5,3,0.06019891874044048,5.220999199237395,0.01153015283917941,True,True,1,5,0,-4
random_4544,random_cycle_chord,20260823,200,0.9,crossing_rich,e4dfd7b460148a3915f7aca370896702,4,4.0,8.138361321774862,8,12,5,3,0.07863990976753843,6.586882379945627,0.01193886655801915,True,True,1,5,0,-4
random_4545,random_cycle_chord,20260823,200,0.9,crossing_rich,4b011076f0b1f9550e5fa13ae5b0a0c2,3,3.0,13.996123502553681,10,13,4,3,0.04572694717099545,4.083579581761374,0.011197760752656131,True,True,1,4,0,-3
random_4546,random_cycle_chord,20260823,200,0.9,crossing_rich,35e6984785cd33f6953165239be9a661,4,4.0,10.105160737439746,10,14,5,3,0.06333397524581594,5.462439383169863,0.011594449073604754,True,True,1,5,0,-4
random_4547,random_cycle_chord,20260823,200,0.9,crossing_rich,f01bb47f0e11353dcd7e62b1e2f9df0e,4,4.0,8.948825011675709,9,13,5,3,0.07151776899927972,6.076509717130618,0.01176954737645858,True,True,1,5,0,-4
random_4548,random_cycle_chord,20260823,200,0.9,crossing_rich,429df70666ac31be119e0f8ea771ce6f,6,6.0,12.358530085884421,13,18,6,3,0.051786093940976906,4.5617150638944794,0.011352329817979795,True,True,1,6,0,-5
random_4549,random_cycle_chord,20260823,200,0.9,crossing_rich,05dd62ad19ce4d5dd6bedfa658e868da,3,3.0,9.784257426825423,10,14,5,3,0.06541119801747212,5.625095608000909,0.011628459776654086,True,True,1,5,0,-4
random_4550,random_cycle_chord,20260823,200,0.9,baseline,4ca7af1950eb0912a81fec832cb4eb96,0,,,10,12,3,3,0.0653956168394649,5.629457231339401,0.011616682417517097,True,True,1,3,0,-2
random_4551,random_cycle_chord,20260823,200,0.9,crossing_rich,bb2c7ed8feef84917625e983562a84b2,5,5.0,14.208051861378081,10,14,5,3,0.045044880624325406,4.023770219478162,0.011194695066401488,True,True,1,5,0,-4
random_4552,random_cycle_chord,20260823,200,0.9,baseline,f2551d12306507df164d13e621c6cf57,0,,,10,12,3,3,0.053054926865148316,4.6645302686186145,0.011374119967038045,True,True,1,3,0,-2
random_4553,random_cycle_chord,20260823,200,0.9,crossing_rich,e4dfd7b460148a3915f7aca370896702,4,4.0,8.111109614189392,8,12,5,3,0.07890412415095445,6.603655197568552,0.011948553004403794,True,True,1,5,0,-4
random_4554,random_cycle_chord,20260823,200,0.9,crossing_rich,76f64aeb3bec290543374c9120128d8d,4,4.0,10.30411722547213,10,14,5,3,0.06211109462321509,5.372535525419278,0.011560853218996235,True,True,1,5,0,-4
random_4555,random_cycle_chord,20260823,200,0.9,crossing_rich,e4dfd7b460148a3915f7aca370896702,5,5.0,13.783692539223457,8,12,5,3,0.04643167991296882,4.137336645203151,0.011222601372504205,True,True,1,5,0,-4
random_4556,random_cycle_chord,20260823,200,0.9,crossing_rich,9864390659db0a33d7b4bc27549e7f6e,3,3.0,10.269262879275196,10,14,5,3,0.06232190250885574,5.3781451018828115,0.01158799201736631,True,True,1,5,0,-4
random_4557,random_cycle_chord,20260823,200,0.9,crossing_rich,8d92d8721dbd33134985bb942b070fe4,5,5.0,13.622221703228922,9,13,5,3,0.046982057254896875,4.1812915844737635,0.011236254708797067,True,True,1,5,0,-4
random_4558,random_cycle_chord,20260823,200,0.9,crossing_rich,6cae8dd6dca8ab370494a907f81c49aa,3,3.0,13.48235144687313,8,11,4,3,0.04746946424901502,4.228708886207971,0.0112255219090247,True,True,1,4,0,-3
random_4559,random_cycle_chord,20260823,200,0.9,crossing_rich,e4dfd7b460148a3915f7aca370896702,4,4.0,8.121966920240084,8,12,5,3,0.07879864647135028,6.587836225255341,0.011961233366619719,True,True,1,5,0,-4
random_4560,random_cycle_chord,20260823,200,0.9,crossing_rich,b497a8280ab5258c0901c20c694e809b,3,3.0,12.683865192906076,9,12,4,3,0.050457805272003664,4.476189215406249,0.011272491586892005,True,True,1,4,0,-3
random_4561,random_cycle_chord,20260823,200,0.9,crossing_rich,e4dfd7b460148a3915f7aca370896702,5,5.0,13.662511233299725,8,12,5,3,0.046843511348054666,4.173622303497149,0.011223706397390988,True,True,1,5,0,-4
random_4562,random_cycle_chord,20260823,200,0.9,crossing_rich,e4dfd7b460148a3915f7aca370896702,5,5.0,13.631304850793946,8,12,5,3,0.04695075101065792,4.18317913209718,0.011223700809369784,True,True,1,5,0,-4
random_4563,random_cycle_chord,20260823,200,0.9,crossing_rich,6cae8dd6dca8ab370494a907f81c49aa,3,3.0,13.448342300418894,8,11,4,3,0.0475895084838869,4.240557015276169,0.011222466367614115,True,True,1,4,0,-3
random_4564,random_cycle_chord,20260823,200,0.9,crossing_rich,3766c050500c74590e361b5f3d5119d1,2,2.0,9.13868467735528,9,12,4,3,0.07003196002438448,5.9538458888723405,0.011762474429389127,True,True,1,4,0,-3
random_4565,random_cycle_chord,20260823,200,0.9,crossing_rich,8d92d8721dbd33134985bb942b070fe4,5,5.0,13.07599303262799,9,13,5,3,0.0489446574652521,4.3462303682046155,0.011261404324840392,True,True,1,5,0,-4
random_4566,random_cycle_chord,20260823,200,0.9,crossing_rich,d3b9e56b5337f4aa08cbf81ed5c2928d,2,2.0,8.577133211662916,8,11,4,3,0.07461700596298868,6.293511826066347,0.011856179510768753,True,True,1,4,0,-3
random_4567,random_cycle_chord,20260823,200,0.9,baseline,59b8a3996410db2fb3f2d81dd28a72be,0,,,15,18,4,3,0.04531418155397812,4.044110348898249,0.011204981477897414,True,True,1,4,0,-3
random_4568,random_cycle_chord,20260823,200,0.9,baseline,7c306ea22fa11127d6be2c859c9e00b5,0,,,13,16,4,3,0.05173233653155362,4.5641023504691836,0.011334613590827033,True,True,1,4,0,-3
random_4569,random_cycle_chord,20260823,200,0.9,crossing_rich,9e29c665f19ef85c09f08031b7489ca3,6,6.0,10.60987787089514,11,16,6,3,0.06032114674530218,5.222605594169906,0.01155000998211311,True,True,1,6,0,-5
random_4570,random_cycle_chord,20260823,200,0.9,crossing_rich,2c8b3e95d62a28423936c85308a28eeb,6,6.0,9.757708921651131,10,15,6,3,0.06558916700004448,5.628399542459657,0.011653253559071515,True,True,1,6,0,-5
random_4571,random_cycle_chord,20260823,200,0.9,baseline,8f34f4541eedc7b1aecfd95c1d8d238c,0,,,11,14,4,3,0.04554211346356046,4.071404812929925,0.011185847528334273,True,True,1,4,0,-3
random_4572,random_cycle_chord,20260823,200,0.9,crossing_rich,8d92d8721dbd33134985bb942b070fe4,5,5.0,12.99002030431883,9,13,5,3,0.049268591195905785,4.371278425540979,0.01127097988268922,True,True,1,5,0,-4
random_4573,random_cycle_chord,20260823,200,0.9,baseline,7e6bc2286a474f101d6d3fad2dea3b25,0,,,11,14,4,3,0.046041525319182874,4.110735561832249,0.011200313089139966,True,True,1,4,0,-3
random_4574,random_cycle_chord,20260823,200,0.9,crossing_rich,e4dfd7b460148a3915f7aca370896702,4,4.0,8.12240531566761,8,12,5,3,0.07879439342499693,6.591424961530395,0.01195407577039343,True,True,1,5,0,-4
random_4575,random_cycle_chord,20260823,200,0.9,baseline,5ece6bdff7ea6a9025672e56fbda3d50,0,,,11,13,3,3,0.045311114800655784,4.04425986061894,0.01120380894459173,True,True,1,3,0,-2
random_4576,random_cycle_chord,20260823,200,0.9,crossing_rich,e4dfd7b460148a3915f7aca370896702,5,5.0,13.840448245617676,8,12,5,3,0.04624127691837179,4.122049163397793,0.011218031392972335,True,True,1,5,0,-4
random_4577,random_cycle_chord,20260823,200,0.9,crossing_rich,e4dfd7b460148a3915f7aca370896702,5,5.0,13.46174500746504,8,12,5,3,0.047542127684419525,4.242026274026545,0.011207410000148911,True,True,1,5,0,-4
random_4578,random_cycle_chord,20260823,200,0.9,baseline,f8915e048c5e07d3dc0ece3ddaef1ca9,0,,,14,16,3,3,0.048302540465092934,4.292991767998488,0.011251486859387323,True,True,1,3,0,-2
random_4579,random_cycle_chord,20260823,200,0.9,crossing_rich,6cae8dd6dca8ab370494a907f81c49aa,3,3.0,13.519075750780392,8,11,4,3,0.047340514381174016,4.219595164520667,0.011219207657460605,True,True,1,4,0,-3
random_4580,random_cycle_chord,20260823,200,0.9,crossing_rich,9e29c665f19ef85c09f08031b7489ca3,6,6.0,10.6352406541034,11,16,6,3,0.06017729366124578,5.228009703967386,0.011510555080947721,True,True,1,6,0,-5
random_4581,random_cycle_chord,20260823,200,0.9,crossing_rich,8d92d8721dbd33134985bb942b070fe4,5,5.0,12.882450780832828,9,13,5,3,0.04967998798429138,4.397930991866945,0.011296218170808989,True,True,1,5,0,-4
random_4582,random_cycle_chord,20260823,200,0.9,crossing_rich,6cae8dd6dca8ab370494a907f81c49aa,2,2.0,8.138187447365544,8,11,4,3,0.0786415899288702,6.586373244446967,0.011940044545026911,True,True,1,4,0,-3
random_4583,random_cycle_chord,20260823,200,0.9,baseline,4e9cca7c282396d17b6e561d68fe510e,0,,,10,13,4,3,0.05313208150866044,4.685771353107769,0.01133902563841946,True,True,1,4,0,-3
random_4584,random_cycle_chord,20260823,200,0.9,crossing_rich,2c8b3e95d62a28423936c85308a28eeb,6,6.0,9.771555335900574,10,15,6,3,0.06549622634266296,5.624960983634165,0.011643854336629953,True,True,1,6,0,-5
random_4585,random_cycle_chord,20260823,200,0.9,crossing_rich,e4dfd7b460148a3915f7aca370896702,5,5.0,13.605989329979769,8,12,5,3,0.0470381083270298,4.196687907252182,0.01120838846408963,True,True,1,5,0,-4
random_4586,random_cycle_chord,20260823,200,0.9,crossing_rich,e756d46da8759e602b7402a988779cfd,12,12.0,13.241220264282399,14,21,8,3,0.04833391388604655,4.288674533445262,0.011270128686407454,True,True,1,8,0,-7
random_4587,random_cycle_chord,20260823,200,0.9,baseline,19fca4749c1a57391a2f17cdb3a8fecb,0,,,11,13,3,3,0.06032100506676912,5.222630424102596,0.011549927942131588,True,True,1,3,0,-2
random_4588,random_cycle_chord,20260823,200,0.9,baseline,cbcdcec981f1dd5d52ceecf70d124d2f,0,,,12,14,3,3,0.055663992355355095,4.880105154155942,0.011406310027551585,True,True,1,3,0,-2
random_4589,random_cycle_chord,20260823,200,0.9,crossing_rich,e4dfd7b460148a3915f7aca370896702,4,4.0,8.13380832553461,8,12,5,3,0.07868392939514404,6.583849169722696,0.011951052851725355,True,True,1,5,0,-4
random_4590,random_cycle_chord,20260823,200,0.9,crossing_rich,6cae8dd6dca8ab370494a907f81c49aa,3,3.0,13.762674647145479,8,11,4,3,0.04650258880694696,4.1432938337151555,0.011223579758824301,True,True,1,4,0,-3
random_4591,random_cycle_chord,20260823,200,0.9,crossing_rich,f8e101deee8812cdf51fe0521efd7a68,5,5.0,11.71149830577755,10,14,5,3,0.05464714960375936,4.799974014745246,0.011384884467267207,True,True,1,5,0,-4
random_4592,random_cycle_chord,20260823,200,0.9,baseline,5c25c6be641fc20f13f284ff50ca2a81,0,,,13,16,4,3,0.05176302354898937,4.56590289512854,0.011336864742396617,True,True,1,4,0,-3
random_4593,random_cycle_chord,20260823,200,0.9,baseline,237b03a6236ff83b0e5299ac7fc023ee,0,,,10,12,3,3,0.0535770041954193,4.709441146344689,0.011376509978684834,True,True,1,3,0,-2
random_4594,random_cycle_chord,20260823,200,0.9,crossing_rich,8d92d8721dbd33134985bb942b070fe4,5,5.0,13.662587404824842,9,13,5,3,0.0468432501865634,4.17010809777527,0.011233102137461143,True,True,1,5,0,-4
random_4595,random_cycle_chord,20260823,200,0.9,crossing_rich,e4dfd7b460148a3915f7aca370896702,5,5.0,13.569641841891489,8,12,5,3,0.04716410406826107,4.205621492623355,0.011214538481645752,True,True,1,5,0,-4
random_4596,random_cycle_chord,20260823,200,0.9,crossing_rich,b497a8280ab5258c0901c20c694e809b,3,3.0,12.59639887215878,9,12,4,3,0.05080817196211224,4.497084970981003,0.01129802356192279,True,True,1,4,0,-3
random_4597,random_cycle_chord,20260823,200,0.9,baseline,b73291eb7126cc5eaf4780776629388d,0,,,8,10,3,3,0.07274094323778335,6.156796248560869,0.011814739403595873,True,True,1,3,0,-2
random_4598,random_cycle_chord,20260823,200,0.9,baseline,4ca7af1950eb0912a81fec832cb4eb96,0,,,10,12,3,3,0.06551957150544024,5.618738162173351,0.011660904924620479,True,True,1,3,0,-2
random_4599,random_cycle_chord,20260823,200,0.9,crossing_rich,e4dfd7b460148a3915f7aca370896702,5,5.0,13.705867402642571,8,12,5,3,0.04669532990495766,4.166497517306057,0.01120733414840712,True,True,1,5,0,-4
random_4600,random_cycle_chord,20260823,200,0.9,baseline,4e9cca7c282396d17b6e561d68fe510e,0,,,10,13,4,3,0.053007388038504334,4.661308143972022,0.011371783714203318,True,True,1,4,0,-3
random_4601,random_cycle_chord,20260823,200,0.9,crossing_rich,3fab4ef2f63da835bddba85944e4d7b7,3,3.0,12.092941340861787,11,15,5,3,0.05292343541247933,4.666741346075388,0.011340554679977414,True,True,1,5,0,-4
random_4602,random_cycle_chord,20260823,200,0.9,crossing_rich,6cae8dd6dca8ab370494a907f81c49aa,3,3.0,13.474927077249928,8,11,4,3,0.04749561881344269,4.232664377506768,0.011221210702611808,True,True,1,4,0,-3
random_4603,random_cycle_chord,20260823,200,0.9,crossing_rich,e4dfd7b460148a3915f7aca370896702,4,4.0,8.121994676856811,8,12,5,3,0.07879837717988732,6.588028458534224,0.01196084347173862,True,True,1,5,0,-4
random_4604,random_cycle_chord,20260823,200,0.9,baseline,e756644711763e07d0e3622d4415d4c4,0,,,11,13,3,3,0.04529973077175355,4.04236338598268,0.01120624902967287,True,True,1,3,0,-2
random_4605,random_cycle_chord,20260823,200,0.9,crossing_rich,2c8b3e95d62a28423936c85308a28eeb,5,5.0,10.160637901779497,10,15,6,3,0.06298817123361052,5.4375749926795125,0.011583871729292948,True,True,1,6,0,-5
random_4606,random_cycle_chord,20260823,200,0.9,baseline,f2551d12306507df164d13e621c6cf57,0,,,10,12,3,3,0.05310049975890913,4.671661067253111,0.011366513750564461,True,True,1,3,0,-2
random_4607,random_cycle_chord,20260823,200,0.9,crossing_rich,6cae8dd6dca8ab370494a907f81c49aa,2,2.0,8.13692905406914,8,11,4,3,0.07865375201716265,6.5843796481087695,0.011945506823828781,True,True,1,4,0,-3
random_4608,random_cycle_chord,20260823,200,0.9,baseline,4ca7af1950eb0912a81fec832cb4eb96,0,,,10,12,3,3,0.06541152420561708,5.621946454662103,0.011635031520332849,True,True,1,3,0,-2
random_4609,random_cycle_chord,20260823,200,0.9,crossing_rich,d3b9e56b5337f4aa08cbf81ed5c2928d,2,2.0,8.546830183279551,8,11,4,3,0.07488156267010586,6.317684693107688,0.011852690709904896,True,True,1,4,0,-3
random_4610,random_cycle_chord,20260823,200,0.9,crossing_rich,8d92d8721dbd33134985bb942b070fe4,5,5.0,13.024621123486215,9,13,5,3,0.04913770572918557,4.363065979742558,0.011262196344801766,True,True,1,5,0,-4
random_4611,random_cycle_chord,20260823,200,0.9,crossing_rich,8d92d8721dbd33134985bb942b070fe4,5,5.0,13.18999166663355,9,13,5,3,0.04852163793393402,4.310033706441965,0.011257832592216497,True,True,1,5,0,-4
random_4612,random_cycle_chord,20260823,200,0.9,baseline,5ece6bdff7ea6a9025672e56fbda3d50,0,,,11,13,3,3,0.04554111596155326,4.06645282822102,0.011199223963819215,True,True,1,3,0,-2
random_4613,random_cycle_chord,20260823,200,0.9,crossing_rich,8d92d8721dbd33134985bb942b070fe4,5,5.0,13.29446947511428,9,13,5,3,0.0481403188895959,4.286771441721473,0.011229970980273165,True,True,1,5,0,-4
random_4614,random_cycle_chord,20260823,200,0.9,crossing_rich,ef457cb883268cd546431e37c4eedca2,3,3.0,11.169027369743645,11,15,5,3,0.05730131897910189,5.003249887040092,0.011452819721743137,True,True,1,5,0,-4
random_4615,random_cycle_chord,20260823,200,0.9,crossing_rich,e4dfd7b460148a3915f7aca370896702,5,5.0,13.375202000452177,8,12,5,3,0.04784974462279998,4.261045123424842,0.011229579419318713,True,True,1,5,0,-4
random_4616,random_cycle_chord,20260823,200,0.9,crossing_rich,6cae8dd6dca8ab370494a907f81c49aa,3,3.0,13.600362057521307,8,11,4,3,0.047057570768571234,4.191654015754271,0.011226492117838455,True,True,1,4,0,-3
random_4617,random_cycle_chord,20260823,200,0.9,crossing_rich,ef708e22c6afb49a267da2ce884548df,2,2.0,9.176069633049813,9,12,4,3,0.06974663724160142,5.946542997195615,0.01172893852352432,True,True,1,4,0,-3
random_4618,random_cycle_chord,20260823,200,0.9,crossing_rich,9864390659db0a33d7b4bc27549e7f6e,3,3.0,9.784257820391186,10,14,5,3,0.06541119538634685,5.623353036432058,0.01163206275020737,True,True,1,5,0,-4
random_4619,random_cycle_chord,20260823,200,0.9,crossing_rich,4467d186770b135b5b560de83378064c,3,3.0,12.691886946174606,12,16,5,3,0.0504259140279294,4.464471860492953,0.011294933780221325,True,True,1,5,0,-4
random_4620,random_cycle_chord,20260823,200,0.9,crossing_rich,4b011076f0b1f9550e5fa13ae5b0a0c2,3,3.0,13.929163171611814,10,13,4,3,0.04594676594099675,4.101835148521171,0.01120151451175747,True,True,1,4,0,-3
random_4621,random_cycle_chord,20260823,200,0.9,crossing_rich,8d92d8721dbd33134985bb942b070fe4,5,5.0,13.433531693195043,9,13,5,3,0.047641976407752966,4.244898745418419,0.011223348132667158,True,True,1,5,0,-4
random_4622,random_cycle_chord,20260823,200,0.9,crossing_rich,1bd7a88747bdc961e21c3ee07c2e7c28,5,5.0,13.975002196998226,12,17,6,3,0.04579605720115518,4.085440187134299,0.011209577206728969,True,True,1,6,0,-5
random_4623,random_cycle_chord,20260823,200,0.9,crossing_rich,6cae8dd6dca8ab370494a907f81c49aa,3,3.0,13.77100700688009,8,11,4,3,0.04647445169988307,4.141287394738343,0.011222223253312619,True,True,1,4,0,-3
random_4624,random_cycle_chord,20260823,200,0.9,crossing_rich,76f64aeb3bec290543374c9120128d8d,4,4.0,10.179231697564857,10,14,5,3,0.06287311449577329,5.429620376521369,0.011579652008020242,True,True,1,5,0,-4
random_4625,random_cycle_chord,20260823,200,0.9,crossing_rich,f01bb47f0e11353dcd7e62b1e2f9df0e,4,4.0,8.945732801775147,9,13,5,3,0.07154249005436442,6.082761917978168,0.011761514098211528,True,True,1,5,0,-4
random_4626,random_cycle_chord,20260823,200,0.9,baseline,3ddc013bba7f8602e9b01edf73e915d5,0,,,9,11,3,3,0.062425644107364904,5.403147242705754,0.011553570780740706,True,True,1,3,0,-2
random_4627,random_cycle_chord,20260823,200,0.9,crossing_rich,f01bb47f0e11353dcd7e62b1e2f9df0e,4,4.0,8.946792053103252,9,13,5,3,0.07153401981417595,6.0718656152027455,0.011781225795753612,True,True,1,5,0,-4
random_4628,random_cycle_chord,20260823,200,0.9,crossing_rich,cbd367df182ccb02b6db0d327f7ca73e,5,5.0,12.234703129253832,11,16,6,3,0.052310218992541443,4.612873326695604,0.011340051045800874,True,True,1,6,0,-5
random_4629,random_cycle_chord,20260823,200,0.9,crossing_rich,c4365d72dce08edef88398c38d8f58b5,2,2.0,9.786725118354564,10,13,4,3,0.06539470479248556,5.6291638018002566,0.011617125934685318,True,True,1,4,0,-3
random_4630,random_cycle_chord,20260823,200,0.9,crossing_rich,d3b9e56b5337f4aa08cbf81ed5c2928d,2,2.0,8.451491078456693,8,11,4,3,0.07572628238718664,6.385333281426918,0.011859409532694624,True,True,1,4,0,-3
random_4631,random_cycle_chord,20260823,200,0.9,crossing_rich,648d8ef4081e2275138b6441a5636b21,8,8.0,13.248718539754066,14,20,7,3,0.04830655871204584,4.29705093429661,0.011241793371935723,True,True,1,7,0,-6
random_4632,random_cycle_chord,20260823,200,0.9,crossing_rich,6cae8dd6dca8ab370494a907f81c49aa,2,2.0,8.104714546225399,8,11,4,3,0.07896638386827166,6.602151935121542,0.011960703819643002,True,True,1,4,0,-3
random_4633,random_cycle_chord,20260823,200,0.9,crossing_rich,e4dfd7b460148a3915f7aca370896702,5,5.0,13.509878984862663,8,12,5,3,0.047372741141286104,4.217813950893113,0.011231586241791207,True,True,1,5,0,-4
random_4634,random_cycle_chord,20260823,200,0.9,crossing_rich,8d92d8721dbd33134985bb942b070fe4,5,5.0,12.988322681260854,9,13,5,3,0.04927503078772227,4.373358519587554,0.011267091542352977,True,True,1,5,0,-4
random_4635,random_cycle_chord,20260823,200,0.9,crossing_rich,e4dfd7b460148a3915f7aca370896702,5,5.0,13.487274661223772,8,12,5,3,0.04745213663068751,4.227153396585014,0.011225553505823237,True,True,1,5,0,-4
random_4636,random_cycle_chord,20260823,200,0.9,baseline,237b03a6236ff83b0e5299ac7fc023ee,0,,,10,12,3,3,0.05265603228706575,4.632884634627742,0.011365711956973158,True,True,1,3,0,-2
random_4637,random_cycle_chord,20260823,200,0.9,baseline,b73291eb7126cc5eaf4780776629388d,0,,,8,10,3,3,0.07278367724752215,6.162114082007038,0.01181147837883197,True,True,1,3,0,-2
random_4638,random_cycle_chord,20260823,200,0.9,baseline,b73291eb7126cc5eaf4780776629388d,0,,,8,10,3,3,0.07258304051270668,6.140040162013909,0.011821264779626414,True,True,1,3,0,-2
random_4639,random_cycle_chord,20260823,200,0.9,crossing_rich,d3b9e56b5337f4aa08cbf81ed5c2928d,2,2.0,8.388518572231902,8,11,4,3,0.07629475866198357,6.417630253894099,0.011888306998629179,True,True,1,4,0,-3
random_4640,random_cycle_chord,20260823,200,0.9,crossing_rich,05d80196f323e04ff56b34017006403f,2,2.0,9.7836395458307,10,13,4,3,0.06541532902985332,5.624674302673208,0.01163006522862377,True,True,1,4,0,-3
random_4641,random_cycle_chord,20260823,200,0.9,crossing_rich,e4dfd7b460148a3915f7aca370896702,5,5.0,13.31328655050015,8,12,5,3,0.04807227708743012,4.2711736968669545,0.011255050835954695,True,True,1,5,0,-4
random_4642,random_cycle_chord,20260823,200,0.9,crossing_rich,9e29c665f19ef85c09f08031b7489ca3,6,6.0,10.632518489341999,11,16,6,3,0.060192700406919944,5.227212374187707,0.0115152582481927,True,True,1,6,0,-5
random_4643,random_cycle_chord,20260823,200,0.9,crossing_rich,6cae8dd6dca8ab370494a907f81c49aa,3,3.0,13.51776198820495,8,11,4,3,0.04734511530521384,4.2112950017580415,0.01124241243737359,True,True,1,4,0,-3
random_4644,random_cycle_chord,20260823,200,0.9,crossing_rich,6cae8dd6dca8ab370494a907f81c49aa,2,2.0,8.122396466191313,8,11,4,3,0.07879447927270454,6.593759906705869,0.011949855679848211,True,True,1,4,0,-3
random_4645,random_cycle_chord,20260823,200,0.9,crossing_rich,e4dfd7b460148a3915f7aca370896702,5,5.0,13.747939878576144,8,12,5,3,0.04655242935687641,4.157185262717718,0.011198064655517235,True,True,1,5,0,-4
random_4646,random_cycle_chord,20260823,200,0.9,crossing_rich,9864390659db0a33d7b4bc27549e7f6e,3,3.0,10.10377004255901,10,14,5,3,0.06334269260921396,5.461078078622466,0.011598935539334367,True,True,1,5,0,-4
random_4647,random_cycle_chord,20260823,200,0.9,baseline,237b03a6236ff83b0e5299ac7fc023ee,0,,,10,12,3,3,0.05343289826796339,4.69667868147383,0.011376741287142089,True,True,1,3,0,-2
random_4648,random_cycle_chord,20260823,200,0.9,crossing_rich,2c8b3e95d62a28423936c85308a28eeb,5,5.0,10.236979694192843,10,15,6,3,0.06251843992257348,5.403654460608452,0.011569659085035926,True,True,1,6,0,-5
random_4649,random_cycle_chord,20260823,200,0.9,crossing_rich,6cae8dd6dca8ab370494a907f81c49aa,2,2.0,8.14034121248334,8,11,4,3,0.07862078299845097,6.588370093995507,0.01193326754216558,True,True,1,4,0,-3
random_4650,random_cycle_chord,20260823,200,0.9,crossing_rich,8d92d8721dbd33134985bb942b070fe4,5,5.0,13.041411290128341,9,13,5,3,0.049074443383627216,4.354509006946496,0.0112697994895272,True,True,1,5,0,-4
random_4651,random_cycle_chord,20260823,200,0.9,baseline,3ddc013bba7f8602e9b01edf73e915d5,0,,,9,11,3,3,0.06280667176325938,5.436601850298312,0.011552560495084463,True,True,1,3,0,-2
random_4652,random_cycle_chord,20260823,200,0.9,crossing_rich,9864390659db0a33d7b4bc27549e7f6e,4,4.0,9.882296575163787,10,14,5,3,0.06476227414672513,5.580841685269187,0.01160439191774016,True,True,1,5,0,-4
random_4653,random_cycle_chord,20260823,200,0.9,crossing_rich,6131b4a2508794607a78bcc22975067c,7,7.0,13.394750873833543,13,19,7,3,0.04777991065516799,4.253133601970781,0.011234048851187778,True,True,1,7,0,-6
random_4654,random_cycle_chord,20260823,200,0.9,crossing_rich,6cae8dd6dca8ab370494a907f81c49aa,3,3.0,13.869314040515057,8,11,4,3,0.046145036310406645,4.115329685427952,0.011212962226040473,True,True,1,4,0,-3
random_4655,random_cycle_chord,20260823,200,0.9,crossing_rich,6cae8dd6dca8ab370494a907f81c49aa,2,2.0,8.106430996465999,8,11,4,3,0.07894966357932463,6.602213937880456,0.011958058966606323,True,True,1,4,0,-3
random_4656,random_cycle_chord,20260823,200,0.9,crossing_rich,3766c050500c74590e361b5f3d5119d1,2,2.0,9.069267478488898,9,12,4,3,0.070567992565882,6.00467609751924,0.011752173043111573,True,True,1,4,0,-3
random_4657,random_cycle_chord,20260823,200,0.9,crossing_rich,d3b9e56b5337f4aa08cbf81ed5c2928d,2,2.0,8.131477773683374,8,11,4,3,0.07870648088977,6.581409110372094,0.011958910253084109,True,True,1,4,0,-3
random_4658,random_cycle_chord,20260823,200,0.9,baseline,7e6bc2286a474f101d6d3fad2dea3b25,0,,,11,14,4,3,0.04598641821648005,4.106815656878855,0.011197585199485027,True,True,1,4,0,-3
random_4659,random_cycle_chord,20260823,200,0.9,crossing_rich,70da9ce31b854287053639114322680a,6,6.0,11.497669578780366,12,17,6,3,0.055663453851653395,4.881467892894271,0.011403015460304498,True,True,1,6,0,-5
random_4660,random_cycle_chord,20260823,200,0.9,baseline,4e9cca7c282396d17b6e561d68fe510e,0,,,10,13,4,3,0.05287497343648831,4.649008939537969,0.01137338605370442,True,True,1,4,0,-3
random_4661,random_cycle_chord,20260823,200,0.9,crossing_rich,748a628f2d4ade0213315cc4014b52e0,3,3.0,10.937928202291962,10,14,5,3,0.058511994974138955,5.087138368972003,0.011501946817688572,True,True,1,5,0,-4
random_4662,random_cycle_chord,20260823,200,0.9,crossing_rich,8d92d8721dbd33134985bb942b070fe4,5,5.0,13.509600848321755,9,13,5,3,0.04737371645436177,4.216257082314745,0.011235964868715588,True,True,1,5,0,-4
random_4663,random_cycle_chord,20260823,200,0.9,crossing_rich,ef708e22c6afb49a267da2ce884548df,2,2.0,9.214094220650056,9,12,4,3,0.06945880785174431,5.914719733420187,0.011743381086897207,True,True,1,4,0,-3
random_4664,random_cycle_chord,20260823,200,0.9,crossing_rich,3fd2c2eb659a4ae21fb8db078f758c89,5,5.0,14.103815196497887,12,17,6,3,0.04537779253934908,4.056821655739466,0.011185552728242313,True,True,1,6,0,-5
random_4665,random_cycle_chord,20260823,200,0.9,crossing_rich,a17d4027c28a77bd091908d86be3664e,2,2.0,8.938204652917783,9,12,4,3,0.07160274628429757,6.070301481022429,0.011795583219078837,True,True,1,4,0,-3
random_4666,random_cycle_chord,20260823,200,0.9,crossing_rich,35e6984785cd33f6953165239be9a661,4,4.0,9.953755541394113,10,14,5,3,0.06429733956580194,5.5378754785740245,0.011610470443867435,True,True,1,5,0,-4
random_4667,random_cycle_chord,20260823,200,0.9,crossing_rich,6cae8dd6dca8ab370494a907f81c49aa,2,2.0,8.123784664606875,8,11,4,3,0.07878101481299797,6.599365535745109,0.01193766497495628,True,True,1,4,0,-3
random_4668,random_cycle_chord,20260823,200,0.9,crossing_rich,67bd3f475c31a95ddcf874e77304dbc0,2,2.0,9.781111181164174,10,13,4,3,0.06543223854079792,5.6198771448151925,0.011643001591443087,True,True,1,4,0,-3
random_4669,random_cycle_chord,20260823,200,0.9,crossing_rich,a4f7d8477a0525516554ce9fe3f8d1bb,6,6.0,12.369585480085643,13,18,6,3,0.05173980979640466,4.567057352838905,0.011328916148653782,True,True,1,6,0,-5
random_4670,random_cycle_chord,20260823,200,0.9,crossing_rich,35e6984785cd33f6953165239be9a661,4,4.0,10.19806338609286,10,14,5,3,0.062757013343609,5.42358600389332,0.01157112900921252,True,True,1,5,0,-4
random_4671,random_cycle_chord,20260823,200,0.9,crossing_rich,e4dfd7b460148a3915f7aca370896702,4,4.0,8.135326134206636,8,12,5,3,0.07866924932597227,6.583679583910934,0.011949130926453746,True,True,1,5,0,-4
random_4672,random_cycle_chord,20260823,200,0.9,baseline,b73291eb7126cc5eaf4780776629388d,0,,,8,10,3,3,0.07232806156314996,6.127442913335127,0.011803955187528995,True,True,1,3,0,-2
random_4673,random_cycle_chord,20260823,200,0.9,crossing_rich,cbd367df182ccb02b6db0d327f7ca73e,5,5.0,11.958906533388696,11,16,6,3,0.053516598546292725,4.700797838221373,0.011384577764897383,True,True,1,6,0,-5
random_4674,random_cycle_chord,20260823,200,0.9,crossing_rich,e4dfd7b460148a3915f7aca370896702,5,5.0,13.563079823405834,8,12,5,3,0.04718692275891134,4.199983683098638,0.011235025257073872,True,True,1,5,0,-4
random_4675,random_cycle_chord,20260823,200,0.9,crossing_rich,cbaf1e371925cd13b01bcc294c94af92,6,6.0,11.507229481591994,12,17,6,3,0.05561721012201955,4.874326475353885,0.011410234912092473,True,True,1,6,0,-5
random_4676,random_cycle_chord,20260823,200,0.9,crossing_rich,3d0413d4a1cb37376ec8849f5460f121,6,6.0,13.45637765785354,13,18,6,3,0.04756109082792256,4.234714827338552,0.01123123817473535,True,True,1,6,0,-5
random_4677,random_cycle_chord,20260823,200,0.9,crossing_rich,ef708e22c6afb49a267da2ce884548df,2,2.0,9.663038596298566,9,12,4,3,0.06623175449647406,5.691721787022482,0.011636505959846284,True,True,1,4,0,-3
random_4678,random_cycle_chord,20260823,200,0.9,crossing_rich,e4dfd7b460148a3915f7aca370896702,4,4.0,8.120362384241385,8,12,5,3,0.07881421662190875,6.59626132957633,0.011948316278574563,True,True,1,5,0,-4
random_4679,random_cycle_chord,20260823,200,0.9,crossing_rich,d357a12c7ca2c6575674ecb615719dcd,9,9.0,13.246632890345447,14,20,7,3,0.048314164459592725,4.2955730222535005,0.0112474317650516,True,True,1,7,0,-6
random_4680,random_cycle_chord,20260823,200,0.9,crossing_rich,a17d4027c28a77bd091908d86be3664e,2,2.0,8.936018777139328,9,12,4,3,0.07162026132233376,6.071596485421508,0.011795952101609676,True,True,1,4,0,-3
random_4681,random_cycle_chord,20260823,200,0.9,crossing_rich,b497a8280ab5258c0901c20c694e809b,3,3.0,12.50186997160023,9,12,4,3,0.051192341741983456,4.51940686973687,0.01132722572176025,True,True,1,4,0,-3
random_4682,random_cycle_chord,20260823,200,0.9,crossing_rich,76f64aeb3bec290543374c9120128d8d,4,4.0,9.876951374685325,10,14,5,3,0.06479732214135661,5.571651841582236,0.011629822534452456,True,True,1,5,0,-4
random_4683,random_cycle_chord,20260823,200,0.9,crossing_rich,8d92d8721dbd33134985bb942b070fe4,5,5.0,13.069162765010228,9,13,5,3,0.048970237153481436,4.353836473052567,0.011247605980742627,True,True,1,5,0,-4
random_4684,random_cycle_chord,20260823,200,0.9,crossing_rich,f01bb47f0e11353dcd7e62b1e2f9df0e,4,4.0,8.94582425957906,9,13,5,3,0.07154175863836104,6.077408659825572,0.011771753825159811,True,True,1,5,0,-4
random_4685,random_cycle_chord,20260823,200,0.9,crossing_rich,6cae8dd6dca8ab370494a907f81c49aa,3,3.0,13.443863313476125,8,11,4,3,0.047605363508751546,4.238230129549116,0.011232368713733825,True,True,1,4,0,-3
random_4686,random_cycle_chord,20260823,200,0.9,crossing_rich,e4dfd7b460148a3915f7aca370896702,5,5.0,13.650531128612062,8,12,5,3,0.046884622581353945,4.1820755502654725,0.011210850214883798,True,True,1,5,0,-4
random_4687,random_cycle_chord,20260823,200,0.9,crossing_rich,e4dfd7b460148a3915f7aca370896702,4,4.0,8.135483120543626,8,12,5,3,0.07866773128492881,6.583698869271739,0.01194886534864112,True,True,1,5,0,-4
random_4688,random_cycle_chord,20260823,200,0.9,crossing_rich,f01bb47f0e11353dcd7e62b1e2f9df0e,4,4.0,8.935643569965931,9,13,5,3,0.07162326865309827,6.073418800083127,0.011792907917385503,True,True,1,5,0,-4
random_4689,random_cycle_chord,20260823,200,0.9,crossing_rich,ffbc427ca5a02dd30886efff9152aca8,3,3.0,12.922549547408444,11,15,5,3,0.04952583061508547,4.39332470132662,0.01127297297195687,True,True,1,5,0,-4
random_4690,random_cycle_chord,20260823,200,0.9,crossing_rich,f01bb47f0e11353dcd7e62b1e2f9df0e,4,4.0,8.94942354896833,9,13,5,3,0.07151298589212239,6.071592759561342,0.011778290923663504,True,True,1,5,0,-4
random_4691,random_cycle_chord,20260823,200,0.9,crossing_rich,f01bb47f0e11353dcd7e62b1e2f9df0e,4,4.0,8.931811650731241,9,13,5,3,0.07165399641489346,6.075265071191473,0.011794381903543968,True,True,1,5,0,-4
random_4692,random_cycle_chord,20260823,200,0.9,crossing_rich,a17d4027c28a77bd091908d86be3664e,2,2.0,8.94142995185653,9,12,4,3,0.07157691817147382,6.069255339259065,0.011793360827724203,True,True,1,4,0,-3
random_4693,random_cycle_chord,20260823,200,0.9,crossing_rich,d3b9e56b5337f4aa08cbf81ed5c2928d,2,2.0,8.137969388731326,8,11,4,3,0.07864369714712986,6.585851760805091,0.011941309947965793,True,True,1,4,0,-3
random_4694,random_cycle_chord,20260823,200,0.9,crossing_rich,6cae8dd6dca8ab370494a907f81c49aa,2,2.0,8.123096001106518,8,11,4,3,0.0787876937454414,6.597527951198192,0.01194200226633865,True,True,1,4,0,-3
random_4695,random_cycle_chord,20260823,200,0.9,crossing_rich,d3b9e56b5337f4aa08cbf81ed5c2928d,2,2.0,8.440495260467479,8,11,4,3,0.07582493446771434,6.393401408094489,0.011859873896188455,True,True,1,4,0,-3
random_4696,random_cycle_chord,20260823,200,0.9,crossing_rich,0d9383c252bac8778d9583a2a6ee796c,6,6.0,10.60927483076436,11,16,6,3,0.06032457545016678,5.225634303979151,0.011543971878061113,True,True,1,6,0,-5
random_4697,random_cycle_chord,20260823,200,0.9,crossing_rich,e4dfd7b460148a3915f7aca370896702,5,5.0,13.819437486152008,8,12,5,3,0.04631158110750328,4.135663661818678,0.011198101415998018,True,True,1,5,0,-4
random_4698,random_cycle_chord,20260823,200,0.9,crossing_rich,c1a4b3143d45077c7153c3b7a674dbd0,11,11.0,14.123786647970586,15,22,8,3,0.04531362700044468,4.046343262760804,0.011198661126324555,True,True,1,8,0,-7
random_4699,random_cycle_chord,20260823,200,0.9,baseline,8f34f4541eedc7b1aecfd95c1d8d238c,0,,,11,14,4,3,0.045490592266560805,4.0623145440072745,0.011198195455757731,True,True,1,4,0,-3
random_4700,random_cycle_chord,20260823,200,0.9,crossing_rich,e4dfd7b460148a3915f7aca370896702,5,5.0,13.435927739850033,8,12,5,3,0.04763348035147616,4.243397907011116,0.011225315512545776,True,True,1,5,0,-4
random_4701,random_cycle_chord,20260823,200,0.9,crossing_rich,8d92d8721dbd33134985bb942b070fe4,5,5.0,13.6447694638668,9,13,5,3,0.046904420165896306,4.172584478733154,0.011241095394223641,True,True,1,5,0,-4
random_4702,random_cycle_chord,20260823,200,0.9,crossing_rich,f01bb47f0e11353dcd7e62b1e2f9df0e,4,4.0,8.933623509158233,9,13,5,3,0.07163946402530945,6.07452029761567,0.011793435615554515,True,True,1,5,0,-4
random_4703,random_cycle_chord,20260823,200,0.9,baseline,4ca7af1950eb0912a81fec832cb4eb96,0,,,10,12,3,3,0.06558819831033358,5.627131892051301,0.01165570659592701,True,True,1,3,0,-2
random_4704,random_cycle_chord,20260823,200,0.9,crossing_rich,cb3687284204b54a1f6026fa8a861744,2,2.0,10.26859008533376,10,13,4,3,0.06232598581514009,5.386859984512486,0.011570002932010609,True,True,1,4,0,-3
random_4705,random_cycle_chord,20260823,200,0.9,crossing_rich,03196bebf08fc35c7591560a92b3fae9,2,2.0,10.910603738599887,10,13,4,3,0.05865853213381651,5.1137225425327175,0.011470808524696414,True,True,1,4,0,-3
random_4706,random_cycle_chord,20260823,200,0.9,crossing_rich,e4dfd7b460148a3915f7aca370896702,5,5.0,13.708538018315872,8,12,5,3,0.04668623299909158,4.1578685544904035,0.011228405224275671,True,True,1,5,0,-4
random_4707,random_cycle_chord,20260823,200,0.9,baseline,f2551d12306507df164d13e621c6cf57,0,,,10,12,3,3,0.052551914053106205,4.62911291042233,0.011352480501131634,True,True,1,3,0,-2
random_4708,random_cycle_chord,20260823,200,0.9,crossing_rich,6cae8dd6dca8ab370494a907f81c49aa,2,2.0,8.129061861077433,8,11,4,3,0.07872987202426994,6.5867792155494636,0.011952711552622211,True,True,1,4,0,-3
random_4709,random_cycle_chord,20260823,200,0.9,crossing_rich,6cae8dd6dca8ab370494a907f81c49aa,3,3.0,13.647704028523185,8,11,4,3,0.0468943346560289,4.1739449406974165,0.011235015152881583,True,True,1,4,0,-3
random_4710,random_cycle_chord,20260823,200,0.9,baseline,c9b2747d4897680c32f2a02811ccda66,0,,,11,13,3,3,0.060231904369781826,5.2249025471976,0.011527852208858417,True,True,1,3,0,-2
random_4711,random_cycle_chord,20260823,200,0.9,baseline,b73291eb7126cc5eaf4780776629388d,0,,,8,10,3,3,0.07237286878113187,6.128535162134716,0.011809162690015907,True,True,1,3,0,-2
random_4712,random_cycle_chord,20260823,200,0.9,crossing_rich,cbd367df182ccb02b6db0d327f7ca73e,5,5.0,12.006475732869527,11,16,6,3,0.053304567821505194,4.690923749757489,0.011363341351319329,True,True,1,6,0,-5
random_4713,random_cycle_chord,20260823,200,0.9,crossing_rich,f01bb47f0e11353dcd7e62b1e2f9df0e,4,4.0,8.940246840116068,9,13,5,3,0.07158639033636471,6.069495822900024,0.01179445417299266,True,True,1,5,0,-4
random_4714,random_cycle_chord,20260823,200,0.9,crossing_rich,6cae8dd6dca8ab370494a907f81c49aa,2,2.0,8.106709042547212,8,11,4,3,0.07894695574258644,6.602365779215316,0.011957373823655252,True,True,1,4,0,-3
random_4715,random_cycle_chord,20260823,200,0.9,crossing_rich,ecdeba6f79392874471cbf4a63297874,3,3.0,12.52784857186204,12,16,5,3,0.05108618581465465,4.510545619232212,0.01132594371661639,True,True,1,5,0,-4
random_4716,random_cycle_chord,20260823,200,0.9,baseline,f2551d12306507df164d13e621c6cf57,0,,,10,12,3,3,0.05246630913138414,4.6206338811033145,0.01135478604915052,True,True,1,3,0,-2
random_4717,random_cycle_chord,20260823,200,0.9,crossing_rich,e4dfd7b460148a3915f7aca370896702,4,4.0,8.123222516123809,8,12,5,3,0.07878646666758939,6.598574707293987,0.011939921901694885,True,True,1,5,0,-4
random_4718,random_cycle_chord,20260823,200,0.9,crossing_rich,e4dfd7b460148a3915f7aca370896702,5,5.0,13.746883486719227,8,12,5,3,0.04655600672096332,4.147966976771803,0.011223813251569327,True,True,1,5,0,-4
random_4719,random_cycle_chord,20260823,200,0.9,crossing_rich,e4dfd7b460148a3915f7aca370896702,5,5.0,13.662559495437225,8,12,5,3,0.04684334587627857,4.178614098578514,0.011210258897133812,True,True,1,5,0,-4
random_4720,random_cycle_chord,20260823,200,0.9,crossing_rich,8d92d8721dbd33134985bb942b070fe4,5,5.0,13.27648218460151,9,13,5,3,0.048205540526563014,4.283860175039109,0.0112528277200651,True,True,1,5,0,-4
random_4721,random_cycle_chord,20260823,200,0.9,crossing_rich,6cae8dd6dca8ab370494a907f81c49aa,2,2.0,8.122577792876287,8,11,4,3,0.07879272028164466,6.592982555300099,0.01195099784062119,True,True,1,4,0,-3
random_4722,random_cycle_chord,20260823,200,0.9,crossing_rich,6cae8dd6dca8ab370494a907f81c49aa,3,3.0,13.925489223951566,8,11,4,3,0.045958888029528806,4.098426922255134,0.011213787363137906,True,True,1,4,0,-3
random_4723,random_cycle_chord,20260823,200,0.9,crossing_rich,65db0b078622d2e96061c36bf41bb7e9,2,2.0,11.124228159624728,11,14,4,3,0.057532081400745935,5.020407867527259,0.011459642905285037,True,True,1,4,0,-3
random_4724,random_cycle_chord,20260823,200,0.9,crossing_rich,e4dfd7b460148a3915f7aca370896702,5,5.0,13.375629342056602,8,12,5,3,0.04784821585834968,4.251451383758453,0.011254560275848657,True,True,1,5,0,-4
random_4725,random_cycle_chord,20260823,200,0.9,crossing_rich,cb3687284204b54a1f6026fa8a861744,2,2.0,10.263442353436636,10,13,4,3,0.0623572460350694,5.382460425920593,0.01158526790736303,True,True,1,4,0,-3
random_4726,random_cycle_chord,20260823,200,0.9,crossing_rich,f01bb47f0e11353dcd7e62b1e2f9df0e,4,4.0,8.949825266917824,9,13,5,3,0.07150977599145975,6.080840106814976,0.011759851391474122,True,True,1,5,0,-4
random_4727,random_cycle_chord,20260823,200,0.9,baseline,7e6bc2286a474f101d6d3fad2dea3b25,0,,,11,14,4,3,0.04577873767758214,4.08147558619848,0.011216222346737307,True,True,1,4,0,-3
random_4728,random_cycle_chord,20260823,200,0.9,crossing_rich,e4dfd7b460148a3915f7aca370896702,5,5.0,13.555089756858255,8,12,5,3,0.04721473715629137,4.207230105450614,0.011222285440276496,True,True,1,5,0,-4
random_4729,random_cycle_chord,20260823,200,0.9,crossing_rich,6cae8dd6dca8ab370494a907f81c49aa,2,2.0,8.11426901642179,8,11,4,3,0.07887340174509343,6.603688126333495,0.011943841113660463,True,True,1,4,0,-3
random_4730,random_cycle_chord,20260823,200,0.9,crossing_rich,d3b9e56b5337f4aa08cbf81ed5c2928d,2,2.0,8.506927007069903,8,11,4,3,0.07523280727201626,6.3367460254633805,0.011872466873329483,True,True,1,4,0,-3
random_4731,random_cycle_chord,20260823,200,0.9,crossing_rich,3413ec26db867dbc204368c4635ec429,8,8.0,12.814771648924017,13,19,7,3,0.04994236475947952,4.42516032430519,0.01128600120659383,True,True,1,7,0,-6
random_4732,random_cycle_chord,20260823,200,0.9,crossing_rich,e4dfd7b460148a3915f7aca370896702,5,5.0,13.346557295504068,8,12,5,3,0.04795244090516068,4.271358654669155,0.011226507718508345,True,True,1,5,0,-4
random_4733,random_cycle_chord,20260823,200,0.9,crossing_rich,8d92d8721dbd33134985bb942b070fe4,5,5.0,13.329208531665788,9,13,5,3,0.04801485388120171,4.280348861710987,0.011217509467676589,True,True,1,5,0,-4
random_4734,random_cycle_chord,20260823,200,0.9,crossing_rich,e4dfd7b460148a3915f7aca370896702,4,4.0,8.137337791248953,8,12,5,3,0.07864980125173962,6.584811385989013,0.011944123626545868,True,True,1,5,0,-4
random_4735,random_cycle_chord,20260823,200,0.9,crossing_rich,5acff05da65e23e4548f5514e55ac767,3,3.0,11.497616279804385,12,16,5,3,0.055663711888190505,4.88064448370209,0.011404992122263369,True,True,1,5,0,-4
random_4736,random_cycle_chord,20260823,200,0.9,crossing_rich,f61befc086c76698e58b129c58523394,3,3.0,10.77067852946925,10,14,5,3,0.05942058322963776,5.170434126593008,0.011492377965714883,True,True,1,5,0,-4
random_4737,random_cycle_chord,20260823,200,0.9,crossing_rich,748a628f2d4ade0213315cc4014b52e0,3,3.0,11.2945887672301,10,14,5,3,0.05666430298523869,4.95495708888986,0.01143588167742016,True,True,1,5,0,-4
random_4738,random_cycle_chord,20260823,200,0.9,baseline,4e9cca7c282396d17b6e561d68fe510e,0,,,10,13,4,3,0.053087042285300964,4.6684345544017924,0.011371486879953374,True,True,1,4,0,-3
random_4739,random_cycle_chord,20260823,200,0.9,crossing_rich,6cae8dd6dca8ab370494a907f81c49aa,3,3.0,13.745610667032347,8,11,4,3,0.04656031772636951,4.147031278377858,0.011227385230762457,True,True,1,4,0,-3
random_4740,random_cycle_chord,20260823,200,0.9,crossing_rich,f61befc086c76698e58b129c58523394,3,3.0,10.976359149802484,10,14,5,3,0.05830713001145891,5.082130278664668,0.011472970351869676,True,True,1,5,0,-4
random_4741,random_cycle_chord,20260823,200,0.9,crossing_rich,9864390659db0a33d7b4bc27549e7f6e,4,4.0,9.768165134113222,10,14,5,3,0.06551895788134635,5.619306623609822,0.011659616082536746,True,True,1,5,0,-4
random_4742,random_cycle_chord,20260823,200,0.9,crossing_rich,35e6984785cd33f6953165239be9a661,4,4.0,10.127096012004557,10,14,5,3,0.06319679395172619,5.45399443389061,0.011587249440341785,True,True,1,5,0,-4
random_4743,random_cycle_chord,20260823,200,0.9,crossing_rich,e4dfd7b460148a3915f7aca370896702,4,4.0,8.123162183812907,8,12,5,3,0.07878705183005374,6.59807900617632,0.011940907612094804,True,True,1,5,0,-4
random_4744,random_cycle_chord,20260823,200,0.9,crossing_rich,e4dfd7b460148a3915f7aca370896702,5,5.0,13.46021484369337,8,12,5,3,0.04754753229662339,4.234504755289701,0.011228593435212816,True,True,1,5,0,-4
random_4745,random_cycle_chord,20260823,200,0.9,crossing_rich,6cae8dd6dca8ab370494a907f81c49aa,2,2.0,8.134282616729513,8,11,4,3,0.07867934151731254,6.583736015069547,0.011950561404227476,True,True,1,4,0,-3
random_4746,random_cycle_chord,20260823,200,0.9,crossing_rich,e4dfd7b460148a3915f7aca370896702,4,4.0,8.121776976466359,8,12,5,3,0.07880048933311791,6.586732271129589,0.011963517885569692,True,True,1,5,0,-4
random_4747,random_cycle_chord,20260823,200,0.9,crossing_rich,d3b9e56b5337f4aa08cbf81ed5c2928d,2,2.0,8.541307209647702,8,11,4,3,0.07492998252973478,6.322399912454975,0.011851509484891097,True,True,1,4,0,-3
random_4748,random_cycle_chord,20260823,200,0.9,crossing_rich,a17d4027c28a77bd091908d86be3664e,2,2.0,8.9190920159909,9,12,4,3,0.07175618312408416,6.076923142211051,0.011807979374571474,True,True,1,4,0,-3
random_4749,random_cycle_chord,20260823,200,0.9,baseline,4e9cca7c282396d17b6e561d68fe510e,0,,,10,13,4,3,0.05246464134863154,4.623937450851447,0.011346312943521925,True,True,1,4,0,-3
random_4750,random_cycle_chord,20260823,200,0.9,crossing_rich,9e29c665f19ef85c09f08031b7489ca3,6,6.0,10.625525808069705,11,16,6,3,0.0602323133518666,5.219678958240184,0.01153946705032103,True,True,1,6,0,-5
random_4751,random_cycle_chord,20260823,200,0.9,crossing_rich,3766c050500c74590e361b5f3d5119d1,2,2.0,9.413538939321393,9,12,4,3,0.06798718357945589,5.805217110780976,0.011711393782877756,True,True,1,4,0,-3
random_4752,random_cycle_chord,20260823,200,0.9,crossing_rich,76f64aeb3bec290543374c9120128d8d,4,4.0,10.154194203230364,10,14,5,3,0.06302814257741851,5.446055033778952,0.011573174010635004,True,True,1,5,0,-4
random_4753,random_cycle_chord,20260823,200,0.9,crossing_rich,f8e101deee8812cdf51fe0521efd7a68,4,4.0,9.78401794357951,10,14,5,3,0.06541279908628768,5.620155338346073,0.011638966389412588,True,True,1,5,0,-4
random_4754,random_cycle_chord,20260823,200,0.9,baseline,62c285453040d1bf75cf8872f45e6677,0,,,14,18,5,3,0.048303156626712564,4.294241392360828,0.01124835616196162,True,True,1,5,0,-4
random_4755,random_cycle_chord,20260823,200,0.9,crossing_rich,748a628f2d4ade0213315cc4014b52e0,4,4.0,9.757597211115893,10,14,5,3,0.06558991790221771,5.627691107651724,0.011654853944104713,True,True,1,5,0,-4
random_4756,random_cycle_chord,20260823,200,0.9,crossing_rich,2c8b3e95d62a28423936c85308a28eeb,5,5.0,10.204647437578993,10,15,6,3,0.06271652243890134,5.419002516281867,0.011573444051827631,True,True,1,6,0,-5
random_4757,random_cycle_chord,20260823,200,0.9,crossing_rich,1182ee17ed2517d58658560043dc3b07,8,8.0,14.132601228566719,15,21,7,3,0.04528536464372502,4.052921742997033,0.011173510744926854,True,True,1,7,0,-6
random_4758,random_cycle_chord,20260823,200,0.9,crossing_rich,8d92d8721dbd33134985bb942b070fe4,5,5.0,13.369329164085007,9,13,5,3,0.047870763906335566,4.260169091839459,0.01123682250031674,True,True,1,5,0,-4
random_4759,random_cycle_chord,20260823,200,0.9,crossing_rich,35e6984785cd33f6953165239be9a661,4,4.0,10.093319656830587,10,14,5,3,0.0634082761430115,5.4667884546692935,0.011598816502375034,True,True,1,5,0,-4
random_4760,random_cycle_chord,20260823,200,0.9,crossing_rich,0ba4cef7d36938b0547a48dd8590384b,4,4.0,12.178925697154598,11,15,5,3,0.05254979100082081,4.634294535508033,0.011339329125109234,True,True,1,5,0,-4
random_4761,random_cycle_chord,20260823,200,0.9,crossing_rich,8d92d8721dbd33134985bb942b070fe4,5,5.0,12.988961810780305,9,13,5,3,0.04927260618079778,4.372450620461854,0.011268876531210135,True,True,1,5,0,-4
random_4762,random_cycle_chord,20260823,200,0.9,crossing_rich,e4dfd7b460148a3915f7aca370896702,5,5.0,13.92609345505706,8,12,5,3,0.045956893946277035,4.098578131168831,0.011212887122191095,True,True,1,5,0,-4
random_4763,random_cycle_chord,20260823,200,0.9,crossing_rich,35e6984785cd33f6953165239be9a661,4,4.0,9.772946589156184,10,14,5,3,0.06548690245684223,5.617713781919161,0.011657215906516007,True,True,1,5,0,-4
random_4764,random_cycle_chord,20260823,200,0.9,crossing_rich,6cae8dd6dca8ab370494a907f81c49aa,2,2.0,8.112670641024737,8,11,4,3,0.07888894154824946,6.6036226439091905,0.0119463127744,True,True,1,4,0,-3
random_4765,random_cycle_chord,20260823,200,0.9,crossing_rich,6cae8dd6dca8ab370494a907f81c49aa,3,3.0,13.842662844262422,8,11,4,3,0.04623387907372681,4.123052608247909,0.01121350694901123,True,True,1,4,0,-3
random_4766,random_cycle_chord,20260823,200,0.9,crossing_rich,226d48fcb25dc01375a006b884ac6d23,4,4.0,10.609925378837948,11,15,5,3,0.06032087664598599,5.226521726367786,0.011541304103198757,True,True,1,5,0,-4
random_4767,random_cycle_chord,20260823,200,0.9,baseline,b73291eb7126cc5eaf4780776629388d,0,,,8,10,3,3,0.07300292220308917,6.183345816534301,0.011806378677362497,True,True,1,3,0,-2
random_4768,random_cycle_chord,20260823,200,0.9,crossing_rich,424f7646e94f7765f921feee852c5612,2,2.0,10.183945875426188,10,13,4,3,0.0628440103500861,5.42575826873056,0.011582530447820602,True,True,1,4,0,-3
random_4769,random_cycle_chord,20260823,200,0.9,crossing_rich,e4dfd7b460148a3915f7aca370896702,4,4.0,8.108030528245584,8,12,5,3,0.07893408858914143,6.603572635033085,0.011953240003809842,True,True,1,5,0,-4
random_4770,random_cycle_chord,20260823,200,0.9,crossing_rich,35e6984785cd33f6953165239be9a661,4,4.0,10.056105939299922,10,14,5,3,0.06364292538912483,5.485320734958531,0.011602407309297652,True,True,1,5,0,-4
random_4771,random_cycle_chord,20260823,200,0.9,crossing_rich,cbd367df182ccb02b6db0d327f7ca73e,5,5.0,12.170376107097871,11,16,6,3,0.05258670680084787,4.630432612149189,0.011356758904745199,True,True,1,6,0,-5
random_4772,random_cycle_chord,20260823,200,0.9,crossing_rich,62ceed91122ba634418f3451ac5a93b5,6,6.0,11.49961283018776,12,17,6,3,0.055654047614536115,4.876161485087215,0.011413495591715558,True,True,1,6,0,-5
random_4773,random_cycle_chord,20260823,200,0.9,crossing_rich,6cae8dd6dca8ab370494a907f81c49aa,3,3.0,13.631281548223553,8,11,4,3,0.04695083127260369,4.178755329890545,0.011235601887663876,True,True,1,4,0,-3
random_4774,random_cycle_chord,20260823,200,0.9,crossing_rich,d3b9e56b5337f4aa08cbf81ed5c2928d,2,2.0,8.53264511417374,8,11,4,3,0.07500604928908666,6.331527897094525,0.011846437464724144,True,True,1,4,0,-3
random_4775,random_cycle_chord,20260823,200,0.9,crossing_rich,e4dfd7b460148a3915f7aca370896702,5,5.0,13.529814198660183,8,12,5,3,0.047302940794514185,4.218468993591081,0.01121329583466876,True,True,1,5,0,-4
random_4776,random_cycle_chord,20260823,200,0.9,baseline,ac248208ae374e8a4f8aa20e84131332,0,,,14,17,4,3,0.04830184688814532,4.296533907741417,0.01124204950439607,True,True,1,4,0,-3
random_4777,random_cycle_chord,20260823,200,0.9,crossing_rich,e756d46da8759e602b7402a988779cfd,12,12.0,13.246811663793078,14,21,8,3,0.0483135124317713,4.292922402041211,0.011254224490244467,True,True,1,8,0,-7
random_4778,random_cycle_chord,20260823,200,0.9,crossing_rich,b497a8280ab5258c0901c20c694e809b,3,3.0,12.904956364075032,9,12,4,3,0.049593348628565646,4.3905969746872735,0.01129535434804922,True,True,1,4,0,-3
random_4779,random_cycle_chord,20260823,200,0.9,crossing_rich,ef708e22c6afb49a267da2ce884548df,2,2.0,9.277584441802905,9,12,4,3,0.0689834734477102,5.875945150451575,0.011739979132107576,True,True,1,4,0,-3
random_4780,random_cycle_chord,20260823,200,0.9,crossing_rich,2c8b3e95d62a28423936c85308a28eeb,6,6.0,9.78663715804688,10,15,6,3,0.06539529254681441,5.623806829345598,0.01162829637134318,True,True,1,6,0,-5
random_4781,random_cycle_chord,20260823,200,0.9,baseline,103a02ce2419501dbcecbb0b106c7128,0,,,9,11,3,3,0.06185933183439911,5.364506083427416,0.011531225964213429,True,True,1,3,0,-2
random_4782,random_cycle_chord,20260823,200,0.9,crossing_rich,6cae8dd6dca8ab370494a907f81c49aa,2,2.0,8.122748537629823,8,11,4,3,0.07879106401424422,6.594517588356586,0.011947964799329571,True,True,1,4,0,-3
random_4783,random_cycle_chord,20260823,200,0.9,crossing_rich,e4dfd7b460148a3915f7aca370896702,5,5.0,13.934720818708907,8,12,5,3,0.04592844078660902,4.096444490366357,0.011211781557059864,True,True,1,5,0,-4
random_4784,random_cycle_chord,20260823,200,0.9,crossing_rich,9e29c665f19ef85c09f08031b7489ca3,6,6.0,10.621879588668454,11,16,6,3,0.060252989563425244,5.221099916569628,0.011540286630448688,True,True,1,6,0,-5
random_4785,random_cycle_chord,20260823,200,0.9,crossing_rich,b497a8280ab5258c0901c20c694e809b,3,3.0,12.564096317410085,9,12,4,3,0.050938800836248854,4.505711872259161,0.01130538353991734,True,True,1,4,0,-3
random_4786,random_cycle_chord,20260823,200,0.9,crossing_rich,f01bb47f0e11353dcd7e62b1e2f9df0e,4,4.0,8.921088614180237,9,13,5,3,0.07174012361929777,6.075414895937375,0.011808267393766034,True,True,1,5,0,-4
random_4787,random_cycle_chord,20260823,200,0.9,crossing_rich,0ba4cef7d36938b0547a48dd8590384b,4,4.0,11.93540624140144,11,15,5,3,0.05362197038421476,4.718280355458416,0.011364727473682515,True,True,1,5,0,-4
random_4788,random_cycle_chord,20260823,200,0.9,crossing_rich,6cae8dd6dca8ab370494a907f81c49aa,3,3.0,13.762128852895911,8,11,4,3,0.046504433059811626,4.14550223463897,0.011218045589562124,True,True,1,4,0,-3
random_4789,random_cycle_chord,20260823,200,0.9,crossing_rich,6cae8dd6dca8ab370494a907f81c49aa,3,3.0,13.73189853137999,8,11,4,3,0.04660681103472173,4.160230415170991,0.011202939833515477,True,True,1,4,0,-3
random_4790,random_cycle_chord,20260823,200,0.9,crossing_rich,e4dfd7b460148a3915f7aca370896702,5,5.0,13.536812955135225,8,12,5,3,0.047278484390760114,4.208562202095029,0.011233880389655356,True,True,1,5,0,-4
random_4791,random_cycle_chord,20260823,200,0.9,crossing_rich,4b011076f0b1f9550e5fa13ae5b0a0c2,3,3.0,13.949445935303222,10,13,4,3,0.045879958456291774,4.105385484641343,0.011175554312240174,True,True,1,4,0,-3
random_4792,random_cycle_chord,20260823,200,0.9,crossing_rich,cb26cc24301cc90da9033428f0e0387b,2,2.0,8.949586594304273,9,12,4,3,0.07151168305442299,6.0710842891773575,0.01177906279145285,True,True,1,4,0,-3
random_4793,random_cycle_chord,20260823,200,0.9,crossing_rich,8d92d8721dbd33134985bb942b070fe4,5,5.0,13.150586905219852,9,13,5,3,0.04866702943470647,4.319913282150792,0.011265742216583618,True,True,1,5,0,-4
random_4794,random_cycle_chord,20260823,200,0.9,baseline,4e9cca7c282396d17b6e561d68fe510e,0,,,10,13,4,3,0.052731354284687955,4.647914903694167,0.011345163450126212,True,True,1,4,0,-3
random_4795,random_cycle_chord,20260823,200,0.9,crossing_rich,e4dfd7b460148a3915f7aca370896702,4,4.0,8.13724520652477,8,12,5,3,0.07865069612094548,6.58470037147984,0.011944460899330121,True,True,1,5,0,-4
random_4796,random_cycle_chord,20260823,200,0.9,crossing_rich,f9b901ec7382c723cafc32de5113e90c,6,6.0,11.654623109340559,12,17,6,3,0.05491383067437626,4.8087522903791164,0.011419559037017255,True,True,1,6,0,-5
random_4797,random_cycle_chord,20260823,200,0.9,crossing_rich,9864390659db0a33d7b4bc27549e7f6e,3,3.0,9.757553320322014,10,14,5,3,0.06559021293453501,5.627471520984426,0.011655361149310832,True,True,1,5,0,-4
random_4798,random_cycle_chord,20260823,200,0.9,baseline,e756644711763e07d0e3622d4415d4c4,0,,,11,13,3,3,0.04512133098992202,4.029104691973386,0.011198847992163332,True,True,1,3,0,-2
random_4799,random_cycle_chord,20260823,200,0.9,crossing_rich,e4dfd7b460148a3915f7aca370896702,5,5.0,13.821319447165935,8,12,5,3,0.04630527515455351,4.127278396705949,0.011219324383717496,True,True,1,5,0,-4
random_4800,random_cycle_chord,20260823,200,0.9,crossing_rich,e4dfd7b460148a3915f7aca370896702,5,5.0,13.624366812689122,8,12,5,3,0.046974660092381895,4.184532248384478,0.011225785178383412,True,True,1,5,0,-4
random_4801,random_cycle_chord,20260823,200,0.9,crossing_rich,6d7be31ac542a0764936711ec3c54ff3,5,5.0,12.525477601184036,12,17,6,3,0.05109585601266819,4.506570834630976,0.011338078971270005,True,True,1,6,0,-5
random_4802,random_cycle_chord,20260823,200,0.9,crossing_rich,8d92d8721dbd33134985bb942b070fe4,5,5.0,13.272314880023137,9,13,5,3,0.04822067633154921,4.286290905833505,0.011249977519239864,True,True,1,5,0,-4
random_4803,random_cycle_chord,20260823,200,0.9,crossing_rich,ecdeba6f79392874471cbf4a63297874,3,3.0,12.441635636818237,12,16,5,3,0.051440181876574426,4.544553442386261,0.011319083938325113,True,True,1,5,0,-4
random_4804,random_cycle_chord,20260823,200,0.9,crossing_rich,3fab4ef2f63da835bddba85944e4d7b7,4,4.0,12.266083994642926,11,15,5,3,0.05217639144485826,4.5995846662076065,0.011343718016148205,True,True,1,5,0,-4
random_4805,random_cycle_chord,20260823,200,0.9,crossing_rich,74b2009f75f7aa39b3078aa9dd4b778d,3,3.0,8.943254525578979,9,12,4,3,0.07156231528125573,6.082962290511966,0.011764385814601649,True,True,1,4,0,-3
random_4806,random_cycle_chord,20260823,200,0.9,crossing_rich,6cae8dd6dca8ab370494a907f81c49aa,2,2.0,8.14017319645931,8,11,4,3,0.07862240575893122,6.588577380169256,0.011933138403378889,True,True,1,4,0,-3
random_4807,random_cycle_chord,20260823,200,0.9,crossing_rich,3766c050500c74590e361b5f3d5119d1,2,2.0,9.325322264858764,9,12,4,3,0.06863033596294627,5.85188036223526,0.011727911665085944,True,True,1,4,0,-3
random_4808,random_cycle_chord,20260823,200,0.9,crossing_rich,6cae8dd6dca8ab370494a907f81c49aa,2,2.0,8.12461326801715,8,11,4,3,0.07877298018840902,6.591201913284423,0.011951231539371264,True,True,1,4,0,-3
random_4809,random_cycle_chord,20260823,200,0.9,crossing_rich,05dd62ad19ce4d5dd6bedfa658e868da,3,3.0,9.783410962837308,10,14,5,3,0.06541685741619835,5.6241010989940525,0.011631522311698672,True,True,1,5,0,-4
random_4810,random_cycle_chord,20260823,200,0.9,crossing_rich,8d92d8721dbd33134985bb942b070fe4,5,5.0,13.19642461588912,9,13,5,3,0.04849798476698073,4.309080787846467,0.011254833026980304,True,True,1,5,0,-4
random_4811,random_cycle_chord,20260823,200,0.9,crossing_rich,b760840125e061ef715323aca4c53bb2,5,5.0,12.16792459094413,11,16,6,3,0.0525973016364939,4.630709759822346,0.011358367154177195,True,True,1,6,0,-5
random_4812,random_cycle_chord,20260823,200,0.9,crossing_rich,d3b9e56b5337f4aa08cbf81ed5c2928d,2,2.0,8.427577623368512,8,11,4,3,0.07594115754275205,6.393625789008004,0.011877635640376541,True,True,1,4,0,-3
random_4813,random_cycle_chord,20260823,200,0.9,crossing_rich,1e5670f4e688074a396a1e1b5fbf2e5c,6,6.0,12.368668523993424,13,18,6,3,0.051743645547497115,4.56889634728986,0.011325195761595684,True,True,1,6,0,-5
random_4814,random_cycle_chord,20260823,200,0.9,baseline,103a02ce2419501dbcecbb0b106c7128,0,,,9,11,3,3,0.062338887888935116,5.384283574816757,0.011577935489970305,True,True,1,3,0,-2
random_4815,random_cycle_chord,20260823,200,0.9,baseline,b7f57d3553d50f25c5be44b65115c3b8,0,,,13,15,3,3,0.05178626818559449,4.563265860994852,0.01134850998453647,True,True,1,3,0,-2
random_4816,random_cycle_chord,20260823,200,0.9,crossing_rich,e4dfd7b460148a3915f7aca370896702,5,5.0,13.839936505477679,8,12,5,3,0.04624298671794454,4.124786333711045,0.011211001728746518,True,True,1,5,0,-4
random_4817,random_cycle_chord,20260823,200,0.9,crossing_rich,5abff9f8eb816c43fa70e71b5218041d,7,7.0,14.110116091371749,12,18,7,3,0.04535752901362421,4.049510811731394,0.011200742786566685,True,True,1,7,0,-6
random_4818,random_cycle_chord,20260823,200,0.9,baseline,b73291eb7126cc5eaf4780776629388d,0,,,8,10,3,3,0.07262241110363278,6.15196908395277,0.011804742532446432,True,True,1,3,0,-2
random_4819,random_cycle_chord,20260823,200,0.9,crossing_rich,8d92d8721dbd33134985bb942b070fe4,5,5.0,12.988673673600585,9,13,5,3,0.049273699230799585,4.372767767758633,0.011268309191744706,True,True,1,5,0,-4
random_4820,random_cycle_chord,20260823,200,0.9,crossing_rich,7e4a50685ef75bd50022d036157f3cc3,3,3.0,11.661259034552147,12,16,5,3,0.05488258155518962,4.81344278327601,0.011401939116400332,True,True,1,5,0,-4
random_4821,random_cycle_chord,20260823,200,0.9,crossing_rich,e4dfd7b460148a3915f7aca370896702,5,5.0,13.893716797454227,8,12,5,3,0.04606398772409615,4.111886613925677,0.011202640551442202,True,True,1,5,0,-4
random_4822,random_cycle_chord,20260823,200,0.9,crossing_rich,e4dfd7b460148a3915f7aca370896702,5,5.0,13.633148824800754,8,12,5,3,0.046944400609472074,4.184558095856988,0.011218484612736142,True,True,1,5,0,-4
random_4823,random_cycle_chord,20260823,200,0.9,crossing_rich,01f1e0ddfc6103e0c7f99c04b3d36683,3,3.0,11.09221379003645,11,15,5,3,0.05769813060895727,5.034664156799248,0.011460174663495023,True,True,1,5,0,-4
random_4824,random_cycle_chord,20260823,200,0.9,baseline,3ddc013bba7f8602e9b01edf73e915d5,0,,,9,11,3,3,0.06187437102948766,5.355220182902562,0.011554029323954216,True,True,1,3,0,-2
random_4825,random_cycle_chord,20260823,200,0.9,crossing_rich,e4dfd7b460148a3915f7aca370896702,5,5.0,13.508132280382888,8,12,5,3,0.047378866797850104,4.214619315269464,0.01124155309263582,True,True,1,5,0,-4
random_4826,random_cycle_chord,20260823,200,0.9,crossing_rich,e4dfd7b460148a3915f7aca370896702,4,4.0,8.138896360783058,8,12,5,3,0.07863474009618972,6.589538076724843,0.011933270463059992,True,True,1,5,0,-4
random_4827,random_cycle_chord,20260823,200,0.9,crossing_rich,cb26cc24301cc90da9033428f0e0387b,2,2.0,8.942854308555324,9,12,4,3,0.07156551788926425,6.084136321583199,0.01176264207548881,True,True,1,4,0,-3
random_4828,random_cycle_chord,20260823,200,0.9,baseline,3ddc013bba7f8602e9b01edf73e915d5,0,,,9,11,3,3,0.06234324699721202,5.387984151522426,0.011570792571762918,True,True,1,3,0,-2
random_4829,random_cycle_chord,20260823,200,0.9,crossing_rich,3766c050500c74590e361b5f3d5119d1,2,2.0,9.18695237922687,9,12,4,3,0.06966401626802156,5.939961464264941,0.011728024952202673,True,True,1,4,0,-3
random_4830,random_cycle_chord,20260823,200,0.9,crossing_rich,e4dfd7b460148a3915f7aca370896702,5,5.0,13.83639944256395,8,12,5,3,0.04625480802695047,4.120861390794377,0.011224548374832367,True,True,1,5,0,-4
random_4831,random_cycle_chord,20260823,200,0.9,crossing_rich,bb2c7ed8feef84917625e983562a84b2,5,5.0,14.168459619060037,10,14,5,3,0.04517075371687151,4.0392951890485715,0.011182830568892186,True,True,1,5,0,-4
random_4832,random_cycle_chord,20260823,200,0.9,crossing_rich,8d92d8721dbd33134985bb942b070fe4,5,5.0,13.729221176722262,9,13,5,3,0.04661589989424256,4.14840181499366,0.01123707441399666,True,True,1,5,0,-4
random_4833,random_cycle_chord,20260823,200,0.9,crossing_rich,d3b9e56b5337f4aa08cbf81ed5c2928d,2,2.0,8.170174074954767,8,11,4,3,0.07833370429179543,6.557064397970927,0.011946459503438103,True,True,1,4,0,-3
random_4834,random_cycle_chord,20260823,200,0.9,baseline,3ddc013bba7f8602e9b01edf73e915d5,0,,,9,11,3,3,0.0621172403772532,5.36040877469908,0.011588153625604851,True,True,1,3,0,-2
random_4835,random_cycle_chord,20260823,200,0.9,crossing_rich,e4dfd7b460148a3915f7aca370896702,5,5.0,13.630931678370937,8,12,5,3,0.04695203637587947,4.18381967958046,0.011222289671094924,True,True,1,5,0,-4
random_4836,random_cycle_chord,20260823,200,0.9,crossing_rich,e4dfd7b460148a3915f7aca370896702,5,5.0,13.705901324138084,8,12,5,3,0.04669521433609528,4.156698160429098,0.011233727476443685,True,True,1,5,0,-4
random_4837,random_cycle_chord,20260823,200,0.9,baseline,103a02ce2419501dbcecbb0b106c7128,0,,,9,11,3,3,0.062221307284132624,5.382881696851063,0.01155910733102894,True,True,1,3,0,-2
random_4838,random_cycle_chord,20260823,200,0.9,crossing_rich,8d92d8721dbd33134985bb942b070fe4,5,5.0,13.117128654441514,9,13,5,3,0.04879116587632869,4.33122011927158,0.011264993358161241,True,True,1,5,0,-4
random_4839,random_cycle_chord,20260823,200,0.9,crossing_rich,544a2de3e86737771a60badf7d854343,2,2.0,8.949610733816707,9,12,4,3,0.07151149016813847,6.082099714946381,0.011757697755662152,True,True,1,4,0,-3
random_4840,random_cycle_chord,20260823,200,0.9,crossing_rich,77798b75e4791eafa20e46e495b2f759,2,2.0,11.064833243163607,11,14,4,3,0.057840907850592614,5.0394768005771775,0.011477562084216367,True,True,1,4,0,-3
random_4841,random_cycle_chord,20260823,200,0.9,crossing_rich,e4dfd7b460148a3915f7aca370896702,5,5.0,13.27940304174335,8,12,5,3,0.04819493752755164,4.294299960992665,0.011223002111014846,True,True,1,5,0,-4
random_4842,random_cycle_chord,20260823,200,0.9,crossing_rich,6cae8dd6dca8ab370494a907f81c49aa,3,3.0,13.822816043307569,8,11,4,3,0.04630026168291962,4.129198188850164,0.011212894020912231,True,True,1,4,0,-3
random_4843,random_cycle_chord,20260823,200,0.9,crossing_rich,d3b9e56b5337f4aa08cbf81ed5c2928d,2,2.0,8.1700276449999,8,11,4,3,0.07833510825286906,6.5574027217406305,0.011946057238966617,True,True,1,4,0,-3
random_4844,random_cycle_chord,20260823,200,0.9,crossing_rich,5abff9f8eb816c43fa70e71b5218041d,8,8.0,11.500666527579284,12,18,7,3,0.05564894856008926,4.875360666571943,0.011414324470730534,True,True,1,7,0,-6
random_4845,random_cycle_chord,20260823,200,0.9,crossing_rich,b497a8280ab5258c0901c20c694e809b,3,3.0,12.738054524291053,9,12,4,3,0.05024315124256541,4.443052028741302,0.011308251831747981,True,True,1,4,0,-3
random_4846,random_cycle_chord,20260823,200,0.9,crossing_rich,8d92d8721dbd33134985bb942b070fe4,5,5.0,12.977733659935753,9,13,5,3,0.04931523613986453,4.3672107692110975,0.011292158484206371,True,True,1,5,0,-4
random_4847,random_cycle_chord,20260823,200,0.9,crossing_rich,cbd367df182ccb02b6db0d327f7ca73e,5,5.0,12.33437840356319,11,16,6,3,0.05188749518298507,4.582807186031333,0.011322207781540803,True,True,1,6,0,-5
random_4848,random_cycle_chord,20260823,200,0.9,crossing_rich,0ba4cef7d36938b0547a48dd8590384b,4,4.0,11.918526781601644,11,15,5,3,0.05369791180802256,4.7236206468787305,0.011367956028286271,True,True,1,5,0,-4
random_4849,random_cycle_chord,20260823,200,0.9,crossing_rich,8d92d8721dbd33134985bb942b070fe4,5,5.0,13.284990758422298,9,13,5,3,0.048174666557013496,4.277188463305619,0.011263161997725434,True,True,1,5,0,-4
random_4850,random_cycle_chord,20260823,200,0.9,baseline,9e7c203bbd0aae55bad8bf7d22d16691,0,,,14,16,3,3,0.048314118883338364,4.2955924259980875,0.011247370348948436,True,True,1,3,0,-2
random_4851,random_cycle_chord,20260823,200,0.9,crossing_rich,a17d4027c28a77bd091908d86be3664e,2,2.0,8.945170147423601,9,12,4,3,0.07154699010217638,6.082306567055814,0.011763134480873304,True,True,1,4,0,-3
random_4852,random_cycle_chord,20260823,200,0.9,crossing_rich,03196bebf08fc35c7591560a92b3fae9,2,2.0,11.423186053521707,10,13,4,3,0.05602640077832676,4.905560322075231,0.011420999253888606,True,True,1,4,0,-3
random_4853,random_cycle_chord,20260823,200,0.9,baseline,237b03a6236ff83b0e5299ac7fc023ee,0,,,10,12,3,3,0.05295054505127318,4.655952551771213,0.011372655640816139,True,True,1,3,0,-2
random_4854,random_cycle_chord,20260823,200,0.9,crossing_rich,35e6984785cd33f6953165239be9a661,4,4.0,9.757389326250374,10,14,5,3,0.06559131532019569,5.626864829988076,0.011656813750106501,True,True,1,5,0,-4
random_4855,random_cycle_chord,20260823,200,0.9,crossing_rich,3766c050500c74590e361b5f3d5119d1,2,2.0,9.492436208420507,9,12,4,3,0.06742210176058615,5.772792008778421,0.011679288229692053,True,True,1,4,0,-3
random_4856,random_cycle_chord,20260823,200,0.9,crossing_rich,f01bb47f0e11353dcd7e62b1e2f9df0e,4,4.0,8.934484683812062,9,13,5,3,0.07163255886034293,6.073789796759674,0.011793717144863726,True,True,1,5,0,-4
random_4857,random_cycle_chord,20260823,200,0.9,crossing_rich,6cae8dd6dca8ab370494a907f81c49aa,3,3.0,13.736591597972042,8,11,4,3,0.04659088795320117,4.152452644017742,0.01122008893233801,True,True,1,4,0,-3
random_4858,random_cycle_chord,20260823,200,0.9,crossing_rich,e4dfd7b460148a3915f7aca370896702,4,4.0,8.105778341000281,8,12,5,3,0.07895602039384435,6.602004192471276,0.011959401734988806,True,True,1,5,0,-4
random_4859,random_cycle_chord,20260823,200,0.9,crossing_rich,2c8b3e95d62a28423936c85308a28eeb,6,6.0,9.786681579407196,10,15,6,3,0.06539499572016999,5.629523223052539,0.011616435909240351,True,True,1,6,0,-5
random_4860,random_cycle_chord,20260823,200,0.9,crossing_rich,e4dfd7b460148a3915f7aca370896702,5,5.0,13.421751857983782,8,12,5,3,0.04768379022141607,4.245359477864136,0.011231979404817339,True,True,1,5,0,-4
random_4861,random_cycle_chord,20260823,200,0.9,crossing_rich,a9ca2a8949c4cb974344fa065ab4c92a,4,4.0,10.634469336120214,11,15,5,3,0.060181658319915,5.22414086324133,0.011519914928667363,True,True,1,5,0,-4
random_4862,random_cycle_chord,20260823,200,0.9,crossing_rich,544a2de3e86737771a60badf7d854343,2,2.0,8.927286236850993,9,12,4,3,0.07169031921012464,6.0756161685538395,0.011799678785038995,True,True,1,4,0,-3
random_4863,random_cycle_chord,20260823,200,0.9,crossing_rich,8d92d8721dbd33134985bb942b070fe4,5,5.0,13.063094116533753,9,13,5,3,0.04899298698230782,4.351187640934438,0.011259681499689667,True,True,1,5,0,-4
random_4864,random_cycle_chord,20260823,200,0.9,baseline,3ddc013bba7f8602e9b01edf73e915d5,0,,,9,11,3,3,0.06184351736925807,5.357965406243514,0.011542351000846935,True,True,1,3,0,-2
random_4865,random_cycle_chord,20260823,200,0.9,crossing_rich,cef8e8826a17d803155f6dbb64f1a12f,3,3.0,11.19344846639846,11,15,5,3,0.05717630289907635,4.989177004554668,0.011460067030470065,True,True,1,5,0,-4
random_4866,random_cycle_chord,20260823,200,0.9,crossing_rich,8f0fcd64f35ed098799bcfa36390d34a,4,4.0,12.218870928836903,11,15,5,3,0.05237799823955753,4.620244337443242,0.011336629497076025,True,True,1,5,0,-4
random_4867,random_cycle_chord,20260823,200,0.9,crossing_rich,cef8e8826a17d803155f6dbb64f1a12f,3,3.0,10.926840663028113,11,15,5,3,0.058571367491931495,5.1022792398504295,0.011479451582044043,True,True,1,5,0,-4
random_4868,random_cycle_chord,20260823,200,0.9,crossing_rich,f8e101deee8812cdf51fe0521efd7a68,4,4.0,9.783984575172868,10,14,5,3,0.0654130221774897,5.624439903789563,0.01163013976439086,True,True,1,5,0,-4
random_4869,random_cycle_chord,20260823,200,0.9,crossing_rich,0d9383c252bac8778d9583a2a6ee796c,5,5.0,12.21140226795129,11,16,6,3,0.05241003334069782,4.620817976944466,0.0113421549176352,True,True,1,6,0,-5
random_4870,random_cycle_chord,20260823,200,0.9,baseline,2226627352f2e0a6e64c2716162ef8cd,0,,,15,18,4,3,0.04530142464649713,4.048438924611978,0.011189850085447206,True,True,1,4,0,-3
random_4871,random_cycle_chord,20260823,200,0.9,crossing_rich,e4dfd7b460148a3915f7aca370896702,5,5.0,13.851315651648973,8,12,5,3,0.046204997134969575,4.11971211783397,0.011215588811400463,True,True,1,5,0,-4
random_4872,random_cycle_chord,20260823,200,0.9,crossing_rich,c8281b74250482ec64f30f695c9107c9,9,9.0,13.249637259946402,14,20,7,3,0.048303209170466675,4.297818713799856,0.011239005734553208,True,True,1,7,0,-6
random_4873,random_cycle_chord,20260823,200,0.9,crossing_rich,cbd367df182ccb02b6db0d327f7ca73e,5,5.0,12.134955554328668,11,16,6,3,0.05274020140697633,4.646065462024646,0.011351583794515325,True,True,1,6,0,-5
random_4874,random_cycle_chord,20260823,200,0.9,baseline,7e6bc2286a474f101d6d3fad2dea3b25,0,,,11,14,4,3,0.04585122923313352,4.093730025174178,0.011200354921104662,True,True,1,4,0,-3
random_4875,random_cycle_chord,20260823,200,0.9,crossing_rich,e4dfd7b460148a3915f7aca370896702,4,4.0,8.104339765117631,8,12,5,3,0.07897003562889378,6.602375148569027,0.011960852549557024,True,True,1,5,0,-4
random_4876,random_cycle_chord,20260823,200,0.9,crossing_rich,6cae8dd6dca8ab370494a907f81c49aa,3,3.0,13.706986050637626,8,11,4,3,0.04669151902800895,4.165684739119185,0.011208606016086003,True,True,1,4,0,-3
random_4877,random_cycle_chord,20260823,200,0.9,crossing_rich,e4dfd7b460148a3915f7aca370896702,5,5.0,13.438038733717828,8,12,5,3,0.04762599756422452,4.25074267915162,0.011204159169128982,True,True,1,5,0,-4
random_4878,random_cycle_chord,20260823,200,0.9,crossing_rich,fae36ee7f76a92113e0c83a20912d0aa,2,2.0,10.260890205731101,10,13,4,3,0.062372755888425294,5.38208226218052,0.0115889636854334,True,True,1,4,0,-3
random_4879,random_cycle_chord,20260823,200,0.9,crossing_rich,8d92d8721dbd33134985bb942b070fe4,5,5.0,13.330715333936322,9,13,5,3,0.0480094266487513,4.273574426462513,0.011234021420446279,True,True,1,5,0,-4
random_4880,random_cycle_chord,20260823,200,0.9,crossing_rich,d529fcf3dbfcc602f5ab87bdbeb0e162,8,8.0,12.358838211113852,13,19,7,3,0.051784802832394984,4.563139232626613,0.011348503780496495,True,True,1,7,0,-6
random_4881,random_cycle_chord,20260823,200,0.9,crossing_rich,8d92d8721dbd33134985bb942b070fe4,5,5.0,13.01442960567129,9,13,5,3,0.049176185156905194,4.356159370592609,0.011288885684229524,True,True,1,5,0,-4
random_4882,random_cycle_chord,20260823,200,0.9,crossing_rich,b760840125e061ef715323aca4c53bb2,5,5.0,12.304977300924085,11,16,6,3,0.05201147343457001,4.586638074263765,0.011339781467915092,True,True,1,6,0,-5
random_4883,random_cycle_chord,20260823,200,0.9,crossing_rich,f07a4280131a43f78383ab3c664bd25d,4,4.0,14.207156829185159,12,16,5,3,0.04504771839255516,4.031221576422419,0.011174706609040722,True,True,1,5,0,-4
random_4884,random_cycle_chord,20260823,200,0.9,crossing_rich,7ffca13e79085bd526aa64b2665dd678,2,2.0,13.865561121749106,13,16,4,3,0.04615752614556039,4.122717839417091,0.011195897450039068,True,True,1,4,0,-3
random_4885,random_cycle_chord,20260823,200,0.9,baseline,103a02ce2419501dbcecbb0b106c7128,0,,,9,11,3,3,0.061859914142014576,5.354440903548588,0.011553010903718762,True,True,1,3,0,-2
random_4886,random_cycle_chord,20260823,200,0.9,crossing_rich,6cae8dd6dca8ab370494a907f81c49aa,3,3.0,13.77534000307234,8,11,4,3,0.04645983328594863,4.140211091691943,0.011221609781969429,True,True,1,4,0,-3
random_4887,random_cycle_chord,20260823,200,0.9,baseline,19fca4749c1a57391a2f17cdb3a8fecb,0,,,11,13,3,3,0.06018266279158578,5.232557982148914,0.01150157590167207,True,True,1,3,0,-2
random_4888,random_cycle_chord,20260823,200,0.9,crossing_rich,6cae8dd6dca8ab370494a907f81c49aa,2,2.0,8.107057693200257,8,11,4,3,0.07894356056412377,6.6026069729393795,0.011956422802034407,True,True,1,4,0,-3
random_4889,random_cycle_chord,20260823,200,0.9,crossing_rich,3fd2c2eb659a4ae21fb8db078f758c89,5,5.0,13.994864755703267,12,17,6,3,0.04573106001179351,4.0805157217682915,0.011207176526200456,True,True,1,6,0,-5
random_4890,random_cycle_chord,20260823,200,0.9,baseline,3548961aa89bcaeb30f82f691c1470c0,0,,,14,17,4,3,0.04838975456773448,4.293364235717925,0.01127082444232521,True,True,1,4,0,-3
random_4891,random_cycle_chord,20260823,200,0.9,crossing_rich,2c8b3e95d62a28423936c85308a28eeb,5,5.0,10.180522533593289,10,15,6,3,0.06286514251976293,5.427812258551911,0.011582040705389974,True,True,1,6,0,-5
random_4892,random_cycle_chord,20260823,200,0.9,crossing_rich,8d92d8721dbd33134985bb942b070fe4,5,5.0,13.089012161950743,9,13,5,3,0.04889597412556889,4.346498198680292,0.011249509810084577,True,True,1,5,0,-4
random_4893,random_cycle_chord,20260823,200,0.9,crossing_rich,6cae8dd6dca8ab370494a907f81c49aa,3,3.0,13.479156562941387,8,11,4,3,0.04748071565245925,4.221900536042318,0.0112462894961918,True,True,1,4,0,-3
random_4894,random_cycle_chord,20260823,200,0.9,crossing_rich,d3b9e56b5337f4aa08cbf81ed5c2928d,2,2.0,8.524694006411558,8,11,4,3,0.07507600853692178,6.328342620904633,0.011863455099431661,True,True,1,4,0,-3
random_4895,random_cycle_chord,20260823,200,0.9,crossing_rich,6cae8dd6dca8ab370494a907f81c49aa,3,3.0,13.495099957324854,8,11,4,3,0.047424620938255564,4.231611721946046,0.011207224115648728,True,True,1,4,0,-3
random_4896,random_cycle_chord,20260823,200,0.9,crossing_rich,9864390659db0a33d7b4bc27549e7f6e,3,3.0,10.05179293444441,10,14,5,3,0.06367023317869157,5.487907099586744,0.011601915269937082,True,True,1,5,0,-4
random_4897,random_cycle_chord,20260823,200,0.9,crossing_rich,8d92d8721dbd33134985bb942b070fe4,5,5.0,13.391444839118932,9,13,5,3,0.04779170639828493,4.254301294065718,0.011233738067623253,True,True,1,5,0,-4
random_4898,random_cycle_chord,20260823,200,0.9,crossing_rich,e4dfd7b460148a3915f7aca370896702,5,5.0,13.420318997129048,8,12,5,3,0.04768888132516914,4.247509776485624,0.011227491832785553,True,True,1,5,0,-4
random_4899,random_cycle_chord,20260823,200,0.9,crossing_rich,9864390659db0a33d7b4bc27549e7f6e,4,4.0,9.768541092067885,10,14,5,3,0.06551643627928064,5.619988954216239,0.01165775178795125,True,True,1,5,0,-4
random_4900,random_cycle_chord,20260823,200,0.9,crossing_rich,6cae8dd6dca8ab370494a907f81c49aa,3,3.0,13.722085892155173,8,11,4,3,0.04664013948242984,4.162707986632834,0.011204278472619095,True,True,1,4,0,-3
random_4901,random_cycle_chord,20260823,200,0.9,crossing_rich,d3b9e56b5337f4aa08cbf81ed5c2928d,2,2.0,8.122760074442139,8,11,4,3,0.07879095210675104,6.59462032977463,0.011947761685537961,True,True,1,4,0,-3
random_4902,random_cycle_chord,20260823,200,0.9,crossing_rich,0ba4cef7d36938b0547a48dd8590384b,4,4.0,11.92686129218645,11,15,5,3,0.05366038761759376,4.717254497791636,0.01137534293363113,True,True,1,5,0,-4
random_4903,random_cycle_chord,20260823,200,0.9,crossing_rich,d5be314abd27fdbd8aa7a387dcc30d67,3,3.0,12.149831786443746,11,15,5,3,0.05267562639954276,4.643632368272768,0.011343625468597514,True,True,1,5,0,-4
random_4904,random_cycle_chord,20260823,200,0.9,crossing_rich,f01bb47f0e11353dcd7e62b1e2f9df0e,4,4.0,8.933773517368545,9,13,5,3,0.07163826111729245,6.074818159606899,0.011792659341416099,True,True,1,5,0,-4
random_4905,random_cycle_chord,20260823,200,0.9,crossing_rich,6cae8dd6dca8ab370494a907f81c49aa,2,2.0,8.124633540848501,8,11,4,3,0.07877278363168626,6.591179439005088,0.011951242468916412,True,True,1,4,0,-3
random_4906,random_cycle_chord,20260823,200,0.9,crossing_rich,e4dfd7b460148a3915f7aca370896702,5,5.0,13.47950158634286,8,12,5,3,0.04747950032873873,4.222960217587175,0.01124317963759236,True,True,1,5,0,-4
random_4907,random_cycle_chord,20260823,200,0.9,crossing_rich,a278092259b4438c60dfc80eecf2227e,9,9.0,14.131157840784585,15,21,7,3,0.04528999019124014,4.04935784220081,0.011184487011556679,True,True,1,7,0,-6
random_4908,random_cycle_chord,20260823,200,0.9,crossing_rich,6cae8dd6dca8ab370494a907f81c49aa,3,3.0,13.478180122317442,8,11,4,3,0.04748415544174804,4.22144506214112,0.011248317754409919,True,True,1,4,0,-3
random_4909,random_cycle_chord,20260823,200,0.9,crossing_rich,d3b9e56b5337f4aa08cbf81ed5c2928d,2,2.0,8.505638380274677,8,11,4,3,0.07524420524204464,6.336774147606403,0.011874212886452127,True,True,1,4,0,-3
random_4910,random_cycle_chord,20260823,200,0.9,crossing_rich,6cae8dd6dca8ab370494a907f81c49aa,3,3.0,13.532752615403506,8,11,4,3,0.047292669731620385,4.206862266095889,0.011241791801163385,True,True,1,4,0,-3
random_4911,random_cycle_chord,20260823,200,0.9,crossing_rich,e4dfd7b460148a3915f7aca370896702,5,5.0,13.554839713354177,8,12,5,3,0.04721560811740728,4.200734575076684,0.011239845620702033,True,True,1,5,0,-4
random_4912,random_cycle_chord,20260823,200,0.9,crossing_rich,6cae8dd6dca8ab370494a907f81c49aa,2,2.0,8.122507894428509,8,11,4,3,0.07879339833439826,6.592350060616265,0.011952247318467266,True,True,1,4,0,-3
random_4913,random_cycle_chord,20260823,200,0.9,crossing_rich,8d92d8721dbd33134985bb942b070fe4,5,5.0,13.12456614164625,9,13,5,3,0.04876351668259588,4.32347175890948,0.01127878691056736,True,True,1,5,0,-4
random_4914,random_cycle_chord,20260823,200,0.9,baseline,237b03a6236ff83b0e5299ac7fc023ee,0,,,10,12,3,3,0.053655722767926205,4.720997542928766,0.011365335880823144,True,True,1,3,0,-2
random_4915,random_cycle_chord,20260823,200,0.9,crossing_rich,6cae8dd6dca8ab370494a907f81c49aa,3,3.0,13.485434906264068,8,11,4,3,0.04745861030427102,4.224766350268548,0.01123342840042605,True,True,1,4,0,-3
random_4916,random_cycle_chord,20260823,200,0.9,baseline,b73291eb7126cc5eaf4780776629388d,0,,,8,10,3,3,0.07248739995874526,6.150070769290367,0.011786433470115874,True,True,1,3,0,-2
random_4917,random_cycle_chord,20260823,200,0.9,crossing_rich,8d92d8721dbd33134985bb942b070fe4,5,5.0,12.932770846523267,9,13,5,3,0.04948668832031861,4.390328009671081,0.011271751953682865,True,True,1,5,0,-4
random_4918,random_cycle_chord,20260823,200,0.9,crossing_rich,0d9383c252bac8778d9583a2a6ee796c,5,5.0,12.028841382188471,11,16,6,3,0.05320545675726264,4.673013470734208,0.01138568443906137,True,True,1,6,0,-5
random_4919,random_cycle_chord,20260823,200,0.9,crossing_rich,e4dfd7b460148a3915f7aca370896702,5,5.0,13.853053993639605,8,12,5,3,0.04619919912922054,4.120309353729455,0.011212555942529854,True,True,1,5,0,-4
random_4920,random_cycle_chord,20260823,200,0.9,crossing_rich,e4dfd7b460148a3915f7aca370896702,5,5.0,13.356202648734095,8,12,5,3,0.04791781143427465,4.269264398217963,0.011223903456126085,True,True,1,5,0,-4
random_4921,random_cycle_chord,20260823,200,0.9,crossing_rich,f01bb47f0e11353dcd7e62b1e2f9df0e,4,4.0,8.935726588955369,9,13,5,3,0.07162260322412341,6.073450974435879,0.011792735880407093,True,True,1,5,0,-4
random_4922,random_cycle_chord,20260823,200,0.9,crossing_rich,8d92d8721dbd33134985bb942b070fe4,5,5.0,13.342365011271657,9,13,5,3,0.04796750796873918,4.26376071077531,0.011250046900501812,True,True,1,5,0,-4
random_4923,random_cycle_chord,20260823,200,0.9,crossing_rich,d3b9e56b5337f4aa08cbf81ed5c2928d,2,2.0,8.392062758253534,8,11,4,3,0.07626253740423528,6.413035812148589,0.011891799708925168,True,True,1,4,0,-3
random_4924,random_cycle_chord,20260823,200,0.9,crossing_rich,d3b9e56b5337f4aa08cbf81ed5c2928d,2,2.0,8.484772153483013,8,11,4,3,0.07542925000493725,6.349898017840353,0.011878812823924894,True,True,1,4,0,-3
random_4925,random_cycle_chord,20260823,200,0.9,crossing_rich,d3b9e56b5337f4aa08cbf81ed5c2928d,2,2.0,8.304964940606519,8,11,4,3,0.07706233615397541,6.484445943582016,0.011884182060342087,True,True,1,4,0,-3
random_4926,random_cycle_chord,20260823,200,0.9,crossing_rich,6cae8dd6dca8ab370494a907f81c49aa,2,2.0,8.121807278071586,8,11,4,3,0.07880019533681418,6.58688131178982,0.011963202554715868,True,True,1,4,0,-3
random_4927,random_cycle_chord,20260823,200,0.9,crossing_rich,e4dfd7b460148a3915f7aca370896702,5,5.0,13.8664007667728,8,12,5,3,0.04615473119265329,4.1167939005168,0.011211329084717909,True,True,1,5,0,-4
random_4928,random_cycle_chord,20260823,200,0.9,crossing_rich,bb2c7ed8feef84917625e983562a84b2,5,5.0,13.903987939841018,10,14,5,3,0.04602995937346289,4.116656313023226,0.01118139477124798,True,True,1,5,0,-4
random_4929,random_cycle_chord,20260823,200,0.9,crossing_rich,0ea767070aaa9d39f9740b10ad5b57da,3,3.0,11.108827422550862,11,15,5,3,0.05761184107521586,5.015322365501681,0.011487166103519842,True,True,1,5,0,-4
random_4930,random_cycle_chord,20260823,200,0.9,crossing_rich,e4dfd7b460148a3915f7aca370896702,5,5.0,13.552877478020527,8,12,5,3,0.047222444166408535,4.202984541000543,0.011235455116655503,True,True,1,5,0,-4
random_4931,random_cycle_chord,20260823,200,0.9,crossing_rich,6cae8dd6dca8ab370494a907f81c49aa,2,2.0,8.107202680731522,8,11,4,3,0.07894214875385995,6.602723676308838,0.01195599764944146,True,True,1,4,0,-3
random_4932,random_cycle_chord,20260823,200,0.9,crossing_rich,f01bb47f0e11353dcd7e62b1e2f9df0e,4,4.0,8.949828255617293,9,13,5,3,0.07150975211153451,6.08407059556293,0.011753603280620391,True,True,1,5,0,-4
random_4933,random_cycle_chord,20260823,200,0.9,crossing_rich,cb26cc24301cc90da9033428f0e0387b,2,2.0,8.949369546093441,9,12,4,3,0.07151341742048985,6.077779178488483,0.01176637309785824,True,True,1,4,0,-3
random_4934,random_cycle_chord,20260823,200,0.9,crossing_rich,b72e49aa7209e4f953415d61b17a2bd2,12,12.0,14.10527323997444,15,22,8,3,0.04537310189683073,4.047354062456353,0.011210559095315134,True,True,1,8,0,-7
random_4935,random_cycle_chord,20260823,200,0.9,crossing_rich,a2e312c80792e1f56e615b43281f7702,4,4.0,12.481973092166186,12,17,6,3,0.051273944854253094,4.529364699085401,0.011320339222100323,True,True,1,6,0,-5
random_4936,random_cycle_chord,20260823,200,0.9,crossing_rich,37090a7e97dbb43c8e0b888e8d68bb98,7,7.0,13.67779324002623,13,18,6,3,0.0467911737492219,4.173776690912297,0.011210751608034487,True,True,1,6,0,-5
random_4937,random_cycle_chord,20260823,200,0.9,crossing_rich,6cae8dd6dca8ab370494a907f81c49aa,2,2.0,8.116850955211945,8,11,4,3,0.07884831242207878,6.600862556436751,0.011945152886904273,True,True,1,4,0,-3
random_4938,random_cycle_chord,20260823,200,0.9,crossing_rich,e4dfd7b460148a3915f7aca370896702,5,5.0,13.53581529271836,8,12,5,3,0.04728196906944278,4.209732750235585,0.011231584491152507,True,True,1,5,0,-4
random_4939,random_cycle_chord,20260823,200,0.9,crossing_rich,e4dfd7b460148a3915f7aca370896702,5,5.0,13.90801586094958,8,12,5,3,0.046016628568634914,4.103470375491604,0.011214075979072233,True,True,1,5,0,-4
random_4940,random_cycle_chord,20260823,200,0.9,baseline,19fca4749c1a57391a2f17cdb3a8fecb,0,,,11,13,3,3,0.060239626794396164,5.2197954680951915,0.011540610578057537,True,True,1,3,0,-2
random_4941,random_cycle_chord,20260823,200,0.9,crossing_rich,0ba4cef7d36938b0547a48dd8590384b,4,4.0,12.301276390407557,11,15,5,3,0.05202712138872574,4.589442236370074,0.011336262384222867,True,True,1,5,0,-4
random_4942,random_cycle_chord,20260823,200,0.9,crossing_rich,3fd2c2eb659a4ae21fb8db078f758c89,5,5.0,13.902527987774842,12,17,6,3,0.04603479313710302,4.104354928123638,0.011216084852132525,True,True,1,6,0,-5
random_4943,random_cycle_chord,20260823,200,0.9,crossing_rich,0ba4cef7d36938b0547a48dd8590384b,4,4.0,12.29879020254484,11,15,5,3,0.05203763861811161,4.595226363887474,0.01132428187369833,True,True,1,5,0,-4
random_4944,random_cycle_chord,20260823,200,0.9,crossing_rich,6cae8dd6dca8ab370494a907f81c49aa,3,3.0,13.40152307803104,8,11,4,3,0.04775576598820656,4.260312383263227,0.01120945172373195,True,True,1,4,0,-3
random_4945,random_cycle_chord,20260823,200,0.9,crossing_rich,f01bb47f0e11353dcd7e62b1e2f9df0e,4,4.0,8.950302179781975,9,13,5,3,0.07150596562490476,6.084457692240591,0.011752233188521493,True,True,1,5,0,-4
random_4946,random_cycle_chord,20260823,200,0.9,crossing_rich,e4dfd7b460148a3915f7aca370896702,5,5.0,13.652921436338286,8,12,5,3,0.046876414178769935,4.177342466391329,0.01122158754181937,True,True,1,5,0,-4
random_4947,random_cycle_chord,20260823,200,0.9,crossing_rich,fae36ee7f76a92113e0c83a20912d0aa,2,2.0,10.232222381854278,10,13,4,3,0.0625475068969347,5.401992725244705,0.011578598876047423,True,True,1,4,0,-3
random_4948,random_cycle_chord,20260823,200,0.9,crossing_rich,e4dfd7b460148a3915f7aca370896702,5,5.0,13.49291316105071,8,12,5,3,0.0474323070460021,4.218535912255091,0.011243784107232202,True,True,1,5,0,-4
random_4949,random_cycle_chord,20260823,200,0.9,crossing_rich,e4dfd7b460148a3915f7aca370896702,5,5.0,13.433335680101319,8,12,5,3,0.047642671577695056,4.243208462037793,0.011227982788009135,True,True,1,5,0,-4
random_4950,random_cycle_chord,20260823,200,0.9,crossing_rich,6cae8dd6dca8ab370494a907f81c49aa,3,3.0,13.942554635637812,8,11,4,3,0.04590263525768302,4.094756978759422,0.01121010001223321,True,True,1,4,0,-3
random_4951,random_cycle_chord,20260823,200,0.9,crossing_rich,8d92d8721dbd33134985bb942b070fe4,5,5.0,13.295543033336214,9,13,5,3,0.04813643176478867,4.2904077179919105,0.011219547168658956,True,True,1,5,0,-4
random_4952,random_cycle_chord,20260823,200,0.9,crossing_rich,0ba4cef7d36938b0547a48dd8590384b,4,4.0,12.301497032247052,11,15,5,3,0.05202618822101967,4.591456241264127,0.011331086585003746,True,True,1,5,0,-4
random_4953,random_cycle_chord,20260823,200,0.9,crossing_rich,d3b9e56b5337f4aa08cbf81ed5c2928d,2,2.0,8.513246036602466,8,11,4,3,0.07517696507869474,6.33269410418888,0.011871245293368509,True,True,1,4,0,-3
random_4954,random_cycle_chord,20260823,200,0.9,crossing_rich,c66e503e4cefed994a264a48ab31b7a5,5,5.0,14.196919389814523,12,17,6,3,0.04508020243174469,4.033837950197918,0.011175511507479583,True,True,1,6,0,-5
random_4955,random_cycle_chord,20260823,200,0.9,crossing_rich,6cae8dd6dca8ab370494a907f81c49aa,2,2.0,8.123052735646649,8,11,4,3,0.07878811338888246,6.597163629607338,0.011942725360833883,True,True,1,4,0,-3
random_4956,random_cycle_chord,20260823,200,0.9,crossing_rich,2c8b3e95d62a28423936c85308a28eeb,6,6.0,9.757233412797943,10,15,6,3,0.06559236342143386,5.626528405440958,0.011657697019356523,True,True,1,6,0,-5
random_4957,random_cycle_chord,20260823,200,0.9,crossing_rich,e4dfd7b460148a3915f7aca370896702,4,4.0,8.119816614100735,8,12,5,3,0.07881951408712691,6.5969544421392525,0.011947863939100876,True,True,1,5,0,-4
random_4958,random_cycle_chord,20260823,200,0.9,crossing_rich,e4dfd7b460148a3915f7aca370896702,4,4.0,8.12242956848691,8,12,5,3,0.07879415815226609,6.591642903675357,0.011953644835391823,True,True,1,5,0,-4
random_4959,random_cycle_chord,20260823,200,0.9,crossing_rich,e4dfd7b460148a3915f7aca370896702,5,5.0,13.849554965764744,8,12,5,3,0.046210871149437005,4.119492376090686,0.011217612980094936,True,True,1,5,0,-4
random_4960,random_cycle_chord,20260823,200,0.9,crossing_rich,c4365d72dce08edef88398c38d8f58b5,2,2.0,9.75707832485612,10,13,4,3,0.06559340600655038,5.626373764405588,0.011658202734684505,True,True,1,4,0,-3
random_4961,random_cycle_chord,20260823,200,0.9,crossing_rich,d3b9e56b5337f4aa08cbf81ed5c2928d,2,2.0,8.131960690866773,8,11,4,3,0.07870180689864888,6.584667531388948,0.01195228255997426,True,True,1,4,0,-3
random_4962,random_cycle_chord,20260823,200,0.9,crossing_rich,e4dfd7b460148a3915f7aca370896702,4,4.0,8.108118332376579,8,12,5,3,0.07893323379906926,6.603680937276412,0.011952914525822636,True,True,1,5,0,-4
random_4963,random_cycle_chord,20260823,200,0.9,crossing_rich,4e9cca7c282396d17b6e561d68fe510e,3,3.0,13.39309163949989,10,13,4,3,0.047785829980619636,4.256326989031691,0.011227011012960463,True,True,1,4,0,-3
random_4964,random_cycle_chord,20260823,200,0.9,crossing_rich,e4dfd7b460148a3915f7aca370896702,5,5.0,13.515805311830654,8,12,5,3,0.04735196943387422,4.2145284247684,0.011235413470126578,True,True,1,5,0,-4
random_4965,random_cycle_chord,20260823,200,0.9,crossing_rich,7e34be1a88a2550a4be4d370c1ec57a1,4,4.0,11.069855264618305,11,15,5,3,0.057814667373798555,5.0465830348806815,0.011456200556732837,True,True,1,5,0,-4
random_4966,random_cycle_chord,20260823,200,0.9,crossing_rich,cbd367df182ccb02b6db0d327f7ca73e,5,5.0,12.253022988159573,11,16,6,3,0.05223200842914024,4.612179148952881,0.011324800434302005,True,True,1,6,0,-5
random_4967,random_cycle_chord,20260823,200,0.9,crossing_rich,2c8b3e95d62a28423936c85308a28eeb,6,6.0,9.772176640675628,10,15,6,3,0.06549206216106136,5.6240557677553875,0.01164498804164594,True,True,1,6,0,-5
random_4968,random_cycle_chord,20260823,200,0.9,crossing_rich,748a628f2d4ade0213315cc4014b52e0,3,3.0,11.040015139168712,10,14,5,3,0.057970934997122706,5.047097599805189,0.01148599444547304,True,True,1,5,0,-4
random_4969,random_cycle_chord,20260823,200,0.9,baseline,5ece6bdff7ea6a9025672e56fbda3d50,0,,,11,13,3,3,0.04593921177847944,4.100047020608787,0.01120455730082292,True,True,1,3,0,-2
random_4970,random_cycle_chord,20260823,200,0.9,crossing_rich,e4dfd7b460148a3915f7aca370896702,5,5.0,13.649330757053772,8,12,5,3,0.046888745784789305,4.177802586054654,0.011223303356003978,True,True,1,5,0,-4
random_4971,random_cycle_chord,20260823,200,0.9,crossing_rich,3766c050500c74590e361b5f3d5119d1,2,2.0,9.15269670863106,9,12,4,3,0.06992474681221277,5.957403830500096,0.011737452890841365,True,True,1,4,0,-3
random_4972,random_cycle_chord,20260823,200,0.9,crossing_rich,e4dfd7b460148a3915f7aca370896702,5,5.0,13.889811704067275,8,12,5,3,0.046076938524126455,4.111619730219459,0.011206517515584321,True,True,1,5,0,-4
random_4973,random_cycle_chord,20260823,200,0.9,crossing_rich,e4dfd7b460148a3915f7aca370896702,5,5.0,13.897012370301598,8,12,5,3,0.046053063992927176,4.109140549165668,0.011207468676698812,True,True,1,5,0,-4
random_4974,random_cycle_chord,20260823,200,0.9,crossing_rich,1bd7a88747bdc961e21c3ee07c2e7c28,5,5.0,14.24157255315316,12,17,6,3,0.04493885753215508,4.0223354274687315,0.011172329693159191,True,True,1,6,0,-5
random_4975,random_cycle_chord,20260823,200,0.9,crossing_rich,e4dfd7b460148a3915f7aca370896702,5,5.0,13.31885966459612,8,12,5,3,0.04805216183043305,4.284725429715022,0.01121475870943474,True,True,1,5,0,-4
random_4976,random_cycle_chord,20260823,200,0.9,crossing_rich,d3b9e56b5337f4aa08cbf81ed5c2928d,2,2.0,8.133349043259747,8,11,4,3,0.07868837259976928,6.58400108799801,0.01195145194359255,True,True,1,4,0,-3
random_4977,random_cycle_chord,20260823,200,0.9,crossing_rich,a17d4027c28a77bd091908d86be3664e,2,2.0,8.920619204161966,9,12,4,3,0.0717438986411845,6.075640457834864,0.011808450341834644,True,True,1,4,0,-3
random_4978,random_cycle_chord,20260823,200,0.9,crossing_rich,e4dfd7b460148a3915f7aca370896702,4,4.0,8.138900198199298,8,12,5,3,0.07863470302063634,6.589569951003085,0.01193320711447434,True,True,1,5,0,-4
random_4979,random_cycle_chord,20260823,200,0.9,crossing_rich,8f0fcd64f35ed098799bcfa36390d34a,4,4.0,11.917531641908424,11,15,5,3,0.053702395699912996,4.7218618595056,0.01137313993881555,True,True,1,5,0,-4
random_4980,random_cycle_chord,20260823,200,0.9,crossing_rich,cbd367df182ccb02b6db0d327f7ca73e,5,5.0,12.121349570469969,11,16,6,3,0.05279940127782207,4.654558245891464,0.011343590194499684,True,True,1,6,0,-5
random_4981,random_cycle_chord,20260823,200,0.9,crossing_rich,e4dfd7b460148a3915f7aca370896702,5,5.0,13.270159142976796,8,12,5,3,0.04822850977930575,4.296295935621798,0.011225602356539178,True,True,1,5,0,-4
random_4982,random_cycle_chord,20260823,200,0.9,crossing_rich,ef708e22c6afb49a267da2ce884548df,2,2.0,9.6799314332951,9,12,4,3,0.0661161708024765,5.6617361456482245,0.01167772024369156,True,True,1,4,0,-3
random_4983,random_cycle_chord,20260823,200,0.9,baseline,7e6bc2286a474f101d6d3fad2dea3b25,0,,,11,14,4,3,0.04603989387760195,4.110657109939887,0.011200129966149188,True,True,1,4,0,-3
random_4984,random_cycle_chord,20260823,200,0.9,crossing_rich,e4dfd7b460148a3915f7aca370896702,5,5.0,13.476422813905542,8,12,5,3,0.04749034731528466,4.2297256501389775,0.011227760673726973,True,True,1,5,0,-4
random_4985,random_cycle_chord,20260823,200,0.9,crossing_rich,f01bb47f0e11353dcd7e62b1e2f9df0e,4,4.0,8.93255431153028,9,13,5,3,0.07164803903558449,6.0752814082923585,0.011793369594005907,True,True,1,5,0,-4
random_4986,random_cycle_chord,20260823,200,0.9,crossing_rich,f01bb47f0e11353dcd7e62b1e2f9df0e,4,4.0,8.94874178575814,9,13,5,3,0.071518434135462,6.076638474074208,0.011769407451273134,True,True,1,5,0,-4
random_4987,random_cycle_chord,20260823,200,0.9,crossing_rich,e4dfd7b460148a3915f7aca370896702,5,5.0,13.364357399625161,8,12,5,3,0.04788857263110537,4.265373579719895,0.011227286833396242,True,True,1,5,0,-4
random_4988,random_cycle_chord,20260823,200,0.9,crossing_rich,ef708e22c6afb49a267da2ce884548df,2,2.0,9.148706291448063,9,12,4,3,0.0699552460874444,5.950796671651436,0.01175561020605847,True,True,1,4,0,-3
random_4989,random_cycle_chord,20260823,200,0.9,crossing_rich,cbd367df182ccb02b6db0d327f7ca73e,5,5.0,12.04016898665405,11,16,6,3,0.053155400120165196,4.681603018211956,0.01135410241179886,True,True,1,6,0,-5
random_4990,random_cycle_chord,20260823,200,0.9,crossing_rich,e4dfd7b460148a3915f7aca370896702,4,4.0,8.106451087716412,8,12,5,3,0.07894946790831597,6.602223687238643,0.011958011671267126,True,True,1,5,0,-4
random_4991,random_cycle_chord,20260823,200,0.9,crossing_rich,6cae8dd6dca8ab370494a907f81c49aa,2,2.0,8.122402249251536,8,11,4,3,0.07879442317191011,6.591397456359038,0.011954130166417646,True,True,1,4,0,-3
random_4992,random_cycle_chord,20260823,200,0.9,crossing_rich,3766c050500c74590e361b5f3d5119d1,2,2.0,9.392917834041508,9,12,4,3,0.06813644187118648,5.817800832318168,0.011711717852678147,True,True,1,4,0,-3
random_4993,random_cycle_chord,20260823,200,0.9,crossing_rich,cb26cc24301cc90da9033428f0e0387b,2,2.0,8.952251492279716,9,12,4,3,0.07149039552250361,6.074048373120019,0.011769810039524197,True,True,1,4,0,-3
random_4994,random_cycle_chord,20260823,200,0.9,crossing_rich,e4dfd7b460148a3915f7aca370896702,5,5.0,13.432995468966938,8,12,5,3,0.04764387820114549,4.23546247195093,0.011248801876221055,True,True,1,5,0,-4
random_4995,random_cycle_chord,20260823,200,0.9,crossing_rich,4b011076f0b1f9550e5fa13ae5b0a0c2,3,3.0,13.999068539100117,10,13,4,3,0.0457173274216386,4.082635613329366,0.011197993588351713,True,True,1,4,0,-3
random_4996,random_cycle_chord,20260823,200,0.9,crossing_rich,e4dfd7b460148a3915f7aca370896702,5,5.0,13.550681669954363,8,12,5,3,0.047230096285049504,4.2017010604947,0.011240708371453901,True,True,1,5,0,-4
